item_id,store_id,dept_id,demand_band,on_hand,on_order,backorders,lead_time_days,service_level,holding_cost_per_unit_per_day,stockout_cost_per_unit,fixed_order_cost,calibration_level,calibration_count,residual_rmse,intermittency_class,inventory_source,synthetic_profile_plan,inventory_position,forecast_1d,forecast_7d,forecast_30d,mean_daily_forecast,lead_time_demand,planning_horizon_days,planning_horizon_demand,sigma_daily,residual_mean_used,safety_stock,reorder_point,target_stock_level,days_of_supply,days_of_supply_label,stockout_risk,stockout_risk_pct,stock_status,recommended_order_qty_raw,recommended_order_qty,priority_score,priority_label,cost_optimized_order_qty,estimated_cost_without_order,estimated_cost_with_recommendation,estimated_cost_with_service_order,estimated_cost_savings,expected_shortage_without_order,expected_excess_without_order,expected_shortage_with_recommendation,expected_excess_with_recommendation,candidate_count,candidate_min,candidate_max
FOODS_1_017,CA_1,FOODS_1,low,45.0,13.0,0.0,10,0.95,0.02,5.0,25.0,item_store,90,0.9711396652324296,intermittent,synthetic_demo,overstock,58.0,1.3571428571428572,9.67039028317354,44.57833523295359,1.4859445077651197,14.002967775889188,17,24.425150387174995,0.9731143393746168,-0.08174604222222218,5.061638548442947,19.064606324332136,29.48678893561794,39.032413186972086,39.0 days,0.0,0.0,OVERSTOCK,0.0,0,0.0,NONE,0,5.891634746619911,5.891634746619911,5.891634746619911,0.0,0.0,34.65667498011712,0.0,34.65667498011712,1,0,0
FOODS_1_020,CA_1,FOODS_1,medium,52.0,10.0,0.0,7,0.95,0.02,5.0,25.0,item_store,90,1.3536923540823949,regular,synthetic_demo,overstock,62.0,1.6428571428571428,11.53461881366855,51.25358701693176,1.708452900564392,11.53461881366855,14,23.080471905730555,1.3528039319549692,0.1507936222222222,5.887231771585103,17.42185058525365,28.967703677315658,36.29014295888294,36.3 days,0.0,0.0,OVERSTOCK,0.0,0,0.0,NONE,0,5.05319579592452,5.05319579592452,5.05319579592452,0.0,0.0,36.09425568517515,0.0,36.09425568517515,1,0,0
FOODS_1_042,CA_1,FOODS_1,high,14.0,1.0,1.0,7,0.95,0.02,5.0,25.0,item_store,90,3.1432268704963766,regular,synthetic_demo,critical,14.0,3.0714285714285716,22.608839832708952,89.96776792213842,2.998925597404614,22.608839832708952,14,41.95915979230986,3.1503718107107486,-0.25555555555555554,13.71002003928222,36.31885987199117,55.66917983159208,4.668338558354412,4.7 days,0.8491610246342614,84.91610246342614,CRITICAL,41.66917983159208,42,75.86409851955115,URGENT,50,147.54464671529226,28.647606582286336,30.26861667729263,118.89704013300593,29.508929343058455,0.0,0.15152853897169563,20.642599195913245,67,0,66
FOODS_1_082,CA_1,FOODS_1,high,123.0,1.0,0.0,5,0.95,0.02,5.0,25.0,item_store,90,5.663156788417952,regular,synthetic_demo,healthy,124.0,7.892857142857143,55.1177754115859,240.0440069496399,8.00146689832133,39.37970977726914,12,96.01110900217677,5.650512766636703,0.705555888888889,20.782611512397214,60.16232128966635,116.79372051457398,15.497158405543688,15.5 days,1.0613177003904184e-11,1.0613177003904184e-09,HEALTHY,0.0,0,0.0,NONE,0,13.888378853783621,13.888378853783621,13.888378853783621,0.0,2.3043190338035235,19.72319737305005,2.3043190338035235,19.72319737305005,41,0,40
FOODS_1_086,CA_1,FOODS_1,high,57.0,16.0,0.0,5,0.95,0.02,5.0,25.0,item_store,90,5.022892578125002,regular,synthetic_demo,healthy,73.0,4.321428571428571,31.330468432337305,132.6026818080261,4.42008939360087,22.690947979729426,12,51.48161551545363,4.96441935273776,0.9261904666666665,18.259156832944605,40.95010481267403,69.74077234839824,16.51550308138221,16.5 days,2.9209925755946387e-06,0.00029209925755946387,HEALTHY,0.0,0,0.0,NONE,0,18.35562883151522,18.35562883151522,18.35562883151522,0.0,3.437620592869224,9.729382226409179,3.437620592869224,9.729382226409179,35,0,34
FOODS_1_089,CA_1,FOODS_1,low,5.0,1.0,0.0,14,0.9,0.02,5.0,25.0,item_store,90,0.7189924298522254,intermittent,synthetic_demo,critical,6.0,0.7142857142857143,4.565782611625831,19.191869280354165,0.6397289760118056,8.950826068108094,21,13.783216232624287,0.7089267507192277,0.14126983655555556,3.39939371956663,12.350219787674725,17.182609952190916,9.378971759893014,9.4 days,0.8670263915701713,86.70263915701713,CRITICAL,11.182609952190916,12,71.7928750144146,HIGH,17,57.8960020556992,26.326896520681984,30.073272564215245,31.569105535017215,11.579200411139839,0.0,0.0361859130559217,5.456985501916083,22,0,21
FOODS_1_099,CA_1,FOODS_1,high,56.0,12.0,0.0,7,0.975,0.02,5.0,25.0,item_store,90,8.100904913367367,regular,synthetic_demo,reorder,68.0,7.428571428571429,52.3255175049726,217.8132965556335,7.260443218521117,52.3255175049726,14,105.04360315676976,8.140278772713526,-0.311111111111111,42.21204467078291,94.53756217575551,147.25564782755268,9.365819407076218,9.4 days,0.2333716741003543,23.33716741003543,REORDER NOW,79.25564782755268,80,30.85422032867257,MEDIUM,95,226.3993766783183,33.76410943311224,35.79450989466567,192.63526724520608,45.270918296366666,0.3198942606071064,0.3418779762876607,50.3908539405281,129,0,128
FOODS_1_112,CA_1,FOODS_1,medium,50.0,16.0,0.0,7,0.975,0.02,5.0,25.0,item_store,90,2.3461806330072768,regular,synthetic_demo,overstock,66.0,1.5357142857142858,10.687360651970526,51.97314464678038,1.7324381548926795,10.687360651970526,14,22.010261322665574,2.3586440360333403,0.05634914444444448,12.230930928957129,22.918291580927654,34.24119225162271,38.09659803070347,38.1 days,0.0,0.0,OVERSTOCK,0.0,0,0.0,NONE,0,5.285499883460238,5.285499883460238,5.285499883460238,0.0,0.0,37.75357059614456,0.0,37.75357059614456,1,0,0
FOODS_1_135,CA_1,FOODS_1,low,0.0,0.0,2.0,7,0.95,0.02,5.0,25.0,item_store,90,0.861480423854662,intermittent,synthetic_demo,stockout,-2.0,1.3928571428571428,10.44527274487942,43.576904488663516,1.4525634829554506,10.44527274487942,14,21.6612870398004,0.8646548213314498,-0.05317459888888888,3.762868524665256,14.208141269544676,25.424155564465654,0.0,0.0 days,0.9999999733854232,99.99999733854233,STOCKOUT,27.424155564465654,28,99.99999866927116,URGENT,29,115.05687083879675,25.985936780990954,26.01684420030941,89.0709340578058,23.01137416775935,0.0,0.02870217207728885,6.017328004317937,35,0,34
FOODS_1_155,CA_1,FOODS_1,medium,17.0,0.0,0.0,7,0.95,0.02,5.0,25.0,item_store,90,2.001799087136563,regular,synthetic_demo,healthy,17.0,0.5714285714285714,3.7519498661077613,18.118517130275634,0.6039505710091878,3.7519498661077613,14,8.416333961002758,2.0087540019874006,-0.13015877777777785,8.741843590526024,12.493793456633785,17.15817755152878,28.147998886056822,28.1 days,0.00633816294063827,0.633816294063827,HEALTHY,0.1581775515287802,1,0.5012838490011319,LOW,0,5.737797712832889,5.737797712832889,29.474001805688296,0.0,1.053605017304073,3.3555187593751703,1.053605017304073,3.3555187593751703,16,0,15
FOODS_1_156,CA_1,FOODS_1,low,41.0,5.0,0.0,14,0.95,0.02,5.0,25.0,item_store,90,1.4404466769585742,intermittent,synthetic_demo,healthy,46.0,1.5714285714285714,11.153482773895838,46.29393506902225,1.5431311689674083,22.23174369852212,21,32.61728945102535,1.438972746137492,0.16507938888888884,8.856127149720248,31.087870848242368,41.473416600745594,29.809520360334023,29.8 days,5.062372649300428e-06,0.0005062372649300428,HEALTHY,0.0,0,0.0,NONE,0,3.390900561302817,3.390900561302817,3.390900561302817,0.0,0.3215720111069546,8.490669075085925,0.3215720111069546,8.490669075085925,9,0,8
FOODS_1_172,CA_1,FOODS_1,high,50.0,6.0,0.0,7,0.9,0.02,5.0,25.0,item_store,90,2.706332340323559,regular,synthetic_demo,overstock,56.0,1.9285714285714286,13.228829358078498,49.93377143167257,1.664459047722419,13.228829358078498,14,24.428906237854523,2.7150236478256393,-0.18650805555555555,9.205740366705358,22.434569724783856,33.63464660455988,33.64456462694484,33.6 days,1.3061787207391262e-09,1.3061787207391262e-07,OVERSTOCK,0.0,0,0.0,NONE,0,3.8596210650171376,3.8596210650171376,3.8596210650171376,0.0,0.0,27.568721892979557,0.0,27.568721892979557,1,0,0
FOODS_1_175,CA_1,FOODS_1,medium,31.0,10.0,0.0,14,0.95,0.02,5.0,25.0,item_store,90,0.9069991128407335,regular,synthetic_demo,healthy,41.0,1.3928571428571428,10.299771846816112,45.09728477894449,1.5032428259648163,21.656352110635,21,32.327929429676416,0.9114932207874289,0.03253968777777776,5.609765633900479,27.26611774453548,37.937695063576896,27.27436931134878,27.3 days,7.065239393533318e-09,7.065239393533318e-07,HEALTHY,0.0,0,0.0,NONE,0,1.9467339886956998,1.9467339886956998,1.9467339886956998,0.0,0.053846790694910635,7.988095405814984,0.053846790694910635,7.988095405814984,5,0,4
FOODS_1_210,CA_1,FOODS_1,medium,5.0,2.0,0.0,3,0.99,0.02,5.0,25.0,item_store,90,0.9213393667660336,regular,synthetic_demo,critical,7.0,2.8214285714285716,20.061151095128547,76.34913662020423,2.5449712206734745,8.698751822157433,10,27.474098672516863,0.8749036797540088,-0.3031746222222222,3.5252955164341664,12.2240473385916,30.99939418895103,2.7505222625455046,2.8 days,0.8688579654486928,86.88579654486928,CRITICAL,23.99939418895103,24,71.74742813948731,HIGH,23,86.72351368744732,25.6388666242575,25.696946742141098,61.08464706318982,17.344702737489467,0.0,0.014379783922832321,5.669677046433367,28,0,27
FOODS_1_214,CA_1,FOODS_1,low,41.0,5.0,0.0,7,0.99,0.02,5.0,25.0,item_store,90,1.0889311142192328,intermittent,synthetic_demo,overstock,46.0,0.9285714285714286,6.781642931600823,33.62207256365191,1.1207357521217305,6.781642931600823,14,14.890273319556615,1.0873720121276536,0.12857142333333335,6.692707249876691,13.474350181477515,21.582980569433307,41.04446557800508,41.0 days,0.0,0.0,OVERSTOCK,0.0,0,0.0,NONE,0,3.9148677038075586,3.9148677038075586,3.9148677038075586,0.0,0.0,27.963340741482558,0.0,27.963340741482558,1,0,0
FOODS_2_021,CA_1,FOODS_2,high,113.0,12.0,0.0,7,0.975,0.02,5.0,25.0,item_store,90,4.772607021092118,regular,synthetic_demo,healthy,125.0,6.428571428571429,46.127901219254596,203.2682532551759,6.775608441839196,46.127901219254596,14,91.12085238452586,4.595008962536718,1.3777777777777778,23.82777408550475,69.95567530475935,114.9486264700306,18.448527696513338,18.4 days,4.359013150434521e-11,4.359013150434521e-09,HEALTHY,0.0,0,0.0,NONE,0,10.788827358727776,10.788827358727776,10.788827358727776,0.0,1.736212002049217,15.055481060583512,1.736212002049217,15.055481060583512,28,0,27
FOODS_2_024,CA_1,FOODS_2,medium,8.0,2.0,0.0,5,0.95,0.02,5.0,25.0,item_store,90,1.4025709229645325,regular,synthetic_demo,reorder,10.0,1.4285714285714286,10.150456340015031,46.63544481906283,1.5545148273020943,7.223493187362408,12,17.970009090336884,1.4104264924315009,0.002380933333333278,5.187555018381848,12.411048205744255,23.15756410871873,6.432875276818871,6.4 days,0.18933052201621514,18.933052201621514,REORDER NOW,13.15756410871873,14,26.65802765673569,MEDIUM,18,46.44154853766861,26.1513307108177,27.17690556087588,20.29021782685091,9.287870241059649,0.018311103086454252,0.020249571752828124,8.750690433779633,23,0,22
FOODS_2_028,CA_1,FOODS_2,low,0.0,0.0,0.0,5,0.95,0.02,5.0,25.0,item_store,90,0.8235307807271013,intermittent,synthetic_demo,critical,0.0,0.35714285714285715,2.7843827925559235,12.048454492825178,0.40161514976083923,1.917902627067591,12,5.044512664177235,0.8223056935061166,0.09761904666666668,3.0244440599223874,4.942346686989978,8.068956724099623,0.0,0.0 days,0.8515391710978872,85.15391710978872,STOCKOUT,8.068956724099623,9,92.57695855489436,URGENT,12,38.868602120389184,25.531159118640353,26.734246796544483,13.33744300174883,7.773720424077839,0.0,0.004688587798768182,4.23096816372093,15,0,14
FOODS_2_040,CA_1,FOODS_2,low,6.0,2.0,0.0,7,0.95,0.02,5.0,25.0,item_store,90,0.6268510048045628,intermittent,synthetic_demo,reorder,8.0,0.8214285714285714,6.404080422878623,27.292480498760245,0.9097493499586748,6.404080422878623,14,13.46076374754491,0.5949512429388081,-0.20714286666666662,2.589152631240275,8.993233054118898,16.049916378785184,8.793630905439391,8.8 days,0.15532332239547464,15.532332239547465,REORDER NOW,8.049916378785184,9,21.11053486590174,LOW,0,15.287596531711316,15.287596531711316,25.846384081762103,0.0,3.0549372073641403,0.09221782064725614,3.0549372073641403,0.09221782064725614,11,0,10
FOODS_2_059,CA_1,FOODS_2,high,35.0,8.0,0.0,14,0.95,0.02,5.0,25.0,item_store,90,1.19204657433095,regular,synthetic_demo,healthy,43.0,1.7142857142857142,12.809777226217623,56.289831940409755,1.876327731346992,25.790374846840297,21,38.79399458162192,1.1910218093266505,-0.13492057777777772,7.330118384659698,33.12049323149999,46.124112966281615,22.91710519522666,22.9 days,5.628164662097035e-05,0.005628164662097035,HEALTHY,3.124112966281615,4,1.357469062282838,LOW,0,3.034892654687711,3.034892654687711,27.491064080266995,0.0,0.34003462827277836,6.355807206303898,0.34003462827277836,6.355807206303898,10,0,9
FOODS_2_072,CA_1,FOODS_2,medium,13.0,1.0,0.0,7,0.95,0.02,5.0,25.0,item_store,90,1.259746581919394,intermittent,synthetic_demo,healthy,14.0,0.6428571428571429,4.861194979849309,22.336595517919246,0.7445531839306415,4.861194979849309,14,10.134007919090672,1.2090008681749898,0.37619047666666666,5.261419008967442,10.12261398881675,15.395426928058114,18.803223600618118,18.8 days,0.0021381723761875193,0.21381723761875193,HEALTHY,1.3954269280581144,2,1.9196896927982414,LOW,0,17.18550888328739,17.18550888328739,35.39027048084892,0.0,3.4220338256434433,0.5381411076440878,3.4220338256434433,0.5381411076440878,15,0,14
FOODS_2_095,CA_1,FOODS_2,low,42.0,5.0,0.0,14,0.9,0.02,5.0,25.0,item_store,90,0.9190907982689118,intermittent,synthetic_demo,overstock,47.0,0.9642857142857143,6.80125705530752,26.775334488838862,0.8925111496279621,12.667880580465075,21,18.68793566503746,0.9199071711056247,-0.0888889122222222,4.411071604884709,17.078952185349785,23.09900726992217,52.66040656141009,52.7 days,0.0,0.0,OVERSTOCK,0.0,0,0.0,NONE,0,5.96872934811321,5.96872934811321,5.96872934811321,0.0,0.0,28.422520705300993,0.0,28.422520705300993,1,0,0
FOODS_2_116,CA_1,FOODS_2,high,21.0,3.0,0.0,10,0.95,0.02,5.0,25.0,item_store,90,1.391085566856857,regular,synthetic_demo,healthy,24.0,1.0,6.99046103861845,31.838403468270613,1.0612801156090204,9.918019053884171,17,17.307883714059003,1.3980314162828789,-0.04841269888888879,7.271837873789215,17.189856927673386,24.57972158784822,22.61419925523385,22.6 days,0.0007230846024456339,0.07230846024456339,HEALTHY,0.5797215878482191,1,0.5078614345967403,LOW,0,3.2674367504316133,3.2674367504316133,27.635873252208658,0.0,0.49587565339363854,4.635638138020122,0.49587565339363854,4.635638138020122,11,0,10
FOODS_2_136,CA_1,FOODS_2,medium,17.0,5.0,0.0,7,0.95,0.02,5.0,25.0,item_store,90,0.8627955162227369,intermittent,synthetic_demo,overstock,22.0,0.6071428571428571,4.172854192988997,18.311068048143113,0.6103689349381037,4.172854192988997,14,8.213838582557239,0.8508126343292252,-0.16904762333333334,3.7026290759300995,7.875483268919097,11.916467658487338,36.04377408596487,36.0 days,1.1102230246251565e-15,1.1102230246251565e-13,OVERSTOCK,0.0,0,0.0,NONE,0,1.918612473515603,1.918612473515603,1.918612473515603,0.0,0.0,13.704374810825733,0.0,13.704374810825733,1,0,0
FOODS_2_139,CA_1,FOODS_2,high,74.0,8.0,0.0,10,0.95,0.02,5.0,25.0,item_store,90,2.355091772167034,regular,synthetic_demo,overstock,82.0,1.8928571428571428,13.927935316774619,53.071893728606184,1.7690631242868728,19.844634404191698,17,31.45601042154493,2.3020287788546807,-0.5531747222222223,11.973965581643997,31.818599985835696,43.429976003188926,46.352218230231344,46.4 days,0.0,0.0,OVERSTOCK,0.0,0,0.0,NONE,0,9.01823582191772,9.01823582191772,9.01823582191772,0.0,0.0,53.04844601128071,0.0,53.04844601128071,1,0,0
FOODS_2_146,CA_1,FOODS_2,medium,32.0,1.0,0.0,3,0.95,0.02,5.0,25.0,item_store,90,1.5022092583350926,regular,synthetic_demo,overstock,33.0,1.4642857142857142,10.048579920097927,40.78606968407907,1.3595356561359688,4.373041180758017,10,13.943413614762589,1.5009390069031376,-0.16984128888888886,4.2761302818873395,8.649171462645356,18.219543896649927,24.272993393782407,24.3 days,0.0,0.0,OVERSTOCK,0.0,0,0.0,NONE,0,1.9198704303663854,1.9198704303663854,1.9198704303663854,0.0,0.0,19.198704303663852,0.0,19.198704303663852,1,0,0
FOODS_2_150,CA_1,FOODS_2,high,0.0,0.0,1.0,5,0.975,0.02,5.0,25.0,item_store,90,2.006840614872891,regular,synthetic_demo,stockout,-1.0,2.607142857142857,18.050883179021472,75.96860298278467,2.5322867660928225,12.963011191858303,12,31.0102000995274,1.8120750858928423,0.8833333233333333,7.941623290011606,20.90463448186991,38.951823389539,0.0,0.0 days,0.9997155467168801,99.97155467168801,STOCKOUT,39.951823389539,40,99.98577733584399,URGENT,56,214.8810830078299,26.780777915956218,46.339070080349735,188.10030509187368,42.976216601565966,0.0,0.042563263309400697,13.066346661743427,66,0,65
FOODS_2_170,CA_1,FOODS_2,medium,9.0,1.0,0.0,10,0.99,0.02,5.0,25.0,item_store,90,1.8021466229254328,regular,synthetic_demo,critical,10.0,1.5714285714285714,11.231902598254868,49.775404675410016,1.6591801558470005,15.851488359549833,17,27.695166049938376,1.6874640680251374,0.6571428666666667,12.413927140609033,28.265415500158866,40.10909319054741,6.027073048553348,6.0 days,0.86358278453958,86.35827845395801,CRITICAL,30.109093190547412,31,77.57906144530733,URGENT,41,149.38646210377843,27.135900050889486,34.584905708144724,122.25056205288894,29.877292420755694,0.0,0.04739647242126717,11.170104051665577,51,0,50
FOODS_2_178,CA_1,FOODS_2,low,12.0,4.0,0.0,10,0.95,0.02,5.0,25.0,item_store,90,0.7852632126639231,intermittent,synthetic_demo,healthy,16.0,0.75,5.775775292938867,25.145516230903922,0.8381838743634641,8.38084837916755,17,13.907655138262351,0.7219024960457193,-0.31825395444444443,3.7549641952152175,12.135812574382767,17.66261933347757,19.088890265457284,19.1 days,0.00042259915272224724,0.042259915272224724,HEALTHY,1.6626193334775685,2,1.9037718264174375,LOW,0,0.988886710221044,0.988886710221044,26.28351112304857,0.0,0.008776709317693492,5.558842139015157,0.008776709317693492,5.558842139015157,4,0,3
FOODS_2_180,CA_1,FOODS_2,low,4.0,0.0,0.0,5,0.975,0.02,5.0,25.0,item_store,90,1.6174975058674839,intermittent,synthetic_demo,reorder,4.0,0.42857142857142855,2.8725509497459645,13.19970883383911,0.4399902944613037,2.000095058978402,12,5.341380878103885,1.6231955946301462,0.10396825444444452,7.113837632289652,9.113932691268054,12.455218510393536,9.09110962299145,9.1 days,0.29081601234363774,29.081601234363774,REORDER NOW,8.455218510393536,9,44.95113587497575,MEDIUM,15,34.618806700173835,26.092665841309756,28.832115578409454,8.526140858864078,6.923390974148196,0.015431911940469518,0.023754087651305607,8.115795025443578,19,0,18
FOODS_2_184,CA_1,FOODS_2,high,15.0,2.0,0.0,7,0.99,0.02,5.0,25.0,item_store,90,1.572393260565888,regular,synthetic_demo,low,17.0,1.0714285714285714,7.74715697552493,32.97007017176435,1.0990023390588115,7.74715697552493,14,15.247916969487873,1.473403457473718,-0.5706348444444445,9.068706837996197,16.815863813521126,24.31662380748407,15.468574902723907,15.5 days,0.008808207890512287,0.8808207890512287,HEALTHY,7.316623807484071,8,6.458206175231148,LOW,0,1.8366866509297237,1.8366866509297237,26.80341107653171,0.0,0.22770812702900703,4.986757255604919,0.22770812702900703,4.986757255604919,10,0,9
FOODS_2_209,CA_1,FOODS_2,low,6.0,1.0,2.0,7,0.9,0.02,5.0,25.0,item_store,90,1.0434848121839166,intermittent,synthetic_demo,reorder,5.0,0.5357142857142857,3.7915259414219595,15.439585917207502,0.5146528639069168,3.7915259414219595,14,7.8525683356035545,1.04903900012246,0.024603178888888903,3.556941641156471,7.348467582578431,11.409509976760026,9.715286459387759,9.7 days,0.3316330527451159,33.163305274511586,REORDER NOW,6.409509976760026,7,37.40461523689597,MEDIUM,12,29.98262217242482,25.95528536379289,29.377584453481663,4.027336808631929,5.996341652493871,0.006527928253318982,0.02215161190400154,6.0323378876634495,16,0,15
FOODS_2_218,CA_1,FOODS_2,low,3.0,1.0,0.0,10,0.95,0.02,5.0,25.0,item_store,90,1.1579117579884843,intermittent,synthetic_demo,critical,4.0,0.8928571428571429,6.504480162549311,28.713237876089288,0.9571079292029763,9.52217413832066,17,16.282622189200705,1.1613214376673553,0.08412699888888886,6.040594736079992,15.562768874400652,22.323216925280697,4.179256986545882,4.2 days,0.9336691044275002,93.36691044275001,CRITICAL,18.323216925280697,19,85.38903218717314,URGENT,24,80.52372140289,26.603654536735192,28.853446150344357,53.92006686615481,16.104744280577997,0.0,0.05057273973567713,7.945828459157677,31,0,30
FOODS_2_251,CA_1,FOODS_2,medium,23.0,2.0,0.0,7,0.95,0.02,5.0,25.0,item_store,90,1.2063700873641867,intermittent,synthetic_demo,overstock,25.0,0.6071428571428571,4.662022175916499,21.774967923562585,0.7258322641187528,4.662022175916499,14,9.808830120879145,1.2092147460194482,-0.09682538777777777,5.2623497783209245,9.924371954237422,15.07117989920007,34.44321950933525,34.4 days,1.0283551787892975e-10,1.0283551787892975e-08,OVERSTOCK,0.0,0,0.0,NONE,0,1.8529371278313063,1.8529371278313063,1.8529371278313063,0.0,0.0,13.235265198795046,0.0,13.235265198795046,1,0,0
FOODS_2_301,CA_1,FOODS_2,low,16.0,4.0,0.0,7,0.9,0.02,5.0,25.0,item_store,90,1.5080471977267251,regular,synthetic_demo,healthy,20.0,0.9642857142857143,6.919958931077156,28.342729176129534,0.9447576392043178,6.919958931077156,14,12.916704609043201,1.5156882130049087,-0.04920636777777776,5.139193604067964,12.05915253514512,18.055898213111163,21.169450417827957,21.2 days,0.0005536404402296524,0.05536404402296524,HEALTHY,0.0,0,0.0,NONE,0,2.522666331150403,2.522666331150403,2.522666331150403,0.0,0.3750894111232623,4.622994825243513,0.3750894111232623,4.622994825243513,9,0,8
FOODS_2_302,CA_1,FOODS_2,medium,43.0,13.0,0.0,7,0.975,0.02,5.0,25.0,item_store,90,1.3434775645971786,intermittent,synthetic_demo,overstock,56.0,1.2857142857142858,9.279174216972239,39.26358966176787,1.3087863220589289,9.279174216972239,14,18.633879248439396,1.3455466534900928,0.12063494444444448,6.977436157854431,16.25661037482667,25.611315406293826,42.78773322745542,42.8 days,0.0,0.0,OVERSTOCK,0.0,0,0.0,NONE,0,4.799757135845493,4.799757135845493,4.799757135845493,0.0,0.0,34.28397954175351,0.0,34.28397954175351,1,0,0
FOODS_2_304,CA_1,FOODS_2,medium,35.0,3.0,0.0,7,0.95,0.02,5.0,25.0,item_store,90,1.6157792625139376,regular,synthetic_demo,healthy,38.0,2.2857142857142856,16.63164581806094,74.41959538895404,2.480653179631801,16.63164581806094,14,33.915355118991705,1.6146996624799113,-0.180158611111111,7.026968897689386,23.658614715750325,40.94232401668109,15.318546063597761,15.3 days,2.839200085036353e-07,2.839200085036353e-05,HEALTHY,2.9423240166810913,3,1.4373161017165264,LOW,0,3.6874295614574013,3.6874295614574013,27.405043133091986,0.0,0.562350286388284,6.25484378225701,0.562350286388284,6.25484378225701,13,0,12
FOODS_2_322,CA_1,FOODS_2,high,5.0,0.0,2.0,7,0.95,0.02,5.0,25.0,item_store,90,0.7135909311712745,intermittent,synthetic_demo,critical,3.0,0.6428571428571429,4.792455717562762,20.766648507745483,0.6922216169248494,4.792455717562762,14,9.87958658728255,0.7175349666991037,-0.008730154444444452,3.1226215073677333,7.915077224930495,13.002208094650282,4.333872168464357,4.3 days,0.8274620232676007,82.74620232676007,CRITICAL,10.002208094650282,11,75.38779638687181,URGENT,12,36.661889228222144,25.709946759464557,25.73382640692122,10.951942468757586,7.332377845644429,0.0,0.010988260283030134,4.678610414638602,15,0,14
FOODS_2_336,CA_1,FOODS_2,low,19.0,1.0,0.0,10,0.95,0.02,5.0,25.0,item_store,90,0.5787967386885947,intermittent,synthetic_demo,overstock,20.0,0.42857142857142855,3.2698307796385366,13.738282744117601,0.4579427581372534,4.631965328198081,17,7.687329268716241,0.5566611068804094,-0.16904761000000001,2.895463773368682,7.527429101566764,10.582793042084923,43.67358069238351,43.7 days,0.0,0.0,OVERSTOCK,0.0,0,0.0,NONE,0,2.2608709307651567,2.2608709307651567,2.2608709307651567,0.0,0.0,13.2992407692068,0.0,13.2992407692068,1,0,0
FOODS_2_339,CA_1,FOODS_2,medium,0.0,0.0,3.0,7,0.95,0.02,5.0,25.0,item_store,90,0.9512195285270628,intermittent,synthetic_demo,stockout,-3.0,0.7857142857142857,6.125642143623032,29.14125483100596,0.9713751610335319,6.125642143623032,14,13.046481320873902,0.9477704056254389,-0.12857143333333332,4.124577045028812,10.250219188651844,17.171058365902713,0.0,0.0 days,0.999863280617505,99.9863280617505,STOCKOUT,20.171058365902713,21,99.99316403087523,URGENT,21,78.30033803016468,25.919951984541004,25.919951984541004,52.38038604562368,15.660067606032936,0.0,0.033533355911598214,5.373465749878662,27,0,26
FOODS_2_357,CA_1,FOODS_2,high,0.0,0.0,1.0,5,0.99,0.02,5.0,25.0,item_store,90,1.840608622075826,regular,synthetic_demo,stockout,-1.0,2.8214285714285716,19.931503248966447,78.3382964542708,2.6112765484756935,14.03840493126004,12,32.765991345073786,1.8451489425584922,-0.14523803333333343,9.598228593678918,23.636633524938958,42.364219938752704,0.0,0.0 days,0.9998662509084486,99.98662509084485,STOCKOUT,43.364219938752704,44,99.99331254542243,URGENT,46,164.70184822626592,26.720999918722246,26.8004822569717,137.98084830754368,32.940369645253185,0.0,0.030047710186060356,13.089678064932873,54,0,53
FOODS_2_360,CA_1,FOODS_2,high,60.0,13.0,0.0,5,0.9,0.02,5.0,25.0,item_store,90,6.869332334282633,regular,synthetic_demo,reorder,73.0,11.75,83.8657989303516,348.55784671270226,11.618594890423408,59.200697219257606,12,144.22642635325883,6.3515101982092945,2.700793555555556,18.20111892838997,77.40181614764758,162.4275452816488,6.283031699484594,6.3 days,0.1656205403367269,16.56205403367269,REORDER NOW,89.4275452816488,90,20.998494085483777,LOW,150,525.5136481973665,31.012850475210215,117.66503197400571,494.5007977221563,105.10272963947328,0.0,0.12210508436465081,45.01937544489137,174,0,173
FOODS_2_367,CA_1,FOODS_2,medium,5.0,1.0,0.0,7,0.95,0.02,5.0,25.0,item_store,90,1.306262171261202,intermittent,synthetic_demo,reorder,6.0,0.6428571428571429,4.513040481600679,19.478744374120925,0.6492914791373642,4.513040481600679,14,8.785158334878863,1.3135799814235256,-0.0007936555555556365,5.716534095210014,10.229574576810693,14.501692430088877,9.240842045195913,9.2 days,0.3343794242648862,33.43794242648862,REORDER NOW,8.501692430088877,9,40.84803532045254,MEDIUM,15,34.36005781648726,26.400502232984856,29.000968212568434,7.959555583502407,6.871732691984648,0.009959689743028547,0.05080748118651426,8.189034478944894,21,0,20
FOODS_3_026,CA_1,FOODS_3,high,10.0,1.0,0.0,10,0.95,0.02,5.0,25.0,item_store,90,2.0446268275520554,regular,synthetic_demo,critical,11.0,2.0714285714285716,14.32051519773145,53.50599159554955,1.7835330531849851,19.762711605205553,17,31.702016271990953,2.056019450303175,0.01587294444444437,10.694352025159857,30.45706363036541,42.39636829715081,6.167533581929697,6.2 days,0.9111315758894578,91.11315758894578,CRITICAL,31.396368297150808,32,79.53253008835833,URGENT,38,126.97267370328312,27.692421758115294,29.587828960003087,99.28025194516783,25.394534740656624,0.0,0.10628484797425886,12.711750107317632,49,0,48
FOODS_3_048,CA_1,FOODS_3,medium,25.0,7.0,0.0,5,0.95,0.02,5.0,25.0,item_store,90,1.7565475178060679,regular,synthetic_demo,healthy,32.0,1.6428571428571428,12.170753789731485,56.8825107251604,1.89608369083868,8.600322201128995,12,21.682000897569253,1.7391752525520998,0.3071428666666666,6.396694445003366,14.99701664613236,28.07869534257262,16.87689217233111,16.9 days,8.882801161291809e-10,8.882801161291809e-08,HEALTHY,0.0,0,0.0,NONE,0,3.4596471943490625,3.4596471943490625,3.4596471943490625,0.0,0.5508493044503031,5.878338934146224,0.5508493044503031,5.878338934146224,11,0,10
FOODS_3_053,CA_1,FOODS_3,medium,0.0,0.0,0.0,3,0.95,0.02,5.0,25.0,item_store,90,2.4791363158034723,regular,synthetic_demo,stockout,0.0,3.4285714285714284,24.948049223311564,103.3732027193715,3.44577342397905,10.367893586005831,10,35.46341893710576,2.479826895943636,0.25476200000000004,7.064952562904239,17.43284614891007,42.528371500009996,0.0,0.0 days,0.9921073107309952,99.21073107309952,STOCKOUT,42.528371500009996,43,99.60536553654975,URGENT,52,193.91608471337662,26.466170867128383,31.095002241665593,167.44991384624825,38.78321694267533,0.0,0.02833187478351384,13.245114932108187,61,0,60
FOODS_3_068,CA_1,FOODS_3,low,17.0,5.0,0.0,7,0.95,0.02,5.0,25.0,item_store,90,1.3066526918591863,intermittent,synthetic_demo,overstock,22.0,0.6785714285714286,4.5285481852703375,14.773497457295537,0.4924499152431846,4.5285481852703375,14,7.856157100068074,1.2767692066555623,0.30873016111111107,5.556338254828741,10.08488644009908,13.412495354896816,44.6745939414688,44.7 days,1.1573393610131433e-07,1.1573393610131433e-05,OVERSTOCK,0.0,0,0.0,NONE,0,1.2987550383823112,1.2987550383823112,1.2987550383823112,0.0,0.057045176483988214,7.239493971159785,0.057045176483988214,7.239493971159785,4,0,3
FOODS_3_074,CA_1,FOODS_3,medium,13.0,2.0,0.0,5,0.9,0.02,5.0,25.0,item_store,90,1.6779549658685708,regular,synthetic_demo,low,15.0,1.9285714285714286,13.908854275118538,55.707281770157785,1.8569093923385929,9.913842748743084,12,23.158747184037164,1.6846352302842549,-0.09523810000000008,4.827552065649532,14.741394814392617,27.986299249686695,8.077938569263733,8.1 days,0.08847552090865651,8.847552090865651,LOW,12.986299249686695,13,13.70424513055638,LOW,20,42.54790638401639,26.69244111695277,28.112918874910726,15.855465267063622,8.508503594325527,0.044903436573017555,0.06017053435216241,11.596570376599654,28,0,27
FOODS_3_089,CA_1,FOODS_3,high,32.0,9.0,0.0,10,0.95,0.02,5.0,25.0,item_store,90,1.258970073444031,intermittent,synthetic_demo,overstock,41.0,1.1428571428571428,7.3698825576346465,29.412103507050745,0.9804034502350248,10.595985135666517,17,17.05244102639547,1.2547735494366599,-0.16746028888888878,6.526684388883694,17.12266952455021,23.579125415279165,41.81951827094384,41.8 days,9.103828801926284e-15,9.103828801926284e-13,OVERSTOCK,0.0,0,0.0,NONE,0,4.070212372590589,4.070212372590589,4.070212372590589,0.0,0.0,23.94242572112111,0.0,23.94242572112111,1,0,0
FOODS_3_096,CA_1,FOODS_3,medium,15.0,1.0,0.0,7,0.975,0.02,5.0,25.0,item_store,90,1.5412874369829153,regular,synthetic_demo,low,16.0,1.1428571428571428,7.871039418429255,33.64050807860218,1.1213502692867394,7.871039418429255,14,15.813167666782634,1.534644571750775,-0.215873011111111,7.958018026810639,15.829057445239894,23.771185693593274,14.268512201969834,14.3 days,0.022638866467610264,2.2638866467610264,HEALTHY,7.771185693593274,8,7.670267320982145,LOW,0,10.061358809071795,10.061358809071795,26.46874124403775,0.0,1.9713540551960416,1.4613466649399076,1.9713540551960416,1.4613466649399076,15,0,14
FOODS_3_099,CA_1,FOODS_3,high,51.0,3.0,0.0,5,0.95,0.02,5.0,25.0,item_store,90,7.6428757227782045,regular,synthetic_demo,critical,54.0,14.642857142857142,103.07221813212257,453.1223442326631,15.10407814108877,73.5726742159145,12,176.9058548235847,7.507088312820271,-1.6380953333333332,27.61110476836697,101.18377898428147,204.51695959195166,3.5751933680149404,3.6 days,0.8781901122976905,87.81901122976905,CRITICAL,150.51695959195166,151,72.61829855843641,HIGH,155,527.7818060281191,32.113129516945754,32.25122845018429,495.6686765111734,105.55636120562382,0.0,0.23044782453527632,49.674086618911446,185,0,184
FOODS_3_113,CA_1,FOODS_3,high,49.0,14.0,0.0,14,0.95,0.02,5.0,25.0,item_store,90,3.2262035976538876,regular,synthetic_demo,reorder,63.0,4.142857142857143,30.182455661408902,124.84480992983949,4.161493664327983,59.44117589120006,21,88.63186980344048,3.2306644808532754,-0.29523799999999983,19.88305581000059,79.32423170120066,108.51492561344108,15.138795125421279,15.1 days,0.38422280735973835,38.422280735973835,REORDER NOW,45.51492561344108,46,33.77357151679361,MEDIUM,45,113.26408693015463,30.558901975971917,30.601938146210372,82.70518495418271,22.64316499911145,0.22981873617804308,0.15656519984413364,22.743218936910726,60,0,59
FOODS_3_123,CA_1,FOODS_3,low,24.0,3.0,0.0,5,0.95,0.02,5.0,25.0,item_store,90,0.9888264649460884,intermittent,synthetic_demo,healthy,27.0,1.6785714285714286,11.972312951286462,57.34657462332821,1.9115524874442735,8.415330979558368,12,21.460275272351314,0.9438677831190063,0.3111111111111111,3.47154997533184,11.886880954890207,24.931825247683154,14.1246448514206,14.1 days,0.0,0.0,HEALTHY,0.0,0,0.0,NONE,0,3.54278345371123,3.54278345371123,3.54278345371123,0.0,0.6507799515051225,2.407364134880147,0.6507799515051225,2.407364134880147,9,0,8
FOODS_3_135,CA_1,FOODS_3,high,29.0,3.0,0.0,7,0.975,0.02,5.0,25.0,item_store,90,3.2249514489832767,regular,synthetic_demo,critical,32.0,5.75,41.939087321312854,182.78129537969187,6.092709845989729,41.939087321312854,14,84.19289769131159,3.240658323680156,0.12301577777777793,16.80468418114522,58.743771502458074,100.9975818724568,5.252178555829745,5.3 days,0.8768158566376671,87.68158566376671,CRITICAL,68.9975818724568,69,71.1618493759567,HIGH,79,274.8063486190808,28.78163339765568,30.809555070109575,246.0247152214251,54.96126972381616,0.0,0.08097493365562983,24.11970520983947,92,0,91
FOODS_3_179,CA_1,FOODS_3,low,3.0,1.0,0.0,5,0.9,0.02,5.0,25.0,item_store,90,0.8751740984025635,intermittent,synthetic_demo,reorder,4.0,0.75,5.774499782734786,27.470670500705694,0.9156890166901898,4.027595516841941,12,10.426981540670182,0.8788588770462239,0.04603173222222224,2.5184900036686475,6.546085520510588,12.94547154433883,4.368295269564583,4.4 days,0.5056018332885293,50.56018332885293,REORDER NOW,8.94547154433883,9,50.76875830898799,HIGH,14,37.8359651251859,25.88306518107539,27.89480461236694,11.95289994411051,7.56719302503718,0.0,0.021704754703096494,6.454511729665916,18,0,17
FOODS_3_187,CA_1,FOODS_3,medium,4.0,0.0,0.0,5,0.95,0.02,5.0,25.0,item_store,90,1.3660007465610853,intermittent,synthetic_demo,critical,4.0,1.3928571428571428,9.721081309394547,38.77354918048051,1.2924516393493504,7.027738105309544,12,15.858245749196453,1.3628941392494986,0.1706349211111111,5.012730808394336,12.04046891370388,20.870976557590787,3.0948933625196924,3.1 days,0.8397686683551432,83.97686683551431,CRITICAL,16.870976557590787,17,78.18897004820211,URGENT,23,76.71197159757726,26.022220587896033,30.061175116203685,50.68975100968123,15.342394319515451,0.0,0.020177325437087116,7.677783005921636,28,0,27
FOODS_3_223,CA_1,FOODS_3,low,5.0,0.0,0.0,3,0.95,0.02,5.0,25.0,item_store,90,0.90943342749752,intermittent,synthetic_demo,reorder,5.0,1.1428571428571428,8.118006194917875,35.156080175182396,1.1718693391727466,3.481049562682216,10,11.572569838185679,0.9095834735093908,0.0944444477777778,2.59137607663546,6.072425639317676,14.163945914821138,4.266687277209276,4.3 days,0.16748769577410638,16.748769577410638,REORDER NOW,9.163945914821138,10,26.61237958380891,MEDIUM,15,42.03004622510489,25.766451307651483,27.61306630946616,16.263594917453407,8.406009245020977,0.0,0.02099063375560443,6.614981388734626,20,0,19
FOODS_3_240,CA_1,FOODS_3,low,1.0,0.0,0.0,3,0.95,0.02,5.0,25.0,item_store,90,0.8491525751876666,intermittent,synthetic_demo,critical,1.0,0.7142857142857143,5.385046561788232,25.46976550634509,0.8489921835448364,2.2202988338192418,10,7.908432060652934,0.8401934272091641,-0.1515873077777778,2.3936859127571934,4.613984746576435,10.302117973410127,1.1778671457546919,1.2 days,0.7991376114272463,79.91376114272462,CRITICAL,9.302117973410127,10,81.5135601150286,URGENT,11,32.69061179898368,25.54465686507029,25.598306988566886,7.145954933913391,6.538122359796737,0.0,0.01930766687254142,4.481185307075805,15,0,14
FOODS_3_249,CA_1,FOODS_3,medium,48.0,6.0,0.0,5,0.975,0.02,5.0,25.0,item_store,90,2.8751811537130436,intermittent,synthetic_demo,healthy,54.0,3.8214285714285716,25.76642345312976,107.44262706295217,3.581420902098406,18.561089164392072,12,43.64896820592325,2.537705668989604,1.3777777777777778,11.121781101091804,29.682870265483878,54.77074930701506,15.077814497692977,15.1 days,2.1147794626585892e-10,2.1147794626585892e-08,HEALTHY,0.7707493070150591,1,0.2814456058111132,LOW,23,39.89883698547117,27.31217447791359,61.073408763592475,12.58666250755758,7.95906726999012,0.8625052960047962,0.07885974898277923,15.982297774997457,32,0,31
FOODS_3_263,CA_1,FOODS_3,high,97.0,5.0,0.0,3,0.95,0.02,5.0,25.0,item_store,90,3.6059561870155576,regular,synthetic_demo,healthy,102.0,8.642857142857142,63.47234147637646,278.26252392075656,9.27541746402522,26.43066690962099,10,91.76348106174132,3.4140903548913037,1.2150795555555558,9.726641178959207,36.157308088580194,101.49012224070053,10.996809620225484,11.0 days,0.0,0.0,HEALTHY,0.0,0,0.0,NONE,0,25.38280115919373,25.38280115919373,25.38280115919373,0.0,5.002026194347407,3.7267018745669036,5.002026194347407,3.7267018745669036,30,0,29
FOODS_3_276,CA_1,FOODS_3,high,0.0,0.0,0.0,7,0.975,0.02,5.0,25.0,item_store,90,1.3562026678742407,regular,synthetic_demo,critical,0.0,0.0,0.0,0.0,0.0,0.0,14,0.0,1.2879332984022422,-0.44603172222222226,6.678677652586271,6.678677652586271,6.678677652586271,,NO EXPECTED DEMAND,0.5,50.0,STOCKOUT,6.678677652586271,7,75.0,URGENT,0,21.94186039120179,21.94186039120179,26.187777573136703,0.0,4.388372078240358,0.0,4.388372078240358,0.0,14,0,13
FOODS_3_312,CA_1,FOODS_3,low,20.0,6.0,0.0,7,0.975,0.02,5.0,25.0,item_store,90,1.4477091213126956,regular,synthetic_demo,healthy,26.0,1.25,9.054508754444662,38.44792792575701,1.2815975975252336,9.054508754444662,14,18.468533288329937,1.4517677199884043,-0.10793652222222214,7.528253707129868,16.58276246157453,25.996786995459804,20.287179103804522,20.3 days,5.127617965006159e-06,0.0005127617965006159,HEALTHY,0.0,0,0.0,NONE,0,1.3242373036274901,1.3242373036274901,1.3242373036274901,0.0,0.07315638080582534,6.846109997131167,0.07315638080582534,6.846109997131167,5,0,4
FOODS_3_319,CA_1,FOODS_3,high,21.0,5.0,2.0,7,0.95,0.02,5.0,25.0,item_store,90,5.781006892443248,regular,synthetic_demo,healthy,24.0,0.0,0.0,0.0,0.0,0.0,14,0.0,5.668704878552729,-1.2817458888888886,24.669487334004874,24.669487334004874,24.669487334004874,,NO EXPECTED DEMAND,0.0547754326625155,5.4775432662515495,REORDER NOW,0.6694873340048737,1,4.095685388447394,LOW,0,18.891402726492014,18.891402726492014,41.815710384605666,0.0,3.6516774635727507,4.52153863305902,3.6516774635727507,4.52153863305902,29,0,28
FOODS_3_321,CA_1,FOODS_3,high,150.0,37.0,0.0,7,0.99,0.02,5.0,25.0,item_store,90,3.317355392183644,regular,synthetic_demo,overstock,187.0,5.071428571428571,36.62939052218704,159.9667235212649,5.332224117375497,36.62939052218704,14,74.65624933837813,3.2947269049831487,0.5198413555555554,20.278839621959893,56.90823014414693,94.93508896033802,35.069793745286304,35.1 days,0.0,0.0,OVERSTOCK,0.0,0,0.0,NONE,0,14.490443939697048,14.490443939697048,14.490443939697048,0.0,0.0,103.50317099783607,0.0,103.50317099783607,1,0,0
FOODS_3_327,CA_1,FOODS_3,high,20.0,2.0,0.0,7,0.95,0.02,5.0,25.0,item_store,90,2.815882554385175,regular,synthetic_demo,reorder,22.0,2.8214285714285716,19.749954370987776,77.11797868177153,2.5705992893923844,19.749954370987776,14,38.51256299103507,2.7693840665348914,-0.5873014444444442,12.052009518234074,31.801963889221852,50.56457250926914,8.558315600095014,8.6 days,0.37938919935000337,37.938919935000335,REORDER NOW,28.56457250926914,29,39.51427998373808,MEDIUM,29,68.7291983854949,27.645324716393528,27.645324716393528,41.083873669101365,13.742706030486843,0.11191595043347632,0.09603800147879384,15.465247921425428,39,0,38
FOODS_3_329,CA_1,FOODS_3,high,228.0,0.0,0.0,10,0.975,0.02,5.0,25.0,item_store,90,8.03995838867405,regular,synthetic_demo,low,228.0,17.071428571428573,122.34084056414511,560.2326597702025,18.674421992340083,177.08695155425178,17,309.96572424022924,8.02864629904027,-0.9476193333333341,49.76115092275562,226.8481024770074,359.72687516298487,12.209213227243207,12.2 days,0.022463661704474447,2.2463661704474447,HEALTHY,131.72687516298487,132,8.44689917417605,LOW,132,328.918991063603,37.940285997865466,37.940285997865466,290.97870506573753,65.77516129382552,0.25402702632617613,0.31699783817028127,66.79586357067095,164,0,163
FOODS_3_340,CA_1,FOODS_3,low,18.0,0.0,0.0,10,0.95,0.02,5.0,25.0,item_store,90,0.9798711077023096,intermittent,synthetic_demo,healthy,18.0,0.5714285714285714,4.382308386456825,18.313017220802134,0.6104339073600712,6.130881889454058,17,10.127741418524366,0.9844862748258051,-0.04126982222222225,5.120789487362552,11.25167137681661,15.248530905886918,29.487221766307457,29.5 days,6.878672127919039e-05,0.006878672127919039,HEALTHY,0.0,0,0.0,NONE,0,1.3454355812913383,1.3454355812913383,1.3454355812913383,0.0,0.075002975412475,5.708357083699785,0.075002975412475,5.708357083699785,6,0,5
FOODS_3_354,CA_1,FOODS_3,low,3.0,0.0,0.0,3,0.95,0.02,5.0,25.0,item_store,90,1.5845233627433097,regular,synthetic_demo,reorder,3.0,0.42857142857142855,2.8926194361208215,8.08966445697219,0.269655481899073,1.2594752186588922,10,3.6578031809197666,1.5926806039131556,0.04761906666666667,4.537499344373541,5.796974563032433,8.195302525293307,11.125306924495767,11.1 days,0.2640385334751545,26.40385334751545,REORDER NOW,5.195302525293307,6,40.35531960486773,MEDIUM,13,28.676556746996916,25.99639490597743,31.15439884907901,2.680161841019487,5.7347711681056674,0.02700906468578406,0.05238649339596398,7.3446243899760795,20,0,19
FOODS_3_360,CA_1,FOODS_3,medium,2.0,1.0,0.0,5,0.95,0.02,5.0,25.0,item_store,90,0.8597348400785549,intermittent,synthetic_demo,reorder,3.0,0.21428571428571427,1.6706296755335541,8.125653663991356,0.2708551221330452,1.1507415762405546,12,3.1417817561303965,0.8642827319158448,-0.021428576666666657,3.1788357970513386,4.329577373291893,6.3206175531817355,11.076031999595664,11.1 days,0.16931430829432104,16.931430829432102,REORDER NOW,3.3206175531817355,4,28.185723778826464,MEDIUM,0,13.085075368655522,13.085075368655522,26.63707877955225,0.0,2.615615963721273,0.05829625040961788,2.615615963721273,0.05829625040961788,12,0,11
FOODS_3_383,CA_1,FOODS_3,high,50.0,7.0,0.0,5,0.9,0.02,5.0,25.0,item_store,90,3.899237534619202,regular,synthetic_demo,healthy,57.0,3.9642857142857144,27.916381728992594,118.61077657441497,3.953692552480499,19.887566320487743,12,47.61300474134223,3.7351393725973536,1.1865080222222224,10.703551409540873,30.591117730028614,58.3165561508831,14.416902488849036,14.4 days,4.424844922246152e-06,0.00044248449222461517,HEALTHY,1.3165561508831019,2,0.45174178384900154,LOW,32,44.1902900500159,28.43080321362921,62.16130231990835,15.759486836386692,8.789758094109992,2.0124964955495503,0.07892082137821532,25.301659222817772,42,0,41
FOODS_3_387,CA_1,FOODS_3,medium,14.0,2.0,0.0,5,0.95,0.02,5.0,25.0,item_store,90,1.6515985522449994,intermittent,synthetic_demo,low,16.0,1.9642857142857142,13.408630935982238,50.60453759578481,1.6868179198594937,9.887475212616023,12,21.78990129751677,1.4530092756263395,0.8,5.344174687570159,15.23164990018618,27.13407598508693,9.48531540460084,9.5 days,0.029962854762614843,2.9962854762614843,LOW,11.13407598508693,12,9.70485373223741,LOW,25,78.37084121874975,26.305709497469827,45.8643438665792,52.06513172127992,15.674168243749948,0.0,0.0364472044374642,9.362278960687515,32,0,31
FOODS_3_432,CA_1,FOODS_3,high,27.0,1.0,0.0,7,0.99,0.02,5.0,25.0,item_store,90,0.9445811547082296,regular,synthetic_demo,overstock,28.0,0.5,3.6761060261963685,15.293313958746179,0.509777131958206,3.6761060261963685,14,7.194027017065165,0.9455055465747051,-0.09047617666666667,5.819527958952349,9.495633985148718,13.013554976017513,54.92596321934578,54.9 days,0.0,0.0,OVERSTOCK,0.0,0,0.0,NONE,0,2.655326039295818,2.655326039295818,2.655326039295818,0.0,0.0,18.966614566398697,0.0,18.966614566398697,1,0,0
FOODS_3_467,CA_1,FOODS_3,medium,10.0,0.0,0.0,7,0.95,0.02,5.0,25.0,item_store,90,1.1102235702306507,intermittent,synthetic_demo,reorder,10.0,1.0,7.61255279583297,37.24224354907907,1.2414081183026358,7.61255279583297,14,16.59049072962663,1.1071622726718857,0.14285716666666662,4.818230309661211,12.430783105494182,21.40872103928784,8.055368619364996,8.1 days,0.20752763177758382,20.752763177758382,REORDER NOW,11.40872103928784,12,26.90075786225925,MEDIUM,17,47.57186359175344,26.287215343553484,28.405770324490742,21.284648248199957,9.514277518758096,0.0033999854497604666,0.04644712027561258,7.535569586967276,22,0,21
FOODS_3_470,CA_1,FOODS_3,medium,20.0,5.0,0.0,3,0.95,0.02,5.0,25.0,item_store,90,2.075550075699138,intermittent,synthetic_demo,overstock,25.0,0.7142857142857143,5.189003221185969,22.957559579889516,0.7652519859963172,2.147594752186589,10,7.6523141199664995,2.0759414005548282,-0.21507932222222223,5.914294881743311,8.0618896339299,13.56660900170981,32.66897761454528,32.7 days,1.0381084880606295e-10,1.0381084880606295e-08,OVERSTOCK,0.0,0,0.0,NONE,0,1.4840092554220798,1.4840092554220798,1.4840092554220798,0.0,0.020620806772371384,13.809052215602229,0.020620806772371384,13.809052215602229,1,0,0
FOODS_3_479,CA_1,FOODS_3,medium,8.0,2.0,0.0,7,0.95,0.02,5.0,25.0,item_store,90,1.3652120151228633,intermittent,synthetic_demo,reorder,10.0,0.6785714285714286,4.603941576045015,20.29727078836111,0.6765756929453703,4.603941576045015,14,9.341746430475643,1.3727153246054646,-0.019841288888888857,5.973883636396807,10.577825212441823,15.315630066872451,14.780312246315718,14.8 days,0.06867199529605439,6.867199529605439,REORDER NOW,5.315630066872451,6,12.013827251673478,LOW,0,14.559493495927411,14.559493495927411,27.191580123907915,0.0,2.8973712679496177,0.518836829852316,2.8973712679496177,0.518836829852316,16,0,15
FOODS_3_480,CA_1,FOODS_3,medium,9.0,1.0,0.0,7,0.95,0.02,5.0,25.0,item_store,90,1.3618339917343403,regular,synthetic_demo,reorder,10.0,1.3214285714285714,8.60395373782293,36.37581241390106,1.2125270804633685,8.60395373782293,14,17.059166727452368,1.3683876034846756,-0.053968254444444516,5.955049940929904,14.559003678752834,23.01421666838227,8.247238483266278,8.2 days,0.34989494286748635,34.98949428674864,REORDER NOW,13.014216668382272,14,38.19866093906877,MEDIUM,16,41.66267835649355,26.366189033231084,26.771823691669233,15.296489323262467,8.332367325273008,0.0060123580607557925,0.056785744871751226,7.730430777659499,22,0,21
FOODS_3_482,CA_1,FOODS_3,low,31.0,5.0,0.0,5,0.9,0.02,5.0,25.0,item_store,90,1.5608046370636435,regular,synthetic_demo,healthy,36.0,2.357142857142857,16.69514849661126,72.71535790196732,2.4238452633989107,11.8002335568885,12,29.020071702773556,1.5684371752610007,0.05873007777777782,4.494570687563715,16.294804244452216,33.51464239033727,14.852433257029743,14.9 days,2.5972557438080912e-12,2.597255743808091e-10,HEALTHY,0.0,0,0.0,NONE,0,3.22742176519796,3.22742176519796,3.22742176519796,0.0,0.5040973519868892,5.891125043862618,0.5040973519868892,5.891125043862618,10,0,9
FOODS_3_501,CA_1,FOODS_3,high,424.0,124.0,0.0,10,0.99,0.02,5.0,25.0,item_store,90,14.943190908007303,regular,synthetic_demo,healthy,548.0,22.928571428571427,162.36973791431294,711.968352620746,23.732278420691536,232.16966736480398,17,398.2880491052841,14.79359362160281,2.623016111111111,108.82992820183719,340.9995955666412,507.11797730712124,23.090913998472793,23.1 days,7.332023876926996e-12,7.332023876926996e-10,HEALTHY,0.0,0,0.0,NONE,0,22.761143802725186,22.761143802725186,22.761143802725186,0.0,1.1084844584894074,101.28659711928324,1.1084844584894074,101.28659711928324,65,0,64
FOODS_3_511,CA_1,FOODS_3,high,55.0,5.0,0.0,3,0.95,0.02,5.0,25.0,item_store,90,8.625941086401943,intermittent,synthetic_demo,critical,60.0,25.535714285714285,181.22707520493236,773.2779753448004,25.775932511493348,77.13206086005832,10,256.2945124441096,8.666151833818313,0.37301577777777734,24.689607048379866,101.82166790843819,280.98411949248947,2.3277528358380954,2.3 days,0.8731399498592728,87.31399498592728,CRITICAL,220.98411949248947,221,71.70832734029487,HIGH,263,991.7796485696044,31.947042988535767,45.0319520288873,959.8326055810687,198.3559297139209,0.0,0.09463450194663721,64.73870478802577,299,0,298
FOODS_3_520,CA_1,FOODS_3,medium,40.0,1.0,0.0,14,0.95,0.02,5.0,25.0,item_store,90,1.343530305734227,regular,synthetic_demo,overstock,41.0,0.7142857142857143,4.653407584881156,19.623800369704508,0.6541266789901503,9.020285250182637,21,13.870739999630084,1.3509720449753484,-0.015079388888888939,8.314528706769604,17.33481395695224,22.18526870639969,62.67899065559649,62.7 days,1.2538392546446175e-10,1.2538392546446175e-08,OVERSTOCK,0.0,0,0.0,NONE,0,4.539521477695342,4.539521477695342,4.539521477695342,0.0,0.0,21.616768941406384,0.0,21.616768941406384,1,0,0
FOODS_3_532,CA_1,FOODS_3,medium,3.0,0.0,0.0,3,0.95,0.02,5.0,25.0,item_store,90,1.5049615751341923,regular,synthetic_demo,critical,3.0,1.7142857142857142,12.077799497941934,53.182344643779295,1.7727448214593098,5.111880466472304,10,17.048991069392578,1.5083937300510093,0.1222222222222223,4.297368564888241,9.409249031360545,21.34635963428082,1.6922909398378179,1.7 days,0.7905525148799073,79.05525148799073,CRITICAL,18.34635963428082,19,77.15178538262576,URGENT,25,79.53143936282711,26.046991931982607,28.25521016712827,53.48444743084451,15.90628787256542,0.0,0.02698445475277443,9.120696582187353,31,0,30
FOODS_3_539,CA_1,FOODS_3,low,11.0,0.0,0.0,10,0.9,0.02,5.0,25.0,item_store,90,0.9575603272423051,intermittent,synthetic_demo,low,11.0,0.6785714285714286,4.637899881211495,20.659844896238443,0.6886614965412814,6.671270964051893,17,11.267394365538188,0.9629165842474665,-0.0039682577777778,3.90233682378635,10.573607787838244,15.169731189324537,15.973014398577766,16.0 days,0.07757390274791365,7.757390274791365,HEALTHY,4.169731189324537,5,9.376130968373255,LOW,0,15.222992723986653,15.222992723986653,27.663860755465127,0.0,3.03419838475177,0.30588706016356326,3.03419838475177,0.30588706016356326,14,0,13
FOODS_3_550,CA_1,FOODS_3,low,9.0,2.0,0.0,14,0.95,0.02,5.0,25.0,item_store,90,0.7997838379816129,intermittent,synthetic_demo,healthy,11.0,0.35714285714285715,2.1774041387583987,9.295201072837871,0.3098400357612624,4.41859219021756,21,6.787262262059652,0.7690318375137245,-0.23412697888888892,4.732990081629939,9.151582271847499,11.520252343689592,35.50219058351681,35.5 days,0.011091104761201676,1.1091104761201676,HEALTHY,0.5202523436895916,1,1.4577513281606074,LOW,0,1.1738009238649667,1.1738009238649667,26.096660884262388,0.0,0.08967590222393483,3.454387679739487,0.08967590222393483,3.454387679739487,4,0,3
FOODS_3_558,CA_1,FOODS_3,low,22.0,5.0,0.0,14,0.95,0.02,5.0,25.0,item_store,90,0.14907119849998599,intermittent,synthetic_demo,overstock,27.0,0.4642857142857143,3.5469935486900477,17.749403475243966,0.5916467825081322,7.597433400729507,21,12.043743519942634,0.14823135407896973,0.022222222222222223,0.912286714826444,8.50972011555595,12.956030234769077,45.63533648495567,45.6 days,0.0,0.0,OVERSTOCK,0.0,0,0.0,NONE,0,3.0570344203537743,3.0570344203537743,3.0570344203537743,0.0,0.0,14.5573067635894,0.0,14.5573067635894,1,0,0
FOODS_3_601,CA_1,FOODS_3,low,5.0,0.0,0.0,10,0.95,0.02,5.0,25.0,item_store,90,0.5682201595238788,highly_intermittent,synthetic_demo,low,5.0,0.17857142857142858,1.1646868478569168,4.626709124516754,0.1542236374838918,1.5913150297185836,17,2.5912746068581725,0.5705551110943783,0.030952378333333315,2.967733212299003,4.559048242017587,5.559007819157175,32.42045176455026,32.4 days,0.02942921708850066,2.942921708850066,HEALTHY,0.5590078191571752,1,3.4826392421608814,LOW,0,4.798738560232698,4.798738560232698,27.49931029979109,0.0,0.9462963105222288,0.3956294565973756,0.9462963105222288,0.3956294565973756,7,0,6
FOODS_3_611,CA_1,FOODS_3,high,46.0,9.0,0.0,10,0.99,0.02,5.0,25.0,item_store,90,1.3202805069146406,intermittent,synthetic_demo,overstock,55.0,1.2857142857142858,9.10255765238579,43.081713556034444,1.4360571185344815,13.151388419462327,17,23.113934538671344,1.3276732561524898,-0.003174622222222181,9.767105196912935,22.91849361637526,32.88103973558428,38.29931225585815,38.3 days,0.0,0.0,OVERSTOCK,0.0,0,0.0,NONE,0,5.132027692593508,5.132027692593508,5.132027692593508,0.0,0.0,30.188398191726513,0.0,30.188398191726513,1,0,0
FOODS_3_616,CA_1,FOODS_3,medium,9.0,1.0,0.0,7,0.95,0.02,5.0,25.0,item_store,90,0.7962675126065695,regular,synthetic_demo,reorder,10.0,0.9642857142857143,6.903716975314543,33.359224615821,1.1119741538607,6.903716975314543,14,14.644559911718554,0.7999226069678684,-0.03571428000000003,3.481162107316508,10.384879082631052,18.125722019035063,8.99301477941791,9.0 days,0.07173399601903885,7.173399601903885,REORDER NOW,8.125722019035063,9,13.664501261472067,LOW,0,23.989488428331327,23.989488428331327,26.000811312798668,0.0,4.797395573560407,0.017932575209223516,4.797395573560407,0.017932575209223516,15,0,14
FOODS_3_635,CA_1,FOODS_3,high,0.0,0.0,0.0,10,0.95,0.02,5.0,25.0,item_store,90,3.4848880103160336,regular,synthetic_demo,critical,0.0,0.0,0.0,0.0,0.0,0.0,17,0.0,3.4540139308790594,-0.5888888888888889,17.96599777846459,17.96599777846459,17.96599777846459,,NO EXPECTED DEMAND,0.5,50.0,STOCKOUT,17.96599777846459,18,75.0,URGENT,33,94.18873027056797,27.807128128878638,42.34821404611307,66.38160214168934,18.83774605411359,0.0,0.0772814232259081,14.239535369112316,42,0,41
FOODS_3_640,CA_1,FOODS_3,low,21.0,4.0,0.0,5,0.975,0.02,5.0,25.0,item_store,90,2.9610949710455223,intermittent,synthetic_demo,low,25.0,2.4285714285714284,16.34082739798926,72.40718838888851,2.413572946296284,11.705361093963827,12,27.95470675254823,2.9714135207690733,0.19206361111111117,13.022554641640562,24.72791573560439,40.977261394188794,10.358087597212844,10.4 days,0.022700822893911732,2.270082289391173,HEALTHY,15.977261394188794,16,8.933152024040304,LOW,26,50.45435992390283,27.440910199260816,30.637662248399987,23.01344972464201,10.078876058425767,0.4998302647832791,0.0918741590816239,16.512828365439137,36,0,35
FOODS_3_641,CA_1,FOODS_3,low,47.0,5.0,0.0,7,0.99,0.02,5.0,25.0,item_store,90,2.2247703872606177,regular,synthetic_demo,healthy,52.0,2.7142857142857144,19.355105301546565,86.34669610718161,2.8782232035727207,19.355105301546565,14,39.22158123447325,2.214798288257933,-0.31428570000000017,13.631946008831235,32.9870513103778,52.853527243304484,18.066701684376916,18.1 days,1.2665078763518522e-08,1.2665078763518522e-06,HEALTHY,0.8535272433044838,1,0.3229789803282517,LOW,0,2.601508114572131,2.601508114572131,27.641418711202338,0.0,0.1052350502845258,14.823806165353586,0.1052350502845258,14.823806165353586,7,0,6
FOODS_3_648,CA_1,FOODS_3,medium,16.0,2.0,1.0,7,0.95,0.02,5.0,25.0,item_store,90,1.435834712233576,intermittent,synthetic_demo,healthy,17.0,0.5714285714285714,4.455012468089478,21.326190234452866,0.7108730078150955,4.455012468089478,14,9.661257404992638,1.4350286573403193,0.15873016444444443,6.24506338654718,10.700075854636658,15.906320791539818,23.914257276767852,23.9 days,0.0004763127878504303,0.04763127878504303,HEALTHY,0.0,0,0.0,NONE,0,6.5641066560126475,6.5641066560126475,6.5641066560126475,0.0,1.2464945879722942,2.368812258222691,1.2464945879722942,2.368812258222691,13,0,12
FOODS_3_658,CA_1,FOODS_3,low,4.0,1.0,0.0,10,0.99,0.02,5.0,25.0,item_store,90,0.7827324344607908,intermittent,synthetic_demo,critical,5.0,0.8214285714285714,5.827241912759939,27.183627001615516,0.9061209000538505,8.583436726052394,17,15.153541630320595,0.7797085494405112,0.10714285333333332,5.735971098331128,14.319407824383521,20.889512728651724,5.518027450534307,5.5 days,0.9269354127056987,92.69354127056987,CRITICAL,15.889512728651724,16,81.08438603713593,URGENT,18,62.8334406396703,26.106891341008318,26.431828330674527,36.72654929866198,12.566688127934059,0.0,0.03544068138435311,5.468752553450295,23,0,22
FOODS_3_661,CA_1,FOODS_3,high,76.0,7.0,0.0,7,0.975,0.02,5.0,25.0,item_store,90,2.8022656237546633,regular,synthetic_demo,healthy,83.0,3.9285714285714284,28.318372477418784,126.98066596267898,4.232688865422633,28.318372477418784,14,58.46573812720308,2.817597497289156,-0.045238000000000146,14.610869571019496,42.92924204843828,73.07660769822257,19.609284461713553,19.6 days,1.1068923555512811e-13,1.106892355551281e-11,HEALTHY,0.0,0,0.0,NONE,0,3.494990814540189,3.494990814540189,3.494990814540189,0.0,0.037762190114900514,23.61557045689776,0.037762190114900514,23.61557045689776,4,0,3
FOODS_3_666,CA_1,FOODS_3,medium,13.0,2.0,0.0,7,0.975,0.02,5.0,25.0,item_store,90,1.3824294235551815,intermittent,synthetic_demo,low,15.0,1.1428571428571428,7.875434097015691,34.7903268498571,1.1596775616619035,7.875434097015691,14,15.528647093539254,1.2916711972857597,0.5111111111111111,6.698060816118066,14.573494913133757,22.22670790965732,12.93462984530277,12.9 days,0.018545252036610727,1.8545252036610727,HEALTHY,7.226707909657321,8,7.429987106989825,LOW,17,42.16203018778523,26.341457292058475,35.07682752347474,15.820572895726752,8.43206540529039,0.012165438094811935,0.027284686277404192,8.607384719081825,22,0,21
FOODS_3_677,CA_1,FOODS_3,low,2.0,0.0,0.0,7,0.9,0.02,5.0,25.0,item_store,90,0.8440299900274633,intermittent,synthetic_demo,critical,2.0,0.6785714285714286,4.677774510023284,20.870768004165985,0.6956922668055329,4.677774510023284,14,9.474252615850125,0.8439535752878847,0.08968255444444441,2.8615653133905727,7.539339823413857,12.335817929240697,2.8748343131418777,2.9 days,0.8847828528521637,88.47828528521637,CRITICAL,10.335817929240697,11,83.03829615180322,URGENT,15,49.230688455238656,25.794645086020697,28.209030219835967,23.43604336921796,9.846137691047732,0.0,0.01422263867069649,5.168084947622965,19,0,18
FOODS_3_709,CA_1,FOODS_3,low,0.0,0.0,1.0,7,0.95,0.02,5.0,25.0,item_store,90,1.4157159702310878,intermittent,synthetic_demo,stockout,-1.0,0.7857142857142857,4.293269639610168,13.403702433467037,0.4467900811155679,4.293269639610168,14,6.9372800425951295,1.4233241461530448,0.030158677777777795,6.194126832842005,10.487396472452172,13.131406875437134,0.0,0.0 days,0.9200830668590109,92.00830668590109,STOCKOUT,14.131406875437134,15,96.00415334295053,URGENT,20,64.64118094352851,26.21303191606663,28.85447454074662,38.428149027461885,12.928236188705702,0.0,0.04338229231234031,7.115146103606638,26,0,25
FOODS_3_724,CA_1,FOODS_3,low,0.0,0.0,0.0,5,0.95,0.02,5.0,25.0,item_store,90,0.7313051741241002,highly_intermittent,synthetic_demo,critical,0.0,0.32142857142857145,2.4702302275860455,12.48038613708269,0.41601287123608965,1.7261123643608318,12,4.478318433535024,0.7352618266576663,0.01428570000000002,2.7042963239630318,4.430408688323864,7.1826147574980554,0.0,0.0 days,0.8531146787570938,85.31146787570938,STOCKOUT,7.1826147574980554,8,92.65573393785469,URGENT,11,32.103636006088735,25.63681547720152,26.46719046536916,6.466820528887215,6.420727201217747,0.0,0.017051316669462732,4.596324115451716,14,0,13
FOODS_3_795,CA_1,FOODS_3,medium,97.0,23.0,0.0,7,0.95,0.02,5.0,25.0,item_store,90,2.653528428842581,regular,synthetic_demo,overstock,120.0,3.25,23.22012369281869,102.2718580799621,3.4090619359987366,23.22012369281869,14,46.85649877026508,2.6548856405697774,0.2666666666666668,11.553726836453146,34.77385052927183,58.41022560671822,35.20029915937687,35.2 days,0.0,0.0,OVERSTOCK,0.0,0,0.0,NONE,0,9.575589682426303,9.575589682426303,9.575589682426303,0.0,0.0,68.39706916018788,0.0,68.39706916018788,1,0,0
FOODS_3_801,CA_1,FOODS_3,high,18.0,2.0,0.0,7,0.95,0.02,5.0,25.0,item_store,90,1.9775526065284115,regular,synthetic_demo,low,20.0,1.6785714285714286,11.481919950974095,50.194275664363545,1.6731425221454514,11.481919950974095,14,23.608776534896563,1.985120396529048,0.11746025555555559,8.638993125913277,20.120913076887373,32.24776966080984,11.953554305914256,12.0 days,0.05241967021847316,5.241967021847316,REORDER NOW,12.247769660809837,13,10.397304611817098,LOW,19,39.20990223972912,26.922330128378675,29.32753039149856,12.287572111350443,7.834041680299392,0.28352741594400005,0.06214049132070647,11.511626226965314,25,0,24
FOODS_3_817,CA_1,FOODS_3,medium,2.0,0.0,0.0,5,0.99,0.02,5.0,25.0,item_store,90,0.8265711989339029,regular,synthetic_demo,critical,2.0,0.75,5.43598029262278,22.135772799303524,0.7378590933101175,3.8808662894366934,12,9.134789549128143,0.8286215446351151,-0.06507936222222224,4.3103831997578865,8.191249489194579,13.44517274888603,2.710544625841472,2.7 days,0.8449753039931712,84.49753039931713,CRITICAL,11.44517274888603,12,81.94882993004994,URGENT,12,36.70303408692582,25.662772025174956,25.662772025174956,11.040262061750862,7.340606817385163,0.0,0.020243133449448423,4.679636316064285,16,0,15
FOODS_1_017,TX_2,FOODS_1,low,4.0,1.0,0.0,7,0.99,0.02,5.0,25.0,item_store,90,1.2221268786817399,intermittent,synthetic_demo,reorder,5.0,0.42857142857142855,3.106905150406536,13.299346510304225,0.4433115503434742,3.106905150406536,14,6.465805939883111,1.2261674914778666,0.08253967777777779,7.546984811315554,10.65388996172209,14.012790751198665,11.278749665164467,11.3 days,0.279763596425203,27.9763596425203,REORDER NOW,9.012790751198665,10,42.7724781257921,MEDIUM,14,31.36013610104327,26.309491528149046,26.99395799596268,5.050644572894225,6.271257444034944,0.027492006203908688,0.04350558160416208,7.7997401437731275,20,0,19
FOODS_1_020,TX_2,FOODS_1,medium,5.0,1.0,0.0,7,0.95,0.02,5.0,25.0,item_store,90,0.8431227689094364,intermittent,synthetic_demo,reorder,6.0,0.8571428571428571,5.287143944811852,19.83178815182648,0.6610596050608827,5.287143944811852,14,9.726312782222704,0.846055901668438,-0.054761900000000016,3.681928376451016,8.969072321262868,13.40824115867372,9.076337374218182,9.1 days,0.3750683293053687,37.50683293053687,REORDER NOW,7.40824115867372,8,39.73473160078533,MEDIUM,0,23.72322275058096,23.72322275058096,26.168763695438624,0.0,4.743566132784073,0.0385149047185102,4.743566132784073,0.0385149047185102,13,0,12
FOODS_1_042,TX_2,FOODS_1,high,146.0,13.0,2.0,7,0.95,0.02,5.0,25.0,item_store,90,4.033367768448044,regular,synthetic_demo,overstock,157.0,5.321428571428571,37.62170758538738,162.14493030824133,5.404831010274711,37.62170758538738,14,74.80474768621522,4.03308724912457,0.42777777777777776,17.551486087350675,55.17319367273805,92.35623377356589,29.04808673972217,29.0 days,0.0,0.0,OVERSTOCK,0.0,0,0.0,NONE,0,10.615376264277456,10.615376264277456,10.615376264277456,0.0,0.0,75.82411617341039,0.0,75.82411617341039,1,0,0
FOODS_1_082,TX_2,FOODS_1,high,42.0,1.0,0.0,7,0.95,0.02,5.0,25.0,item_store,90,2.581039148339439,regular,synthetic_demo,healthy,43.0,1.8928571428571428,13.330630482851253,63.069397857963985,2.102313261932133,13.330630482851253,14,27.678083058472602,2.5801634670898066,-0.2801587777777778,11.228545379360943,24.559175862212197,38.90662843783355,20.453659679852283,20.5 days,6.9250660278408205e-06,0.000692506602784082,HEALTHY,0.0,0,0.0,NONE,0,2.2948139245127233,2.2948139245127233,2.2948139245127233,0.0,0.07546626897502912,13.696304140268412,0.07546626897502912,13.696304140268412,6,0,5
FOODS_1_086,TX_2,FOODS_1,high,4.0,0.0,0.0,7,0.95,0.02,5.0,25.0,item_store,90,0.6810730810993678,intermittent,synthetic_demo,reorder,4.0,0.32142857142857145,2.3949295716093695,9.885819990424189,0.3295273330141396,2.3949295716093695,14,4.950756384399346,0.6848323778933816,0.008730167777777758,2.9803039731838226,5.375233544793192,7.931060357583169,12.138598529635066,12.1 days,0.18784885199067602,18.784885199067602,REORDER NOW,3.931060357583169,4,26.980907599508537,MEDIUM,0,14.212840517713849,14.212840517713849,26.824568641619564,0.0,2.8413213154922823,0.044528144660286754,2.8413213154922823,0.044528144660286754,9,0,8
FOODS_1_089,TX_2,FOODS_1,low,5.0,0.0,0.0,7,0.9,0.02,5.0,25.0,item_store,90,0.6710316261458784,intermittent,synthetic_demo,low,5.0,0.32142857142857145,2.3949295716093695,10.786178976691366,0.3595392992230455,2.3949295716093695,14,4.863131411144022,0.6596676455639522,-0.1412698388888889,2.2367131417956445,4.631642713405014,7.0998445529396665,13.906685613519473,13.9 days,0.06777013903163853,6.777013903163853,HEALTHY,2.0998445529396665,3,9.303691537053544,LOW,0,3.6511222081702983,3.6511222081702983,25.5626317265305,0.0,0.7157714470037636,0.5161783796534368,0.7157714470037636,0.5161783796534368,7,0,6
FOODS_1_099,TX_2,FOODS_1,high,117.0,14.0,0.0,14,0.9,0.02,5.0,25.0,item_store,90,4.859374589529054,regular,synthetic_demo,low,131.0,7.214285714285714,51.77457613717476,235.21651041528412,7.840550347176137,107.34899328918696,21,163.6167516113159,4.876928196425113,0.3055555555555556,23.38548949505072,130.73448278423768,187.00224110636663,16.70801081548837,16.7 days,0.09747013640477387,9.747013640477387,HEALTHY,56.002241106366625,57,10.862979542601698,LOW,80,208.0098659299411,34.215489693691374,42.90917264701971,173.79437623624972,41.59577758444215,0.14751432252536578,0.21489922815621904,38.76663596623943,100,0,99
FOODS_1_112,TX_2,FOODS_1,medium,17.0,5.0,0.0,14,0.975,0.02,5.0,25.0,item_store,90,1.195027013441485,intermittent,synthetic_demo,healthy,22.0,0.7142857142857143,4.4821224577166126,17.035821170841302,0.56786070569471,8.129309698991655,21,12.027736092933958,1.2016453020888291,-0.013492057777777821,8.812282310121116,16.94159200911277,20.840018403055076,38.74189529117993,38.7 days,0.0010176976651128378,0.10176976651128378,HEALTHY,0.0,0,0.0,NONE,0,2.726304962773769,2.726304962773769,2.726304962773769,0.0,0.32985604772936594,5.128689162509235,0.32985604772936594,5.128689162509235,9,0,8
FOODS_1_135,TX_2,FOODS_1,low,0.0,0.0,0.0,7,0.95,0.02,5.0,25.0,item_store,90,0.7706161188316623,highly_intermittent,synthetic_demo,critical,0.0,0.2857142857142857,2.227506234044739,9.272734942485837,0.3090911647495279,2.227506234044739,14,4.702322759241649,0.7749131916213445,-0.005555557222222215,3.372324291917754,5.599830525962493,8.074647051159403,0.0,0.0 days,0.861363957249451,86.1363957249451,STOCKOUT,8.074647051159403,9,93.06819786247256,URGENT,11,34.95510779952827,25.632933112627423,25.941409854146656,9.322174686900848,6.991021559905654,0.0,0.0139447725708582,4.022923212665203,14,0,13
FOODS_1_155,TX_2,FOODS_1,medium,23.0,4.0,0.0,7,0.99,0.02,5.0,25.0,item_store,90,1.2296299460054552,regular,synthetic_demo,healthy,27.0,1.4642857142857142,9.885173820522203,45.44349248229929,1.5147830827433098,9.885173820522203,14,20.14529371242347,1.2028659724504542,0.2849206444444444,7.40356540784686,17.288739228369064,27.54885912027033,17.824334261181694,17.8 days,3.769664136399342e-08,3.769664136399342e-06,HEALTHY,0.548859120270329,1,0.3984642079897491,LOW,0,4.155495083768753,4.155495083768753,27.98871575335355,0.0,0.744208649034215,3.1032274185548436,0.744208649034215,3.1032274185548436,10,0,9
FOODS_1_156,TX_2,FOODS_1,low,13.0,1.0,0.0,7,0.95,0.02,5.0,25.0,item_store,90,0.6186353921472919,intermittent,synthetic_demo,overstock,14.0,0.42857142857142855,2.7998468681133115,11.13715971370023,0.371238657123341,2.7998468681133115,14,5.579433097873635,0.6128398022441136,0.10634920944444445,2.667001380938901,5.466848249052212,8.246434478812535,37.7115899203046,37.7 days,2.46436204776046e-12,2.46436204776046e-10,OVERSTOCK,0.0,0,0.0,NONE,0,0.8361074655066691,0.8361074655066691,0.8361074655066691,0.0,2.354113010524017e-05,5.971355427543878,2.354113010524017e-05,5.971355427543878,1,0,0
FOODS_1_172,TX_2,FOODS_1,high,62.0,9.0,0.0,10,0.99,0.02,5.0,25.0,item_store,90,2.0185927209472543,regular,synthetic_demo,healthy,71.0,2.9285714285714284,21.768576161118553,103.85133978614978,3.4617113262049926,32.22174763090016,17,55.79990371713915,1.9883472971409597,-0.40634917777777796,14.627392040306887,46.84913967120705,70.42729575744605,20.510086864416834,20.5 days,3.4730085474166117e-10,3.473008547416612e-08,HEALTHY,0.0,0,0.0,NONE,0,3.6235909397789805,3.6235909397789805,3.6235909397789805,0.0,0.0,21.3152408222293,0.0,21.3152408222293,1,0,0
FOODS_1_175,TX_2,FOODS_1,medium,13.0,4.0,0.0,7,0.95,0.02,5.0,25.0,item_store,90,1.7062144633914482,intermittent,synthetic_demo,healthy,17.0,0.5357142857142857,3.9188300197376753,17.95444625774211,0.598481541924737,3.9188300197376753,14,8.351241658195699,1.71159164792135,-0.11904762333333332,7.448630575060816,11.36746059479849,15.799872233256515,28.405220226721482,28.4 days,0.001934395525520216,0.1934395525520216,HEALTHY,0.0,0,0.0,NONE,0,3.009513603324571,3.009513603324571,3.009513603324571,0.0,0.4841325505028155,4.2060775057892394,0.4841325505028155,4.2060775057892394,8,0,7
FOODS_1_210,TX_2,FOODS_1,medium,108.0,3.0,0.0,10,0.975,0.02,5.0,25.0,item_store,90,1.7277743745637333,regular,synthetic_demo,healthy,111.0,5.107142857142857,37.648711691254825,150.20001898224638,5.006667299408212,53.31543501448678,17,87.81540349625656,1.4672302247506959,-0.9253968677777779,9.093820045475864,62.409255059962646,96.90922354173243,22.17043661221911,22.2 days,0.0,0.0,HEALTHY,0.0,0,0.0,NONE,0,6.653426479980741,6.653426479980741,6.653426479980741,0.0,0.0,39.13780282341613,0.0,39.13780282341613,1,0,0
FOODS_1_214,TX_2,FOODS_1,low,8.0,1.0,0.0,7,0.9,0.02,5.0,25.0,item_store,90,0.9520535102210711,intermittent,synthetic_demo,healthy,9.0,0.32142857142857145,2.4332404316676777,11.383378438693605,0.3794459479564535,2.4332404316676777,14,5.265549862888445,0.9564166714064471,0.04285714999999999,3.242890192285256,5.676130623952934,8.5084400551737,23.718793278648665,23.7 days,0.004728099369865735,0.4728099369865735,HEALTHY,0.0,0,0.0,NONE,0,5.112008492276318,5.112008492276318,5.112008492276318,0.0,0.9921778788271748,1.0794221295745998,0.9921778788271748,1.0794221295745998,8,0,7
FOODS_2_021,TX_2,FOODS_2,high,0.0,0.0,1.0,7,0.95,0.02,5.0,25.0,item_store,90,2.768608454959052,regular,synthetic_demo,stockout,-1.0,1.3214285714285714,7.777288968489867,21.83067829815587,0.7276892766051957,7.777288968489867,14,12.410816417419735,2.6410192716820546,0.8761905,11.493382151207925,19.27067111969779,23.90419856862766,0.0,0.0 days,0.8954683152300239,89.5468315230024,STOCKOUT,24.90419856862766,25,94.7734157615012,URGENT,46,156.58815829018852,27.482444514917745,60.608689764473226,129.10571377527077,31.317631658037705,0.0,0.083056993588137,14.765425335550432,57,0,56
FOODS_2_024,TX_2,FOODS_2,medium,14.0,2.0,1.0,7,0.975,0.02,5.0,25.0,item_store,90,0.9283424628418074,intermittent,synthetic_demo,overstock,15.0,0.2857142857142857,1.8534140589093788,6.308596502799205,0.21028655009330682,1.8534140589093788,14,3.1378594548910645,0.9227934821504652,-0.14047619000000003,4.785216916773716,6.638630975683094,7.923076371664781,71.33123822395825,71.3 days,3.628795519627914e-08,3.6287955196279142e-06,OVERSTOCK,0.0,0,0.0,NONE,0,1.2813054950911775,1.2813054950911775,1.2813054950911775,0.0,0.0,9.152182107794125,0.0,9.152182107794125,1,0,0
FOODS_2_028,TX_2,FOODS_2,low,7.0,2.0,0.0,7,0.99,0.02,5.0,25.0,item_store,90,1.2613992765370021,intermittent,synthetic_demo,reorder,9.0,0.9285714285714286,6.56088855842298,31.26661453515313,1.0422204845051044,6.56088855842298,14,13.51362522670792,1.2286677544223323,0.3134920877777777,7.562373774566762,14.123262332989743,21.07599900127468,8.635408854272928,8.6 days,0.22653014696972673,22.653014696972672,REORDER NOW,12.075999001274681,13,33.66859083827792,MEDIUM,18,50.34052089112555,26.261478966956833,28.143951966710606,24.079041924168717,10.067953790912046,0.0053709754665719495,0.02922968115159454,7.966646865706122,23,0,22
FOODS_2_040,TX_2,FOODS_2,low,3.0,0.0,0.0,5,0.975,0.02,5.0,25.0,item_store,90,0.12140522866205261,highly_intermittent,synthetic_demo,healthy,3.0,0.17857142857142858,1.2480587432167372,3.378084443721316,0.11260281479071053,0.9589513135337955,12,1.7995762114366898,0.1164346754700368,-0.03650793888888888,0.5102880877710321,1.4692394013048276,2.309864299207722,26.642318005779487,26.6 days,2.220446049250313e-15,2.220446049250313e-13,HEALTHY,0.0,0,0.0,NONE,0,0.1790607924258185,0.1790607924258185,0.1790607924258185,0.0,0.0,1.4921732702151542,0.0,1.4921732702151542,1,0,0
FOODS_2_059,TX_2,FOODS_2,high,17.0,4.0,0.0,7,0.9,0.02,5.0,25.0,item_store,90,2.479044814150583,regular,synthetic_demo,low,21.0,1.7857142857142858,12.373498031173739,53.00809260229835,1.7669364200766116,12.373498031173739,14,24.27101958934636,2.391251906749003,-0.7007936888888888,8.107938294589086,20.481436325762825,32.37895788393544,11.88497772833811,11.9 days,0.08635990449762243,8.635990449762243,HEALTHY,11.378957883935442,12,11.346608020094658,LOW,0,15.018767986807525,15.018767986807525,27.619787441258026,0.0,2.937988996938739,2.3487357293844897,2.937988996938739,2.3487357293844897,24,0,23
FOODS_2_072,TX_2,FOODS_2,medium,1.0,0.0,0.0,10,0.95,0.02,5.0,25.0,item_store,90,0.9296087006049174,intermittent,synthetic_demo,critical,1.0,0.4642857142857143,3.236117104909182,14.90572733565102,0.49685757785503404,4.74383473358373,17,8.584588362092207,0.9262726907550853,0.12539681777777778,4.817992468294122,9.561827201877852,13.402580830386329,2.0126491867489755,2.0 days,0.899399646117793,89.9399646117793,CRITICAL,12.402580830386329,13,90.34025675032885,URGENT,18,60.53912840596279,26.362954158100333,29.68053950203698,34.17617424786246,12.107825681192558,0.0,0.06988095239904618,5.962055271206486,25,0,24
FOODS_2_095,TX_2,FOODS_2,low,0.0,0.0,2.0,5,0.9,0.02,5.0,25.0,item_store,90,0.7783019775982414,intermittent,synthetic_demo,stockout,-2.0,0.5714285714285714,3.4147514401356966,14.584279284723273,0.4861426428241091,2.5055471213631226,12,5.603989617571679,0.7653704944930967,0.16269841555555556,2.1932735616919894,4.6988206830551125,7.797263179263668,0.0,0.0 days,0.9957637454253395,99.57637454253396,STOCKOUT,9.797263179263668,10,99.78818727126696,URGENT,15,52.53948104265906,25.655917212827905,31.014761136298354,26.883563829831157,10.507896208531813,0.0,0.022825148017914697,4.5149289394861025,19,0,18
FOODS_2_116,TX_2,FOODS_2,high,4.0,1.0,0.0,7,0.9,0.02,5.0,25.0,item_store,90,1.3340771752502962,regular,synthetic_demo,reorder,5.0,0.7142857142857143,4.4600535534209165,18.280809931919734,0.6093603310639911,4.4600535534209165,14,8.33857979866741,1.3343442824834548,0.13809524666666667,4.5243167713025025,8.984370324723418,12.862896569969912,8.20532572455054,8.2 days,0.43922103468369145,43.922103468369144,REORDER NOW,7.862896569969912,8,47.49109217859343,MEDIUM,16,43.4155917735666,26.22785076065805,34.152921871010236,17.187741012908546,8.682933500359796,0.006601941197233785,0.03940412041649934,7.363072561253936,21,0,20
FOODS_2_136,TX_2,FOODS_2,medium,4.0,0.0,2.0,3,0.95,0.02,5.0,25.0,item_store,90,0.8893741578126917,intermittent,synthetic_demo,reorder,2.0,0.4642857142857143,3.508682688631739,14.233423192295179,0.47444743974317266,1.4431942419825075,10,5.230378193013824,0.8914676186811686,-0.0714285566666667,2.5397645487472817,3.982958790729789,7.770142741761106,4.215430061299599,4.2 days,0.3591955833995235,35.91955833995235,REORDER NOW,5.770142741761106,6,47.74769064139208,MEDIUM,0,21.783048493684394,21.783048493684394,26.578503832082614,0.0,4.356543951239645,0.003287374861701069,4.356543951239645,0.003287374861701069,12,0,11
FOODS_2_139,TX_2,FOODS_2,high,27.0,0.0,0.0,7,0.95,0.02,5.0,25.0,item_store,90,1.4856551468922834,regular,synthetic_demo,healthy,27.0,1.4285714285714286,10.487700319922958,45.53506183870997,1.5178353946236658,10.487700319922958,14,20.37005745558424,1.4898537496282676,0.11031752222222219,6.483655260486557,16.971355580409515,26.8537127160708,17.788490172015273,17.8 days,1.4006615224548824e-05,0.0014006615224548824,HEALTHY,0.0,0,0.0,NONE,0,4.196431697825746,4.196431697825746,4.196431697825746,0.0,0.717121797007869,4.3630193770457195,0.717121797007869,4.3630193770457195,11,0,10
FOODS_2_146,TX_2,FOODS_2,medium,13.0,1.0,0.0,3,0.975,0.02,5.0,25.0,item_store,90,1.4223176612977342,intermittent,synthetic_demo,healthy,14.0,0.8214285714285714,5.701017820896908,26.56617771931797,0.885539257310599,2.335231413994169,10,8.518500529967872,1.4293448059307199,0.05158731111111112,4.852278574401229,7.187509988395398,13.3707791043691,15.80957578607897,15.8 days,1.2282378478722933e-06,0.00012282378478722933,HEALTHY,0.0,0,0.0,NONE,0,2.454985868525488,2.454985868525488,2.454985868525488,0.0,0.4294550344714728,3.0771069616812423,0.4294550344714728,3.0771069616812423,8,0,7
FOODS_2_150,TX_2,FOODS_2,high,13.0,4.0,0.0,14,0.975,0.02,5.0,25.0,item_store,90,0.9090749333121101,regular,synthetic_demo,reorder,17.0,1.1071428571428572,7.889914834449839,34.39220378751309,1.146406792917103,16.12331878586062,21,24.24430871102148,0.8903057902787259,0.20634920444444443,6.52906972850766,22.65238851436828,30.77337843952914,14.828942139066054,14.8 days,0.3962092848908133,39.62092848908133,REORDER NOW,13.77337843952914,14,36.24777147642476,MEDIUM,19,60.70135078960154,26.577912208803408,29.258298687079563,34.12343858079814,12.140270157920305,0.0,0.02636639960972578,6.88609624168942,24,0,23
FOODS_2_170,TX_2,FOODS_2,medium,25.0,1.0,0.0,5,0.95,0.02,5.0,25.0,item_store,90,1.5999131939745923,regular,synthetic_demo,healthy,26.0,1.7142857142857142,11.414559228637822,45.38393827466162,1.5127979424887206,8.198590291619563,12,18.99390246088378,1.606070728051158,0.09444441111111102,5.907135401870371,14.105725693489934,24.90103786275415,17.18669709269112,17.2 days,3.5824831723374473e-07,3.582483172337447e-05,HEALTHY,0.0,0,0.0,NONE,0,3.16962091866877,3.16962091866877,3.16962091866877,0.0,0.5140296420850665,4.995605902028646,0.5140296420850665,4.995605902028646,10,0,9
FOODS_2_178,TX_2,FOODS_2,low,14.0,1.0,0.0,14,0.975,0.02,5.0,25.0,item_store,90,0.6294006012381957,intermittent,synthetic_demo,healthy,15.0,0.5357142857142857,4.1038701072012325,13.986335440918122,0.4662111813639374,6.942764162658289,21,10.081678533198577,0.6208784649303133,-0.12222222222222222,4.553220741369898,11.495984904028187,14.634899274568475,32.1742605059714,32.2 days,0.0002618904128510735,0.02618904128510735,HEALTHY,0.0,0,0.0,NONE,0,1.1067750184238894,1.1067750184238894,1.1067750184238894,0.0,0.006845687992297822,5.107364659344762,0.006845687992297822,5.107364659344762,2,0,1
FOODS_2_180,TX_2,FOODS_2,low,41.0,9.0,0.0,10,0.9,0.02,5.0,25.0,item_store,90,1.9014629195393793,intermittent,synthetic_demo,healthy,50.0,2.0714285714285716,15.072123819016348,66.62151947650254,2.220717315883418,22.044826340287432,17,38.04716677745512,1.8870052517696856,0.3071428566666667,7.647318782461244,29.692145122748677,45.69448555991636,22.51524750240875,22.5 days,1.4013125062550813e-06,0.00014013125062550813,HEALTHY,0.0,0,0.0,NONE,0,5.8512106372123265,5.8512106372123265,5.8512106372123265,0.0,0.9706662674311576,5.869878235626694,0.9706662674311576,5.869878235626694,18,0,17
FOODS_2_184,TX_2,FOODS_2,high,40.0,2.0,0.0,7,0.95,0.02,5.0,25.0,item_store,90,1.728143401991227,regular,synthetic_demo,healthy,42.0,2.4642857142857144,17.086356386752048,73.1916885878129,2.439722952927097,17.086356386752048,14,33.895082656535536,1.7366808328930141,0.06269835555555565,7.557815537788493,24.64417192454054,41.45289819432403,17.215069419915004,17.2 days,2.9450029748190332e-08,2.945002974819033e-06,HEALTHY,0.0,0,0.0,NONE,0,3.3427218910082046,3.3427218910082046,3.3427218910082046,0.0,0.47429124597163363,6.937611865357405,0.47429124597163363,6.937611865357405,12,0,11
FOODS_2_209,TX_2,FOODS_2,low,0.0,0.0,0.0,10,0.95,0.02,5.0,25.0,item_store,90,0.343674615778664,highly_intermittent,synthetic_demo,reorder,0.0,0.0,0.0,0.0,0.0,0.0,17,0.0,0.3344721772979485,-0.08650793222222222,1.7397516381075546,1.7397516381075546,1.7397516381075546,,NO EXPECTED DEMAND,0.5,50.0,STOCKOUT,1.7397516381075546,2,75.0,URGENT,0,7.998679788433903,7.998679788433903,25.780872873180616,0.0,1.5997359576867807,0.0,1.5997359576867807,0.0,5,0,4
FOODS_2_218,TX_2,FOODS_2,low,2.0,0.0,0.0,10,0.975,0.02,5.0,25.0,item_store,90,0.25276251502465175,highly_intermittent,synthetic_demo,healthy,2.0,0.03571428571428571,0.24272399354130667,0.5427658775590813,0.018092195918636044,0.2696699835312923,17,0.3447564297126292,0.2541334514417782,-0.004761907333333331,1.5751065074602661,1.8447764909915585,1.9198629371728955,110.54490062977266,110.5 days,0.015654844135163604,1.5654844135163604,HEALTHY,0.0,0,0.0,NONE,0,0.9955782378126761,0.9955782378126761,0.9955782378126761,0.0,0.18674952997875607,0.3637093406993859,0.18674952997875607,0.3637093406993859,3,0,2
FOODS_2_251,TX_2,FOODS_2,medium,10.0,4.0,0.0,14,0.9,0.02,5.0,25.0,item_store,90,2.1562675643715945,regular,synthetic_demo,critical,14.0,1.7857142857142858,12.521499456825998,51.73443321822219,1.724481107274073,25.212379038391152,21,37.05921955275766,2.149228104073341,-0.28571420000000003,10.305821456858242,35.518200495249395,47.3650410096159,8.118384098814582,8.1 days,0.9183840689213976,91.83840689213976,CRITICAL,33.3650410096159,34,78.18274711343925,URGENT,39,119.2331415312371,28.766979235917734,29.622823269427723,90.46616229531936,23.846628306247418,0.0,0.11224014975617903,15.26561184350876,50,0,49
FOODS_2_301,TX_2,FOODS_2,low,0.0,0.0,3.0,7,0.95,0.02,5.0,25.0,item_store,90,1.6344158572890264,intermittent,synthetic_demo,stockout,-3.0,1.1071428571428572,8.294484277706369,41.58304121080902,1.386101373693634,8.294484277706369,14,17.83355444108204,1.6427784354158073,-0.050793655555555546,7.149164169473112,15.44364844717948,24.982718610555153,0.0,0.0 days,0.9953196761615041,99.53196761615041,STOCKOUT,27.982718610555153,28,99.76598380807519,URGENT,32,113.0687490996034,26.70108234367105,27.64838283466897,86.36766675593235,22.613749819920677,0.0,0.07529325261866647,9.46154343269799,42,0,41
FOODS_2_302,TX_2,FOODS_2,medium,20.0,2.0,0.0,7,0.95,0.02,5.0,25.0,item_store,90,1.4411647207346745,intermittent,synthetic_demo,healthy,22.0,1.1428571428571428,7.506582251430518,29.532437782926607,0.9844145927642203,7.506582251430518,14,14.388180857465677,1.4176607509116137,-0.29920634444444444,6.169480452377828,13.676062703808345,20.557661309843503,22.348307472997078,22.3 days,5.574749950332247e-05,0.005574749950332247,HEALTHY,0.0,0,0.0,NONE,0,1.4347292467238508,1.4347292467238508,1.4347292467238508,0.0,0.062458612558300965,8.017401313802472,0.062458612558300965,8.017401313802472,6,0,5
FOODS_2_304,TX_2,FOODS_2,medium,18.0,5.0,0.0,3,0.9,0.02,5.0,25.0,item_store,90,1.3281147705712508,regular,synthetic_demo,healthy,23.0,1.75,12.133185190109158,54.679307755951726,1.8226435918650574,5.0404974489795915,10,17.77661505109203,1.334386271270786,0.055555555555555476,2.961953784811756,8.002451233791348,20.738568835903784,12.619033201364825,12.6 days,3.885780586188048e-15,3.885780586188048e-13,HEALTHY,0.0,0,0.0,NONE,0,2.3810675735982088,2.3810675735982088,2.3810675735982088,0.0,0.3862963076373102,4.495860354116579,0.3862963076373102,4.495860354116579,10,0,9
FOODS_2_322,TX_2,FOODS_2,high,14.0,3.0,0.0,7,0.95,0.02,5.0,25.0,item_store,90,2.186545331403215,regular,synthetic_demo,critical,17.0,3.107142857142857,22.268351077068242,99.7110727568946,3.3237024252298197,22.268351077068242,14,45.63300948494746,2.190225461584974,0.1928571666666666,9.531584451963969,31.79993552903221,55.16459393691143,5.1147779870288845,5.1 days,0.8183652537471288,81.83652537471288,CRITICAL,38.16459393691143,39,68.71712075841016,HIGH,48,158.78236502923698,27.780040032171026,30.444690589030134,131.00232499706595,31.756473005847397,0.0,0.0984331231497399,16.341960117302342,61,0,60
FOODS_2_336,TX_2,FOODS_2,low,10.0,1.0,0.0,5,0.975,0.02,5.0,25.0,item_store,90,0.43130741067789347,intermittent,synthetic_demo,overstock,11.0,0.32142857142857145,2.355250466548977,11.133488465284778,0.3711162821761593,1.6534082827281786,12,4.30557238820841,0.3786632020278058,-0.21031746888888891,1.6595341593213782,3.3129424420495566,5.965106547529788,29.64030555463095,29.6 days,0.0,0.0,OVERSTOCK,0.0,0,0.0,NONE,0,0.9896372783616357,0.9896372783616357,0.9896372783616357,0.0,0.0,8.246977319680298,0.0,8.246977319680298,1,0,0
FOODS_2_339,TX_2,FOODS_2,medium,17.0,4.0,0.0,7,0.95,0.02,5.0,25.0,item_store,90,0.7850285623456084,intermittent,synthetic_demo,overstock,21.0,0.5357142857142857,3.9201510838776175,16.646801785965696,0.5548933928655232,3.9201510838776175,14,7.3341952495687535,0.7881603395525484,-0.044444444444444446,3.429974205804955,7.350125289682572,10.764169455373708,37.84510731251271,37.8 days,1.1102230246251565e-16,1.1102230246251565e-14,OVERSTOCK,0.0,0,0.0,NONE,0,1.7322765857633593,1.7322765857633593,1.7322765857633593,0.0,0.0,12.373404184023997,0.0,12.373404184023997,1,0,0
FOODS_2_357,TX_2,FOODS_2,high,0.0,0.0,0.0,7,0.95,0.02,5.0,25.0,item_store,90,1.9423231097575977,regular,synthetic_demo,stockout,0.0,2.107142857142857,14.628398057801851,56.43809660451782,1.8812698868172606,14.628398057801851,14,27.082781514324658,1.952796878490115,0.03968247777777773,8.498325259807055,23.126723317608906,35.58110677413171,0.0,0.0 days,0.9976822654307531,99.76822654307531,STOCKOUT,35.58110677413171,36,99.88411327153766,URGENT,43,150.5269002613476,27.005477866694406,29.28234545771884,123.5214223946532,30.105380052269513,0.0,0.038955461870066516,12.933575409600548,51,0,50
FOODS_2_360,TX_2,FOODS_2,high,100.0,17.0,2.0,7,0.975,0.02,5.0,25.0,item_store,90,8.392374184010412,regular,synthetic_demo,low,115.0,10.392857142857142,74.3323731232261,313.95530889898725,10.465176963299575,74.3323731232261,14,148.35271840178012,7.667875657809042,3.5055555555555555,39.76236181031279,114.09473493353889,188.11508021209292,10.98882516782034,11.0 days,0.02250364855160525,2.250364855160525,HEALTHY,73.11508021209292,74,8.898624102714264,LOW,140,421.93606798007556,33.946920752205614,109.20928782608375,387.9891472278699,84.38721359601512,0.0,0.22590090576804073,55.838687309752935,172,0,171
FOODS_2_367,TX_2,FOODS_2,medium,0.0,0.0,0.0,7,0.95,0.02,5.0,25.0,item_store,90,0.8353546911152497,intermittent,synthetic_demo,critical,0.0,0.0,0.0,0.0,0.0,0.0,14,0.0,0.8117137440030006,-0.2150793755555555,3.532475645765518,3.532475645765518,3.532475645765518,,NO EXPECTED DEMAND,0.5,50.0,STOCKOUT,3.532475645765518,4,75.0,URGENT,0,16.472700085735102,16.472700085735102,26.880818418727564,0.0,3.2945400171470203,0.0,3.2945400171470203,0.0,10,0,9
FOODS_3_026,TX_2,FOODS_3,high,10.0,2.0,0.0,10,0.975,0.02,5.0,25.0,item_store,90,1.3318763336173112,regular,synthetic_demo,critical,12.0,1.8214285714285714,12.427070460046915,48.43686872324122,1.6145622907747073,17.402643105415645,17,28.408339973727085,1.3376987530826332,0.06587304444444456,8.290990418806222,25.693633524221866,36.699330392533305,7.4323549289895166,7.4 days,0.8992284919760161,89.92284919760161,CRITICAL,24.699330392533305,25,74.41054273574767,HIGH,29,93.78072975700127,27.220649974380958,27.841878780165118,66.5600797826203,18.756145951400256,0.0,0.0926875795201165,10.336541628119862,39,0,38
FOODS_3_048,TX_2,FOODS_3,medium,46.0,7.0,0.0,10,0.95,0.02,5.0,25.0,item_store,90,1.630691679838307,regular,synthetic_demo,healthy,53.0,2.642857142857143,18.55593811375557,77.48982875272829,2.5829942917576094,26.655556425673495,17,44.80052863126278,1.6337313783348346,0.1404762,8.497827426625761,35.15338385229926,53.29835605788854,20.518821961443795,20.5 days,1.7047901734734694e-07,1.7047901734734694e-05,HEALTHY,0.29835605788854025,1,0.11196546970149766,LOW,0,6.246102750135958,6.246102750135958,30.245171927311823,0.0,1.0654483047606782,5.405066037250391,1.0654483047606782,5.405066037250391,16,0,15
FOODS_3_053,TX_2,FOODS_3,medium,7.0,1.0,0.0,7,0.95,0.02,5.0,25.0,item_store,90,1.0155117754966394,regular,synthetic_demo,reorder,8.0,1.0,6.89030612244898,30.7027756617238,1.0234258553907933,6.89030612244898,14,14.385966480720528,1.0201872000602172,0.04523810999999996,4.439725783823995,11.330031906272975,18.82569226454452,7.8168828331439935,7.8 days,0.34049029625139937,34.04902962513994,REORDER NOW,10.825692264544521,11,37.342850221393775,MEDIUM,16,41.37833632126494,26.20352767872403,27.538081397521808,15.17480864254091,8.275613356345982,0.0019252823930854806,0.023705060131795956,7.7500169861789,20,0,19
FOODS_3_068,TX_2,FOODS_3,low,8.0,0.0,1.0,7,0.95,0.02,5.0,25.0,item_store,90,0.5587380501735956,highly_intermittent,synthetic_demo,low,7.0,0.6071428571428571,4.08102332270031,16.43183750238269,0.5477279167460897,4.08102332270031,14,7.660755058013943,0.5544529051229798,0.09047618766666668,2.4129089824351007,6.493932305135411,10.073664040449044,12.780067960722533,12.8 days,0.023304588553807903,2.3304588553807903,HEALTHY,3.073664040449044,4,7.267604944895023,LOW,0,11.947791620849127,11.947791620849127,26.02264963333283,0.0,2.3875199345422873,0.07279962955493538,2.3875199345422873,0.07279962955493538,10,0,9
FOODS_3_074,TX_2,FOODS_3,medium,54.0,10.0,0.0,14,0.95,0.02,5.0,25.0,item_store,90,1.2421750482972385,regular,synthetic_demo,overstock,64.0,1.4642857142857142,9.65624710403861,42.06114762879295,1.4020382542930985,18.951600921207454,21,29.167147587223425,1.2429935582308786,0.12301584444444441,7.64997740751099,26.601578328718446,36.817124994734414,45.64782722870034,45.6 days,0.0,0.0,OVERSTOCK,0.0,0,0.0,NONE,0,6.39834468523446,6.39834468523446,6.39834468523446,0.0,0.0,30.468308024926003,0.0,30.468308024926003,1,0,0
FOODS_3_089,TX_2,FOODS_3,high,5.0,1.0,0.0,5,0.975,0.02,5.0,25.0,item_store,90,1.645244992564276,regular,synthetic_demo,reorder,6.0,0.8928571428571429,6.325155817812132,26.511979811024883,0.8837326603674961,4.540930037056732,12,10.928636356140759,1.6283284514900154,-0.2912698655555555,7.136332955965795,11.677262993022527,18.064969312106555,6.789383564827092,6.8 days,0.34431039563547183,34.43103956354718,REORDER NOW,12.064969312106555,13,45.15825824002675,MEDIUM,15,33.10653412432663,26.349163364343074,26.464861096040277,6.757370759983555,6.620320662868371,0.04109008320644718,0.06614668630908278,8.48691610664716,22,0,21
FOODS_3_096,TX_2,FOODS_3,medium,5.0,0.0,0.0,5,0.95,0.02,5.0,25.0,item_store,90,0.8866130874814698,intermittent,synthetic_demo,reorder,5.0,0.75,4.235390209781022,18.409992573905868,0.6136664191301956,3.2027894464546023,12,7.084685618922255,0.8825033721896839,-0.1261904666666667,3.245851394388663,6.448640840843265,10.330537013310918,8.147749076912092,8.1 days,0.18121443800377923,18.121443800377925,REORDER NOW,5.330537013310918,6,26.11996750827366,MEDIUM,0,12.218211330685408,12.218211330685408,25.781105529455782,0.0,2.439740024755204,0.16259339091157704,2.439740024755204,0.16259339091157704,10,0,9
FOODS_3_099,TX_2,FOODS_3,high,51.0,3.0,0.0,3,0.9,0.02,5.0,25.0,item_store,90,6.714002688732615,regular,synthetic_demo,reorder,54.0,17.035714285714285,118.06146120971903,512.939704039431,17.097990134647702,50.710504737609334,10,168.80789802495616,6.526560992365518,-1.7190470000000009,14.487088521026093,65.19759325863542,183.29498654598225,3.1582659467426724,3.2 days,0.3855279022739031,38.55279022739031,REORDER NOW,129.29498654598225,130,38.536710627691384,MEDIUM,134,481.50656719443464,29.154248213907042,29.503434873620584,452.35231898052757,96.30131343888694,0.0,0.07536854074426164,37.774055101857336,152,0,151
FOODS_3_113,TX_2,FOODS_3,high,35.0,1.0,0.0,7,0.95,0.02,5.0,25.0,item_store,90,2.172943557041042,regular,synthetic_demo,overstock,36.0,0.4642857142857143,3.6196976303227006,21.632655315513745,0.7210885105171249,3.6196976303227006,14,8.247257640257999,2.1817912382307725,-0.11984135555555551,9.49487977767481,13.114577407997512,17.74213741793281,49.924523099366525,49.9 days,1.0149739160247861e-08,1.0149739160247861e-06,OVERSTOCK,0.0,0,0.0,NONE,0,2.7124710928205946,2.7124710928205946,2.7124710928205946,0.0,0.0,19.374793520147104,0.0,19.374793520147104,1,0,0
FOODS_3_123,TX_2,FOODS_3,low,8.0,0.0,0.0,7,0.95,0.02,5.0,25.0,item_store,90,0.4216370213557839,highly_intermittent,synthetic_demo,healthy,8.0,0.39285714285714285,2.990116990178863,13.435361280879336,0.4478453760293112,2.990116990178863,14,6.384940194073175,0.40901208587523424,0.1111111111111111,1.7799689149684754,4.770085905147338,8.16490910904165,17.86330824922128,17.9 days,1.8319624695006809e-06,0.0001831962469500681,HEALTHY,0.16490910904165013,1,0.4040375743475906,LOW,0,3.423148200440004,3.423148200440004,26.47214687262109,0.0,0.6719427453054231,0.45310338509206116,0.6719427453054231,0.45310338509206116,7,0,6
FOODS_3_135,TX_2,FOODS_3,high,105.0,9.0,0.0,10,0.975,0.02,5.0,25.0,item_store,90,8.173381751585021,regular,synthetic_demo,critical,114.0,13.75,96.25577822738263,417.9932005253552,13.933106684178506,138.48934835949504,17,238.42588136535304,8.064106959949434,1.5801587777777781,49.98093433749299,188.47028269698802,288.406815702846,8.181951275048421,8.2 days,0.8315556742617066,83.15556742617066,CRITICAL,174.40681570284602,175,65.52618716260763,HIGH,211,759.4443761246021,35.82447287163097,53.50563950186661,723.6199032529711,151.8888752249204,0.0,0.15001579494534592,59.26114057002494,240,0,239
FOODS_3_179,TX_2,FOODS_3,low,6.0,0.0,0.0,7,0.99,0.02,5.0,25.0,item_store,90,0.6584097501795667,intermittent,synthetic_demo,low,6.0,0.2857142857142857,2.227506234044739,10.007938344221683,0.33359794480738947,2.227506234044739,14,4.729866328576465,0.6598703856209277,0.05396825444444444,4.061461270446651,6.28896750449139,8.791327599023116,17.985722314519172,18.0 days,0.015354184600875342,1.5354184600875342,REORDER NOW,2.7913275990231163,3,8.496343361570624,LOW,0,7.149767885910951,7.149767885910951,26.33081772300495,0.0,1.421407690654635,0.3052102331269855,1.421407690654635,0.3052102331269855,8,0,7
FOODS_3_187,TX_2,FOODS_3,medium,12.0,1.0,0.0,7,0.95,0.02,5.0,25.0,item_store,90,1.1396656850071287,intermittent,synthetic_demo,low,13.0,1.1785714285714286,7.896416465724472,32.83486919770611,1.094495639923537,7.896416465724472,14,15.502441368311466,1.1419745377778199,0.09603173222222224,4.9697288885249815,12.866145354249454,20.47217025683645,11.87761698247441,11.9 days,0.04559475930005363,4.559475930005363,HEALTHY,7.472170256836449,8,9.579570042494517,LOW,0,25.19458259856249,25.19458259856249,27.771022195902273,0.0,5.034743928820862,0.1490211032727445,5.034743928820862,0.1490211032727445,17,0,16
FOODS_3_223,TX_2,FOODS_3,low,7.0,0.0,0.0,10,0.95,0.02,5.0,25.0,item_store,90,0.6479734652698964,intermittent,synthetic_demo,low,7.0,0.39285714285714285,2.6777728243995904,10.831731830174729,0.36105772767249095,3.790461070256997,17,6.2151121102755145,0.6515209909253479,0.01031746555555554,3.3888759309690526,7.17933700122605,9.603988041244566,19.38748145656524,19.4 days,0.05963925460515085,5.963925460515085,REORDER NOW,2.603988041244566,3,9.15407324850846,LOW,0,7.164425399230631,7.164425399230631,26.57236395522426,0.0,1.420178376825094,0.3737265594421376,1.420178376825094,0.3737265594421376,10,0,9
FOODS_3_240,TX_2,FOODS_3,low,10.0,0.0,0.0,10,0.9,0.02,5.0,25.0,item_store,90,0.49458519187336,intermittent,synthetic_demo,overstock,10.0,0.17857142857142858,1.1276970519385496,4.67112917005651,0.15570430566855034,1.5859330994774639,17,2.584394141221641,0.4867515332363125,-0.10158730111111111,1.9726199166742882,3.558553016151752,4.5570140578959295,64.22429975242382,64.2 days,2.296788959021967e-08,2.296788959021967e-06,OVERSTOCK,0.0,0,0.0,NONE,0,1.0412345087394466,1.0412345087394466,1.0412345087394466,0.0,0.0,6.124908874937922,0.0,6.124908874937922,1,0,0
FOODS_3_249,TX_2,FOODS_3,medium,29.0,5.0,0.0,7,0.95,0.02,5.0,25.0,item_store,90,2.298229630047073,intermittent,synthetic_demo,healthy,34.0,1.8571428571428572,13.765890597494035,58.558964256920625,1.9519654752306874,13.765890597494035,14,27.08395012261355,2.2188504681788683,0.6428571666666667,9.656156863605228,23.42204746109926,36.74010698621878,17.418340862807426,17.4 days,0.00028370955625378613,0.028370955625378613,HEALTHY,2.740106986218777,3,1.5058017037788205,LOW,0,26.452224331829246,26.452224331829246,42.389843972326204,0.0,5.249135841291968,1.4753223240671727,5.249135841291968,1.4753223240671727,27,0,26
FOODS_3_263,TX_2,FOODS_3,high,87.0,20.0,0.0,7,0.99,0.02,5.0,25.0,item_store,90,4.92403182083164,regular,synthetic_demo,reorder,107.0,14.25,102.84712598876028,446.1941899812293,14.873139666040975,102.84712598876028,14,207.51809830868348,4.572139585331499,1.8904763333333339,28.141235390380828,130.9883613791411,235.6593336990643,7.1941770468482344,7.2 days,0.36568447226681344,36.56844722668134,REORDER NOW,128.6593336990643,129,34.69732469029506,MEDIUM,161,639.234991374012,30.6607942470418,59.48255405194273,608.5741971269701,127.84699827480239,0.0,0.1983217909560572,33.35132351615366,193,0,192
FOODS_3_276,TX_2,FOODS_3,high,11.0,3.0,0.0,7,0.95,0.02,5.0,25.0,item_store,90,1.6122669610860125,regular,synthetic_demo,overstock,14.0,0.0,0.0,0.0,0.0,0.0,14,0.0,1.530302772720344,-0.5325396444444445,6.659684297845371,6.659684297845371,6.659684297845371,,NO EXPECTED DEMAND,0.00027228843110238543,0.027228843110238543,OVERSTOCK,0.0,0,0.0,NONE,0,1.2561200661173946,1.2561200661173946,1.2561200661173946,0.0,0.0032882805596742117,8.854847595135883,0.0032882805596742117,8.854847595135883,1,0,0
FOODS_3_312,TX_2,FOODS_3,low,4.0,0.0,0.0,5,0.95,0.02,5.0,25.0,item_store,90,0.8660581331383342,intermittent,synthetic_demo,reorder,4.0,0.8214285714285714,5.870793102368435,23.484056445466184,0.7828018815155394,4.149467053813144,12,9.889846519891455,0.8617327034848709,0.1253968211111111,3.1694567809486913,7.318923834761835,13.059303300840146,5.109849751837363,5.1 days,0.5309145277473697,53.09145277473697,REORDER NOW,9.059303300840146,10,54.02397222840175,HIGH,14,39.76865704634385,25.79661456129707,27.08652441191373,13.972042485046778,7.9537314092687685,0.0,0.013879361408070175,6.060147952139302,18,0,17
FOODS_3_319,TX_2,FOODS_3,high,17.0,4.0,0.0,5,0.95,0.02,5.0,25.0,item_store,90,6.917031278326816,regular,synthetic_demo,reorder,21.0,0.0,0.0,0.0,0.0,0.0,12,0.0,6.93513696510641,-0.5325395444444446,25.50746512459631,25.50746512459631,25.50746512459631,,NO EXPECTED DEMAND,0.0878380595322682,8.78380595322682,REORDER NOW,4.507465124596312,5,13.227483271595089,LOW,36,48.76144446091632,29.240959253063053,57.3953319716033,19.52048520785327,9.71080028586389,1.7286919299739965,0.17164301870504675,28.189534662815156,50,0,49
FOODS_3_321,TX_2,FOODS_3,high,363.0,52.0,0.0,14,0.99,0.02,5.0,25.0,item_store,90,5.150531771590106,intermittent,synthetic_demo,overstock,415.0,8.964285714285714,65.6687676890139,283.48243838329245,9.449414612776415,132.96251818457316,21,198.692078567951,5.1674140814265055,-0.35,44.97922211464668,177.94174029921984,243.6713006825977,43.91806445225555,43.9 days,0.0,0.0,OVERSTOCK,0.0,0,0.0,NONE,0,46.049324709085816,46.049324709085816,46.049324709085816,0.0,0.0,219.28249861469433,0.0,219.28249861469433,1,0,0
FOODS_3_327,TX_2,FOODS_3,high,31.0,3.0,0.0,7,0.95,0.02,5.0,25.0,item_store,90,2.9577667952071454,regular,synthetic_demo,reorder,34.0,3.892857142857143,28.749010903304786,127.38783934925648,4.246261311641883,28.749010903304786,14,59.13835519216155,2.8972446404360124,0.6690477333333334,12.608442579391705,41.35745348269649,71.74679777155325,8.00704372733325,8.0 days,0.24666382038547607,24.666382038547606,REORDER NOW,37.74679777155325,38,28.192388910401068,MEDIUM,59,175.5981599527712,28.58441976431464,41.30867215760642,147.01374018845655,35.11963199055423,0.0,0.04691989163272974,23.927287901078497,69,0,68
FOODS_3_329,TX_2,FOODS_3,high,247.0,8.0,0.0,7,0.9,0.02,5.0,25.0,item_store,90,5.709370436003488,regular,synthetic_demo,healthy,255.0,16.642857142857142,117.66169795697498,512.6756280945899,17.089187603152997,117.66169795697498,14,236.31372246143394,5.660778876614391,0.9531748888888891,19.193814629635508,136.85551258661047,255.50753709106945,14.921715760961737,14.9 days,0.0,0.0,HEALTHY,0.5075370910694517,1,0.039727758863610546,LOW,39,34.75396419466696,32.741718012740165,57.89348381314138,2.0122461819267983,6.6191342358115195,11.844950111495486,0.3015766128685628,44.52739248855253,65,0,64
FOODS_3_340,TX_2,FOODS_3,low,13.0,0.0,0.0,7,0.95,0.02,5.0,25.0,item_store,90,0.9025819633825968,regular,synthetic_demo,healthy,13.0,0.5714285714285714,4.455012468089478,20.668907375164647,0.6889635791721549,4.455012468089478,14,9.620161189037233,0.9074837299196012,-0.016666656666666706,3.949254522980696,8.404266991070173,13.569415712017928,18.86892194739894,18.9 days,0.0001861604468393896,0.01861604468393896,HEALTHY,0.5694157120179284,1,0.8485714425253721,LOW,0,2.2805121597810625,2.2805121597810625,26.498724875878544,0.0,0.39267709898358066,2.2651904633082776,0.39267709898358066,2.2651904633082776,7,0,6
FOODS_3_354,TX_2,FOODS_3,low,0.0,0.0,0.0,7,0.9,0.02,5.0,25.0,item_store,90,1.5435753060600772,intermittent,synthetic_demo,critical,0.0,0.5714285714285714,4.455012468089478,19.502436674697005,0.6500812224899002,4.455012468089478,14,9.415748055554236,1.536855192944131,0.21666665666666662,5.21096377882272,9.665976246912198,14.626711834376955,0.0,0.0 days,0.8633813147755459,86.3381314775546,STOCKOUT,14.626711834376955,15,93.1690657387773,URGENT,27,84.07737197063986,26.682982347889173,39.50300478093084,57.39438962275069,16.81547439412797,0.0,0.05002894223095087,10.23455454810298,34,0,33
FOODS_3_360,TX_2,FOODS_3,medium,13.0,2.0,0.0,14,0.95,0.02,5.0,25.0,item_store,90,1.0799003675593761,intermittent,synthetic_demo,healthy,15.0,0.39285714285714285,2.7600158674137942,12.577994281993336,0.4192664760664445,5.6053221235480075,21,8.602333845175,1.0816479495397806,-0.09603175555555554,6.656979291700363,12.26230141524837,15.259313136875363,35.77676932515546,35.8 days,0.010135232105692893,1.0135232105692893,HEALTHY,0.25931313687536317,1,0.8466368467838338,LOW,0,3.0455376481434366,3.0455376481434366,27.316772403696582,0.0,0.4860309538654943,2.930394661028405,0.4860309538654943,2.930394661028405,9,0,8
FOODS_3_383,TX_2,FOODS_3,high,13.0,1.0,0.0,10,0.9,0.02,5.0,25.0,item_store,90,2.0046007255702873,regular,synthetic_demo,critical,14.0,2.357142857142857,16.587117864810043,70.44571821075142,2.3481906070250473,23.65402776990033,17,39.92043520695946,2.01582854174844,-0.003174622222222196,8.169390866865395,31.823418636765727,48.08982607382485,5.962037305709513,6.0 days,0.9350441332307551,93.50441332307551,CRITICAL,34.08982607382485,35,77.73194147496177,URGENT,40,136.498758662396,27.61797668023811,28.808336715084735,108.88078198215788,27.299751732479194,0.0,0.08876875720688043,12.789017024727688,51,0,50
FOODS_3_387,TX_2,FOODS_3,medium,15.0,3.0,0.0,7,0.95,0.02,5.0,25.0,item_store,90,1.2400625349274175,intermittent,synthetic_demo,healthy,18.0,0.9642857142857143,6.954406075711964,31.60391566965399,1.053463855655133,6.954406075711964,14,13.82106103206111,1.1132592773406078,0.5587301544444444,4.844763703562078,11.799169779274042,18.66582473562319,17.086490346463833,17.1 days,8.837935041117184e-05,0.008837935041117184,HEALTHY,0.6658247356231897,1,0.7178347903451266,LOW,0,22.86458974161035,22.86458974161035,43.67750038887109,0.0,4.566870469556474,0.21598138448550158,4.566870469556474,0.21598138448550158,17,0,16
FOODS_3_432,TX_2,FOODS_3,high,15.0,2.0,0.0,7,0.95,0.02,5.0,25.0,item_store,90,2.217777580655066,regular,synthetic_demo,reorder,17.0,1.9285714285714286,13.137340669399672,53.78803380267814,1.7929344600892714,13.137340669399672,14,25.511278758662677,2.2203780032815925,0.20793645555555557,9.662804503352973,22.800145172752643,35.17408326201565,9.481662815022005,9.5 days,0.25542257619843245,25.542257619843244,REORDER NOW,18.17408326201565,19,30.736642323892777,MEDIUM,28,71.1504728538571,27.27983310383069,30.313032218307132,43.870639750026406,14.228571639727615,0.0543903944215721,0.06696857552014364,13.8927873302141,37,0,36
FOODS_3_467,TX_2,FOODS_3,medium,5.0,1.0,0.0,14,0.95,0.02,5.0,25.0,item_store,90,1.099035859992181,intermittent,synthetic_demo,critical,6.0,0.75,5.041393083829302,22.203626721534462,0.7401208907178154,10.329546697305108,21,15.779295440141185,1.099850131665163,0.10793651222222223,6.769004234311298,17.09855093161641,22.548299674452483,8.106783736614739,8.1 days,0.8536164283815515,85.36164283815515,CRITICAL,16.548299674452483,17,76.83170449957008,URGENT,22,74.51488480004107,26.95242661071751,30.404052291985415,47.562458189323564,14.902976960008216,0.0,0.08868556090580297,7.185708600897588,30,0,29
FOODS_3_470,TX_2,FOODS_3,medium,0.0,0.0,2.0,7,0.95,0.02,5.0,25.0,item_store,90,1.0951086885569097,intermittent,synthetic_demo,stockout,-2.0,0.75,4.966092427852627,20.859312196359753,0.695310406545325,4.966092427852627,14,9.83477803921528,1.1011500945861803,-0.014285709999999988,4.792066070330947,9.758158498183573,14.626844109546226,0.0,0.0 days,0.9916005017461659,99.16005017461659,STOCKOUT,16.626844109546226,17,99.5800250873083,URGENT,21,70.26209135592514,26.213400455402333,27.44068238626181,44.0486909005228,14.052418271185028,0.0,0.046836383923781665,6.994418112738752,28,0,27
FOODS_3_479,TX_2,FOODS_3,medium,14.0,2.0,0.0,14,0.99,0.02,5.0,25.0,item_store,90,1.534255483186251,regular,synthetic_demo,reorder,16.0,1.1071428571428572,7.365042667692153,30.73880928120129,1.024626976040043,13.973804717227353,21,20.911172243398347,1.5351425252081616,-0.15317458888888882,13.362489541367628,27.336294258594982,34.27366178476598,15.615438958904308,15.6 days,0.3621374614197914,36.21374614197914,REORDER NOW,18.273661784765977,19,41.21118412911495,MEDIUM,19,36.912561229244396,27.752163724340758,27.752163724340758,9.160397504903639,7.376020825744971,0.1545576215216274,0.05348771539878285,11.83202451117544,24,0,23
FOODS_3_480,TX_2,FOODS_3,medium,21.0,5.0,0.0,5,0.975,0.02,5.0,25.0,item_store,90,1.000538406457203,regular,synthetic_demo,overstock,26.0,0.8928571428571429,6.437539004505177,25.3062624455844,0.8435420815194801,4.5779198329751,12,10.488385531019288,0.9895521664188331,0.18095237666666664,4.336823894712478,8.91474372768758,14.825209425731767,30.82241013176955,30.8 days,0.0,0.0,OVERSTOCK,0.0,0,0.0,NONE,0,1.5031735566902213,1.5031735566902213,1.5031735566902213,0.0,0.0,12.526446305751842,0.0,12.526446305751842,1,0,0
FOODS_3_482,TX_2,FOODS_3,low,9.0,3.0,0.0,10,0.95,0.02,5.0,25.0,item_store,90,1.2039005071762112,intermittent,synthetic_demo,reorder,12.0,1.0,6.998820536550991,30.087143303009995,1.0029047767669999,10.109704540175935,17,17.351654869982507,1.1989877683313193,0.16666667666666662,6.236515547800478,16.346220087976413,23.588170417782983,11.965243638268067,12.0 days,0.30904570348396765,30.904570348396764,REORDER NOW,11.588170417782983,12,33.254253436226975,MEDIUM,18,47.329581157212466,26.74350058018002,29.70539152646709,20.586080577032448,9.465724505069614,0.0056390109670407425,0.0564245868815203,8.596339092778948,24,0,23
FOODS_3_501,TX_2,FOODS_3,high,123.0,2.0,0.0,7,0.95,0.02,5.0,25.0,item_store,90,7.159090829702952,regular,synthetic_demo,low,125.0,12.857142857142858,91.47119970452268,398.9067477733596,13.29689159244532,91.47119970452268,14,182.98605075747795,7.04297190185175,1.4833333333333334,30.650123767043414,122.12132347156609,213.63617452452138,9.400693322266328,9.4 days,0.03598252145860359,3.598252145860359,LOW,88.63617452452138,89,10.096988054572023,LOW,140,400.8184052836488,34.771102784210946,62.24065731300486,366.0473024994379,80.16368105672974,0.0,0.271209753337183,60.10752869660743,175,0,174
FOODS_3_511,TX_2,FOODS_3,high,241.0,72.0,0.0,5,0.975,0.02,5.0,25.0,item_store,90,4.048634339050419,intermittent,synthetic_demo,overstock,313.0,9.964285714285714,73.1890041576024,320.87050723614993,10.69568357453833,52.15716915524409,12,126.82102302741012,4.063095845425911,0.2571433333333337,17.806975465194363,69.96414462043845,144.6279984926045,29.26414172770723,29.3 days,0.0,0.0,OVERSTOCK,0.0,0,0.0,NONE,0,21.871991640567188,21.871991640567188,21.871991640567188,0.0,0.0,182.26659700472655,0.0,182.26659700472655,1,0,0
FOODS_3_520,TX_2,FOODS_3,medium,25.0,0.0,1.0,7,0.95,0.02,5.0,25.0,item_store,90,1.6637304093682639,regular,synthetic_demo,healthy,24.0,1.0714285714285714,7.54592048623462,33.5018382515761,1.1167279417192035,7.54592048623462,14,15.23590994544034,1.6730509104923676,-0.0007936222222221801,7.280906155776842,14.826826642011461,22.51681610121718,21.491358014246497,21.5 days,0.00010072323730137,0.010072323730137,HEALTHY,0.0,0,0.0,NONE,0,2.6884654200488263,2.6884654200488263,2.6884654200488263,0.0,0.3781863611641445,5.696668673057886,0.3781863611641445,5.696668673057886,10,0,9
FOODS_3_532,TX_2,FOODS_3,medium,20.0,0.0,0.0,7,0.95,0.02,5.0,25.0,item_store,90,1.637560477843219,regular,synthetic_demo,reorder,20.0,2.2142857142857144,15.526638623163265,58.57335330010222,1.9524451100034073,15.526638623163265,14,28.932086741949554,1.637261436450183,-0.1753967777777777,7.125154887102615,22.65179351026588,36.05724162905217,10.243565822941418,10.2 days,0.1508761896882964,15.087618968829641,REORDER NOW,16.05724162905217,17,19.962368685341207,LOW,18,39.16231444494782,26.733498949717035,26.761297628951052,12.428815495230783,7.829071588574761,0.12111787195713786,0.05692849611741288,10.348974779499788,24,0,23
FOODS_3_539,TX_2,FOODS_3,low,14.0,2.0,0.0,3,0.99,0.02,5.0,25.0,item_store,90,0.8327038426312682,intermittent,synthetic_demo,overstock,16.0,0.5,3.2870508357437296,12.54810347075742,0.418270115691914,1.4470663265306123,10,4.651097067827706,0.8256390184146035,0.1388888788888889,3.326790819565954,4.773857146096566,7.97788788739366,38.25279263265643,38.3 days,0.0,0.0,OVERSTOCK,0.0,0,0.0,NONE,0,0.8795173881718564,0.8795173881718564,0.8795173881718564,0.0,0.0,8.795173881718567,0.0,8.795173881718567,1,0,0
FOODS_3_550,TX_2,FOODS_3,low,10.0,1.0,2.0,7,0.95,0.02,5.0,25.0,item_store,90,0.890679885874853,intermittent,synthetic_demo,healthy,9.0,0.5714285714285714,2.6819836108830044,10.171636882014669,0.3390545627338223,2.6819836108830044,14,5.04062004130605,0.8952087823309122,0.02857141666666669,3.895835502136899,6.5778191130199035,8.93645554344295,26.544400191616145,26.5 days,0.0038206873217989656,0.38206873217989656,HEALTHY,0.0,0,0.0,NONE,0,2.9707698112722354,2.9707698112722354,2.9707698112722354,0.0,0.5518194311362442,1.5119475399358138,0.5518194311362442,1.5119475399358138,7,0,6
FOODS_3_558,TX_2,FOODS_3,low,3.0,0.0,0.0,10,0.95,0.02,5.0,25.0,item_store,90,0.2581988897471611,intermittent,synthetic_demo,reorder,3.0,0.25,1.4913156257445674,6.14789551992579,0.20492985066419298,2.10093370974327,17,3.521228914481031,0.2557698715955029,0.044444444444444446,1.3303828637753912,3.431316573518661,4.851611778256422,14.639155741717351,14.6 days,0.13315850436943322,13.315850436943322,REORDER NOW,1.851611778256422,2,18.061901775695844,LOW,0,8.388864770845828,8.388864770845828,26.242946142467293,0.0,1.6774427081299756,0.009713118799704639,1.6774427081299756,0.009713118799704639,7,0,6
FOODS_3_601,TX_2,FOODS_3,low,3.0,1.0,0.0,7,0.95,0.02,5.0,25.0,item_store,90,0.33583246803960026,highly_intermittent,synthetic_demo,healthy,4.0,0.17857142857142858,1.2004011335712026,5.18130615255855,0.172710205085285,1.2004011335712026,14,2.575687795008947,0.33729775801580075,0.016666663333333335,1.4678772219455274,2.6682783555167298,4.043565016954474,23.160183256251614,23.2 days,0.0008530351018644078,0.08530351018644078,HEALTHY,0.043565016954474345,1,0.25813001139333336,LOW,0,1.5423374508332077,1.5423374508332077,25.48644317404626,0.0,0.2929440317855634,0.554409227895648,0.2929440317855634,0.554409227895648,4,0,3
FOODS_3_611,TX_2,FOODS_3,high,8.0,3.0,0.0,7,0.95,0.02,5.0,25.0,item_store,90,1.9568618578254957,regular,synthetic_demo,critical,11.0,2.1785714285714284,16.60365160652531,80.02942083045065,2.6676473610150215,16.60365160652531,14,36.086126998616884,1.8960155573751927,-0.5238095,8.25122012520173,24.85487173172704,44.33734712381862,4.123483546121544,4.1 days,0.8680177034445926,86.80177034445926,CRITICAL,33.33734712381862,34,75.16185323901362,URGENT,32,96.88797464995527,27.131525091713367,27.16750985587399,69.7564495582419,19.37759492999105,0.0,0.07089268130585902,12.693297751314807,40,0,39
FOODS_3_616,TX_2,FOODS_3,medium,37.0,2.0,0.0,7,0.95,0.02,5.0,25.0,item_store,90,1.231679812703127,regular,synthetic_demo,healthy,39.0,1.8214285714285714,13.320708527518804,64.08379133826374,2.1361263779421247,13.320708527518804,14,28.383392071805627,1.232703209784943,-0.11984125555555548,5.364568604626457,18.68527713214526,33.747960676432086,18.257346757531895,18.3 days,1.7763568394002505e-15,1.7763568394002505e-13,HEALTHY,0.0,0,0.0,NONE,0,1.712378006569018,1.712378006569018,1.712378006569018,0.0,0.0032545349242921635,12.115038085339693,0.0032545349242921635,12.115038085339693,1,0,0
FOODS_3_635,TX_2,FOODS_3,high,23.0,7.0,0.0,7,0.95,0.02,5.0,25.0,item_store,90,7.668280183449365,regular,synthetic_demo,low,30.0,0.0,0.0,0.0,0.0,0.0,14,0.0,6.900328567431088,-3.4230157777777777,30.02935800005412,30.02935800005412,30.02935800005412,,NO EXPECTED DEMAND,0.050166069834072125,5.016606983407213,REORDER NOW,0.02935800005412048,1,2.557185655708024,LOW,0,8.19042061486474,8.19042061486474,32.49958712548089,0.0,1.3257820488107563,11.153645505792564,1.3257820488107563,11.153645505792564,23,0,22
FOODS_3_640,TX_2,FOODS_3,low,0.0,0.0,3.0,14,0.95,0.02,5.0,25.0,item_store,90,1.5620481169186697,intermittent,synthetic_demo,stockout,-3.0,1.0,6.69469769825458,26.234074783816073,0.8744691594605357,12.92388959623938,21,18.765945749220414,1.564859315087039,-0.1357142666666667,9.630893359887711,22.55478295612709,28.396839109108125,0.0,0.0 days,0.996732251095275,99.6732251095275,STOCKOUT,31.396839109108125,32,99.83661255476375,URGENT,36,128.49535726447752,27.814408285061155,28.563554074866854,100.68094897941637,25.69907145289551,0.0,0.12499295396722047,10.425921501071713,49,0,48
FOODS_3_641,TX_2,FOODS_3,low,9.0,2.0,0.0,10,0.95,0.02,5.0,25.0,item_store,90,0.855056986092069,intermittent,synthetic_demo,healthy,11.0,0.42857142857142855,2.680760687039206,10.9755177280119,0.36585059093373,3.79378063029333,17,6.268872582835782,0.8593122484539241,-0.030158721111111113,4.469698807150288,8.263479437443618,10.73857138998607,30.066918771200058,30.1 days,0.0040020604382859926,0.40020604382859926,HEALTHY,0.0,0,0.0,NONE,0,2.3097679805744837,2.3097679805744837,2.3097679805744837,0.0,0.38331464047272606,2.3129104600638417,0.38331464047272606,2.3129104600638417,7,0,6
FOODS_3_648,TX_2,FOODS_3,medium,21.0,7.0,0.0,5,0.975,0.02,5.0,25.0,item_store,90,2.093248524702169,regular,synthetic_demo,healthy,28.0,1.4285714285714286,10.687615745073327,45.7671494984499,1.52557164994833,7.520916461519009,12,18.20722688799827,2.1042757781747046,0.053968277777777844,9.222225755797275,16.743142217316283,27.429452643795546,18.353775780343284,18.4 days,6.7345944603225405e-06,0.000673459446032254,HEALTHY,0.0,0,0.0,NONE,0,3.523137612199968,3.523137612199968,3.523137612199968,0.0,0.5495320286731565,6.4623122402848825,0.5495320286731565,6.4623122402848825,14,0,13
FOODS_3_658,TX_2,FOODS_3,low,0.0,0.0,2.0,14,0.95,0.02,5.0,25.0,item_store,90,0.6165241604268422,intermittent,synthetic_demo,stockout,-2.0,0.42857142857142855,3.154851018601469,12.799901587016597,0.42666338623388655,6.0049522486640745,21,8.834798015411488,0.6161671054581781,0.06825396777777779,3.792187340628976,9.79713958929305,12.626985356040464,0.0,0.0 days,0.9997418287376327,99.97418287376327,STOCKOUT,14.626985356040464,15,99.98709143688163,URGENT,18,69.12369001241028,26.071589232130368,27.471047167798666,43.052100780279915,13.824738002482057,0.0,0.03738660511546941,4.212648602633415,23,0,22
FOODS_3_661,TX_2,FOODS_3,high,44.0,5.0,0.0,10,0.95,0.02,5.0,25.0,item_store,90,2.8783686036307823,regular,synthetic_demo,reorder,49.0,4.285714285714286,30.22212430380362,119.88454783037623,3.9961515943458745,42.833700330059514,17,70.83131089876623,2.8576273009065485,0.4579363888888887,14.863902337157212,57.69760266721673,85.69521323592345,12.261797092314952,12.3 days,0.2475029496059381,24.75029496059381,REORDER NOW,36.69521323592345,37,25.461607852764413,MEDIUM,53,153.32108868440542,29.276582129989812,37.573035166245745,124.04450655441562,30.664068620542857,0.004385774653775556,0.09259733342184959,22.432914487532766,64,0,63
FOODS_3_666,TX_2,FOODS_3,medium,13.0,4.0,0.0,7,0.975,0.02,5.0,25.0,item_store,90,0.699205898780101,intermittent,synthetic_demo,healthy,17.0,0.9642857142857143,7.409415172554054,30.83416857457731,1.0278056191525768,7.409415172554054,14,14.992183336677368,0.6800161560833184,0.17777777777777778,3.5262763301992517,10.935691502753306,18.51845966687662,16.54009248754298,16.5 days,4.894194183258094e-08,4.894194183258094e-06,HEALTHY,1.5184596668766197,2,1.6399440990398182,LOW,0,6.668697692142185,6.668697692142185,27.548815390170777,0.0,1.3111107775890032,0.8081700299797727,1.3111107775890032,0.8081700299797727,9,0,8
FOODS_3_677,TX_2,FOODS_3,low,17.0,5.0,0.0,10,0.975,0.02,5.0,25.0,item_store,90,1.1441089395726167,intermittent,synthetic_demo,healthy,22.0,0.9285714285714286,6.412836639951509,26.369799121321876,0.8789933040440625,9.1626126463091,17,15.179563544115451,1.1230720071090396,0.24841270888888883,6.960744509264959,16.12335715557406,22.14030805338041,25.02863207123723,25.0 days,0.00015036333909945743,0.015036333909945743,HEALTHY,0.14030805338040864,1,0.13426261246325139,LOW,0,6.832953280216018,6.832953280216018,30.086434542195686,0.0,1.2930060388357631,2.1642534472776696,1.2930060388357631,2.1642534472776696,12,0,11
FOODS_3_709,TX_2,FOODS_3,low,16.0,2.0,0.0,5,0.95,0.02,5.0,25.0,item_store,90,1.3267695627720797,regular,synthetic_demo,healthy,18.0,1.25,8.705174792747025,40.38981549434039,1.3463271831446797,6.115168891217202,12,15.25287101618503,1.326787801779971,-0.1396825777777778,4.879931535876039,10.995100427093242,20.13280255206107,13.369707026160278,13.4 days,3.0883130758274646e-05,0.0030883130758274646,HEALTHY,2.1328025520610687,3,2.120278045221212,LOW,0,3.5889265764648797,3.5889265764648797,26.307273689420683,0.0,0.6391840508611987,3.2750526846573886,0.6391840508611987,3.2750526846573886,8,0,7
FOODS_3_724,TX_2,FOODS_3,low,11.0,2.0,0.0,14,0.95,0.02,5.0,25.0,item_store,90,0.5985858234375486,highly_intermittent,synthetic_demo,healthy,13.0,0.42857142857142855,2.8794006019854916,12.415402450671337,0.4138467483557112,5.630203905678995,21,8.525725300560413,0.5996997043896048,0.05158730111111111,3.6908390711220083,9.321042976801003,12.216564371682422,31.412594279528296,31.4 days,0.000510977183353245,0.051097718335324505,HEALTHY,0.0,0,0.0,NONE,0,1.5473700126726833,1.5473700126726833,1.5473700126726833,0.0,0.21917066014351988,2.150079580738493,0.21917066014351988,2.150079580738493,6,0,5
FOODS_3_795,TX_2,FOODS_3,medium,41.0,0.0,0.0,7,0.99,0.02,5.0,25.0,item_store,90,1.7516836680728638,regular,synthetic_demo,healthy,41.0,2.2142857142857144,15.221432368172913,65.90248882123566,2.196749627374522,15.221432368172913,14,30.66251454054926,1.7388217875273604,-0.28015874444444444,10.702340187013863,25.923772555186776,41.36485472756313,18.663938524938665,18.7 days,1.0506972847323937e-08,1.0506972847323937e-06,HEALTHY,0.3648547275631273,1,0.17640860412282425,LOW,0,1.9046955621665904,1.9046955621665904,26.959045029197725,0.0,0.03239335583227029,12.448062735751709,0.03239335583227029,12.448062735751709,4,0,3
FOODS_3_801,TX_2,FOODS_3,high,36.0,2.0,0.0,7,0.95,0.02,5.0,25.0,item_store,90,2.2005912940871704,regular,synthetic_demo,healthy,38.0,2.0714285714285716,14.201176726874813,60.339399983600856,2.011313332786695,14.201176726874813,14,28.001060734875107,2.131989849764915,0.5896825877777777,9.278150427974037,23.47932715484885,37.279211162849144,18.89312787846467,18.9 days,1.2263174553606149e-05,0.0012263174553606149,HEALTHY,0.0,0,0.0,NONE,0,14.912803180284188,14.912803180284188,14.912803180284188,0.0,2.900194647668998,2.9416424424228573,2.900194647668998,2.9416424424228573,20,0,19
FOODS_3_817,TX_2,FOODS_3,medium,12.0,1.0,0.0,3,0.975,0.02,5.0,25.0,item_store,90,0.8888003073801748,intermittent,synthetic_demo,overstock,13.0,0.5,3.440383580533714,16.79504244694314,0.559834748231438,1.4815051020408165,10,4.932466980030829,0.8841438575954965,0.13015873444444445,3.0014537283784137,4.48295883041923,7.933920708409243,23.22113809667589,23.2 days,2.708944180085382e-14,2.708944180085382e-12,OVERSTOCK,0.0,0,0.0,NONE,0,0.5848311252610165,0.5848311252610165,0.5848311252610165,0.0,0.005545587645996684,5.571031870310331,0.005545587645996684,5.571031870310331,2,0,1
FOODS_1_017,WI_3,FOODS_1,low,31.0,4.0,0.0,10,0.99,0.02,5.0,25.0,item_store,90,0.7824970198026316,highly_intermittent,synthetic_demo,overstock,35.0,0.9642857142857143,6.658297123496982,26.956237450874575,0.8985412483624858,9.362618829490154,17,15.4845681608114,0.7688247483710869,0.16666666,5.65590378546275,15.018522614952904,21.14047194627415,38.95202369817133,39.0 days,0.0,0.0,OVERSTOCK,0.0,0,0.0,NONE,0,2.7878766360861706,2.7878766360861706,2.7878766360861706,0.0,0.0,16.399274329918647,0.0,16.399274329918647,1,0,0
FOODS_1_020,WI_3,FOODS_1,medium,20.0,0.0,0.0,3,0.975,0.02,5.0,25.0,item_store,90,1.6867077375178905,intermittent,synthetic_demo,healthy,20.0,1.1785714285714286,8.661971624103423,37.71070517150414,1.2570235057168047,3.5907889941690962,10,12.437264301214395,1.6946015573292228,0.07222220888888888,5.752760841651035,9.34354983582013,18.19002514286543,15.910601439863456,15.9 days,1.1313434411519552e-08,1.1313434411519552e-06,HEALTHY,0.0,0,0.0,NONE,0,2.568855948460511,2.568855948460511,2.568855948460511,0.0,0.4105417928864404,5.161469840283097,0.4105417928864404,5.161469840283097,11,0,10
FOODS_1_042,WI_3,FOODS_1,high,57.0,11.0,0.0,5,0.95,0.02,5.0,25.0,item_store,90,2.4302748592254386,regular,synthetic_demo,overstock,68.0,1.7857142857142858,13.730123700072856,64.75335822025967,2.1584452740086557,9.478498193646992,12,25.291762849035283,2.364531936076467,0.6142857333333334,8.696759155432089,18.175257349079082,33.98852200446737,31.504157561387082,31.5 days,0.0,0.0,OVERSTOCK,0.0,0,0.0,NONE,0,4.0087519933645,4.0087519933645,4.0087519933645,0.0,0.0,33.40626661137083,0.0,33.40626661137083,1,0,0
FOODS_1_082,WI_3,FOODS_1,high,55.0,0.0,0.0,5,0.95,0.02,5.0,25.0,item_store,90,6.130668037752167,regular,synthetic_demo,reorder,55.0,9.285714285714286,64.40079259881874,262.21715973498567,8.740571991166188,46.50918120983816,12,107.21011728002959,5.992999207992117,-1.438095333333333,22.042278192734543,68.5514594025727,129.25239547276414,6.292494364852405,6.3 days,0.26316848320828,26.316848320828,REORDER NOW,74.25239547276414,75,30.578434141274517,MEDIUM,76,191.595737867778,30.438482832714758,30.44866624490511,161.15725503506326,38.31778828456356,0.05663704133481202,0.17769941052777416,37.916548167299034,96,0,95
FOODS_1_086,WI_3,FOODS_1,high,11.0,4.0,0.0,10,0.9,0.02,5.0,25.0,item_store,90,1.3925518608384815,regular,synthetic_demo,critical,15.0,1.8214285714285714,13.727092402385063,62.176718815505815,2.0725572938501937,19.80648945889984,17,34.37822453761582,1.398630872527741,-0.06904760000000003,5.668122084546801,25.474611543446642,40.04634662216262,7.237435628201366,7.2 days,0.8614237093437607,86.14237093437606,CRITICAL,25.046346622162623,26,67.91521920160115,HIGH,29,95.15126621420607,27.162931266662522,27.487617298424134,67.98833494754355,19.030253242841216,0.0,0.0905366185581292,10.060283375716914,37,0,36
FOODS_1_089,WI_3,FOODS_1,low,2.0,0.0,0.0,5,0.95,0.02,5.0,25.0,item_store,90,0.943935774311443,highly_intermittent,synthetic_demo,reorder,2.0,0.25,1.8380530130981843,10.206972135215803,0.34023240450719344,1.306817553233028,12,3.34131525958979,0.9069466197762668,-0.27857143333333334,3.335753769566493,4.642571322799521,6.677069029156283,5.878334848489467,5.9 days,0.3662481075426851,36.62481075426851,REORDER NOW,4.677069029156283,5,49.397880385162054,MEDIUM,0,11.749806162142098,11.749806162142098,25.80467385576656,0.0,2.3482646686085817,0.07069015915992422,2.3482646686085817,0.07069015915992422,9,0,8
FOODS_1_099,WI_3,FOODS_1,high,130.0,39.0,2.0,14,0.99,0.02,5.0,25.0,item_store,90,2.5406780758360714,regular,synthetic_demo,overstock,167.0,2.607142857142857,18.556293117711583,79.45263909080757,2.648421303026919,37.5939174113274,21,55.96047738722053,2.5062211682973192,-0.4936507222222222,21.815143284618483,59.40906069594588,77.77562067183901,63.056432830053616,63.1 days,0.0,0.0,OVERSTOCK,0.0,0,0.0,NONE,0,24.163672866530916,24.163672866530916,24.163672866530916,0.0,0.0,115.06510888824245,0.0,115.06510888824245,1,0,0
FOODS_1_112,WI_3,FOODS_1,medium,9.0,0.0,0.0,7,0.95,0.02,5.0,25.0,item_store,90,1.7357044893968767,intermittent,synthetic_demo,reorder,9.0,0.42857142857142855,3.106905150406536,11.897617593710356,0.39658725312367854,3.106905150406536,14,6.201311595543698,1.7390360789910195,0.1484126988888889,7.5680652711981535,10.674970421604689,13.769376866741851,22.693618942899526,22.7 days,0.1001296307149393,10.01296307149393,REORDER NOW,4.769376866741851,5,16.641184413774113,LOW,14,27.988326532179773,26.636655890402913,34.95449325605541,1.3516706417768596,5.5933546067593465,0.1539535598788502,0.08524747800898518,8.645846431128488,22,0,21
FOODS_1_135,WI_3,FOODS_1,low,6.0,1.0,0.0,3,0.95,0.02,5.0,25.0,item_store,90,0.7336656624177559,highly_intermittent,synthetic_demo,healthy,7.0,0.42857142857142855,3.2698307796385366,13.36103150425718,0.4453677168085727,1.3321793002915452,10,4.631965328198081,0.7362201957945138,0.04761904999999999,2.097469290154248,3.429648590445793,6.729434618352329,15.717349362815918,15.7 days,4.39962061471455e-06,0.000439962061471455,HEALTHY,0.0,0,0.0,NONE,0,2.2974886236150986,2.2974886236150986,2.2974886236150986,0.0,0.43497575428907076,1.2260985216974492,0.43497575428907076,1.2260985216974492,7,0,6
FOODS_1_155,WI_3,FOODS_1,medium,5.0,1.0,0.0,3,0.9,0.02,5.0,25.0,item_store,90,1.443179284453193,intermittent,synthetic_demo,reorder,6.0,1.0357142857142858,7.429420584556344,34.302009655635565,1.1434003218545188,3.1480047376093294,10,10.848448370842961,1.4499962907612847,0.060317455555555566,3.2185747814186327,6.366579519027962,14.067023152261594,5.247505956853678,5.2 days,0.12806425035759228,12.806425035759228,REORDER NOW,8.067023152261594,9,19.599984709898187,LOW,16,37.15341321134786,26.028122204190222,29.87559861175975,11.125291007157639,7.4304944439303044,0.00940991696345933,0.033378560173902866,8.61229403320706,21,0,20
FOODS_1_156,WI_3,FOODS_1,low,4.0,0.0,1.0,3,0.99,0.02,5.0,25.0,item_store,90,0.6240639248682747,intermittent,synthetic_demo,reorder,3.0,0.5,3.747441862826939,17.93138399868999,0.5977127999563331,1.5542091836734693,10,5.60665814470145,0.6237954335556773,0.06825396111111114,2.513491823127585,4.067701006801054,8.120149967829036,5.019132935113937,5.0 days,0.09042485435934022,9.042485435934022,REORDER NOW,5.120149967829036,6,25.006696618985668,MEDIUM,0,18.215603142243246,18.215603142243246,25.608154512272886,0.0,3.6429015275204755,0.0109550464086942,3.6429015275204755,0.0109550464086942,10,0,9
FOODS_1_172,WI_3,FOODS_1,high,9.0,3.0,0.0,7,0.9,0.02,5.0,25.0,item_store,90,2.889018548814954,regular,synthetic_demo,critical,12.0,2.607142857142857,18.863649760438307,83.11594926845987,2.7705316422819957,18.863649760438307,14,38.56946583049222,2.7569472043783554,-0.9111109444444442,9.347889175310497,28.211538935748806,47.91735500580272,4.331298663716396,4.3 days,0.8266409200470468,82.66409200470468,CRITICAL,35.91735500580272,36,73.56268631893064,HIGH,37,101.37462317741316,27.675735895936825,27.685651109408244,73.69888728147633,20.27475977987821,0.00588770015797218,0.06485953056374621,16.79598745084351,47,0,46
FOODS_1_175,WI_3,FOODS_1,medium,3.0,1.0,0.0,10,0.9,0.02,5.0,25.0,item_store,90,0.6426366448251367,intermittent,synthetic_demo,reorder,4.0,0.35714285714285715,2.4773245102626986,11.149257932988695,0.3716419310996232,3.6404640798468,17,6.385551678872988,0.6459036449973453,-0.0206349211111111,2.6176032480121845,6.258067327858985,9.003154926885172,10.763048152733203,10.8 days,0.4301371195132283,43.01371195132283,REORDER NOW,5.003154926885172,6,43.44583285545222,MEDIUM,0,20.139408884036822,20.139408884036822,26.31376622277898,0.0,4.027383639342396,0.014651101910816576,4.027383639342396,0.014651101910816576,11,0,10
FOODS_1_210,WI_3,FOODS_1,medium,12.0,3.0,0.0,5,0.95,0.02,5.0,25.0,item_store,90,1.2797369843598028,regular,synthetic_demo,reorder,15.0,2.4285714285714284,16.916375238852225,70.6903078910672,2.356343596368907,12.312054919453205,12,28.503398187883523,1.197979030913201,-0.46746031222222223,4.406172294038796,16.718227213492,32.909570481922316,6.36579487945425,6.4 days,0.1578272239705446,15.78272239705446,REORDER NOW,17.909570481922316,18,21.858742419365313,LOW,16,41.6248950259081,26.09880392479786,26.20211283907241,15.526091101110243,8.324199697109371,0.032471169676978114,0.03394752892377858,7.742219001491383,21,0,20
FOODS_1_214,WI_3,FOODS_1,low,11.0,3.0,0.0,10,0.9,0.02,5.0,25.0,item_store,90,0.7158316606539263,intermittent,synthetic_demo,healthy,14.0,0.4642857142857143,3.5469935486900477,15.177423818521364,0.5059141272840455,5.237227845253351,17,9.070048886261445,0.7180274751980171,-0.05079364222222222,2.9098938607910205,8.147121706044372,11.979942747052466,27.67268049057602,27.7 days,5.6872849164668615e-05,0.0056872849164668615,HEALTHY,0.0,0,0.0,NONE,0,0.8191054983910214,0.8191054983910214,0.8191054983910214,0.0,0.032916647665109086,3.850130941561623,0.032916647665109086,3.850130941561623,3,0,2
FOODS_2_021,WI_3,FOODS_2,high,0.0,0.0,3.0,3,0.95,0.02,5.0,25.0,item_store,90,5.495823951026846,regular,synthetic_demo,stockout,-3.0,6.035714285714286,43.203004740339644,179.8333596860434,5.994445322868113,18.290861880466473,10,61.35204457963483,5.030327643673505,2.276190333333333,14.331252813070119,32.62211469353659,75.68329739270494,0.0,0.0 days,0.9927299363134303,99.27299363134303,STOCKOUT,78.68329739270494,79,99.6364968156715,URGENT,125,444.4900424128125,28.977994373025425,87.61887364032707,415.5120480397871,88.89800848256249,0.0,0.07211671005522982,36.17410822749274,144,0,143
FOODS_2_024,WI_3,FOODS_2,medium,12.0,4.0,0.0,10,0.95,0.02,5.0,25.0,item_store,90,1.3470173576513638,intermittent,synthetic_demo,healthy,16.0,0.5,3.363861337413421,16.15021554203673,0.538340518067891,4.958464566243437,17,8.90536145547605,1.340025146179043,-0.1968253777777778,6.970119194977371,11.928583761220807,15.875480650453422,29.720965565482878,29.7 days,0.004584970011154432,0.4584970011154432,HEALTHY,0.0,0,0.0,NONE,0,2.7977622275817726,2.7977622275817726,2.7977622275817726,0.0,0.4102521745334489,4.391184440673695,0.4102521745334489,4.391184440673695,8,0,7
FOODS_2_028,WI_3,FOODS_2,low,24.0,3.0,0.0,14,0.95,0.02,5.0,25.0,item_store,90,1.3873619622528663,intermittent,synthetic_demo,healthy,27.0,0.6785714285714286,4.821618904535111,21.379403132156032,0.7126467710718677,10.068484908709394,21,15.097389558100863,1.3665570355713637,-0.27936506555555546,8.41044619979787,18.47893110850726,23.507835757898732,37.88693234291965,37.9 days,0.00046424822903268215,0.046424822903268215,HEALTHY,0.0,0,0.0,NONE,0,2.3074234779501976,2.3074234779501976,2.3074234779501976,0.0,0.03170403395063371,10.23287289617633,0.03170403395063371,10.23287289617633,4,0,3
FOODS_2_040,WI_3,FOODS_2,low,8.0,1.0,0.0,10,0.9,0.02,5.0,25.0,item_store,90,0.5036994656770604,intermittent,synthetic_demo,reorder,9.0,0.7857142857142857,6.125642143623032,21.977335659932244,0.7325778553310748,8.115218943186138,17,12.49389440820707,0.47882231638154144,-0.16428571,1.9404857989092041,10.055704742095342,14.434380207116275,12.285383641486979,12.3 days,0.2794976860062971,27.94976860062971,REORDER NOW,5.434380207116275,6,24.65422677689518,LOW,0,7.998582026532798,7.998582026532798,25.795884315038148,0.0,1.5939977169141717,0.16819671742316686,1.5939977169141717,0.16819671742316686,8,0,7
FOODS_2_059,WI_3,FOODS_2,high,39.0,9.0,2.0,7,0.9,0.02,5.0,25.0,item_store,90,1.8336270686340952,regular,synthetic_demo,healthy,46.0,2.607142857142857,19.259419744637864,86.69248713771577,2.8897495712571923,19.259419744637864,14,39.662147563234306,1.7731148187434604,0.5031746122222223,6.012041432781801,25.271461177419663,45.674188996016106,15.918334397394716,15.9 days,5.985718809498053e-09,5.985718809498053e-07,HEALTHY,0.0,0,0.0,NONE,0,18.20796214244066,18.20796214244066,18.20796214244066,0.0,3.582434775159035,2.112773333182032,3.582434775159035,2.112773333182032,22,0,21
FOODS_2_072,WI_3,FOODS_2,medium,15.0,4.0,0.0,10,0.95,0.02,5.0,25.0,item_store,90,1.0374369882425132,intermittent,synthetic_demo,low,19.0,1.25,9.054601489242662,42.613450936268414,1.4204483645422805,13.354531510620413,17,24.439149137904,1.0144532441742493,0.24206349444444444,5.276662195323648,18.63119370594406,29.71581133322765,13.376058204074516,13.4 days,0.03921926740640047,3.921926740640047,HEALTHY,10.715811333227649,11,9.173158395428043,LOW,18,48.505442104558036,26.67170103686409,31.366197298233672,21.833741067693946,9.70098798174101,0.002954093252841178,0.05036108276732702,8.35232719427916,24,0,23
FOODS_2_095,WI_3,FOODS_2,low,7.0,0.0,1.0,3,0.9,0.02,5.0,25.0,item_store,90,1.1715761584041575,intermittent,synthetic_demo,reorder,6.0,1.3571428571428572,9.484411809948229,40.487707029708226,1.3495902343236075,4.145863702623906,10,13.648338175693667,1.135621151586747,0.31190475666666667,2.520752379182763,6.666616081806669,16.16909055487643,4.445793876840774,4.4 days,0.17293159734884067,17.293159734884068,REORDER NOW,10.16909055487643,11,24.22480730960141,LOW,18,55.515953102083024,25.78637892222407,32.590580597554414,29.729574179858954,11.103190620416603,0.0,0.018960389071712113,6.915769768655109,22,0,21
FOODS_2_116,WI_3,FOODS_2,high,13.0,1.0,0.0,5,0.95,0.02,5.0,25.0,item_store,90,1.120983638429148,intermittent,synthetic_demo,healthy,14.0,0.9642857142857143,6.565293531957609,27.128219838208118,0.9042739946069372,4.695826550600197,12,11.059840897226529,1.127026080030163,0.023015867777777796,4.14520701977784,8.841033570378038,15.205047917004368,15.482033192921147,15.5 days,0.00011125938014100445,0.011125938014100445,HEALTHY,1.205047917004368,2,1.5906259343880649,LOW,0,4.624860503071004,4.624860503071004,27.324876884396744,0.0,0.8747973658284051,2.0906139494081617,0.8747973658284051,2.0906139494081617,12,0,11
FOODS_2_136,WI_3,FOODS_2,medium,12.0,4.0,0.0,5,0.95,0.02,5.0,25.0,item_store,90,1.6630487865278893,regular,synthetic_demo,reorder,16.0,2.607142857142857,18.46866814445626,76.9145349754773,2.56381783251591,13.182444500896205,12,31.58007621583082,1.6587340755142728,0.21190476666666666,6.100831432030792,19.283275932926998,37.680907647861616,6.2406929997436595,6.2 days,0.22373339230898437,22.373339230898438,REORDER NOW,21.680907647861616,22,27.802269113749556,MEDIUM,30,92.06138218599811,26.62530056653075,30.202963378266855,65.43608161946736,18.412276437199623,0.0,0.04585424589740382,11.633577808697783,38,0,37
FOODS_2_139,WI_3,FOODS_2,high,21.0,0.0,1.0,7,0.95,0.02,5.0,25.0,item_store,90,1.43014792915147,regular,synthetic_demo,healthy,20.0,1.1071428571428572,7.25876458619749,32.30794620596587,1.0769315401988624,7.25876458619749,14,14.677551939664223,1.4377115211312668,-0.03571425666666667,6.256738870758759,13.51550345695625,20.934290810422983,18.571282624248212,18.6 days,0.00040466625493973396,0.040466625493973396,HEALTHY,0.9342908104229828,1,0.9128270183410719,LOW,0,3.3167665397541857,3.3167665397541857,27.412715573518895,0.0,0.5668002529982615,3.448323391163417,0.5668002529982615,3.448323391163417,9,0,8
FOODS_2_146,WI_3,FOODS_2,medium,0.0,0.0,0.0,7,0.95,0.02,5.0,25.0,item_store,90,1.259600318847357,intermittent,synthetic_demo,stockout,0.0,0.8571428571428571,5.917854748654879,24.487800282762834,0.8162600094254278,5.917854748654879,14,11.934519870294332,1.2655277718548221,-0.05317460888888885,5.507416951043439,11.425271699698317,17.44193682133777,0.0,0.0 days,0.9614223483032013,96.14223483032013,STOCKOUT,17.44193682133777,18,98.07111741516006,URGENT,21,69.37679169858725,26.217549442537976,26.857394759582316,43.15924225604928,13.87535833971745,0.0,0.0428209358168139,7.167462596099362,27,0,26
FOODS_2_150,WI_3,FOODS_2,high,10.0,3.0,0.0,7,0.95,0.02,5.0,25.0,item_store,90,0.6290402297608606,regular,synthetic_demo,low,13.0,1.3214285714285714,10.043103918358623,42.90729195498124,1.4302430651660414,10.043103918358623,14,20.52161087408565,0.616405855419652,0.1412698388888889,2.682520393752422,12.725624312111044,23.204131267838072,9.089364120420182,9.1 days,0.0349086733241839,3.4908673324183903,LOW,10.204131267838072,11,10.540532392427348,LOW,14,47.81763941254008,25.82884702413423,26.995059353771506,21.98879238840585,9.563527882508017,0.0,0.0404165228959823,4.4768886403879655,19,0,18
FOODS_2_170,WI_3,FOODS_2,medium,16.0,1.0,0.0,10,0.9,0.02,5.0,25.0,item_store,90,1.1736308206865167,intermittent,synthetic_demo,reorder,17.0,1.3928571428571428,10.52864464023924,46.14226413570078,1.538075471190026,14.993536540214775,17,25.80547350506682,1.1355342097115608,0.31984128888888885,4.601890790664522,19.595427330879296,30.407364295731345,11.052773624201231,11.1 days,0.28816024906640547,28.816024906640546,REORDER NOW,13.407364295731345,14,27.200030480842884,MEDIUM,22,71.97531710705918,26.56152245139672,35.594567126983684,45.413794655662464,14.39506342141184,0.0,0.051969677569967704,7.656906256158129,29,0,28
FOODS_2_178,WI_3,FOODS_2,low,13.0,4.0,0.0,5,0.9,0.02,5.0,25.0,item_store,90,0.7595573953837107,intermittent,synthetic_demo,healthy,17.0,0.9285714285714286,7.239395260645401,33.66072399269217,1.122024133089739,4.986546830375737,12,13.244260254109133,0.7163809092794531,-0.2634920677777778,2.052887222238829,7.039434052614565,15.297147476347961,15.151189264696812,15.2 days,3.197442310920451e-14,3.197442310920451e-12,HEALTHY,0.0,0,0.0,NONE,0,0.7513912617769263,0.7513912617769263,0.7513912617769263,0.0,0.0006864550121990595,6.232991555966091,0.0006864550121990595,6.232991555966091,1,0,0
FOODS_2_180,WI_3,FOODS_2,low,24.0,1.0,0.0,7,0.975,0.02,5.0,25.0,item_store,90,1.4161263457074733,intermittent,synthetic_demo,healthy,25.0,0.9285714285714286,6.7858960094963265,29.30584890755195,0.9768616302517317,6.7858960094963265,14,14.710670529679325,1.3993429567841542,0.26269841555555556,7.2564010460575075,14.042297055553835,21.96707157573683,25.59216088112463,25.6 days,4.3348501543860607e-07,4.334850154386061e-05,HEALTHY,0.0,0,0.0,NONE,0,2.5546632753380534,2.5546632753380534,2.5546632753380534,0.0,0.35872357812843764,5.436038462113324,0.35872357812843764,5.436038462113324,9,0,8
FOODS_2_184,WI_3,FOODS_2,high,16.0,5.0,0.0,5,0.9,0.02,5.0,25.0,item_store,90,1.0250684380039397,intermittent,synthetic_demo,overstock,21.0,0.7142857142857143,5.2259930171043365,22.33341788389447,0.7444472627964823,3.685111207383828,12,9.002197829052033,1.0215224495117223,0.1373015744444444,2.927311932337769,6.612423139721598,11.929509761389802,28.20884842952401,28.2 days,1.7319479184152442e-14,1.7319479184152442e-12,OVERSTOCK,0.0,0,0.0,NONE,0,1.1303866118155694,1.1303866118155694,1.1303866118155694,0.0,0.007649787864887531,9.10114727075943,0.007649787864887531,9.10114727075943,2,0,1
FOODS_2_209,WI_3,FOODS_2,low,16.0,3.0,0.0,7,0.95,0.02,5.0,25.0,item_store,90,1.0662706558464763,intermittent,synthetic_demo,healthy,19.0,0.9642857142857143,7.103920659014309,27.331631549837482,0.9110543849945827,7.103920659014309,14,14.100556347477859,1.060654468370316,-0.15634921111111108,4.615834222066178,11.719754881080487,18.71639056954404,20.854956973960427,20.9 days,1.1217350458281317e-05,0.0011217350458281317,HEALTHY,0.0,0,0.0,NONE,0,1.1020181574646355,1.1020181574646355,1.1020181574646355,0.0,0.0751611427944724,5.187231739230524,0.0751611427944724,5.187231739230524,5,0,4
FOODS_2_218,WI_3,FOODS_2,low,1.0,0.0,0.0,7,0.95,0.02,5.0,25.0,item_store,90,0.7445569700824866,highly_intermittent,synthetic_demo,critical,1.0,0.32142857142857145,2.4332404316676777,11.141074300035504,0.3713691433345168,2.4332404316676777,14,5.08050977542489,0.7466410142862332,0.05555555555555555,3.2492873486272194,5.6825277802948975,8.32979712405211,2.692738527011205,2.7 days,0.7659379675466855,76.59379675466855,CRITICAL,7.32979712405211,8,80.6165388500415,URGENT,12,34.00580499453257,25.81767683152674,27.682046194491075,8.188128163005828,6.8011609989065125,0.0,0.017478476920944064,5.216317478014432,16,0,15
FOODS_2_251,WI_3,FOODS_2,medium,116.0,7.0,0.0,14,0.95,0.02,5.0,25.0,item_store,90,1.9078546263614553,regular,synthetic_demo,overstock,123.0,2.0714285714285716,15.77391091079398,71.01011107234237,2.367003702411412,32.589382699115994,21,49.95144080197254,1.894929142815606,-0.29841265555555546,11.662301091894298,44.251683791010294,61.61374189386684,51.9644307588925,52.0 days,0.0,0.0,OVERSTOCK,0.0,0,0.0,NONE,0,16.06401390623412,16.06401390623412,16.06401390623412,0.0,0.0,76.49530431540056,0.0,76.49530431540056,1,0,0
FOODS_2_301,WI_3,FOODS_2,low,9.0,3.0,0.0,7,0.95,0.02,5.0,25.0,item_store,90,1.645219149815804,intermittent,synthetic_demo,reorder,12.0,1.0357142857142858,7.92798087100693,32.419285742633605,1.080642858087787,7.92798087100693,14,15.599441892306354,1.6407590480521321,0.2111111344444445,7.140376050836152,15.068356921843083,22.739817943142505,11.104501279205392,11.1 days,0.17411491087753728,17.411491087753728,REORDER NOW,10.739817943142505,11,24.26044625520011,LOW,20,48.392574177955446,26.632805059100118,32.39950492869116,21.759769118855328,9.678014063296013,0.017884724824096143,0.03603563550314943,10.375906297031232,26,0,25
FOODS_2_302,WI_3,FOODS_2,medium,5.0,1.0,0.0,3,0.975,0.02,5.0,25.0,item_store,90,1.8887346580698168,intermittent,synthetic_demo,reorder,6.0,1.6071428571428572,12.037723673741198,57.05800831773987,1.901933610591329,4.924243804664723,10,17.703673591421012,1.8850629959724645,0.23095243333333343,6.399331182231984,11.323574986896707,24.103004773652998,3.154684246909409,3.2 days,0.37089694074809665,37.089694074809664,REORDER NOW,18.103004773652998,19,47.67017474083827,MEDIUM,27,74.99286039884485,26.309002670533353,29.15805309077952,48.6838577283115,14.998572079768971,0.0,0.021345074217696075,12.022772994448728,33,0,32
FOODS_2_304,WI_3,FOODS_2,medium,48.0,6.0,0.0,7,0.975,0.02,5.0,25.0,item_store,90,1.1921179125182795,intermittent,synthetic_demo,overstock,54.0,1.5,10.480350944143503,47.9078990059996,1.5969299668666534,10.480350944143503,14,21.92648869519089,1.1978397163757077,0.04761906666666663,6.211490420399235,16.69184136454274,28.137979115590127,33.814883007019866,33.8 days,0.0,0.0,OVERSTOCK,0.0,0,0.0,NONE,0,4.283837365273368,4.283837365273368,4.283837365273368,0.0,0.0,30.598838323381198,0.0,30.598838323381198,1,0,0
FOODS_2_322,WI_3,FOODS_2,high,19.0,2.0,0.0,3,0.95,0.02,5.0,25.0,item_store,90,2.7923304002927773,regular,synthetic_demo,reorder,21.0,4.607142857142857,33.07735722486573,133.1540868875687,4.438469562918956,13.924243804664723,10,47.38282003267357,2.782806610246006,-0.3730161111111113,7.928132695586039,21.852376500250763,55.31095272825961,4.731360596779527,4.7 days,0.07105066485471234,7.105066485471234,REORDER NOW,34.31095272825961,35,17.129284200672583,LOW,42,119.76922676571405,27.079010968419166,28.170240717528056,92.69021579729488,23.953845353142807,0.0,0.05380303994773418,18.09995768680493,51,0,50
FOODS_2_336,WI_3,FOODS_2,low,9.0,0.0,0.0,10,0.95,0.02,5.0,25.0,item_store,90,0.061858959062746396,intermittent,synthetic_demo,low,9.0,0.7857142857142857,6.089927857908746,26.22864928733347,0.8742883095777824,8.844763599058691,17,15.197982631252533,0.050790586690841764,-0.03571428666666667,0.2641864178649508,9.108950016923641,15.462169049117483,10.294087089356536,10.3 days,0.1668923055059005,16.68923055059005,REORDER NOW,6.462169049117483,7,17.062121984113492,LOW,6,27.758741261938898,25.078106751568885,25.246202797094078,2.6806345103700124,5.551748252387781,0.0,0.0003682697243338673,0.4486200173365531,9,0,8
FOODS_2_339,WI_3,FOODS_2,medium,35.0,7.0,0.0,7,0.95,0.02,5.0,25.0,item_store,90,2.1627581088595296,regular,synthetic_demo,healthy,42.0,2.2142857142857144,15.646912636810981,67.27333267537401,2.242444422512467,15.646912636810981,14,31.006645424648827,2.1644100662377874,-0.2119047,9.41923911344595,25.06615175025693,40.42588453809478,18.72956117812837,18.7 days,2.0926576281832254e-06,0.00020926576281832254,HEALTHY,0.0,0,0.0,NONE,0,1.8383604427239921,1.8383604427239921,1.8383604427239921,0.0,0.050427433310038454,11.330166258384285,0.050427433310038454,11.330166258384285,4,0,3
FOODS_2_357,WI_3,FOODS_2,high,21.0,3.0,0.0,5,0.95,0.02,5.0,25.0,item_store,90,2.5651487903121666,intermittent,synthetic_demo,reorder,24.0,4.357142857142857,32.0199218624601,133.13679710093453,4.437893236697818,22.69514713456447,12,54.63824366156939,2.56047714720689,-0.31111094444444437,9.417446528210492,32.11259366277496,64.05569018977988,5.407971467528612,5.4 days,0.4098596838403543,40.98596838403543,REORDER NOW,40.05569018977988,41,40.578394553375155,MEDIUM,46,135.63503102657714,27.529039321201786,28.164374306714357,108.10599170537535,27.127006205315435,0.0,0.05161720035930462,18.924610995043874,56,0,55
FOODS_2_360,WI_3,FOODS_2,high,231.0,4.0,0.0,3,0.95,0.02,5.0,25.0,item_store,90,13.186430314700202,regular,synthetic_demo,healthy,235.0,16.785714285714285,121.24447603283946,533.6142095281357,17.78714031760452,50.548196064139944,10,177.104934674058,11.191843717313025,7.072222222222222,31.88522758729347,82.43342365143342,208.9901622613515,13.21179210395123,13.2 days,0.0,0.0,HEALTHY,0.0,0,0.0,NONE,80,109.99034860640886,32.39726709511234,109.99034860640886,77.59308151129652,21.83536377370516,8.1352973788305,0.15044583031368783,66.45037943543903,104,0,103
FOODS_2_367,WI_3,FOODS_2,medium,8.0,2.0,0.0,5,0.95,0.02,5.0,25.0,item_store,90,0.9743158517088576,intermittent,synthetic_demo,healthy,10.0,0.4642857142857143,3.000295182250203,14.341281692387371,0.478042723079579,2.119181240052508,12,5.346895983114136,0.9785639738987482,0.0484126888888889,3.5991627219471516,5.718343961999659,8.946058705061287,20.91863240921108,20.9 days,0.0001581241026279434,0.01581241026279434,HEALTHY,0.0,0,0.0,NONE,0,2.3300719477977334,2.3300719477977334,2.3300719477977334,0.0,0.41906040968214575,1.9564158282250403,0.41906040968214575,1.9564158282250403,7,0,6
FOODS_3_026,WI_3,FOODS_3,high,79.0,21.0,0.0,14,0.95,0.02,5.0,25.0,item_store,90,1.8488673992535747,regular,synthetic_demo,overstock,100.0,1.75,13.117272350742295,59.748946378175226,1.9916315459391742,27.49632741022932,21,42.64318741750567,1.8272780184943909,0.3412698222222222,11.245943686642253,38.742271096871576,53.88913110414792,50.21009041752448,50.2 days,0.0,0.0,OVERSTOCK,0.0,0,0.0,NONE,0,10.137346518137386,10.137346518137386,10.137346518137386,0.0,0.0,48.27307865779708,0.0,48.27307865779708,1,0,0
FOODS_3_048,WI_3,FOODS_3,medium,31.0,6.0,0.0,7,0.99,0.02,5.0,25.0,item_store,90,2.6951549933764682,regular,synthetic_demo,reorder,37.0,3.857142857142857,27.484167045737326,118.23763093942554,3.941254364647518,27.484167045737326,14,55.45239344908958,2.663956574867644,-0.49603188888888894,16.39648738713379,43.88065443287111,71.84888083622337,9.38787415800529,9.4 days,0.08848960556749386,8.848960556749386,REORDER NOW,34.84888083622337,35,18.829200067031852,LOW,31,64.8161226694613,27.955086528935862,28.18687637907714,36.86103614052543,12.953833118735718,0.3354076841621643,0.07425410306929175,18.455828668495737,40,0,39
FOODS_3_053,WI_3,FOODS_3,medium,7.0,1.0,0.0,10,0.9,0.02,5.0,25.0,item_store,90,1.1880809191331063,regular,synthetic_demo,reorder,8.0,0.5357142857142857,3.376337550331194,15.485816423992253,0.5161938807997417,4.788606801887185,17,8.627882753136609,1.1941969616791244,0.03571433333333341,4.839628743185689,9.628235545072874,13.467511496322299,15.498052761891637,15.5 days,0.1975544861287668,19.75544861287668,REORDER NOW,5.467511496322299,6,23.070595938418503,LOW,13,27.859416022940362,26.533832765542922,31.625336676580137,1.3255832573974402,5.569628237623855,0.06632255777110986,0.05017306211177657,7.546867382259032,19,0,18
FOODS_3_068,WI_3,FOODS_3,low,7.0,1.0,0.0,7,0.95,0.02,5.0,25.0,item_store,90,1.001203922814407,intermittent,synthetic_demo,healthy,8.0,0.2857142857142857,1.9931520333841668,7.6481415864485545,0.25493805288161847,1.9931520333841668,14,3.6815921263297,0.9485261740374972,0.3357142833333333,4.127866053659205,6.121018087043372,7.809458179988905,31.380172200949666,31.4 days,0.008342376875694835,0.8342376875694835,HEALTHY,0.0,0,0.0,NONE,0,13.167465852072398,13.167465852072398,13.167465852072398,0.0,2.626290848342198,0.25722578829577075,2.626290848342198,0.25722578829577075,11,0,10
FOODS_3_074,WI_3,FOODS_3,medium,0.0,0.0,0.0,7,0.95,0.02,5.0,25.0,item_store,90,0.9829325813414599,intermittent,synthetic_demo,stockout,0.0,0.7857142857142857,5.5130893477900615,22.281970935816823,0.7427323645272275,5.5130893477900615,14,10.858854665059388,0.9884186281424322,0.006349221111111069,4.301472973114028,9.81456232090409,15.160327638173417,0.0,0.0 days,0.9824917431169218,98.24917431169217,STOCKOUT,15.160327638173417,16,99.12458715584609,URGENT,19,63.657432960976124,26.063505298847005,26.85298678590099,37.59392766212912,12.731486592195225,0.0,0.03616992641135006,6.304683334216127,24,0,23
FOODS_3_089,WI_3,FOODS_3,high,11.0,2.0,0.0,5,0.95,0.02,5.0,25.0,item_store,90,2.322661462335137,regular,synthetic_demo,reorder,13.0,1.8571428571428572,13.6031116261205,55.44310556210602,1.8481035187368673,9.528941159189623,12,23.692553315942455,2.333609857225885,0.09761899999999994,8.58302760956216,18.111968768751783,32.27558092550461,7.034238000307026,7.0 days,0.25296301300481594,25.296301300481595,REORDER NOW,19.275580925504613,20,33.05980228291317,MEDIUM,29,75.86434517965749,26.931795397479192,30.304947438367005,48.9325497821783,15.172869035931502,0.0,0.05323040659979907,13.880361370668297,37,0,36
FOODS_3_096,WI_3,FOODS_3,medium,4.0,1.0,0.0,14,0.9,0.02,5.0,25.0,item_store,90,0.7395147659797207,intermittent,synthetic_demo,critical,5.0,0.5357142857142857,3.6351617058800887,16.7045913448761,0.55681971149587,7.462385894366545,21,11.392196729949534,0.7384576012614825,-0.08730158777777777,3.540997894842787,11.003383789209332,14.933194624792321,8.979567168280978,9.0 days,0.8135842993918002,81.35842993918003,CRITICAL,9.933194624792321,10,70.35055405134216,HIGH,12,36.38307630924783,26.30365619029702,26.758770029507232,10.079420118950814,7.276615261849568,0.0,0.0598359683849187,4.783220706535352,17,0,16
FOODS_3_099,WI_3,FOODS_3,high,88.0,6.0,0.0,7,0.9,0.02,5.0,25.0,item_store,90,7.8613192747869185,regular,synthetic_demo,low,94.0,9.821428571428571,68.92920673253768,296.5803804952501,9.886012683175004,68.92920673253768,14,139.97671899462333,6.963053738495879,-3.722221888888889,23.609394683300646,92.53860141583833,163.58611367792398,9.50838351239206,9.5 days,0.08677606631908186,8.677606631908185,LOW,69.58611367792398,70,12.846385299951635,LOW,51,54.25199103508001,32.110956023595115,34.191248906404184,22.141035011484895,10.673296133983621,6.325074036870674,0.11278348583481024,46.764561388721866,78,0,77
FOODS_3_113,WI_3,FOODS_3,high,17.0,1.0,0.0,7,0.99,0.02,5.0,25.0,item_store,90,2.9581261590847068,regular,synthetic_demo,critical,18.0,3.4642857142857144,24.65830006088748,94.9582750428935,3.1652758347631167,24.65830006088748,14,46.16031365797221,2.969512062038266,-0.1746032222222223,18.27716244720362,42.9354625080911,64.43747610517583,5.686708185843489,5.7 days,0.8016360715209956,80.16360715209956,CRITICAL,46.43747610517583,47,71.91797655608116,HIGH,46,141.59189037246867,27.952781590913467,27.973375511654673,113.6391087815552,28.318378074493733,0.0,0.09287052944408325,17.77449245495035,58,0,57
FOODS_3_123,WI_3,FOODS_3,low,7.0,1.0,0.0,7,0.9,0.02,5.0,25.0,item_store,90,0.3333333333333333,intermittent,synthetic_demo,healthy,8.0,0.5,3.747441862826939,13.645632733174494,0.4548544244391498,3.747441862826939,14,7.187025622176012,0.32842833090238405,0.06666666666666667,1.1135910163357474,4.8610328791626864,8.300616638511759,17.588044812061042,17.6 days,4.941286950721491e-07,4.941286950721491e-05,HEALTHY,0.3006166385117588,1,0.7243483358793661,LOW,0,2.710433264373249,2.710433264373249,26.021183072015514,0.0,0.5308701599398485,0.4005890333857616,0.5308701599398485,0.4005890333857616,5,0,4
FOODS_3_135,WI_3,FOODS_3,high,116.0,25.0,0.0,7,0.95,0.02,5.0,25.0,item_store,90,3.932072772698389,regular,synthetic_demo,healthy,141.0,7.142857142857143,52.602192527498666,238.36236114345488,7.945412038115163,52.602192527498666,14,108.74320541279363,3.907673099109561,0.6007935555555555,17.005699553815322,69.60789208131399,125.74890496660895,17.746090363042832,17.7 days,0.0,0.0,HEALTHY,0.0,0,0.0,NONE,0,6.350971682817219,6.350971682817219,6.350971682817219,0.0,0.5861476553217645,24.43023861577426,0.5861476553217645,24.43023861577426,20,0,19
FOODS_3_179,WI_3,FOODS_3,low,5.0,1.0,0.0,14,0.9,0.02,5.0,25.0,item_store,90,0.29082726754292704,intermittent,synthetic_demo,healthy,6.0,0.21428571428571427,1.6706296755335541,7.300510991323726,0.24335036637745755,3.455284242307754,21,5.198075933024373,0.2923476464517804,0.00793650555555556,1.401844058317764,4.857128300625519,6.599919991342137,24.655808369293673,24.7 days,0.009999857060842388,0.9999857060842388,HEALTHY,0.5999199913421371,1,2.3179542590261923,LOW,0,2.3274776385426637,2.3274776385426637,25.921699617738135,0.0,0.4451423857913572,0.48459861707560703,0.4451423857913572,0.48459861707560703,5,0,4
FOODS_3_187,WI_3,FOODS_3,medium,0.0,0.0,2.0,5,0.9,0.02,5.0,25.0,item_store,90,1.8568299480651826,intermittent,synthetic_demo,stockout,-2.0,1.6785714285714286,12.208084262842052,51.12257870479484,1.7040859568264948,8.567346090449664,12,21.063235563568917,1.8652048889088892,0.08650788888888888,5.344999055250893,13.912345145700558,26.40823461881981,0.0,0.0 days,0.9943566585200798,99.43566585200799,STOCKOUT,28.40823461881981,29,99.71783292600398,URGENT,37,131.43384106059048,26.593049768174904,31.503691600678504,104.84079129241557,26.286768212118098,0.0,0.06005116281817855,10.773282950700082,45,0,44
FOODS_3_223,WI_3,FOODS_3,low,5.0,0.0,0.0,7,0.95,0.02,5.0,25.0,item_store,90,0.8859894583685162,intermittent,synthetic_demo,critical,5.0,1.0,7.089134818948339,31.04742262082699,1.0349140873608997,7.089134818948339,14,14.778715401429675,0.8897497191329361,-0.04603172222222226,3.8720783489064448,10.961213167854783,18.65079375033612,4.831318909524495,4.8 days,0.8125847938024,81.25847938024,CRITICAL,13.65079375033612,14,71.58292096124102,HIGH,16,50.57215576222311,26.020873947890713,26.211847642147543,24.5512818143324,10.11443115244462,0.0,0.03830628584298882,5.923875133398368,22,0,21
FOODS_3_240,WI_3,FOODS_3,low,3.0,1.0,0.0,7,0.95,0.02,5.0,25.0,item_store,90,1.0633291758603391,intermittent,synthetic_demo,reorder,4.0,0.5714285714285714,3.609573193594342,12.642843572391024,0.4214281190797008,3.609573193594342,14,6.245425344530612,1.0672816723352028,0.06507937888888889,4.6446749763079795,8.254248169902322,10.890100320838592,9.491535611660305,9.5 days,0.4450155810959796,44.50155810959796,REORDER NOW,6.890100320838592,7,50.366689050450056,HIGH,11,29.987947258723107,25.923856513703445,28.829050485275815,4.064090745019662,5.997485749009567,0.0037036691091141597,0.04338249122363918,5.049600411323187,17,0,16
FOODS_3_249,WI_3,FOODS_3,medium,0.0,0.0,0.0,7,0.95,0.02,5.0,25.0,item_store,90,0.8699440900793256,intermittent,synthetic_demo,stockout,0.0,1.0357142857142858,7.326525748141457,29.06996266663385,0.9689987555544616,7.326525748141457,14,14.06590936640277,0.8612927881240908,0.15238095666666668,3.7482373809732916,11.07476312911475,17.814146747376064,0.0,0.0 days,0.9993480678520796,99.93480678520797,STOCKOUT,17.814146747376064,18,99.96740339260397,URGENT,23,84.18279508981476,26.087687005162497,29.034718421571718,58.09510808465227,16.836559017962955,0.0,0.04373643340025492,6.207177415437304,30,0,29
FOODS_3_263,WI_3,FOODS_3,high,131.0,30.0,0.0,5,0.95,0.02,5.0,25.0,item_store,90,5.493665173171803,regular,synthetic_demo,healthy,161.0,11.178571428571429,80.22025689933487,343.0906961591792,11.436356538639306,56.92114317369624,12,138.91172327521033,5.1298817740117535,2.0388885555555554,18.867728366760435,75.78887154045667,157.77945164197078,14.07791016798395,14.1 days,0.0,0.0,HEALTHY,0.0,0,0.0,NONE,39,45.19793245651397,30.545101940556535,45.19793245651397,14.652830515957433,8.899944828384953,5.818402621576661,0.24118886823701682,36.15964666142873,60,0,59
FOODS_3_276,WI_3,FOODS_3,high,2.0,1.0,0.0,5,0.975,0.02,5.0,25.0,item_store,90,1.0007650145079208,regular,synthetic_demo,reorder,3.0,0.0,0.0,0.0,0.0,0.0,12,0.0,0.9094209953976126,-0.42857143333333336,3.9856400066979947,3.9856400066979947,3.9856400066979947,,NO EXPECTED DEMAND,0.07007009144527432,7.007009144527432,REORDER NOW,0.9856400066979947,1,15.868394590448942,LOW,0,1.532489240132682,1.532489240132682,25.708480245582095,0.0,0.2815298085544619,1.0403349780031041,0.2815298085544619,1.0403349780031041,6,0,5
FOODS_3_312,WI_3,FOODS_3,low,11.0,0.0,0.0,7,0.9,0.02,5.0,25.0,item_store,90,0.7355370399915605,intermittent,synthetic_demo,healthy,11.0,0.6071428571428571,4.510052618961064,18.32127703522305,0.6107092345074351,4.510052618961064,14,8.716016996500622,0.7359242481242879,-0.07380951000000001,2.4952738674009978,7.005326486362062,11.21129086390162,18.011844882077153,18.0 days,0.00042929361307608715,0.042929361307608715,HEALTHY,0.21129086390162044,1,0.39838981169636745,LOW,0,1.3170945042565185,1.3170945042565185,25.86897786639779,0.0,0.19962879081615503,2.278218215541022,0.19962879081615503,2.278218215541022,5,0,4
FOODS_3_319,WI_3,FOODS_3,high,0.0,0.0,0.0,7,0.975,0.02,5.0,25.0,item_store,90,7.9197613713649995,regular,synthetic_demo,critical,0.0,0.0,0.0,0.0,0.0,0.0,14,0.0,7.946158696036684,-0.5317458888888882,41.20542001123858,41.20542001123858,41.20542001123858,,NO EXPECTED DEMAND,0.5,50.0,STOCKOUT,41.20542001123858,42,75.0,URGENT,77,208.00470688491225,30.945963807837057,56.146224881364965,177.0587430770752,41.600941376982455,0.0,0.19262560323241254,35.59168422624996,102,0,101
FOODS_3_321,WI_3,FOODS_3,high,39.0,3.0,0.0,7,0.95,0.02,5.0,25.0,item_store,90,2.3231800476473814,regular,synthetic_demo,reorder,42.0,5.071428571428571,35.77564061565229,157.09760884737824,5.236586961579275,35.77564061565229,14,72.33968986400264,2.2752967078978865,0.5269842222222223,9.90180376631646,45.677444381968755,82.2414936303191,8.02049126810136,8.0 days,0.15057528137128995,15.057528137128994,REORDER NOW,40.2414936303191,41,19.73021113959067,LOW,55,190.95501822144507,27.77224907255917,36.31492611380449,163.1827691488859,38.191003644289026,0.0,0.08151548302716614,16.89051183873815,66,0,65
FOODS_3_327,WI_3,FOODS_3,high,13.0,1.0,0.0,7,0.95,0.02,5.0,25.0,item_store,90,1.57495998290595,regular,synthetic_demo,reorder,14.0,1.7857142857142858,12.732327133076563,55.592988718712284,1.853099623957076,12.732327133076563,14,25.912077846655038,1.5780976476030675,-0.13333336666666676,6.867681553975368,19.600008687051933,32.779759400630404,7.554909525104025,7.6 days,0.3807103239612536,38.07103239612536,REORDER NOW,18.779759400630404,19,39.06509779459248,MEDIUM,21,57.59398687247035,26.623543532130817,26.915992339591515,30.970443340339536,11.51879737449407,0.0,0.05762162734630176,9.538824252852232,28,0,27
FOODS_3_329,WI_3,FOODS_3,high,255.0,60.0,0.0,7,0.975,0.02,5.0,25.0,item_store,90,10.275802617299805,regular,synthetic_demo,healthy,315.0,17.535714285714285,128.61354447284273,575.0994363661772,19.169981212205908,128.61354447284273,14,264.05545149053023,10.323281717228248,-0.45396777777777814,53.532175145821746,182.1457196186645,317.58762663635196,16.431940986954814,16.4 days,4.422906485501699e-12,4.4229064855016986e-10,HEALTHY,2.587626636351956,3,0.16295512940915188,LOW,0,13.5657980243209,13.5657980243209,38.217899243098785,0.0,1.0780031883906935,58.39844344548165,1.0780031883906935,58.39844344548165,53,0,52
FOODS_3_340,WI_3,FOODS_3,low,1.0,0.0,0.0,7,0.975,0.02,5.0,25.0,item_store,90,1.0814085473592243,intermittent,synthetic_demo,critical,1.0,0.6785714285714286,4.98454453376711,17.357213011810106,0.5785737670603369,4.98454453376711,14,8.957539327781532,1.0846505973042961,0.07777777777777779,5.624539496002786,10.609084029769896,14.582078823784318,1.7283880758729844,1.7 days,0.9175046206898478,91.75046206898479,CRITICAL,13.582078823784318,14,91.67591914804223,URGENT,18,57.38676816909577,26.110648680330144,27.43491440443704,31.276119488765623,11.477353633819153,0.0,0.03841988114101669,6.5610662473218655,23,0,22
FOODS_3_354,WI_3,FOODS_3,low,23.0,4.0,0.0,7,0.95,0.02,5.0,25.0,item_store,90,0.7373844461008616,intermittent,synthetic_demo,overstock,27.0,0.7142857142857143,5.125934147689939,18.21775558161421,0.6072585193871404,5.125934147689939,14,9.61943297085563,0.7288483354797635,-0.13571429000000002,3.1718558587440686,8.297790006434008,12.791288829599699,44.462118089753666,44.5 days,0.0,0.0,OVERSTOCK,0.0,0,0.0,NONE,0,2.5193325562766873,2.5193325562766873,2.5193325562766873,0.0,0.0,17.99523254483348,0.0,17.99523254483348,1,0,0
FOODS_3_360,WI_3,FOODS_3,medium,5.0,1.0,0.0,5,0.99,0.02,5.0,25.0,item_store,90,0.7240209579148935,intermittent,synthetic_demo,low,6.0,0.39285714285714285,2.4859825616928313,10.18692287450441,0.3395640958168136,1.7752798196993813,12,4.202357946923817,0.7235118419736042,0.08095238433333335,3.7636159820611383,5.538895801760519,7.965973928984955,17.669712651943186,17.7 days,0.004509101135406812,0.4509101135406812,HEALTHY,1.9659739289849547,2,5.161383661385958,LOW,0,5.8749475986913025,5.8749475986913025,26.67025695059172,0.0,1.1627026328746486,0.5119536193171639,1.1627026328746486,0.5119536193171639,8,0,7
FOODS_3_383,WI_3,FOODS_3,high,6.0,0.0,0.0,7,0.95,0.02,5.0,25.0,item_store,90,1.648497911072924,regular,synthetic_demo,critical,6.0,1.6071428571428572,11.817014854499217,57.03015628715977,1.9010052095719923,11.817014854499217,14,24.837100383262385,1.6181846285628223,0.3579365222222223,7.0421350297219565,18.859149884221175,31.879235412984343,3.1562249118459222,3.2 days,0.9128789189794029,91.28789189794028,CRITICAL,25.879235412984343,26,82.33530153830687,URGENT,35,123.41771993580507,26.831773818167758,33.67947020469153,96.5859461176373,24.683543987161016,0.0,0.07538326388527182,10.391839276724259,45,0,44
FOODS_3_387,WI_3,FOODS_3,medium,0.0,0.0,0.0,7,0.95,0.02,5.0,25.0,item_store,90,0.8522845117030398,intermittent,synthetic_demo,stockout,0.0,1.1785714285714286,8.490484183260453,31.148437546089212,1.0382812515363071,8.490484183260453,14,15.623088935903471,0.8158464887057999,0.2611111111111111,3.5504608284985473,12.040945011759,19.17354976440202,0.0,0.0 days,0.9999581345061086,99.99581345061085,STOCKOUT,19.17354976440202,20,99.99790672530541,URGENT,25,97.47780173964196,25.970690024921552,29.82310267281772,71.50711171472041,19.495560347928393,0.0,0.038923827554772646,5.543363479626381,31,0,30
FOODS_3_432,WI_3,FOODS_3,high,0.0,0.0,2.0,3,0.99,0.02,5.0,25.0,item_store,90,1.4136021264583039,regular,synthetic_demo,stockout,-2.0,0.9285714285714286,6.770686859324256,27.840220343786548,0.9280073447928849,2.740980320699708,10,9.74655073852311,1.4212147823090264,0.029365088888888884,5.726575640158078,8.467555960857787,15.473126378681188,0.0,0.0 days,0.9729454669236233,97.29454669236233,STOCKOUT,17.473126378681187,18,98.64727334618115,URGENT,22,69.6556068469603,25.833912790738257,26.698785566311095,43.82169405622204,13.931121369392057,0.0,0.005299005426953395,8.074177636034893,26,0,25
FOODS_3_467,WI_3,FOODS_3,medium,9.0,1.0,0.0,7,0.95,0.02,5.0,25.0,item_store,90,1.0286017420654339,regular,synthetic_demo,reorder,10.0,1.1428571428571428,8.234403066849955,34.230238535112875,1.1410079511704292,8.234403066849955,14,16.018495084472583,1.0298464493019583,0.09603175555555554,4.481761615981475,12.71616468283143,20.50025670045406,8.764180819022467,8.8 days,0.25849485690923113,25.849485690923114,REORDER NOW,10.50025670045406,11,29.57674835453492,MEDIUM,15,40.21186584194188,26.32175415545935,27.51759346494784,13.89011168648253,8.04227561630624,0.003484002933412184,0.06754571621236295,7.028754102839536,22,0,21
FOODS_3_470,WI_3,FOODS_3,medium,10.0,2.0,0.0,7,0.975,0.02,5.0,25.0,item_store,90,0.8667942083585879,intermittent,synthetic_demo,low,12.0,0.9285714285714286,6.89662269263789,32.781939934460624,1.0927313311486875,6.89662269263789,14,14.585136841259072,0.8716206405310573,0.007142843333333341,4.519856191830228,11.416478884468118,19.1049930330893,10.98165638518437,11.0 days,0.013448868817647064,1.3448868817647064,HEALTHY,7.1049930330893005,8,8.110282356378063,LOW,0,18.08838302597758,18.08838302597758,25.894535966525073,0.0,3.6126084548572908,0.18100536922235058,3.6126084548572908,0.18100536922235058,13,0,12
FOODS_3_479,WI_3,FOODS_3,medium,21.0,1.0,0.0,5,0.95,0.02,5.0,25.0,item_store,90,1.9978871613478253,regular,synthetic_demo,healthy,22.0,1.2142857142857142,7.88687264023948,27.019938223153567,0.9006646074384522,5.861246313849884,12,12.62480255320371,1.9601831875795528,-0.4380952000000001,7.209562629631253,13.070808943481136,19.83436518283496,24.426406698237436,24.4 days,0.00011568820619145548,0.011568820619145548,HEALTHY,0.0,0,0.0,NONE,0,1.875342230074314,1.875342230074314,1.875342230074314,0.0,0.18194980140319844,8.046610192152684,0.18194980140319844,8.046610192152684,11,0,10
FOODS_3_480,WI_3,FOODS_3,medium,0.0,0.0,0.0,7,0.975,0.02,5.0,25.0,item_store,90,0.5606371900370218,intermittent,synthetic_demo,stockout,0.0,0.5714285714285714,4.0288680047221455,18.51748367028254,0.6172494556760847,4.0288680047221455,14,8.89810094213183,0.5634248647468323,-0.01984126888888891,2.9216831785964796,6.950551183318625,11.81978412072831,0.0,0.0 days,0.9965610712163245,99.65610712163246,STOCKOUT,11.81978412072831,12,99.82805356081623,URGENT,12,45.32923027754589,25.584926115201448,25.584926115201448,19.74430416234444,9.06584605550918,0.0,0.033880265169792825,2.968034209660614,16,0,15
FOODS_3_482,WI_3,FOODS_3,low,7.0,3.0,0.0,7,0.95,0.02,5.0,25.0,item_store,90,0.8933966623570171,intermittent,synthetic_demo,healthy,10.0,0.39285714285714285,2.6792405463979976,11.5034334367973,0.3834477812265767,2.6792405463979976,14,5.580045826260954,0.8983730103464106,-0.007142843333333344,3.909605822628548,6.5888463690265455,9.489651648889502,26.07917033190777,26.1 days,0.0010350102584690823,0.10350102584690823,HEALTHY,0.0,0,0.0,NONE,0,1.8508525463282786,1.8508525463282786,1.8508525463282786,0.0,0.3055181778452709,2.309011836442316,0.3055181778452709,2.309011836442316,7,0,6
FOODS_3_501,WI_3,FOODS_3,high,76.0,7.0,0.0,7,0.95,0.02,5.0,25.0,item_store,90,6.251129128971421,regular,synthetic_demo,reorder,83.0,8.714285714285714,63.07036608006598,273.2366835660585,9.10788945220195,63.07036608006598,14,126.65596119505237,6.245980788327252,0.7055558888888892,27.18171914876899,90.25208522883497,153.83768034382138,9.112978416743264,9.1 days,0.11390748739016998,11.390748739016999,REORDER NOW,70.83768034382138,71,17.315389800509358,LOW,99,286.51368326184377,32.22521465328649,44.85390929205775,254.28846860855728,57.302736652368765,0.0,0.2699606584860167,41.967224006117256,126,0,125
FOODS_3_511,WI_3,FOODS_3,high,113.0,20.0,0.0,7,0.95,0.02,5.0,25.0,item_store,90,3.807075023369049,intermittent,synthetic_demo,healthy,133.0,8.142857142857142,57.35011104756085,246.86204496211909,8.228734832070636,57.35011104756085,14,115.96852036481307,3.8236086528325806,0.19047666666666707,16.639861705999973,73.98997275356082,132.60838207081304,16.162873481066175,16.2 days,3.774758283725532e-14,3.774758283725532e-12,HEALTHY,0.0,0,0.0,NONE,0,8.67736707437772,8.67736707437772,8.67736707437772,0.0,1.328367945904342,14.53948103468579,1.328367945904342,14.53948103468579,27,0,26
FOODS_3_520,WI_3,FOODS_3,medium,0.0,0.0,0.0,7,0.95,0.02,5.0,25.0,item_store,90,1.0745325400424026,intermittent,synthetic_demo,critical,0.0,0.6071428571428571,4.319630601256386,17.09240059474685,0.5697466864915616,4.319630601256386,14,8.608492869204936,1.0801912633410597,0.027777777777777783,4.700855885109759,9.020486486366146,13.309348754314694,0.0,0.0 days,0.9346644736208839,93.46644736208839,STOCKOUT,13.309348754314694,14,96.7332236810442,URGENT,18,58.51953407067872,26.016617521832263,27.586721789952584,32.50291654884646,11.703906814135744,0.0,0.026296590624759315,6.322389776489016,23,0,22
FOODS_3_532,WI_3,FOODS_3,medium,10.0,1.0,0.0,7,0.9,0.02,5.0,25.0,item_store,90,2.1856377169906267,regular,synthetic_demo,critical,11.0,2.3214285714285716,17.313172404733482,73.24738253268657,2.441579417756219,17.313172404733482,14,34.405648864675804,2.1956170027297004,0.09920644444444458,7.4446055333774686,24.75777793811095,41.85025439805327,4.505280442652512,4.5 days,0.8614332006452216,86.14332006452216,CRITICAL,30.850254398053274,31,74.4856776998596,HIGH,41,136.42434179064452,27.081106710607227,33.10973942374357,109.34323508003729,27.284868358128904,0.0,0.03132067718779562,13.746452319058893,48,0,47
FOODS_3_539,WI_3,FOODS_3,low,7.0,1.0,0.0,10,0.9,0.02,5.0,25.0,item_store,90,0.5299157089520035,highly_intermittent,synthetic_demo,healthy,8.0,0.32142857142857145,2.355250466548977,12.32780595460643,0.41092686515354765,3.5048379932882203,17,6.672511001539468,0.5325681955598344,-0.018253977777777763,2.1582975251535235,5.663135518441743,8.83080852669299,19.468184434742923,19.5 days,0.0038023730297418457,0.38023730297418457,HEALTHY,0.8308085266929908,1,2.071732377300976,LOW,0,3.0477642797466835,3.0477642797466835,26.445366716103486,0.0,0.5806334298140245,0.8505713569209451,0.5806334298140245,0.8505713569209451,6,0,5
FOODS_3_550,WI_3,FOODS_3,low,0.0,0.0,0.0,7,0.95,0.02,5.0,25.0,item_store,90,0.9144066144158891,intermittent,synthetic_demo,critical,0.0,0.35714285714285715,2.5925925298491648,12.331367323949078,0.4110455774649692,2.5925925298491648,14,5.669719999220246,0.9189469813092802,-0.03253967444444443,3.9991411445323193,6.591733674381484,9.668861143752565,0.0,0.0 days,0.8568645078841373,85.68645078841372,STOCKOUT,9.668861143752565,10,92.84322539420687,URGENT,13,41.68992135575725,25.927310236878665,27.34302467379995,15.762611118878585,8.33798427115145,0.0,0.053429578762619556,4.71544530761117,19,0,18
FOODS_3_558,WI_3,FOODS_3,low,0.0,0.0,2.0,7,0.9,0.02,5.0,25.0,item_store,90,0.2581988897471611,intermittent,synthetic_demo,stockout,-2.0,0.2857142857142857,2.227506234044739,10.773510005774693,0.35911700019248977,2.227506234044739,14,4.840881270267427,0.2508412811213631,0.06666666666666667,0.8505191875968944,3.0780254216416334,5.691400457864321,0.0,0.0 days,0.999999999905457,99.99999999054569,STOCKOUT,7.691400457864321,8,99.99999999527284,URGENT,10,39.29461663937397,25.32629422347446,26.484381927413054,13.968322415899511,7.858923327874794,0.0,0.005164102991620994,2.1462407751168264,13,0,12
FOODS_3_601,WI_3,FOODS_3,low,3.0,1.0,0.0,7,0.95,0.02,5.0,25.0,item_store,90,0.47431176955109805,highly_intermittent,synthetic_demo,reorder,4.0,0.39285714285714285,2.7297762467386293,10.784915871274263,0.3594971957091421,2.7297762467386293,14,5.3087296842774245,0.4769683314116991,0.0007936555555555477,2.0757059085930853,4.805482155331715,7.38443559287051,11.126651466945724,11.1 days,0.1570720196683998,15.707201966839978,REORDER NOW,3.38443559287051,4,22.048524205526945,LOW,0,11.140196353882525,11.140196353882525,25.66625146762275,0.0,2.2270610550229115,0.03493627691404507,2.2270610550229115,0.03493627691404507,8,0,7
FOODS_3_611,WI_3,FOODS_3,high,10.0,3.0,0.0,7,0.95,0.02,5.0,25.0,item_store,90,1.1375746013961006,intermittent,synthetic_demo,healthy,13.0,0.7857142857142857,4.682564222719273,18.702991124992742,0.6234330374997581,4.682564222719273,14,8.779121932833688,1.1425433220875925,-0.0563492111111111,4.9722041659695355,9.654768388688808,13.751326098803222,20.852279584244915,20.9 days,0.002966251817777321,0.2966251817777321,HEALTHY,0.7513260988032222,1,1.2410451657764765,LOW,0,2.780856537167589,2.780856537167589,26.86190499106516,0.0,0.4895873002454973,2.378000256715017,0.4895873002454973,2.378000256715017,9,0,8
FOODS_3_616,WI_3,FOODS_3,medium,9.0,1.0,0.0,7,0.95,0.02,5.0,25.0,item_store,90,0.9676455352638693,intermittent,synthetic_demo,low,10.0,0.75,5.426441331241227,22.605541053465878,0.7535180351155293,5.426441331241227,14,11.440330773165552,0.9705286820394413,0.06984126888888892,4.223618188247111,9.650059519488337,15.663948961412665,13.271082487716171,13.3 days,0.03744519219810416,3.744519219810416,HEALTHY,5.663948961412665,6,9.104087261240783,LOW,0,18.967231305444134,18.967231305444134,26.84563059606915,0.0,3.7895500816767225,0.13914926471803846,3.7895500816767225,0.13914926471803846,14,0,13
FOODS_3_635,WI_3,FOODS_3,high,30.0,4.0,0.0,7,0.95,0.02,5.0,25.0,item_store,90,3.6439929615539723,regular,synthetic_demo,overstock,34.0,0.0,0.0,0.0,0.0,0.0,14,0.0,3.561977492640917,-0.8555555555555555,15.501275956555016,15.501275956555016,15.501275956555016,,NO EXPECTED DEMAND,0.00015442061679404873,0.015442061679404873,OVERSTOCK,0.0,0,0.0,NONE,0,2.9555145794320508,2.9555145794320508,2.9555145794320508,0.0,0.050745103365604484,19.298493304314484,0.050745103365604484,19.298493304314484,4,0,3
FOODS_3_640,WI_3,FOODS_3,low,7.0,2.0,0.0,10,0.95,0.02,5.0,25.0,item_store,90,1.0612345718415206,intermittent,synthetic_demo,critical,9.0,1.1785714285714286,8.807379787368728,39.40817183307476,1.3136057277691586,12.857834622546282,17,22.394643230323595,1.055295575011448,-0.15793650888888885,5.489102920744139,18.34693754329042,27.883746151067733,6.851370856371281,6.9 days,0.8761657663419229,87.61657663419228,CRITICAL,18.883746151067733,19,72.63656218303107,HIGH,19,59.9015172192547,26.337760338455816,26.337760338455816,33.563756880798884,11.98030344385094,0.0,0.027932673870498435,7.0476292300195595,24,0,23
FOODS_3_641,WI_3,FOODS_3,low,0.0,0.0,0.0,14,0.975,0.02,5.0,25.0,item_store,90,0.847983469157105,intermittent,synthetic_demo,stockout,0.0,0.6071428571428571,4.733450747345071,21.579259595904794,0.7193086531968265,9.94026640007489,21,14.993733551828702,0.8486065031960819,0.08333333333333333,6.223267434549304,16.163533834624193,21.217000986378007,0.0,0.0 days,0.9991277535122787,99.91277535122786,STOCKOUT,21.217000986378007,22,99.95638767561393,URGENT,24,90.48386882901436,26.47079034470558,26.647066075609832,64.01307848430878,18.09677376580287,0.0,0.044359469390438284,5.947585703587568,30,0,29
FOODS_3_648,WI_3,FOODS_3,medium,44.0,11.0,0.0,7,0.95,0.02,5.0,25.0,item_store,90,2.381928389146159,regular,synthetic_demo,overstock,55.0,1.3928571428571428,9.296721418144276,32.67811766931228,1.089270588977076,9.296721418144276,14,16.174933943518685,2.3892893295055715,0.16825394444444441,10.397885251447283,19.694606669591558,26.572819194965966,50.49250439383477,50.5 days,2.418065747633591e-13,2.418065747633591e-11,OVERSTOCK,0.0,0,0.0,NONE,0,4.265122473866821,4.265122473866821,4.265122473866821,0.0,0.0,30.46516052762015,0.0,30.46516052762015,1,0,0
FOODS_3_658,WI_3,FOODS_3,low,5.0,0.0,0.0,7,0.9,0.02,5.0,25.0,item_store,90,0.7402043596426692,intermittent,synthetic_demo,low,5.0,0.2857142857142857,2.227506234044739,12.336425445630876,0.41121418152102923,2.227506234044739,14,5.075235470928,0.7333161358703175,-0.12698412222222222,2.486430627941002,4.713936861985741,7.561666098869002,12.15911372877665,12.2 days,0.07650302074113213,7.650302074113213,HEALTHY,2.5616660988690017,3,10.600552292216896,LOW,0,6.761921979734479,6.761921979734479,26.19269189224318,0.0,1.3437675901272477,0.3077430649874271,1.3437675901272477,0.3077430649874271,9,0,8
FOODS_3_661,WI_3,FOODS_3,high,38.0,0.0,0.0,10,0.9,0.02,5.0,25.0,item_store,90,2.605576835804102,regular,synthetic_demo,reorder,38.0,3.107142857142857,23.064004255431424,100.48999415816917,3.3496664719389724,32.85609510685664,17,56.60994822997082,2.5914249460455707,-0.38492061111111114,10.502065452466312,43.358160559322954,67.11201368243712,11.344413038831146,11.3 days,0.2650992168722921,26.50992168722921,REORDER NOW,29.112013682437123,30,25.63798151773246,MEDIUM,33,77.7524285789625,28.68513461407194,29.068887923255062,49.06729396489055,15.542706859829428,0.22878988126678038,0.13123800781964903,17.817321029257002,45,0,44
FOODS_3_666,WI_3,FOODS_3,medium,13.0,3.0,0.0,7,0.95,0.02,5.0,25.0,item_store,90,0.6912147117775908,intermittent,synthetic_demo,healthy,16.0,0.9642857142857143,7.102645148810228,28.969485761445668,0.9656495253815223,7.102645148810228,14,14.126710333429457,0.6542857843790048,0.23333333333333334,2.847369058076316,9.950014206886543,16.974079391505775,16.569158457027665,16.6 days,1.375312278506513e-07,1.375312278506513e-05,HEALTHY,0.974079391505775,1,1.1477326165425865,LOW,0,9.164288037812533,9.164288037812533,30.904855792226638,0.0,1.8242131557215233,0.3087304228922693,1.8242131557215233,0.3087304228922693,9,0,8
FOODS_3_677,WI_3,FOODS_3,low,0.0,0.0,3.0,10,0.95,0.02,5.0,25.0,item_store,90,0.5693165328158099,intermittent,synthetic_demo,stockout,-3.0,0.21428571428571427,1.5596147338425919,8.015663889012773,0.26718879630042575,2.287829981035303,17,4.281326534747803,0.5721582190706794,-0.019841272222222213,2.976071752593638,5.263901733628941,7.2573982873414415,0.0,0.0 days,0.9982640878208066,99.82640878208066,STOCKOUT,10.257398287341442,11,99.91320439104032,URGENT,12,44.69715391665806,25.554585315010126,25.707908963633617,19.142568601647934,8.939430783331613,0.0,0.006632214347485679,3.0672014310158726,15,0,14
FOODS_3_709,WI_3,FOODS_3,low,11.0,2.0,0.0,7,0.95,0.02,5.0,25.0,item_store,90,0.9422978136947351,intermittent,synthetic_demo,low,13.0,1.1785714285714286,8.965065087050542,40.43206723461026,1.3477355744870085,8.965065087050542,14,18.437799680069645,0.9474141486538665,0.01746031222222225,4.123026659705154,13.088091746755696,22.5608263397748,9.645809048965868,9.6 days,0.0537305882572201,5.37305882572201,REORDER NOW,9.560826339774799,10,11.364049215445865,LOW,13,30.826934616200123,26.113979009891953,26.680264469507556,4.712955606308171,6.164453949292388,0.03332049812985121,0.029637683473678535,6.898504232311143,17,0,16
FOODS_3_724,WI_3,FOODS_3,low,5.0,0.0,0.0,5,0.99,0.02,5.0,25.0,item_store,90,0.4752669613589929,highly_intermittent,synthetic_demo,healthy,5.0,0.17857142857142858,1.3564771105636761,5.951399247338629,0.19837997491128764,0.9589513135337955,12,2.272782321090463,0.47657822613670503,0.03571428433333334,2.4790989235196075,3.438050237053403,4.75188124461007,25.20415683203872,25.2 days,7.470223275962695e-05,0.007470223275962695,HEALTHY,0.0,0,0.0,NONE,0,0.7611489003159452,0.7611489003159452,0.7611489003159452,0.0,0.12227966292825367,1.2479215472889749,0.12227966292825367,1.2479215472889749,3,0,2
FOODS_3_795,WI_3,FOODS_3,medium,0.0,0.0,0.0,3,0.9,0.02,5.0,25.0,item_store,90,2.536004772898374,regular,synthetic_demo,critical,0.0,1.4285714285714286,10.115264648339078,45.09321668485667,1.5031072228285558,4.332179300291545,10,14.568658414191953,2.5085828237142245,-0.45634911111111115,5.568332460538544,9.900511760830089,20.136990874730497,0.0,0.0 days,0.8406301098817489,84.0630109881749,STOCKOUT,20.136990874730497,21,92.03150549408745,URGENT,27,76.47628168100904,26.347456694054642,27.91873454812976,50.1288249869544,15.29525633620181,0.0,0.03470241719114161,11.739446080989332,33,0,32
FOODS_3_801,WI_3,FOODS_3,high,28.0,9.0,0.0,10,0.9,0.02,5.0,25.0,item_store,90,2.5694822925888094,regular,synthetic_demo,reorder,37.0,3.2142857142857144,21.969560701545646,96.34691302768255,3.211563767589418,31.593960274690087,17,54.49145925385777,2.5829441664198765,-0.06904766666666674,10.46769605934424,42.061656334034325,64.959155313202,11.52086730252658,11.5 days,0.2540314125722899,25.403141257228988,REORDER NOW,27.959155313202004,28,24.919965936669044,LOW,37,92.98473941736967,28.379767142525008,31.156080146321354,64.60497227484466,18.591730333130723,0.1534573630355143,0.04337979641028923,18.605106826315076,44,0,43
FOODS_3_817,WI_3,FOODS_3,medium,3.0,0.0,0.0,3,0.99,0.02,5.0,25.0,item_store,90,0.562681061576351,intermittent,synthetic_demo,low,3.0,0.21428571428571427,1.6706296755335541,7.876426427082214,0.2625475475694071,0.6660896501457726,10,2.449480100063222,0.56575230484548,-0.009523809999999994,2.279615584934826,2.945705235080599,4.7290956849980486,11.426501705207965,11.4 days,0.008615162307272883,0.8615162307272883,HEALTHY,1.7290956849980486,2,7.743343016037999,LOW,0,4.404619584511687,4.404619584511687,25.708811855668397,0.0,0.8763894562947214,0.2267230303808007,0.8763894562947214,0.2267230303808007,6,0,5
