item_id,store_id,dept_id,demand_band,forecast_origin,target_date,horizon_day,forecast
FOODS_1_017,CA_1,FOODS_1,low,2016-05-22,2016-05-23,1,1.3571428571428572
FOODS_1_020,CA_1,FOODS_1,medium,2016-05-22,2016-05-23,1,1.6428571428571428
FOODS_1_042,CA_1,FOODS_1,high,2016-05-22,2016-05-23,1,3.0714285714285716
FOODS_1_082,CA_1,FOODS_1,high,2016-05-22,2016-05-23,1,7.892857142857143
FOODS_1_086,CA_1,FOODS_1,high,2016-05-22,2016-05-23,1,4.321428571428571
FOODS_1_089,CA_1,FOODS_1,low,2016-05-22,2016-05-23,1,0.7142857142857143
FOODS_1_099,CA_1,FOODS_1,high,2016-05-22,2016-05-23,1,7.428571428571429
FOODS_1_112,CA_1,FOODS_1,medium,2016-05-22,2016-05-23,1,1.5357142857142858
FOODS_1_135,CA_1,FOODS_1,low,2016-05-22,2016-05-23,1,1.3928571428571428
FOODS_1_155,CA_1,FOODS_1,medium,2016-05-22,2016-05-23,1,0.5714285714285714
FOODS_1_156,CA_1,FOODS_1,low,2016-05-22,2016-05-23,1,1.5714285714285714
FOODS_1_172,CA_1,FOODS_1,high,2016-05-22,2016-05-23,1,1.9285714285714286
FOODS_1_175,CA_1,FOODS_1,medium,2016-05-22,2016-05-23,1,1.3928571428571428
FOODS_1_210,CA_1,FOODS_1,medium,2016-05-22,2016-05-23,1,2.8214285714285716
FOODS_1_214,CA_1,FOODS_1,low,2016-05-22,2016-05-23,1,0.9285714285714286
FOODS_2_021,CA_1,FOODS_2,high,2016-05-22,2016-05-23,1,6.428571428571429
FOODS_2_024,CA_1,FOODS_2,medium,2016-05-22,2016-05-23,1,1.4285714285714286
FOODS_2_028,CA_1,FOODS_2,low,2016-05-22,2016-05-23,1,0.35714285714285715
FOODS_2_040,CA_1,FOODS_2,low,2016-05-22,2016-05-23,1,0.8214285714285714
FOODS_2_059,CA_1,FOODS_2,high,2016-05-22,2016-05-23,1,1.7142857142857142
FOODS_2_072,CA_1,FOODS_2,medium,2016-05-22,2016-05-23,1,0.6428571428571429
FOODS_2_095,CA_1,FOODS_2,low,2016-05-22,2016-05-23,1,0.9642857142857143
FOODS_2_116,CA_1,FOODS_2,high,2016-05-22,2016-05-23,1,1.0
FOODS_2_136,CA_1,FOODS_2,medium,2016-05-22,2016-05-23,1,0.6071428571428571
FOODS_2_139,CA_1,FOODS_2,high,2016-05-22,2016-05-23,1,1.8928571428571428
FOODS_2_146,CA_1,FOODS_2,medium,2016-05-22,2016-05-23,1,1.4642857142857142
FOODS_2_150,CA_1,FOODS_2,high,2016-05-22,2016-05-23,1,2.607142857142857
FOODS_2_170,CA_1,FOODS_2,medium,2016-05-22,2016-05-23,1,1.5714285714285714
FOODS_2_178,CA_1,FOODS_2,low,2016-05-22,2016-05-23,1,0.75
FOODS_2_180,CA_1,FOODS_2,low,2016-05-22,2016-05-23,1,0.42857142857142855
FOODS_2_184,CA_1,FOODS_2,high,2016-05-22,2016-05-23,1,1.0714285714285714
FOODS_2_209,CA_1,FOODS_2,low,2016-05-22,2016-05-23,1,0.5357142857142857
FOODS_2_218,CA_1,FOODS_2,low,2016-05-22,2016-05-23,1,0.8928571428571429
FOODS_2_251,CA_1,FOODS_2,medium,2016-05-22,2016-05-23,1,0.6071428571428571
FOODS_2_301,CA_1,FOODS_2,low,2016-05-22,2016-05-23,1,0.9642857142857143
FOODS_2_302,CA_1,FOODS_2,medium,2016-05-22,2016-05-23,1,1.2857142857142858
FOODS_2_304,CA_1,FOODS_2,medium,2016-05-22,2016-05-23,1,2.2857142857142856
FOODS_2_322,CA_1,FOODS_2,high,2016-05-22,2016-05-23,1,0.6428571428571429
FOODS_2_336,CA_1,FOODS_2,low,2016-05-22,2016-05-23,1,0.42857142857142855
FOODS_2_339,CA_1,FOODS_2,medium,2016-05-22,2016-05-23,1,0.7857142857142857
FOODS_2_357,CA_1,FOODS_2,high,2016-05-22,2016-05-23,1,2.8214285714285716
FOODS_2_360,CA_1,FOODS_2,high,2016-05-22,2016-05-23,1,11.75
FOODS_2_367,CA_1,FOODS_2,medium,2016-05-22,2016-05-23,1,0.6428571428571429
FOODS_3_026,CA_1,FOODS_3,high,2016-05-22,2016-05-23,1,2.0714285714285716
FOODS_3_048,CA_1,FOODS_3,medium,2016-05-22,2016-05-23,1,1.6428571428571428
FOODS_3_053,CA_1,FOODS_3,medium,2016-05-22,2016-05-23,1,3.4285714285714284
FOODS_3_068,CA_1,FOODS_3,low,2016-05-22,2016-05-23,1,0.6785714285714286
FOODS_3_074,CA_1,FOODS_3,medium,2016-05-22,2016-05-23,1,1.9285714285714286
FOODS_3_089,CA_1,FOODS_3,high,2016-05-22,2016-05-23,1,1.1428571428571428
FOODS_3_096,CA_1,FOODS_3,medium,2016-05-22,2016-05-23,1,1.1428571428571428
FOODS_3_099,CA_1,FOODS_3,high,2016-05-22,2016-05-23,1,14.642857142857142
FOODS_3_113,CA_1,FOODS_3,high,2016-05-22,2016-05-23,1,4.142857142857143
FOODS_3_123,CA_1,FOODS_3,low,2016-05-22,2016-05-23,1,1.6785714285714286
FOODS_3_135,CA_1,FOODS_3,high,2016-05-22,2016-05-23,1,5.75
FOODS_3_179,CA_1,FOODS_3,low,2016-05-22,2016-05-23,1,0.75
FOODS_3_187,CA_1,FOODS_3,medium,2016-05-22,2016-05-23,1,1.3928571428571428
FOODS_3_223,CA_1,FOODS_3,low,2016-05-22,2016-05-23,1,1.1428571428571428
FOODS_3_240,CA_1,FOODS_3,low,2016-05-22,2016-05-23,1,0.7142857142857143
FOODS_3_249,CA_1,FOODS_3,medium,2016-05-22,2016-05-23,1,3.8214285714285716
FOODS_3_263,CA_1,FOODS_3,high,2016-05-22,2016-05-23,1,8.642857142857142
FOODS_3_276,CA_1,FOODS_3,high,2016-05-22,2016-05-23,1,0.0
FOODS_3_312,CA_1,FOODS_3,low,2016-05-22,2016-05-23,1,1.25
FOODS_3_319,CA_1,FOODS_3,high,2016-05-22,2016-05-23,1,0.0
FOODS_3_321,CA_1,FOODS_3,high,2016-05-22,2016-05-23,1,5.071428571428571
FOODS_3_327,CA_1,FOODS_3,high,2016-05-22,2016-05-23,1,2.8214285714285716
FOODS_3_329,CA_1,FOODS_3,high,2016-05-22,2016-05-23,1,17.071428571428573
FOODS_3_340,CA_1,FOODS_3,low,2016-05-22,2016-05-23,1,0.5714285714285714
FOODS_3_354,CA_1,FOODS_3,low,2016-05-22,2016-05-23,1,0.42857142857142855
FOODS_3_360,CA_1,FOODS_3,medium,2016-05-22,2016-05-23,1,0.21428571428571427
FOODS_3_383,CA_1,FOODS_3,high,2016-05-22,2016-05-23,1,3.9642857142857144
FOODS_3_387,CA_1,FOODS_3,medium,2016-05-22,2016-05-23,1,1.9642857142857142
FOODS_3_432,CA_1,FOODS_3,high,2016-05-22,2016-05-23,1,0.5
FOODS_3_467,CA_1,FOODS_3,medium,2016-05-22,2016-05-23,1,1.0
FOODS_3_470,CA_1,FOODS_3,medium,2016-05-22,2016-05-23,1,0.7142857142857143
FOODS_3_479,CA_1,FOODS_3,medium,2016-05-22,2016-05-23,1,0.6785714285714286
FOODS_3_480,CA_1,FOODS_3,medium,2016-05-22,2016-05-23,1,1.3214285714285714
FOODS_3_482,CA_1,FOODS_3,low,2016-05-22,2016-05-23,1,2.357142857142857
FOODS_3_501,CA_1,FOODS_3,high,2016-05-22,2016-05-23,1,22.928571428571427
FOODS_3_511,CA_1,FOODS_3,high,2016-05-22,2016-05-23,1,25.535714285714285
FOODS_3_520,CA_1,FOODS_3,medium,2016-05-22,2016-05-23,1,0.7142857142857143
FOODS_3_532,CA_1,FOODS_3,medium,2016-05-22,2016-05-23,1,1.7142857142857142
FOODS_3_539,CA_1,FOODS_3,low,2016-05-22,2016-05-23,1,0.6785714285714286
FOODS_3_550,CA_1,FOODS_3,low,2016-05-22,2016-05-23,1,0.35714285714285715
FOODS_3_558,CA_1,FOODS_3,low,2016-05-22,2016-05-23,1,0.4642857142857143
FOODS_3_601,CA_1,FOODS_3,low,2016-05-22,2016-05-23,1,0.17857142857142858
FOODS_3_611,CA_1,FOODS_3,high,2016-05-22,2016-05-23,1,1.2857142857142858
FOODS_3_616,CA_1,FOODS_3,medium,2016-05-22,2016-05-23,1,0.9642857142857143
FOODS_3_635,CA_1,FOODS_3,high,2016-05-22,2016-05-23,1,0.0
FOODS_3_640,CA_1,FOODS_3,low,2016-05-22,2016-05-23,1,2.4285714285714284
FOODS_3_641,CA_1,FOODS_3,low,2016-05-22,2016-05-23,1,2.7142857142857144
FOODS_3_648,CA_1,FOODS_3,medium,2016-05-22,2016-05-23,1,0.5714285714285714
FOODS_3_658,CA_1,FOODS_3,low,2016-05-22,2016-05-23,1,0.8214285714285714
FOODS_3_661,CA_1,FOODS_3,high,2016-05-22,2016-05-23,1,3.9285714285714284
FOODS_3_666,CA_1,FOODS_3,medium,2016-05-22,2016-05-23,1,1.1428571428571428
FOODS_3_677,CA_1,FOODS_3,low,2016-05-22,2016-05-23,1,0.6785714285714286
FOODS_3_709,CA_1,FOODS_3,low,2016-05-22,2016-05-23,1,0.7857142857142857
FOODS_3_724,CA_1,FOODS_3,low,2016-05-22,2016-05-23,1,0.32142857142857145
FOODS_3_795,CA_1,FOODS_3,medium,2016-05-22,2016-05-23,1,3.25
FOODS_3_801,CA_1,FOODS_3,high,2016-05-22,2016-05-23,1,1.6785714285714286
FOODS_3_817,CA_1,FOODS_3,medium,2016-05-22,2016-05-23,1,0.75
FOODS_1_017,TX_2,FOODS_1,low,2016-05-22,2016-05-23,1,0.42857142857142855
FOODS_1_020,TX_2,FOODS_1,medium,2016-05-22,2016-05-23,1,0.8571428571428571
FOODS_1_042,TX_2,FOODS_1,high,2016-05-22,2016-05-23,1,5.321428571428571
FOODS_1_082,TX_2,FOODS_1,high,2016-05-22,2016-05-23,1,1.8928571428571428
FOODS_1_086,TX_2,FOODS_1,high,2016-05-22,2016-05-23,1,0.32142857142857145
FOODS_1_089,TX_2,FOODS_1,low,2016-05-22,2016-05-23,1,0.32142857142857145
FOODS_1_099,TX_2,FOODS_1,high,2016-05-22,2016-05-23,1,7.214285714285714
FOODS_1_112,TX_2,FOODS_1,medium,2016-05-22,2016-05-23,1,0.7142857142857143
FOODS_1_135,TX_2,FOODS_1,low,2016-05-22,2016-05-23,1,0.2857142857142857
FOODS_1_155,TX_2,FOODS_1,medium,2016-05-22,2016-05-23,1,1.4642857142857142
FOODS_1_156,TX_2,FOODS_1,low,2016-05-22,2016-05-23,1,0.42857142857142855
FOODS_1_172,TX_2,FOODS_1,high,2016-05-22,2016-05-23,1,2.9285714285714284
FOODS_1_175,TX_2,FOODS_1,medium,2016-05-22,2016-05-23,1,0.5357142857142857
FOODS_1_210,TX_2,FOODS_1,medium,2016-05-22,2016-05-23,1,5.107142857142857
FOODS_1_214,TX_2,FOODS_1,low,2016-05-22,2016-05-23,1,0.32142857142857145
FOODS_2_021,TX_2,FOODS_2,high,2016-05-22,2016-05-23,1,1.3214285714285714
FOODS_2_024,TX_2,FOODS_2,medium,2016-05-22,2016-05-23,1,0.2857142857142857
FOODS_2_028,TX_2,FOODS_2,low,2016-05-22,2016-05-23,1,0.9285714285714286
FOODS_2_040,TX_2,FOODS_2,low,2016-05-22,2016-05-23,1,0.17857142857142858
FOODS_2_059,TX_2,FOODS_2,high,2016-05-22,2016-05-23,1,1.7857142857142858
FOODS_2_072,TX_2,FOODS_2,medium,2016-05-22,2016-05-23,1,0.4642857142857143
FOODS_2_095,TX_2,FOODS_2,low,2016-05-22,2016-05-23,1,0.5714285714285714
FOODS_2_116,TX_2,FOODS_2,high,2016-05-22,2016-05-23,1,0.7142857142857143
FOODS_2_136,TX_2,FOODS_2,medium,2016-05-22,2016-05-23,1,0.4642857142857143
FOODS_2_139,TX_2,FOODS_2,high,2016-05-22,2016-05-23,1,1.4285714285714286
FOODS_2_146,TX_2,FOODS_2,medium,2016-05-22,2016-05-23,1,0.8214285714285714
FOODS_2_150,TX_2,FOODS_2,high,2016-05-22,2016-05-23,1,1.1071428571428572
FOODS_2_170,TX_2,FOODS_2,medium,2016-05-22,2016-05-23,1,1.7142857142857142
FOODS_2_178,TX_2,FOODS_2,low,2016-05-22,2016-05-23,1,0.5357142857142857
FOODS_2_180,TX_2,FOODS_2,low,2016-05-22,2016-05-23,1,2.0714285714285716
FOODS_2_184,TX_2,FOODS_2,high,2016-05-22,2016-05-23,1,2.4642857142857144
FOODS_2_209,TX_2,FOODS_2,low,2016-05-22,2016-05-23,1,0.0
FOODS_2_218,TX_2,FOODS_2,low,2016-05-22,2016-05-23,1,0.03571428571428571
FOODS_2_251,TX_2,FOODS_2,medium,2016-05-22,2016-05-23,1,1.7857142857142858
FOODS_2_301,TX_2,FOODS_2,low,2016-05-22,2016-05-23,1,1.1071428571428572
FOODS_2_302,TX_2,FOODS_2,medium,2016-05-22,2016-05-23,1,1.1428571428571428
FOODS_2_304,TX_2,FOODS_2,medium,2016-05-22,2016-05-23,1,1.75
FOODS_2_322,TX_2,FOODS_2,high,2016-05-22,2016-05-23,1,3.107142857142857
FOODS_2_336,TX_2,FOODS_2,low,2016-05-22,2016-05-23,1,0.32142857142857145
FOODS_2_339,TX_2,FOODS_2,medium,2016-05-22,2016-05-23,1,0.5357142857142857
FOODS_2_357,TX_2,FOODS_2,high,2016-05-22,2016-05-23,1,2.107142857142857
FOODS_2_360,TX_2,FOODS_2,high,2016-05-22,2016-05-23,1,10.392857142857142
FOODS_2_367,TX_2,FOODS_2,medium,2016-05-22,2016-05-23,1,0.0
FOODS_3_026,TX_2,FOODS_3,high,2016-05-22,2016-05-23,1,1.8214285714285714
FOODS_3_048,TX_2,FOODS_3,medium,2016-05-22,2016-05-23,1,2.642857142857143
FOODS_3_053,TX_2,FOODS_3,medium,2016-05-22,2016-05-23,1,1.0
FOODS_3_068,TX_2,FOODS_3,low,2016-05-22,2016-05-23,1,0.6071428571428571
FOODS_3_074,TX_2,FOODS_3,medium,2016-05-22,2016-05-23,1,1.4642857142857142
FOODS_3_089,TX_2,FOODS_3,high,2016-05-22,2016-05-23,1,0.8928571428571429
FOODS_3_096,TX_2,FOODS_3,medium,2016-05-22,2016-05-23,1,0.75
FOODS_3_099,TX_2,FOODS_3,high,2016-05-22,2016-05-23,1,17.035714285714285
FOODS_3_113,TX_2,FOODS_3,high,2016-05-22,2016-05-23,1,0.4642857142857143
FOODS_3_123,TX_2,FOODS_3,low,2016-05-22,2016-05-23,1,0.39285714285714285
FOODS_3_135,TX_2,FOODS_3,high,2016-05-22,2016-05-23,1,13.75
FOODS_3_179,TX_2,FOODS_3,low,2016-05-22,2016-05-23,1,0.2857142857142857
FOODS_3_187,TX_2,FOODS_3,medium,2016-05-22,2016-05-23,1,1.1785714285714286
FOODS_3_223,TX_2,FOODS_3,low,2016-05-22,2016-05-23,1,0.39285714285714285
FOODS_3_240,TX_2,FOODS_3,low,2016-05-22,2016-05-23,1,0.17857142857142858
FOODS_3_249,TX_2,FOODS_3,medium,2016-05-22,2016-05-23,1,1.8571428571428572
FOODS_3_263,TX_2,FOODS_3,high,2016-05-22,2016-05-23,1,14.25
FOODS_3_276,TX_2,FOODS_3,high,2016-05-22,2016-05-23,1,0.0
FOODS_3_312,TX_2,FOODS_3,low,2016-05-22,2016-05-23,1,0.8214285714285714
FOODS_3_319,TX_2,FOODS_3,high,2016-05-22,2016-05-23,1,0.0
FOODS_3_321,TX_2,FOODS_3,high,2016-05-22,2016-05-23,1,8.964285714285714
FOODS_3_327,TX_2,FOODS_3,high,2016-05-22,2016-05-23,1,3.892857142857143
FOODS_3_329,TX_2,FOODS_3,high,2016-05-22,2016-05-23,1,16.642857142857142
FOODS_3_340,TX_2,FOODS_3,low,2016-05-22,2016-05-23,1,0.5714285714285714
FOODS_3_354,TX_2,FOODS_3,low,2016-05-22,2016-05-23,1,0.5714285714285714
FOODS_3_360,TX_2,FOODS_3,medium,2016-05-22,2016-05-23,1,0.39285714285714285
FOODS_3_383,TX_2,FOODS_3,high,2016-05-22,2016-05-23,1,2.357142857142857
FOODS_3_387,TX_2,FOODS_3,medium,2016-05-22,2016-05-23,1,0.9642857142857143
FOODS_3_432,TX_2,FOODS_3,high,2016-05-22,2016-05-23,1,1.9285714285714286
FOODS_3_467,TX_2,FOODS_3,medium,2016-05-22,2016-05-23,1,0.75
FOODS_3_470,TX_2,FOODS_3,medium,2016-05-22,2016-05-23,1,0.75
FOODS_3_479,TX_2,FOODS_3,medium,2016-05-22,2016-05-23,1,1.1071428571428572
FOODS_3_480,TX_2,FOODS_3,medium,2016-05-22,2016-05-23,1,0.8928571428571429
FOODS_3_482,TX_2,FOODS_3,low,2016-05-22,2016-05-23,1,1.0
FOODS_3_501,TX_2,FOODS_3,high,2016-05-22,2016-05-23,1,12.857142857142858
FOODS_3_511,TX_2,FOODS_3,high,2016-05-22,2016-05-23,1,9.964285714285714
FOODS_3_520,TX_2,FOODS_3,medium,2016-05-22,2016-05-23,1,1.0714285714285714
FOODS_3_532,TX_2,FOODS_3,medium,2016-05-22,2016-05-23,1,2.2142857142857144
FOODS_3_539,TX_2,FOODS_3,low,2016-05-22,2016-05-23,1,0.5
FOODS_3_550,TX_2,FOODS_3,low,2016-05-22,2016-05-23,1,0.5714285714285714
FOODS_3_558,TX_2,FOODS_3,low,2016-05-22,2016-05-23,1,0.25
FOODS_3_601,TX_2,FOODS_3,low,2016-05-22,2016-05-23,1,0.17857142857142858
FOODS_3_611,TX_2,FOODS_3,high,2016-05-22,2016-05-23,1,2.1785714285714284
FOODS_3_616,TX_2,FOODS_3,medium,2016-05-22,2016-05-23,1,1.8214285714285714
FOODS_3_635,TX_2,FOODS_3,high,2016-05-22,2016-05-23,1,0.0
FOODS_3_640,TX_2,FOODS_3,low,2016-05-22,2016-05-23,1,1.0
FOODS_3_641,TX_2,FOODS_3,low,2016-05-22,2016-05-23,1,0.42857142857142855
FOODS_3_648,TX_2,FOODS_3,medium,2016-05-22,2016-05-23,1,1.4285714285714286
FOODS_3_658,TX_2,FOODS_3,low,2016-05-22,2016-05-23,1,0.42857142857142855
FOODS_3_661,TX_2,FOODS_3,high,2016-05-22,2016-05-23,1,4.285714285714286
FOODS_3_666,TX_2,FOODS_3,medium,2016-05-22,2016-05-23,1,0.9642857142857143
FOODS_3_677,TX_2,FOODS_3,low,2016-05-22,2016-05-23,1,0.9285714285714286
FOODS_3_709,TX_2,FOODS_3,low,2016-05-22,2016-05-23,1,1.25
FOODS_3_724,TX_2,FOODS_3,low,2016-05-22,2016-05-23,1,0.42857142857142855
FOODS_3_795,TX_2,FOODS_3,medium,2016-05-22,2016-05-23,1,2.2142857142857144
FOODS_3_801,TX_2,FOODS_3,high,2016-05-22,2016-05-23,1,2.0714285714285716
FOODS_3_817,TX_2,FOODS_3,medium,2016-05-22,2016-05-23,1,0.5
FOODS_1_017,WI_3,FOODS_1,low,2016-05-22,2016-05-23,1,0.9642857142857143
FOODS_1_020,WI_3,FOODS_1,medium,2016-05-22,2016-05-23,1,1.1785714285714286
FOODS_1_042,WI_3,FOODS_1,high,2016-05-22,2016-05-23,1,1.7857142857142858
FOODS_1_082,WI_3,FOODS_1,high,2016-05-22,2016-05-23,1,9.285714285714286
FOODS_1_086,WI_3,FOODS_1,high,2016-05-22,2016-05-23,1,1.8214285714285714
FOODS_1_089,WI_3,FOODS_1,low,2016-05-22,2016-05-23,1,0.25
FOODS_1_099,WI_3,FOODS_1,high,2016-05-22,2016-05-23,1,2.607142857142857
FOODS_1_112,WI_3,FOODS_1,medium,2016-05-22,2016-05-23,1,0.42857142857142855
FOODS_1_135,WI_3,FOODS_1,low,2016-05-22,2016-05-23,1,0.42857142857142855
FOODS_1_155,WI_3,FOODS_1,medium,2016-05-22,2016-05-23,1,1.0357142857142858
FOODS_1_156,WI_3,FOODS_1,low,2016-05-22,2016-05-23,1,0.5
FOODS_1_172,WI_3,FOODS_1,high,2016-05-22,2016-05-23,1,2.607142857142857
FOODS_1_175,WI_3,FOODS_1,medium,2016-05-22,2016-05-23,1,0.35714285714285715
FOODS_1_210,WI_3,FOODS_1,medium,2016-05-22,2016-05-23,1,2.4285714285714284
FOODS_1_214,WI_3,FOODS_1,low,2016-05-22,2016-05-23,1,0.4642857142857143
FOODS_2_021,WI_3,FOODS_2,high,2016-05-22,2016-05-23,1,6.035714285714286
FOODS_2_024,WI_3,FOODS_2,medium,2016-05-22,2016-05-23,1,0.5
FOODS_2_028,WI_3,FOODS_2,low,2016-05-22,2016-05-23,1,0.6785714285714286
FOODS_2_040,WI_3,FOODS_2,low,2016-05-22,2016-05-23,1,0.7857142857142857
FOODS_2_059,WI_3,FOODS_2,high,2016-05-22,2016-05-23,1,2.607142857142857
FOODS_2_072,WI_3,FOODS_2,medium,2016-05-22,2016-05-23,1,1.25
FOODS_2_095,WI_3,FOODS_2,low,2016-05-22,2016-05-23,1,1.3571428571428572
FOODS_2_116,WI_3,FOODS_2,high,2016-05-22,2016-05-23,1,0.9642857142857143
FOODS_2_136,WI_3,FOODS_2,medium,2016-05-22,2016-05-23,1,2.607142857142857
FOODS_2_139,WI_3,FOODS_2,high,2016-05-22,2016-05-23,1,1.1071428571428572
FOODS_2_146,WI_3,FOODS_2,medium,2016-05-22,2016-05-23,1,0.8571428571428571
FOODS_2_150,WI_3,FOODS_2,high,2016-05-22,2016-05-23,1,1.3214285714285714
FOODS_2_170,WI_3,FOODS_2,medium,2016-05-22,2016-05-23,1,1.3928571428571428
FOODS_2_178,WI_3,FOODS_2,low,2016-05-22,2016-05-23,1,0.9285714285714286
FOODS_2_180,WI_3,FOODS_2,low,2016-05-22,2016-05-23,1,0.9285714285714286
FOODS_2_184,WI_3,FOODS_2,high,2016-05-22,2016-05-23,1,0.7142857142857143
FOODS_2_209,WI_3,FOODS_2,low,2016-05-22,2016-05-23,1,0.9642857142857143
FOODS_2_218,WI_3,FOODS_2,low,2016-05-22,2016-05-23,1,0.32142857142857145
FOODS_2_251,WI_3,FOODS_2,medium,2016-05-22,2016-05-23,1,2.0714285714285716
FOODS_2_301,WI_3,FOODS_2,low,2016-05-22,2016-05-23,1,1.0357142857142858
FOODS_2_302,WI_3,FOODS_2,medium,2016-05-22,2016-05-23,1,1.6071428571428572
FOODS_2_304,WI_3,FOODS_2,medium,2016-05-22,2016-05-23,1,1.5
FOODS_2_322,WI_3,FOODS_2,high,2016-05-22,2016-05-23,1,4.607142857142857
FOODS_2_336,WI_3,FOODS_2,low,2016-05-22,2016-05-23,1,0.7857142857142857
FOODS_2_339,WI_3,FOODS_2,medium,2016-05-22,2016-05-23,1,2.2142857142857144
FOODS_2_357,WI_3,FOODS_2,high,2016-05-22,2016-05-23,1,4.357142857142857
FOODS_2_360,WI_3,FOODS_2,high,2016-05-22,2016-05-23,1,16.785714285714285
FOODS_2_367,WI_3,FOODS_2,medium,2016-05-22,2016-05-23,1,0.4642857142857143
FOODS_3_026,WI_3,FOODS_3,high,2016-05-22,2016-05-23,1,1.75
FOODS_3_048,WI_3,FOODS_3,medium,2016-05-22,2016-05-23,1,3.857142857142857
FOODS_3_053,WI_3,FOODS_3,medium,2016-05-22,2016-05-23,1,0.5357142857142857
FOODS_3_068,WI_3,FOODS_3,low,2016-05-22,2016-05-23,1,0.2857142857142857
FOODS_3_074,WI_3,FOODS_3,medium,2016-05-22,2016-05-23,1,0.7857142857142857
FOODS_3_089,WI_3,FOODS_3,high,2016-05-22,2016-05-23,1,1.8571428571428572
FOODS_3_096,WI_3,FOODS_3,medium,2016-05-22,2016-05-23,1,0.5357142857142857
FOODS_3_099,WI_3,FOODS_3,high,2016-05-22,2016-05-23,1,9.821428571428571
FOODS_3_113,WI_3,FOODS_3,high,2016-05-22,2016-05-23,1,3.4642857142857144
FOODS_3_123,WI_3,FOODS_3,low,2016-05-22,2016-05-23,1,0.5
FOODS_3_135,WI_3,FOODS_3,high,2016-05-22,2016-05-23,1,7.142857142857143
FOODS_3_179,WI_3,FOODS_3,low,2016-05-22,2016-05-23,1,0.21428571428571427
FOODS_3_187,WI_3,FOODS_3,medium,2016-05-22,2016-05-23,1,1.6785714285714286
FOODS_3_223,WI_3,FOODS_3,low,2016-05-22,2016-05-23,1,1.0
FOODS_3_240,WI_3,FOODS_3,low,2016-05-22,2016-05-23,1,0.5714285714285714
FOODS_3_249,WI_3,FOODS_3,medium,2016-05-22,2016-05-23,1,1.0357142857142858
FOODS_3_263,WI_3,FOODS_3,high,2016-05-22,2016-05-23,1,11.178571428571429
FOODS_3_276,WI_3,FOODS_3,high,2016-05-22,2016-05-23,1,0.0
FOODS_3_312,WI_3,FOODS_3,low,2016-05-22,2016-05-23,1,0.6071428571428571
FOODS_3_319,WI_3,FOODS_3,high,2016-05-22,2016-05-23,1,0.0
FOODS_3_321,WI_3,FOODS_3,high,2016-05-22,2016-05-23,1,5.071428571428571
FOODS_3_327,WI_3,FOODS_3,high,2016-05-22,2016-05-23,1,1.7857142857142858
FOODS_3_329,WI_3,FOODS_3,high,2016-05-22,2016-05-23,1,17.535714285714285
FOODS_3_340,WI_3,FOODS_3,low,2016-05-22,2016-05-23,1,0.6785714285714286
FOODS_3_354,WI_3,FOODS_3,low,2016-05-22,2016-05-23,1,0.7142857142857143
FOODS_3_360,WI_3,FOODS_3,medium,2016-05-22,2016-05-23,1,0.39285714285714285
FOODS_3_383,WI_3,FOODS_3,high,2016-05-22,2016-05-23,1,1.6071428571428572
FOODS_3_387,WI_3,FOODS_3,medium,2016-05-22,2016-05-23,1,1.1785714285714286
FOODS_3_432,WI_3,FOODS_3,high,2016-05-22,2016-05-23,1,0.9285714285714286
FOODS_3_467,WI_3,FOODS_3,medium,2016-05-22,2016-05-23,1,1.1428571428571428
FOODS_3_470,WI_3,FOODS_3,medium,2016-05-22,2016-05-23,1,0.9285714285714286
FOODS_3_479,WI_3,FOODS_3,medium,2016-05-22,2016-05-23,1,1.2142857142857142
FOODS_3_480,WI_3,FOODS_3,medium,2016-05-22,2016-05-23,1,0.5714285714285714
FOODS_3_482,WI_3,FOODS_3,low,2016-05-22,2016-05-23,1,0.39285714285714285
FOODS_3_501,WI_3,FOODS_3,high,2016-05-22,2016-05-23,1,8.714285714285714
FOODS_3_511,WI_3,FOODS_3,high,2016-05-22,2016-05-23,1,8.142857142857142
FOODS_3_520,WI_3,FOODS_3,medium,2016-05-22,2016-05-23,1,0.6071428571428571
FOODS_3_532,WI_3,FOODS_3,medium,2016-05-22,2016-05-23,1,2.3214285714285716
FOODS_3_539,WI_3,FOODS_3,low,2016-05-22,2016-05-23,1,0.32142857142857145
FOODS_3_550,WI_3,FOODS_3,low,2016-05-22,2016-05-23,1,0.35714285714285715
FOODS_3_558,WI_3,FOODS_3,low,2016-05-22,2016-05-23,1,0.2857142857142857
FOODS_3_601,WI_3,FOODS_3,low,2016-05-22,2016-05-23,1,0.39285714285714285
FOODS_3_611,WI_3,FOODS_3,high,2016-05-22,2016-05-23,1,0.7857142857142857
FOODS_3_616,WI_3,FOODS_3,medium,2016-05-22,2016-05-23,1,0.75
FOODS_3_635,WI_3,FOODS_3,high,2016-05-22,2016-05-23,1,0.0
FOODS_3_640,WI_3,FOODS_3,low,2016-05-22,2016-05-23,1,1.1785714285714286
FOODS_3_641,WI_3,FOODS_3,low,2016-05-22,2016-05-23,1,0.6071428571428571
FOODS_3_648,WI_3,FOODS_3,medium,2016-05-22,2016-05-23,1,1.3928571428571428
FOODS_3_658,WI_3,FOODS_3,low,2016-05-22,2016-05-23,1,0.2857142857142857
FOODS_3_661,WI_3,FOODS_3,high,2016-05-22,2016-05-23,1,3.107142857142857
FOODS_3_666,WI_3,FOODS_3,medium,2016-05-22,2016-05-23,1,0.9642857142857143
FOODS_3_677,WI_3,FOODS_3,low,2016-05-22,2016-05-23,1,0.21428571428571427
FOODS_3_709,WI_3,FOODS_3,low,2016-05-22,2016-05-23,1,1.1785714285714286
FOODS_3_724,WI_3,FOODS_3,low,2016-05-22,2016-05-23,1,0.17857142857142858
FOODS_3_795,WI_3,FOODS_3,medium,2016-05-22,2016-05-23,1,1.4285714285714286
FOODS_3_801,WI_3,FOODS_3,high,2016-05-22,2016-05-23,1,3.2142857142857144
FOODS_3_817,WI_3,FOODS_3,medium,2016-05-22,2016-05-23,1,0.21428571428571427
FOODS_1_017,CA_1,FOODS_1,low,2016-05-22,2016-05-24,2,1.3341836734693877
FOODS_1_020,CA_1,FOODS_1,medium,2016-05-22,2016-05-24,2,1.6658163265306123
FOODS_1_042,CA_1,FOODS_1,high,2016-05-22,2016-05-24,2,3.145408163265306
FOODS_1_082,CA_1,FOODS_1,high,2016-05-22,2016-05-24,2,7.817602040816326
FOODS_1_086,CA_1,FOODS_1,high,2016-05-22,2016-05-24,2,4.404336734693877
FOODS_1_089,CA_1,FOODS_1,low,2016-05-22,2016-05-24,2,0.6683673469387755
FOODS_1_099,CA_1,FOODS_1,high,2016-05-22,2016-05-24,2,7.479591836734693
FOODS_1_112,CA_1,FOODS_1,medium,2016-05-22,2016-05-24,2,1.5548469387755102
FOODS_1_135,CA_1,FOODS_1,low,2016-05-22,2016-05-24,2,1.4426020408163267
FOODS_1_155,CA_1,FOODS_1,medium,2016-05-22,2016-05-24,2,0.4846938775510204
FOODS_1_156,CA_1,FOODS_1,low,2016-05-22,2016-05-24,2,1.5918367346938775
FOODS_1_172,CA_1,FOODS_1,high,2016-05-22,2016-05-24,2,1.8903061224489797
FOODS_1_175,CA_1,FOODS_1,medium,2016-05-22,2016-05-24,2,1.4426020408163267
FOODS_1_210,CA_1,FOODS_1,medium,2016-05-22,2016-05-24,2,2.9221938775510203
FOODS_1_214,CA_1,FOODS_1,low,2016-05-22,2016-05-24,2,0.9260204081632653
FOODS_2_021,CA_1,FOODS_2,high,2016-05-22,2016-05-24,2,6.479591836734693
FOODS_2_024,CA_1,FOODS_2,medium,2016-05-22,2016-05-24,2,1.4081632653061225
FOODS_2_028,CA_1,FOODS_2,low,2016-05-22,2016-05-24,2,0.36989795918367346
FOODS_2_040,CA_1,FOODS_2,low,2016-05-22,2016-05-24,2,0.850765306122449
FOODS_2_059,CA_1,FOODS_2,high,2016-05-22,2016-05-24,2,1.7755102040816326
FOODS_2_072,CA_1,FOODS_2,medium,2016-05-22,2016-05-24,2,0.6658163265306122
FOODS_2_095,CA_1,FOODS_2,low,2016-05-22,2016-05-24,2,0.9987244897959184
FOODS_2_116,CA_1,FOODS_2,high,2016-05-22,2016-05-24,2,0.9642857142857143
FOODS_2_136,CA_1,FOODS_2,medium,2016-05-22,2016-05-24,2,0.6288265306122449
FOODS_2_139,CA_1,FOODS_2,high,2016-05-22,2016-05-24,2,1.9247448979591837
FOODS_2_146,CA_1,FOODS_2,medium,2016-05-22,2016-05-24,2,1.5165816326530612
FOODS_2_150,CA_1,FOODS_2,high,2016-05-22,2016-05-24,2,2.5931122448979593
FOODS_2_170,CA_1,FOODS_2,medium,2016-05-22,2016-05-24,2,1.6275510204081631
FOODS_2_178,CA_1,FOODS_2,low,2016-05-22,2016-05-24,2,0.7767857142857143
FOODS_2_180,CA_1,FOODS_2,low,2016-05-22,2016-05-24,2,0.37244897959183676
FOODS_2_184,CA_1,FOODS_2,high,2016-05-22,2016-05-24,2,1.0739795918367347
FOODS_2_209,CA_1,FOODS_2,low,2016-05-22,2016-05-24,2,0.5191326530612245
FOODS_2_218,CA_1,FOODS_2,low,2016-05-22,2016-05-24,2,0.889030612244898
FOODS_2_251,CA_1,FOODS_2,medium,2016-05-22,2016-05-24,2,0.6288265306122449
FOODS_2_301,CA_1,FOODS_2,low,2016-05-22,2016-05-24,2,0.9630102040816327
FOODS_2_302,CA_1,FOODS_2,medium,2016-05-22,2016-05-24,2,1.2959183673469388
FOODS_2_304,CA_1,FOODS_2,medium,2016-05-22,2016-05-24,2,2.260204081632653
FOODS_2_322,CA_1,FOODS_2,high,2016-05-22,2016-05-24,2,0.6658163265306122
FOODS_2_336,CA_1,FOODS_2,low,2016-05-22,2016-05-24,2,0.44387755102040816
FOODS_2_339,CA_1,FOODS_2,medium,2016-05-22,2016-05-24,2,0.8137755102040816
FOODS_2_357,CA_1,FOODS_2,high,2016-05-22,2016-05-24,2,2.7793367346938775
FOODS_2_360,CA_1,FOODS_2,high,2016-05-22,2016-05-24,2,11.705357142857142
FOODS_2_367,CA_1,FOODS_2,medium,2016-05-22,2016-05-24,2,0.6301020408163265
FOODS_3_026,CA_1,FOODS_3,high,2016-05-22,2016-05-24,2,2.0739795918367347
FOODS_3_048,CA_1,FOODS_3,medium,2016-05-22,2016-05-24,2,1.701530612244898
FOODS_3_053,CA_1,FOODS_3,medium,2016-05-22,2016-05-24,2,3.443877551020408
FOODS_3_068,CA_1,FOODS_3,low,2016-05-22,2016-05-24,2,0.7028061224489796
FOODS_3_074,CA_1,FOODS_3,medium,2016-05-22,2016-05-24,2,1.961734693877551
FOODS_3_089,CA_1,FOODS_3,high,2016-05-22,2016-05-24,2,1.0765306122448979
FOODS_3_096,CA_1,FOODS_3,medium,2016-05-22,2016-05-24,2,1.0765306122448979
FOODS_3_099,CA_1,FOODS_3,high,2016-05-22,2016-05-24,2,14.77295918367347
FOODS_3_113,CA_1,FOODS_3,high,2016-05-22,2016-05-24,2,4.219387755102041
FOODS_3_123,CA_1,FOODS_3,low,2016-05-22,2016-05-24,2,1.6313775510204083
FOODS_3_135,CA_1,FOODS_3,high,2016-05-22,2016-05-24,2,5.883928571428571
FOODS_3_179,CA_1,FOODS_3,low,2016-05-22,2016-05-24,2,0.7767857142857143
FOODS_3_187,CA_1,FOODS_3,medium,2016-05-22,2016-05-24,2,1.3354591836734695
FOODS_3_223,CA_1,FOODS_3,low,2016-05-22,2016-05-24,2,1.1836734693877553
FOODS_3_240,CA_1,FOODS_3,low,2016-05-22,2016-05-24,2,0.7397959183673469
FOODS_3_249,CA_1,FOODS_3,medium,2016-05-22,2016-05-24,2,3.743622448979592
FOODS_3_263,CA_1,FOODS_3,high,2016-05-22,2016-05-24,2,8.77295918367347
FOODS_3_276,CA_1,FOODS_3,high,2016-05-22,2016-05-24,2,0.0
FOODS_3_312,CA_1,FOODS_3,low,2016-05-22,2016-05-24,2,1.2232142857142858
FOODS_3_319,CA_1,FOODS_3,high,2016-05-22,2016-05-24,2,0.0
FOODS_3_321,CA_1,FOODS_3,high,2016-05-22,2016-05-24,2,5.073979591836735
FOODS_3_327,CA_1,FOODS_3,high,2016-05-22,2016-05-24,2,2.7793367346938775
FOODS_3_329,CA_1,FOODS_3,high,2016-05-22,2016-05-24,2,17.10969387755102
FOODS_3_340,CA_1,FOODS_3,low,2016-05-22,2016-05-24,2,0.5918367346938777
FOODS_3_354,CA_1,FOODS_3,low,2016-05-22,2016-05-24,2,0.40816326530612246
FOODS_3_360,CA_1,FOODS_3,medium,2016-05-22,2016-05-24,2,0.22193877551020408
FOODS_3_383,CA_1,FOODS_3,high,2016-05-22,2016-05-24,2,3.998724489795918
FOODS_3_387,CA_1,FOODS_3,medium,2016-05-22,2016-05-24,2,1.9987244897959184
FOODS_3_432,CA_1,FOODS_3,high,2016-05-22,2016-05-24,2,0.5178571428571429
FOODS_3_467,CA_1,FOODS_3,medium,2016-05-22,2016-05-24,2,1.0357142857142858
FOODS_3_470,CA_1,FOODS_3,medium,2016-05-22,2016-05-24,2,0.7040816326530612
FOODS_3_479,CA_1,FOODS_3,medium,2016-05-22,2016-05-24,2,0.7028061224489796
FOODS_3_480,CA_1,FOODS_3,medium,2016-05-22,2016-05-24,2,1.1543367346938775
FOODS_3_482,CA_1,FOODS_3,low,2016-05-22,2016-05-24,2,2.298469387755102
FOODS_3_501,CA_1,FOODS_3,high,2016-05-22,2016-05-24,2,22.997448979591837
FOODS_3_511,CA_1,FOODS_3,high,2016-05-22,2016-05-24,2,25.626275510204085
FOODS_3_520,CA_1,FOODS_3,medium,2016-05-22,2016-05-24,2,0.7040816326530612
FOODS_3_532,CA_1,FOODS_3,medium,2016-05-22,2016-05-24,2,1.7040816326530612
FOODS_3_539,CA_1,FOODS_3,low,2016-05-22,2016-05-24,2,0.6313775510204082
FOODS_3_550,CA_1,FOODS_3,low,2016-05-22,2016-05-24,2,0.36989795918367346
FOODS_3_558,CA_1,FOODS_3,low,2016-05-22,2016-05-24,2,0.4808673469387755
FOODS_3_601,CA_1,FOODS_3,low,2016-05-22,2016-05-24,2,0.18494897959183673
FOODS_3_611,CA_1,FOODS_3,high,2016-05-22,2016-05-24,2,1.2244897959183674
FOODS_3_616,CA_1,FOODS_3,medium,2016-05-22,2016-05-24,2,0.9272959183673469
FOODS_3_635,CA_1,FOODS_3,high,2016-05-22,2016-05-24,2,0.0
FOODS_3_640,CA_1,FOODS_3,low,2016-05-22,2016-05-24,2,2.372448979591837
FOODS_3_641,CA_1,FOODS_3,low,2016-05-22,2016-05-24,2,2.6326530612244894
FOODS_3_648,CA_1,FOODS_3,medium,2016-05-22,2016-05-24,2,0.5918367346938777
FOODS_3_658,CA_1,FOODS_3,low,2016-05-22,2016-05-24,2,0.8150510204081634
FOODS_3_661,CA_1,FOODS_3,high,2016-05-22,2016-05-24,2,3.9260204081632653
FOODS_3_666,CA_1,FOODS_3,medium,2016-05-22,2016-05-24,2,1.1122448979591837
FOODS_3_677,CA_1,FOODS_3,low,2016-05-22,2016-05-24,2,0.6670918367346939
FOODS_3_709,CA_1,FOODS_3,low,2016-05-22,2016-05-24,2,0.7066326530612245
FOODS_3_724,CA_1,FOODS_3,low,2016-05-22,2016-05-24,2,0.3329081632653061
FOODS_3_795,CA_1,FOODS_3,medium,2016-05-22,2016-05-24,2,3.2589285714285716
FOODS_3_801,CA_1,FOODS_3,high,2016-05-22,2016-05-24,2,1.6313775510204083
FOODS_3_817,CA_1,FOODS_3,medium,2016-05-22,2016-05-24,2,0.7767857142857143
FOODS_1_017,TX_2,FOODS_1,low,2016-05-22,2016-05-24,2,0.40816326530612246
FOODS_1_020,TX_2,FOODS_1,medium,2016-05-22,2016-05-24,2,0.8163265306122449
FOODS_1_042,TX_2,FOODS_1,high,2016-05-22,2016-05-24,2,5.404336734693878
FOODS_1_082,TX_2,FOODS_1,high,2016-05-22,2016-05-24,2,1.9247448979591837
FOODS_1_086,TX_2,FOODS_1,high,2016-05-22,2016-05-24,2,0.3329081632653061
FOODS_1_089,TX_2,FOODS_1,low,2016-05-22,2016-05-24,2,0.3329081632653061
FOODS_1_099,TX_2,FOODS_1,high,2016-05-22,2016-05-24,2,7.079081632653062
FOODS_1_112,TX_2,FOODS_1,medium,2016-05-22,2016-05-24,2,0.6326530612244898
FOODS_1_135,TX_2,FOODS_1,low,2016-05-22,2016-05-24,2,0.2959183673469388
FOODS_1_155,TX_2,FOODS_1,medium,2016-05-22,2016-05-24,2,1.409438775510204
FOODS_1_156,TX_2,FOODS_1,low,2016-05-22,2016-05-24,2,0.37244897959183676
FOODS_1_172,TX_2,FOODS_1,high,2016-05-22,2016-05-24,2,2.997448979591837
FOODS_1_175,TX_2,FOODS_1,medium,2016-05-22,2016-05-24,2,0.5548469387755103
FOODS_1_210,TX_2,FOODS_1,medium,2016-05-22,2016-05-24,2,5.2895408163265305
FOODS_1_214,TX_2,FOODS_1,low,2016-05-22,2016-05-24,2,0.3329081632653061
FOODS_2_021,TX_2,FOODS_2,high,2016-05-22,2016-05-24,2,1.2614795918367345
FOODS_2_024,TX_2,FOODS_2,medium,2016-05-22,2016-05-24,2,0.2959183673469388
FOODS_2_028,TX_2,FOODS_2,low,2016-05-22,2016-05-24,2,0.9260204081632653
FOODS_2_040,TX_2,FOODS_2,low,2016-05-22,2016-05-24,2,0.18494897959183673
FOODS_2_059,TX_2,FOODS_2,high,2016-05-22,2016-05-24,2,1.8494897959183674
FOODS_2_072,TX_2,FOODS_2,medium,2016-05-22,2016-05-24,2,0.4808673469387755
FOODS_2_095,TX_2,FOODS_2,low,2016-05-22,2016-05-24,2,0.4846938775510204
FOODS_2_116,TX_2,FOODS_2,high,2016-05-22,2016-05-24,2,0.6683673469387755
FOODS_2_136,TX_2,FOODS_2,medium,2016-05-22,2016-05-24,2,0.4808673469387755
FOODS_2_139,TX_2,FOODS_2,high,2016-05-22,2016-05-24,2,1.4081632653061225
FOODS_2_146,TX_2,FOODS_2,medium,2016-05-22,2016-05-24,2,0.7436224489795918
FOODS_2_150,TX_2,FOODS_2,high,2016-05-22,2016-05-24,2,1.1466836734693877
FOODS_2_170,TX_2,FOODS_2,medium,2016-05-22,2016-05-24,2,1.596938775510204
FOODS_2_178,TX_2,FOODS_2,low,2016-05-22,2016-05-24,2,0.5548469387755103
FOODS_2_180,TX_2,FOODS_2,low,2016-05-22,2016-05-24,2,2.0382653061224487
FOODS_2_184,TX_2,FOODS_2,high,2016-05-22,2016-05-24,2,2.409438775510204
FOODS_2_209,TX_2,FOODS_2,low,2016-05-22,2016-05-24,2,0.0
FOODS_2_218,TX_2,FOODS_2,low,2016-05-22,2016-05-24,2,0.03698979591836735
FOODS_2_251,TX_2,FOODS_2,medium,2016-05-22,2016-05-24,2,1.8494897959183674
FOODS_2_301,TX_2,FOODS_2,low,2016-05-22,2016-05-24,2,1.1466836734693877
FOODS_2_302,TX_2,FOODS_2,medium,2016-05-22,2016-05-24,2,1.1122448979591837
FOODS_2_304,TX_2,FOODS_2,medium,2016-05-22,2016-05-24,2,1.6339285714285714
FOODS_2_322,TX_2,FOODS_2,high,2016-05-22,2016-05-24,2,3.1466836734693877
FOODS_2_336,TX_2,FOODS_2,low,2016-05-22,2016-05-24,2,0.3329081632653061
FOODS_2_339,TX_2,FOODS_2,medium,2016-05-22,2016-05-24,2,0.5548469387755103
FOODS_2_357,TX_2,FOODS_2,high,2016-05-22,2016-05-24,2,2.1823979591836733
FOODS_2_360,TX_2,FOODS_2,high,2016-05-22,2016-05-24,2,10.406887755102042
FOODS_2_367,TX_2,FOODS_2,medium,2016-05-22,2016-05-24,2,0.0
FOODS_3_026,TX_2,FOODS_3,high,2016-05-22,2016-05-24,2,1.850765306122449
FOODS_3_048,TX_2,FOODS_3,medium,2016-05-22,2016-05-24,2,2.6658163265306123
FOODS_3_053,TX_2,FOODS_3,medium,2016-05-22,2016-05-24,2,1.0
FOODS_3_068,TX_2,FOODS_3,low,2016-05-22,2016-05-24,2,0.5573979591836735
FOODS_3_074,TX_2,FOODS_3,medium,2016-05-22,2016-05-24,2,1.3737244897959184
FOODS_3_089,TX_2,FOODS_3,high,2016-05-22,2016-05-24,2,0.9247448979591837
FOODS_3_096,TX_2,FOODS_3,medium,2016-05-22,2016-05-24,2,0.6339285714285714
FOODS_3_099,TX_2,FOODS_3,high,2016-05-22,2016-05-24,2,16.822704081632654
FOODS_3_113,TX_2,FOODS_3,high,2016-05-22,2016-05-24,2,0.4808673469387755
FOODS_3_123,TX_2,FOODS_3,low,2016-05-22,2016-05-24,2,0.4068877551020408
FOODS_3_135,TX_2,FOODS_3,high,2016-05-22,2016-05-24,2,13.919642857142858
FOODS_3_179,TX_2,FOODS_3,low,2016-05-22,2016-05-24,2,0.2959183673469388
FOODS_3_187,TX_2,FOODS_3,medium,2016-05-22,2016-05-24,2,1.1849489795918369
FOODS_3_223,TX_2,FOODS_3,low,2016-05-22,2016-05-24,2,0.3711734693877551
FOODS_3_240,TX_2,FOODS_3,low,2016-05-22,2016-05-24,2,0.18494897959183673
FOODS_3_249,TX_2,FOODS_3,medium,2016-05-22,2016-05-24,2,1.8877551020408163
FOODS_3_263,TX_2,FOODS_3,high,2016-05-22,2016-05-24,2,14.508928571428571
FOODS_3_276,TX_2,FOODS_3,high,2016-05-22,2016-05-24,2,0.0
FOODS_3_312,TX_2,FOODS_3,low,2016-05-22,2016-05-24,2,0.8150510204081634
FOODS_3_319,TX_2,FOODS_3,high,2016-05-22,2016-05-24,2,0.0
FOODS_3_321,TX_2,FOODS_3,high,2016-05-22,2016-05-24,2,9.248724489795919
FOODS_3_327,TX_2,FOODS_3,high,2016-05-22,2016-05-24,2,3.9247448979591835
FOODS_3_329,TX_2,FOODS_3,high,2016-05-22,2016-05-24,2,16.487244897959183
FOODS_3_340,TX_2,FOODS_3,low,2016-05-22,2016-05-24,2,0.5918367346938777
FOODS_3_354,TX_2,FOODS_3,low,2016-05-22,2016-05-24,2,0.5918367346938777
FOODS_3_360,TX_2,FOODS_3,medium,2016-05-22,2016-05-24,2,0.4068877551020408
FOODS_3_383,TX_2,FOODS_3,high,2016-05-22,2016-05-24,2,2.3698979591836737
FOODS_3_387,TX_2,FOODS_3,medium,2016-05-22,2016-05-24,2,0.9987244897959184
FOODS_3_432,TX_2,FOODS_3,high,2016-05-22,2016-05-24,2,1.8903061224489797
FOODS_3_467,TX_2,FOODS_3,medium,2016-05-22,2016-05-24,2,0.7053571428571429
FOODS_3_470,TX_2,FOODS_3,medium,2016-05-22,2016-05-24,2,0.7053571428571429
FOODS_3_479,TX_2,FOODS_3,medium,2016-05-22,2016-05-24,2,1.003826530612245
FOODS_3_480,TX_2,FOODS_3,medium,2016-05-22,2016-05-24,2,0.9247448979591837
FOODS_3_482,TX_2,FOODS_3,low,2016-05-22,2016-05-24,2,1.0
FOODS_3_501,TX_2,FOODS_3,high,2016-05-22,2016-05-24,2,13.173469387755102
FOODS_3_511,TX_2,FOODS_3,high,2016-05-22,2016-05-24,2,10.32015306122449
FOODS_3_520,TX_2,FOODS_3,medium,2016-05-22,2016-05-24,2,1.038265306122449
FOODS_3_532,TX_2,FOODS_3,medium,2016-05-22,2016-05-24,2,2.2219387755102042
FOODS_3_539,TX_2,FOODS_3,low,2016-05-22,2016-05-24,2,0.5178571428571429
FOODS_3_550,TX_2,FOODS_3,low,2016-05-22,2016-05-24,2,0.4846938775510204
FOODS_3_558,TX_2,FOODS_3,low,2016-05-22,2016-05-24,2,0.22321428571428573
FOODS_3_601,TX_2,FOODS_3,low,2016-05-22,2016-05-24,2,0.18494897959183673
FOODS_3_611,TX_2,FOODS_3,high,2016-05-22,2016-05-24,2,2.2206632653061225
FOODS_3_616,TX_2,FOODS_3,medium,2016-05-22,2016-05-24,2,1.850765306122449
FOODS_3_635,TX_2,FOODS_3,high,2016-05-22,2016-05-24,2,0.0
FOODS_3_640,TX_2,FOODS_3,low,2016-05-22,2016-05-24,2,1.0357142857142858
FOODS_3_641,TX_2,FOODS_3,low,2016-05-22,2016-05-24,2,0.37244897959183676
FOODS_3_648,TX_2,FOODS_3,medium,2016-05-22,2016-05-24,2,1.4438775510204083
FOODS_3_658,TX_2,FOODS_3,low,2016-05-22,2016-05-24,2,0.44387755102040816
FOODS_3_661,TX_2,FOODS_3,high,2016-05-22,2016-05-24,2,4.295918367346939
FOODS_3_666,TX_2,FOODS_3,medium,2016-05-22,2016-05-24,2,0.9987244897959184
FOODS_3_677,TX_2,FOODS_3,low,2016-05-22,2016-05-24,2,0.9260204081632653
FOODS_3_709,TX_2,FOODS_3,low,2016-05-22,2016-05-24,2,1.1875
FOODS_3_724,TX_2,FOODS_3,low,2016-05-22,2016-05-24,2,0.40816326530612246
FOODS_3_795,TX_2,FOODS_3,medium,2016-05-22,2016-05-24,2,2.25765306122449
FOODS_3_801,TX_2,FOODS_3,high,2016-05-22,2016-05-24,2,2.0739795918367347
FOODS_3_817,TX_2,FOODS_3,medium,2016-05-22,2016-05-24,2,0.48214285714285715
FOODS_1_017,WI_3,FOODS_1,low,2016-05-22,2016-05-24,2,0.9630102040816327
FOODS_1_020,WI_3,FOODS_1,medium,2016-05-22,2016-05-24,2,1.1849489795918369
FOODS_1_042,WI_3,FOODS_1,high,2016-05-22,2016-05-24,2,1.8494897959183674
FOODS_1_082,WI_3,FOODS_1,high,2016-05-22,2016-05-24,2,9.403061224489795
FOODS_1_086,WI_3,FOODS_1,high,2016-05-22,2016-05-24,2,1.8864795918367345
FOODS_1_089,WI_3,FOODS_1,low,2016-05-22,2016-05-24,2,0.25892857142857145
FOODS_1_099,WI_3,FOODS_1,high,2016-05-22,2016-05-24,2,2.628826530612245
FOODS_1_112,WI_3,FOODS_1,medium,2016-05-22,2016-05-24,2,0.40816326530612246
FOODS_1_135,WI_3,FOODS_1,low,2016-05-22,2016-05-24,2,0.44387755102040816
FOODS_1_155,WI_3,FOODS_1,medium,2016-05-22,2016-05-24,2,1.072704081632653
FOODS_1_156,WI_3,FOODS_1,low,2016-05-22,2016-05-24,2,0.5178571428571429
FOODS_1_172,WI_3,FOODS_1,high,2016-05-22,2016-05-24,2,2.5573979591836737
FOODS_1_175,WI_3,FOODS_1,medium,2016-05-22,2016-05-24,2,0.33418367346938777
FOODS_1_210,WI_3,FOODS_1,medium,2016-05-22,2016-05-24,2,2.5153061224489797
FOODS_1_214,WI_3,FOODS_1,low,2016-05-22,2016-05-24,2,0.4808673469387755
FOODS_2_021,WI_3,FOODS_2,high,2016-05-22,2016-05-24,2,6.0727040816326525
FOODS_2_024,WI_3,FOODS_2,medium,2016-05-22,2016-05-24,2,0.5178571428571429
FOODS_2_028,WI_3,FOODS_2,low,2016-05-22,2016-05-24,2,0.6313775510204082
FOODS_2_040,WI_3,FOODS_2,low,2016-05-22,2016-05-24,2,0.8137755102040816
FOODS_2_059,WI_3,FOODS_2,high,2016-05-22,2016-05-24,2,2.628826530612245
FOODS_2_072,WI_3,FOODS_2,medium,2016-05-22,2016-05-24,2,1.2232142857142858
FOODS_2_095,WI_3,FOODS_2,low,2016-05-22,2016-05-24,2,1.3698979591836733
FOODS_2_116,WI_3,FOODS_2,high,2016-05-22,2016-05-24,2,0.9272959183673469
FOODS_2_136,WI_3,FOODS_2,medium,2016-05-22,2016-05-24,2,2.5931122448979593
FOODS_2_139,WI_3,FOODS_2,high,2016-05-22,2016-05-24,2,1.1109693877551021
FOODS_2_146,WI_3,FOODS_2,medium,2016-05-22,2016-05-24,2,0.8520408163265306
FOODS_2_150,WI_3,FOODS_2,high,2016-05-22,2016-05-24,2,1.3686224489795917
FOODS_2_170,WI_3,FOODS_2,medium,2016-05-22,2016-05-24,2,1.4426020408163267
FOODS_2_178,WI_3,FOODS_2,low,2016-05-22,2016-05-24,2,0.961734693877551
FOODS_2_180,WI_3,FOODS_2,low,2016-05-22,2016-05-24,2,0.961734693877551
FOODS_2_184,WI_3,FOODS_2,high,2016-05-22,2016-05-24,2,0.7040816326530612
FOODS_2_209,WI_3,FOODS_2,low,2016-05-22,2016-05-24,2,0.9987244897959184
FOODS_2_218,WI_3,FOODS_2,low,2016-05-22,2016-05-24,2,0.3329081632653061
FOODS_2_251,WI_3,FOODS_2,medium,2016-05-22,2016-05-24,2,2.145408163265306
FOODS_2_301,WI_3,FOODS_2,low,2016-05-22,2016-05-24,2,1.072704081632653
FOODS_2_302,WI_3,FOODS_2,medium,2016-05-22,2016-05-24,2,1.6645408163265305
FOODS_2_304,WI_3,FOODS_2,medium,2016-05-22,2016-05-24,2,1.5178571428571428
FOODS_2_322,WI_3,FOODS_2,high,2016-05-22,2016-05-24,2,4.6645408163265305
FOODS_2_336,WI_3,FOODS_2,low,2016-05-22,2016-05-24,2,0.8137755102040816
FOODS_2_339,WI_3,FOODS_2,medium,2016-05-22,2016-05-24,2,2.25765306122449
FOODS_2_357,WI_3,FOODS_2,high,2016-05-22,2016-05-24,2,4.441326530612245
FOODS_2_360,WI_3,FOODS_2,high,2016-05-22,2016-05-24,2,16.778061224489797
FOODS_2_367,WI_3,FOODS_2,medium,2016-05-22,2016-05-24,2,0.4094387755102041
FOODS_3_026,WI_3,FOODS_3,high,2016-05-22,2016-05-24,2,1.8125
FOODS_3_048,WI_3,FOODS_3,medium,2016-05-22,2016-05-24,2,3.8877551020408165
FOODS_3_053,WI_3,FOODS_3,medium,2016-05-22,2016-05-24,2,0.5191326530612245
FOODS_3_068,WI_3,FOODS_3,low,2016-05-22,2016-05-24,2,0.2602040816326531
FOODS_3_074,WI_3,FOODS_3,medium,2016-05-22,2016-05-24,2,0.7780612244897959
FOODS_3_089,WI_3,FOODS_3,high,2016-05-22,2016-05-24,2,1.8877551020408163
FOODS_3_096,WI_3,FOODS_3,medium,2016-05-22,2016-05-24,2,0.4834183673469388
FOODS_3_099,WI_3,FOODS_3,high,2016-05-22,2016-05-24,2,9.886479591836734
FOODS_3_113,WI_3,FOODS_3,high,2016-05-22,2016-05-24,2,3.516581632653061
FOODS_3_123,WI_3,FOODS_3,low,2016-05-22,2016-05-24,2,0.5178571428571429
FOODS_3_135,WI_3,FOODS_3,high,2016-05-22,2016-05-24,2,7.1479591836734695
FOODS_3_179,WI_3,FOODS_3,low,2016-05-22,2016-05-24,2,0.22193877551020408
FOODS_3_187,WI_3,FOODS_3,medium,2016-05-22,2016-05-24,2,1.6670918367346939
FOODS_3_223,WI_3,FOODS_3,low,2016-05-22,2016-05-24,2,1.0357142857142858
FOODS_3_240,WI_3,FOODS_3,low,2016-05-22,2016-05-24,2,0.5561224489795918
FOODS_3_249,WI_3,FOODS_3,medium,2016-05-22,2016-05-24,2,1.072704081632653
FOODS_3_263,WI_3,FOODS_3,high,2016-05-22,2016-05-24,2,11.220663265306124
FOODS_3_276,WI_3,FOODS_3,high,2016-05-22,2016-05-24,2,0.0
FOODS_3_312,WI_3,FOODS_3,low,2016-05-22,2016-05-24,2,0.6288265306122449
FOODS_3_319,WI_3,FOODS_3,high,2016-05-22,2016-05-24,2,0.0
FOODS_3_321,WI_3,FOODS_3,high,2016-05-22,2016-05-24,2,5.002551020408164
FOODS_3_327,WI_3,FOODS_3,high,2016-05-22,2016-05-24,2,1.7423469387755102
FOODS_3_329,WI_3,FOODS_3,high,2016-05-22,2016-05-24,2,17.947704081632654
FOODS_3_340,WI_3,FOODS_3,low,2016-05-22,2016-05-24,2,0.6670918367346939
FOODS_3_354,WI_3,FOODS_3,low,2016-05-22,2016-05-24,2,0.7397959183673469
FOODS_3_360,WI_3,FOODS_3,medium,2016-05-22,2016-05-24,2,0.3711734693877551
FOODS_3_383,WI_3,FOODS_3,high,2016-05-22,2016-05-24,2,1.6645408163265305
FOODS_3_387,WI_3,FOODS_3,medium,2016-05-22,2016-05-24,2,1.2206632653061225
FOODS_3_432,WI_3,FOODS_3,high,2016-05-22,2016-05-24,2,0.8903061224489796
FOODS_3_467,WI_3,FOODS_3,medium,2016-05-22,2016-05-24,2,1.1836734693877553
FOODS_3_470,WI_3,FOODS_3,medium,2016-05-22,2016-05-24,2,0.9260204081632653
FOODS_3_479,WI_3,FOODS_3,medium,2016-05-22,2016-05-24,2,1.221938775510204
FOODS_3_480,WI_3,FOODS_3,medium,2016-05-22,2016-05-24,2,0.5561224489795918
FOODS_3_482,WI_3,FOODS_3,low,2016-05-22,2016-05-24,2,0.4068877551020408
FOODS_3_501,WI_3,FOODS_3,high,2016-05-22,2016-05-24,2,8.846938775510205
FOODS_3_511,WI_3,FOODS_3,high,2016-05-22,2016-05-24,2,8.112244897959183
FOODS_3_520,WI_3,FOODS_3,medium,2016-05-22,2016-05-24,2,0.6288265306122449
FOODS_3_532,WI_3,FOODS_3,medium,2016-05-22,2016-05-24,2,2.4043367346938775
FOODS_3_539,WI_3,FOODS_3,low,2016-05-22,2016-05-24,2,0.3329081632653061
FOODS_3_550,WI_3,FOODS_3,low,2016-05-22,2016-05-24,2,0.36989795918367346
FOODS_3_558,WI_3,FOODS_3,low,2016-05-22,2016-05-24,2,0.2959183673469388
FOODS_3_601,WI_3,FOODS_3,low,2016-05-22,2016-05-24,2,0.4068877551020408
FOODS_3_611,WI_3,FOODS_3,high,2016-05-22,2016-05-24,2,0.7423469387755102
FOODS_3_616,WI_3,FOODS_3,medium,2016-05-22,2016-05-24,2,0.7410714285714286
FOODS_3_635,WI_3,FOODS_3,high,2016-05-22,2016-05-24,2,0.0
FOODS_3_640,WI_3,FOODS_3,low,2016-05-22,2016-05-24,2,1.1849489795918369
FOODS_3_641,WI_3,FOODS_3,low,2016-05-22,2016-05-24,2,0.6288265306122449
FOODS_3_648,WI_3,FOODS_3,medium,2016-05-22,2016-05-24,2,1.4426020408163267
FOODS_3_658,WI_3,FOODS_3,low,2016-05-22,2016-05-24,2,0.2959183673469388
FOODS_3_661,WI_3,FOODS_3,high,2016-05-22,2016-05-24,2,3.1466836734693877
FOODS_3_666,WI_3,FOODS_3,medium,2016-05-22,2016-05-24,2,0.9987244897959184
FOODS_3_677,WI_3,FOODS_3,low,2016-05-22,2016-05-24,2,0.22193877551020408
FOODS_3_709,WI_3,FOODS_3,low,2016-05-22,2016-05-24,2,1.2206632653061225
FOODS_3_724,WI_3,FOODS_3,low,2016-05-22,2016-05-24,2,0.18494897959183673
FOODS_3_795,WI_3,FOODS_3,medium,2016-05-22,2016-05-24,2,1.4438775510204083
FOODS_3_801,WI_3,FOODS_3,high,2016-05-22,2016-05-24,2,3.186224489795918
FOODS_3_817,WI_3,FOODS_3,medium,2016-05-22,2016-05-24,2,0.22193877551020408
FOODS_1_017,CA_1,FOODS_1,low,2016-05-22,2016-05-25,3,1.3818330903790088
FOODS_1_020,CA_1,FOODS_1,medium,2016-05-22,2016-05-25,3,1.6895954810495628
FOODS_1_042,CA_1,FOODS_1,high,2016-05-22,2016-05-25,3,3.2577441690962097
FOODS_1_082,CA_1,FOODS_1,high,2016-05-22,2016-05-25,3,7.882516399416909
FOODS_1_086,CA_1,FOODS_1,high,2016-05-22,2016-05-25,3,4.561634475218659
FOODS_1_089,CA_1,FOODS_1,low,2016-05-22,2016-05-25,3,0.6208090379008747
FOODS_1_099,CA_1,FOODS_1,high,2016-05-22,2016-05-25,3,7.461005830903789
FOODS_1_112,CA_1,FOODS_1,medium,2016-05-22,2016-05-25,3,1.53894861516035
FOODS_1_135,CA_1,FOODS_1,low,2016-05-22,2016-05-25,3,1.4584092565597668
FOODS_1_155,CA_1,FOODS_1,medium,2016-05-22,2016-05-25,3,0.5020043731778425
FOODS_1_156,CA_1,FOODS_1,low,2016-05-22,2016-05-25,3,1.5772594752186588
FOODS_1_172,CA_1,FOODS_1,high,2016-05-22,2016-05-25,3,1.9578170553935859
FOODS_1_175,CA_1,FOODS_1,medium,2016-05-22,2016-05-25,3,1.4584092565597668
FOODS_1_210,CA_1,FOODS_1,medium,2016-05-22,2016-05-25,3,2.9551293731778427
FOODS_1_214,CA_1,FOODS_1,low,2016-05-22,2016-05-25,3,0.9590925655976675
FOODS_2_021,CA_1,FOODS_2,high,2016-05-22,2016-05-25,3,6.425291545189504
FOODS_2_024,CA_1,FOODS_2,medium,2016-05-22,2016-05-25,3,1.4227405247813412
FOODS_2_028,CA_1,FOODS_2,low,2016-05-22,2016-05-25,3,0.3831086005830904
FOODS_2_040,CA_1,FOODS_2,low,2016-05-22,2016-05-25,3,0.8811497813411079
FOODS_2_059,CA_1,FOODS_2,high,2016-05-22,2016-05-25,3,1.838921282798834
FOODS_2_072,CA_1,FOODS_2,medium,2016-05-22,2016-05-25,3,0.6895954810495627
FOODS_2_095,CA_1,FOODS_2,low,2016-05-22,2016-05-25,3,0.9986789358600584
FOODS_2_116,CA_1,FOODS_2,high,2016-05-22,2016-05-25,3,0.9987244897959184
FOODS_2_136,CA_1,FOODS_2,medium,2016-05-22,2016-05-25,3,0.6155703352769679
FOODS_2_139,CA_1,FOODS_2,high,2016-05-22,2016-05-25,3,1.993485787172012
FOODS_2_146,CA_1,FOODS_2,medium,2016-05-22,2016-05-25,3,1.3921738338192422
FOODS_2_150,CA_1,FOODS_2,high,2016-05-22,2016-05-25,3,2.5785805393586005
FOODS_2_170,CA_1,FOODS_2,medium,2016-05-22,2016-05-25,3,1.6142492711370262
FOODS_2_178,CA_1,FOODS_2,low,2016-05-22,2016-05-25,3,0.8045280612244898
FOODS_2_180,CA_1,FOODS_2,low,2016-05-22,2016-05-25,3,0.3857507288629738
FOODS_2_184,CA_1,FOODS_2,high,2016-05-22,2016-05-25,3,1.0766217201166182
FOODS_2_209,CA_1,FOODS_2,low,2016-05-22,2016-05-25,3,0.5376731049562682
FOODS_2_218,CA_1,FOODS_2,low,2016-05-22,2016-05-25,3,0.9207817055393586
FOODS_2_251,CA_1,FOODS_2,medium,2016-05-22,2016-05-25,3,0.6512846209912536
FOODS_2_301,CA_1,FOODS_2,low,2016-05-22,2016-05-25,3,0.9974034256559767
FOODS_2_302,CA_1,FOODS_2,medium,2016-05-22,2016-05-25,3,1.3422011661807578
FOODS_2_304,CA_1,FOODS_2,medium,2016-05-22,2016-05-25,3,2.305211370262391
FOODS_2_322,CA_1,FOODS_2,high,2016-05-22,2016-05-25,3,0.6895954810495627
FOODS_2_336,CA_1,FOODS_2,low,2016-05-22,2016-05-25,3,0.4597303206997085
FOODS_2_339,CA_1,FOODS_2,medium,2016-05-22,2016-05-25,3,0.8428389212827988
FOODS_2_357,CA_1,FOODS_2,high,2016-05-22,2016-05-25,3,2.8428844752186584
FOODS_2_360,CA_1,FOODS_2,high,2016-05-22,2016-05-25,3,11.730548469387756
FOODS_2_367,CA_1,FOODS_2,medium,2016-05-22,2016-05-25,3,0.6168913994169095
FOODS_3_026,CA_1,FOODS_3,high,2016-05-22,2016-05-25,3,2.1480502915451893
FOODS_3_048,CA_1,FOODS_3,medium,2016-05-22,2016-05-25,3,1.6908709912536444
FOODS_3_053,CA_1,FOODS_3,medium,2016-05-22,2016-05-25,3,3.495444606413994
FOODS_3_068,CA_1,FOODS_3,low,2016-05-22,2016-05-25,3,0.6207634839650146
FOODS_3_074,CA_1,FOODS_3,medium,2016-05-22,2016-05-25,3,1.996082361516035
FOODS_3_089,CA_1,FOODS_3,high,2016-05-22,2016-05-25,3,1.00783527696793
FOODS_3_096,CA_1,FOODS_3,medium,2016-05-22,2016-05-25,3,1.0792638483965014
FOODS_3_099,CA_1,FOODS_3,high,2016-05-22,2016-05-25,3,14.800564868804667
FOODS_3_113,CA_1,FOODS_3,high,2016-05-22,2016-05-25,3,4.227223032069971
FOODS_3_123,CA_1,FOODS_3,low,2016-05-22,2016-05-25,3,1.6539267492711371
FOODS_3_135,CA_1,FOODS_3,high,2016-05-22,2016-05-25,3,5.986926020408164
FOODS_3_179,CA_1,FOODS_3,low,2016-05-22,2016-05-25,3,0.8045280612244898
FOODS_3_187,CA_1,FOODS_3,medium,2016-05-22,2016-05-25,3,1.3831541545189505
FOODS_3_223,CA_1,FOODS_3,low,2016-05-22,2016-05-25,3,1.1545189504373177
FOODS_3_240,CA_1,FOODS_3,low,2016-05-22,2016-05-25,3,0.7662172011661808
FOODS_3_249,CA_1,FOODS_3,medium,2016-05-22,2016-05-25,3,3.7344661078717203
FOODS_3_263,CA_1,FOODS_3,high,2016-05-22,2016-05-25,3,9.014850583090379
FOODS_3_276,CA_1,FOODS_3,high,2016-05-22,2016-05-25,3,0.0
FOODS_3_312,CA_1,FOODS_3,low,2016-05-22,2016-05-25,3,1.2669005102040816
FOODS_3_319,CA_1,FOODS_3,high,2016-05-22,2016-05-25,3,0.0
FOODS_3_321,CA_1,FOODS_3,high,2016-05-22,2016-05-25,3,5.219478862973761
FOODS_3_327,CA_1,FOODS_3,high,2016-05-22,2016-05-25,3,2.7357416180758016
FOODS_3_329,CA_1,FOODS_3,high,2016-05-22,2016-05-25,3,17.077897230320698
FOODS_3_340,CA_1,FOODS_3,low,2016-05-22,2016-05-25,3,0.6129737609329446
FOODS_3_354,CA_1,FOODS_3,low,2016-05-22,2016-05-25,3,0.4227405247813411
FOODS_3_360,CA_1,FOODS_3,medium,2016-05-22,2016-05-25,3,0.22986516034985424
FOODS_3_383,CA_1,FOODS_3,high,2016-05-22,2016-05-25,3,4.07010750728863
FOODS_3_387,CA_1,FOODS_3,medium,2016-05-22,2016-05-25,3,1.9986789358600583
FOODS_3_432,CA_1,FOODS_3,high,2016-05-22,2016-05-25,3,0.5363520408163265
FOODS_3_467,CA_1,FOODS_3,medium,2016-05-22,2016-05-25,3,1.072704081632653
FOODS_3_470,CA_1,FOODS_3,medium,2016-05-22,2016-05-25,3,0.7292274052478135
FOODS_3_479,CA_1,FOODS_3,medium,2016-05-22,2016-05-25,3,0.6207634839650146
FOODS_3_480,CA_1,FOODS_3,medium,2016-05-22,2016-05-25,3,1.1955630466472302
FOODS_3_482,CA_1,FOODS_3,low,2016-05-22,2016-05-25,3,2.344843294460641
FOODS_3_501,CA_1,FOODS_3,high,2016-05-22,2016-05-25,3,22.71164358600583
FOODS_3_511,CA_1,FOODS_3,high,2016-05-22,2016-05-25,3,25.970071064139944
FOODS_3_520,CA_1,FOODS_3,medium,2016-05-22,2016-05-25,3,0.657798833819242
FOODS_3_532,CA_1,FOODS_3,medium,2016-05-22,2016-05-25,3,1.6935131195335278
FOODS_3_539,CA_1,FOODS_3,low,2016-05-22,2016-05-25,3,0.6539267492711369
FOODS_3_550,CA_1,FOODS_3,low,2016-05-22,2016-05-25,3,0.3116800291545189
FOODS_3_558,CA_1,FOODS_3,low,2016-05-22,2016-05-25,3,0.4980411807580175
FOODS_3_601,CA_1,FOODS_3,low,2016-05-22,2016-05-25,3,0.15584001457725946
FOODS_3_611,CA_1,FOODS_3,high,2016-05-22,2016-05-25,3,1.2682215743440233
FOODS_3_616,CA_1,FOODS_3,medium,2016-05-22,2016-05-25,3,0.9604136297376094
FOODS_3_635,CA_1,FOODS_3,high,2016-05-22,2016-05-25,3,0.0
FOODS_3_640,CA_1,FOODS_3,low,2016-05-22,2016-05-25,3,2.3143221574344026
FOODS_3_641,CA_1,FOODS_3,low,2016-05-22,2016-05-25,3,2.72667638483965
FOODS_3_648,CA_1,FOODS_3,medium,2016-05-22,2016-05-25,3,0.6129737609329446
FOODS_3_658,CA_1,FOODS_3,low,2016-05-22,2016-05-25,3,0.8084456997084548
FOODS_3_661,CA_1,FOODS_3,high,2016-05-22,2016-05-25,3,3.9948068513119535
FOODS_3_666,CA_1,FOODS_3,medium,2016-05-22,2016-05-25,3,1.1162536443148687
FOODS_3_677,CA_1,FOODS_3,low,2016-05-22,2016-05-25,3,0.6552022594752186
FOODS_3_709,CA_1,FOODS_3,low,2016-05-22,2016-05-25,3,0.6247266763848396
FOODS_3_724,CA_1,FOODS_3,low,2016-05-22,2016-05-25,3,0.34479774052478135
FOODS_3_795,CA_1,FOODS_3,medium,2016-05-22,2016-05-25,3,3.3038903061224487
FOODS_3_801,CA_1,FOODS_3,high,2016-05-22,2016-05-25,3,1.6539267492711371
FOODS_3_817,CA_1,FOODS_3,medium,2016-05-22,2016-05-25,3,0.7688137755102041
FOODS_1_017,TX_2,FOODS_1,low,2016-05-22,2016-05-25,3,0.4227405247813411
FOODS_1_020,TX_2,FOODS_1,medium,2016-05-22,2016-05-25,3,0.8097667638483965
FOODS_1_042,TX_2,FOODS_1,high,2016-05-22,2016-05-25,3,5.454491618075802
FOODS_1_082,TX_2,FOODS_1,high,2016-05-22,2016-05-25,3,1.993485787172012
FOODS_1_086,TX_2,FOODS_1,high,2016-05-22,2016-05-25,3,0.34479774052478135
FOODS_1_089,TX_2,FOODS_1,low,2016-05-22,2016-05-25,3,0.34479774052478135
FOODS_1_099,TX_2,FOODS_1,high,2016-05-22,2016-05-25,3,7.260477405247814
FOODS_1_112,TX_2,FOODS_1,medium,2016-05-22,2016-05-25,3,0.5838192419825072
FOODS_1_135,TX_2,FOODS_1,low,2016-05-22,2016-05-25,3,0.3064868804664723
FOODS_1_155,TX_2,FOODS_1,medium,2016-05-22,2016-05-25,3,1.388347303206997
FOODS_1_156,TX_2,FOODS_1,low,2016-05-22,2016-05-25,3,0.3857507288629738
FOODS_1_172,TX_2,FOODS_1,high,2016-05-22,2016-05-25,3,3.0330721574344026
FOODS_1_175,TX_2,FOODS_1,medium,2016-05-22,2016-05-25,3,0.5746629008746356
FOODS_1_210,TX_2,FOODS_1,medium,2016-05-22,2016-05-25,3,5.4784529883381925
FOODS_1_214,TX_2,FOODS_1,low,2016-05-22,2016-05-25,3,0.34479774052478135
FOODS_2_021,TX_2,FOODS_2,high,2016-05-22,2016-05-25,3,1.1993895772594751
FOODS_2_024,TX_2,FOODS_2,medium,2016-05-22,2016-05-25,3,0.3064868804664723
FOODS_2_028,TX_2,FOODS_2,low,2016-05-22,2016-05-25,3,0.9590925655976675
FOODS_2_040,TX_2,FOODS_2,low,2016-05-22,2016-05-25,3,0.1915543002915452
FOODS_2_059,TX_2,FOODS_2,high,2016-05-22,2016-05-25,3,1.7726858600583089
FOODS_2_072,TX_2,FOODS_2,medium,2016-05-22,2016-05-25,3,0.42661260932944606
FOODS_2_095,TX_2,FOODS_2,low,2016-05-22,2016-05-25,3,0.4662900874635568
FOODS_2_116,TX_2,FOODS_2,high,2016-05-22,2016-05-25,3,0.6208090379008747
FOODS_2_136,TX_2,FOODS_2,medium,2016-05-22,2016-05-25,3,0.4980411807580175
FOODS_2_139,TX_2,FOODS_2,high,2016-05-22,2016-05-25,3,1.458454810495627
FOODS_2_146,TX_2,FOODS_2,medium,2016-05-22,2016-05-25,3,0.770180393586006
FOODS_2_150,TX_2,FOODS_2,high,2016-05-22,2016-05-25,3,1.1519223760932944
FOODS_2_170,TX_2,FOODS_2,medium,2016-05-22,2016-05-25,3,1.6182580174927115
FOODS_2_178,TX_2,FOODS_2,low,2016-05-22,2016-05-25,3,0.5746629008746356
FOODS_2_180,TX_2,FOODS_2,low,2016-05-22,2016-05-25,3,2.0753462099125364
FOODS_2_184,TX_2,FOODS_2,high,2016-05-22,2016-05-25,3,2.4597758746355685
FOODS_2_209,TX_2,FOODS_2,low,2016-05-22,2016-05-25,3,0.0
FOODS_2_218,TX_2,FOODS_2,low,2016-05-22,2016-05-25,3,0.03831086005830904
FOODS_2_251,TX_2,FOODS_2,medium,2016-05-22,2016-05-25,3,1.7369715743440233
FOODS_2_301,TX_2,FOODS_2,low,2016-05-22,2016-05-25,3,1.1876366618075802
FOODS_2_302,TX_2,FOODS_2,medium,2016-05-22,2016-05-25,3,1.1162536443148687
FOODS_2_304,TX_2,FOODS_2,medium,2016-05-22,2016-05-25,3,1.6565688775510203
FOODS_2_322,TX_2,FOODS_2,high,2016-05-22,2016-05-25,3,3.2590652332361514
FOODS_2_336,TX_2,FOODS_2,low,2016-05-22,2016-05-25,3,0.34479774052478135
FOODS_2_339,TX_2,FOODS_2,medium,2016-05-22,2016-05-25,3,0.5746629008746356
FOODS_2_357,TX_2,FOODS_2,high,2016-05-22,2016-05-25,3,2.1174836005830904
FOODS_2_360,TX_2,FOODS_2,high,2016-05-22,2016-05-25,3,10.207133746355685
FOODS_2_367,TX_2,FOODS_2,medium,2016-05-22,2016-05-25,3,0.0
FOODS_3_026,TX_2,FOODS_3,high,2016-05-22,2016-05-25,3,1.845435495626822
FOODS_3_048,TX_2,FOODS_3,medium,2016-05-22,2016-05-25,3,2.7253097667638486
FOODS_3_053,TX_2,FOODS_3,medium,2016-05-22,2016-05-25,3,1.0
FOODS_3_068,TX_2,FOODS_3,low,2016-05-22,2016-05-25,3,0.577305029154519
FOODS_3_074,TX_2,FOODS_3,medium,2016-05-22,2016-05-25,3,1.3870717930029155
FOODS_3_089,TX_2,FOODS_3,high,2016-05-22,2016-05-25,3,0.9577715014577259
FOODS_3_096,TX_2,FOODS_3,medium,2016-05-22,2016-05-25,3,0.585140306122449
FOODS_3_099,TX_2,FOODS_3,high,2016-05-22,2016-05-25,3,16.85208637026239
FOODS_3_113,TX_2,FOODS_3,high,2016-05-22,2016-05-25,3,0.4980411807580175
FOODS_3_123,TX_2,FOODS_3,low,2016-05-22,2016-05-25,3,0.4214194606413994
FOODS_3_135,TX_2,FOODS_3,high,2016-05-22,2016-05-25,3,13.77391581632653
FOODS_3_179,TX_2,FOODS_3,low,2016-05-22,2016-05-25,3,0.3064868804664723
FOODS_3_187,TX_2,FOODS_3,medium,2016-05-22,2016-05-25,3,1.1558400145772594
FOODS_3_223,TX_2,FOODS_3,low,2016-05-22,2016-05-25,3,0.3844296647230321
FOODS_3_240,TX_2,FOODS_3,low,2016-05-22,2016-05-25,3,0.15584001457725946
FOODS_3_249,TX_2,FOODS_3,medium,2016-05-22,2016-05-25,3,1.9551749271137024
FOODS_3_263,TX_2,FOODS_3,high,2016-05-22,2016-05-25,3,14.777104591836734
FOODS_3_276,TX_2,FOODS_3,high,2016-05-22,2016-05-25,3,0.0
FOODS_3_312,TX_2,FOODS_3,low,2016-05-22,2016-05-25,3,0.8084456997084548
FOODS_3_319,TX_2,FOODS_3,high,2016-05-22,2016-05-25,3,0.0
FOODS_3_321,TX_2,FOODS_3,high,2016-05-22,2016-05-25,3,9.364750364431487
FOODS_3_327,TX_2,FOODS_3,high,2016-05-22,2016-05-25,3,4.029200072886297
FOODS_3_329,TX_2,FOODS_3,high,2016-05-22,2016-05-25,3,16.540360787172013
FOODS_3_340,TX_2,FOODS_3,low,2016-05-22,2016-05-25,3,0.6129737609329446
FOODS_3_354,TX_2,FOODS_3,low,2016-05-22,2016-05-25,3,0.6129737609329446
FOODS_3_360,TX_2,FOODS_3,medium,2016-05-22,2016-05-25,3,0.3857051749271137
FOODS_3_383,TX_2,FOODS_3,high,2016-05-22,2016-05-25,3,2.3116800291545188
FOODS_3_387,TX_2,FOODS_3,medium,2016-05-22,2016-05-25,3,0.9629646501457726
FOODS_3_432,TX_2,FOODS_3,high,2016-05-22,2016-05-25,3,1.8863884839650145
FOODS_3_467,TX_2,FOODS_3,medium,2016-05-22,2016-05-25,3,0.7305484693877551
FOODS_3_470,TX_2,FOODS_3,medium,2016-05-22,2016-05-25,3,0.7305484693877551
FOODS_3_479,TX_2,FOODS_3,medium,2016-05-22,2016-05-25,3,1.0396774781341107
FOODS_3_480,TX_2,FOODS_3,medium,2016-05-22,2016-05-25,3,0.9577715014577259
FOODS_3_482,TX_2,FOODS_3,low,2016-05-22,2016-05-25,3,1.0357142857142858
FOODS_3_501,TX_2,FOODS_3,high,2016-05-22,2016-05-25,3,13.001093294460642
FOODS_3_511,TX_2,FOODS_3,high,2016-05-22,2016-05-25,3,10.474444241982509
FOODS_3_520,TX_2,FOODS_3,medium,2016-05-22,2016-05-25,3,1.0396319241982508
FOODS_3_532,TX_2,FOODS_3,medium,2016-05-22,2016-05-25,3,2.26557944606414
FOODS_3_539,TX_2,FOODS_3,low,2016-05-22,2016-05-25,3,0.4292091836734694
FOODS_3_550,TX_2,FOODS_3,low,2016-05-22,2016-05-25,3,0.323432944606414
FOODS_3_558,TX_2,FOODS_3,low,2016-05-22,2016-05-25,3,0.23118622448979592
FOODS_3_601,TX_2,FOODS_3,low,2016-05-22,2016-05-25,3,0.15584001457725946
FOODS_3_611,TX_2,FOODS_3,high,2016-05-22,2016-05-25,3,2.2999726676384844
FOODS_3_616,TX_2,FOODS_3,medium,2016-05-22,2016-05-25,3,1.845435495626822
FOODS_3_635,TX_2,FOODS_3,high,2016-05-22,2016-05-25,3,0.0
FOODS_3_640,TX_2,FOODS_3,low,2016-05-22,2016-05-25,3,0.9298469387755102
FOODS_3_641,TX_2,FOODS_3,low,2016-05-22,2016-05-25,3,0.3500364431486881
FOODS_3_648,TX_2,FOODS_3,medium,2016-05-22,2016-05-25,3,1.4954446064139941
FOODS_3_658,TX_2,FOODS_3,low,2016-05-22,2016-05-25,3,0.4597303206997085
FOODS_3_661,TX_2,FOODS_3,high,2016-05-22,2016-05-25,3,4.270772594752187
FOODS_3_666,TX_2,FOODS_3,medium,2016-05-22,2016-05-25,3,1.034393221574344
FOODS_3_677,TX_2,FOODS_3,low,2016-05-22,2016-05-25,3,0.9590925655976675
FOODS_3_709,TX_2,FOODS_3,low,2016-05-22,2016-05-25,3,1.2299107142857142
FOODS_3_724,TX_2,FOODS_3,low,2016-05-22,2016-05-25,3,0.3870262390670554
FOODS_3_795,TX_2,FOODS_3,medium,2016-05-22,2016-05-25,3,2.231140670553936
FOODS_3_801,TX_2,FOODS_3,high,2016-05-22,2016-05-25,3,2.040907434402332
FOODS_3_817,TX_2,FOODS_3,medium,2016-05-22,2016-05-25,3,0.4993622448979592
FOODS_1_017,WI_3,FOODS_1,low,2016-05-22,2016-05-25,3,0.9974034256559767
FOODS_1_020,WI_3,FOODS_1,medium,2016-05-22,2016-05-25,3,1.227268586005831
FOODS_1_042,WI_3,FOODS_1,high,2016-05-22,2016-05-25,3,1.879828717201166
FOODS_1_082,WI_3,FOODS_1,high,2016-05-22,2016-05-25,3,9.274599125364432
FOODS_1_086,WI_3,FOODS_1,high,2016-05-22,2016-05-25,3,1.9538538629737607
FOODS_1_089,WI_3,FOODS_1,low,2016-05-22,2016-05-25,3,0.26817602040816324
FOODS_1_099,WI_3,FOODS_1,high,2016-05-22,2016-05-25,3,2.651284620991254
FOODS_1_112,WI_3,FOODS_1,medium,2016-05-22,2016-05-25,3,0.4227405247813411
FOODS_1_135,WI_3,FOODS_1,low,2016-05-22,2016-05-25,3,0.4597303206997085
FOODS_1_155,WI_3,FOODS_1,medium,2016-05-22,2016-05-25,3,1.0395863702623906
FOODS_1_156,WI_3,FOODS_1,low,2016-05-22,2016-05-25,3,0.5363520408163265
FOODS_1_172,WI_3,FOODS_1,high,2016-05-22,2016-05-25,3,2.613019314868805
FOODS_1_175,WI_3,FOODS_1,medium,2016-05-22,2016-05-25,3,0.34611880466472306
FOODS_1_210,WI_3,FOODS_1,medium,2016-05-22,2016-05-25,3,2.5337099125364433
FOODS_1_214,WI_3,FOODS_1,low,2016-05-22,2016-05-25,3,0.4980411807580175
FOODS_2_021,WI_3,FOODS_2,high,2016-05-22,2016-05-25,3,6.182443513119533
FOODS_2_024,WI_3,FOODS_2,medium,2016-05-22,2016-05-25,3,0.4649234693877551
FOODS_2_028,WI_3,FOODS_2,low,2016-05-22,2016-05-25,3,0.6539267492711369
FOODS_2_040,WI_3,FOODS_2,low,2016-05-22,2016-05-25,3,0.8428389212827988
FOODS_2_059,WI_3,FOODS_2,high,2016-05-22,2016-05-25,3,2.651284620991254
FOODS_2_072,WI_3,FOODS_2,medium,2016-05-22,2016-05-25,3,1.2669005102040816
FOODS_2_095,WI_3,FOODS_2,low,2016-05-22,2016-05-25,3,1.418822886297376
FOODS_2_116,WI_3,FOODS_2,high,2016-05-22,2016-05-25,3,0.9604136297376094
FOODS_2_136,WI_3,FOODS_2,medium,2016-05-22,2016-05-25,3,2.614294825072886
FOODS_2_139,WI_3,FOODS_2,high,2016-05-22,2016-05-25,3,1.0435040087463556
FOODS_2_146,WI_3,FOODS_2,medium,2016-05-22,2016-05-25,3,0.8110422740524782
FOODS_2_150,WI_3,FOODS_2,high,2016-05-22,2016-05-25,3,1.4175018221574345
FOODS_2_170,WI_3,FOODS_2,medium,2016-05-22,2016-05-25,3,1.4941235422740526
FOODS_2_178,WI_3,FOODS_2,low,2016-05-22,2016-05-25,3,0.996082361516035
FOODS_2_180,WI_3,FOODS_2,low,2016-05-22,2016-05-25,3,0.9603680758017493
FOODS_2_184,WI_3,FOODS_2,high,2016-05-22,2016-05-25,3,0.7292274052478135
FOODS_2_209,WI_3,FOODS_2,low,2016-05-22,2016-05-25,3,0.9986789358600584
FOODS_2_218,WI_3,FOODS_2,low,2016-05-22,2016-05-25,3,0.34479774052478135
FOODS_2_251,WI_3,FOODS_2,medium,2016-05-22,2016-05-25,3,2.1863155976676385
FOODS_2_301,WI_3,FOODS_2,low,2016-05-22,2016-05-25,3,1.111014941690962
FOODS_2_302,WI_3,FOODS_2,medium,2016-05-22,2016-05-25,3,1.652560131195335
FOODS_2_304,WI_3,FOODS_2,medium,2016-05-22,2016-05-25,3,1.500637755102041
FOODS_2_322,WI_3,FOODS_2,high,2016-05-22,2016-05-25,3,4.652560131195336
FOODS_2_336,WI_3,FOODS_2,low,2016-05-22,2016-05-25,3,0.8428389212827988
FOODS_2_339,WI_3,FOODS_2,medium,2016-05-22,2016-05-25,3,2.231140670553936
FOODS_2_357,WI_3,FOODS_2,high,2016-05-22,2016-05-25,3,4.528516763848397
FOODS_2_360,WI_3,FOODS_2,high,2016-05-22,2016-05-25,3,16.98442055393586
FOODS_2_367,WI_3,FOODS_2,medium,2016-05-22,2016-05-25,3,0.42406158892128276
FOODS_3_026,WI_3,FOODS_3,high,2016-05-22,2016-05-25,3,1.8415178571428572
FOODS_3_048,WI_3,FOODS_3,medium,2016-05-22,2016-05-25,3,3.883746355685131
FOODS_3_053,WI_3,FOODS_3,medium,2016-05-22,2016-05-25,3,0.5019588192419825
FOODS_3_068,WI_3,FOODS_3,low,2016-05-22,2016-05-25,3,0.26949708454810495
FOODS_3_074,WI_3,FOODS_3,medium,2016-05-22,2016-05-25,3,0.7701348396501457
FOODS_3_089,WI_3,FOODS_3,high,2016-05-22,2016-05-25,3,1.883746355685131
FOODS_3_096,WI_3,FOODS_3,medium,2016-05-22,2016-05-25,3,0.5006833090379009
FOODS_3_099,WI_3,FOODS_3,high,2016-05-22,2016-05-25,3,9.739568148688047
FOODS_3_113,WI_3,FOODS_3,high,2016-05-22,2016-05-25,3,3.5350309766763846
FOODS_3_123,WI_3,FOODS_3,low,2016-05-22,2016-05-25,3,0.5363520408163265
FOODS_3_135,WI_3,FOODS_3,high,2016-05-22,2016-05-25,3,7.36752915451895
FOODS_3_179,WI_3,FOODS_3,low,2016-05-22,2016-05-25,3,0.22986516034985424
FOODS_3_187,WI_3,FOODS_3,medium,2016-05-22,2016-05-25,3,1.72663083090379
FOODS_3_223,WI_3,FOODS_3,low,2016-05-22,2016-05-25,3,1.072704081632653
FOODS_3_240,WI_3,FOODS_3,low,2016-05-22,2016-05-25,3,0.4688411078717201
FOODS_3_249,WI_3,FOODS_3,medium,2016-05-22,2016-05-25,3,1.111014941690962
FOODS_3_263,WI_3,FOODS_3,high,2016-05-22,2016-05-25,3,11.442829810495628
FOODS_3_276,WI_3,FOODS_3,high,2016-05-22,2016-05-25,3,0.0
FOODS_3_312,WI_3,FOODS_3,low,2016-05-22,2016-05-25,3,0.6512846209912536
FOODS_3_319,WI_3,FOODS_3,high,2016-05-22,2016-05-25,3,0.0
FOODS_3_321,WI_3,FOODS_3,high,2016-05-22,2016-05-25,3,5.0740706997084555
FOODS_3_327,WI_3,FOODS_3,high,2016-05-22,2016-05-25,3,1.7688593294460642
FOODS_3_329,WI_3,FOODS_3,high,2016-05-22,2016-05-25,3,18.01726494169096
FOODS_3_340,WI_3,FOODS_3,low,2016-05-22,2016-05-25,3,0.6909165451895044
FOODS_3_354,WI_3,FOODS_3,low,2016-05-22,2016-05-25,3,0.7662172011661808
FOODS_3_360,WI_3,FOODS_3,medium,2016-05-22,2016-05-25,3,0.3487153790087464
FOODS_3_383,WI_3,FOODS_3,high,2016-05-22,2016-05-25,3,1.652560131195335
FOODS_3_387,WI_3,FOODS_3,medium,2016-05-22,2016-05-25,3,1.2642583819241984
FOODS_3_432,WI_3,FOODS_3,high,2016-05-22,2016-05-25,3,0.9221027696793003
FOODS_3_467,WI_3,FOODS_3,medium,2016-05-22,2016-05-25,3,1.1902332361516037
FOODS_3_470,WI_3,FOODS_3,medium,2016-05-22,2016-05-25,3,0.9590925655976675
FOODS_3_479,WI_3,FOODS_3,medium,2016-05-22,2016-05-25,3,1.2655794460641399
FOODS_3_480,WI_3,FOODS_3,medium,2016-05-22,2016-05-25,3,0.5402696793002916
FOODS_3_482,WI_3,FOODS_3,low,2016-05-22,2016-05-25,3,0.34999088921282795
FOODS_3_501,WI_3,FOODS_3,high,2016-05-22,2016-05-25,3,8.984329446064141
FOODS_3_511,WI_3,FOODS_3,high,2016-05-22,2016-05-25,3,8.151967930029155
FOODS_3_520,WI_3,FOODS_3,medium,2016-05-22,2016-05-25,3,0.6155703352769679
FOODS_3_532,WI_3,FOODS_3,medium,2016-05-22,2016-05-25,3,2.4544916180758016
FOODS_3_539,WI_3,FOODS_3,low,2016-05-22,2016-05-25,3,0.34479774052478135
FOODS_3_550,WI_3,FOODS_3,low,2016-05-22,2016-05-25,3,0.3473943148688047
FOODS_3_558,WI_3,FOODS_3,low,2016-05-22,2016-05-25,3,0.3064868804664723
FOODS_3_601,WI_3,FOODS_3,low,2016-05-22,2016-05-25,3,0.4214194606413994
FOODS_3_611,WI_3,FOODS_3,high,2016-05-22,2016-05-25,3,0.6974307580174928
FOODS_3_616,WI_3,FOODS_3,medium,2016-05-22,2016-05-25,3,0.7675382653061223
FOODS_3_635,WI_3,FOODS_3,high,2016-05-22,2016-05-25,3,0.0
FOODS_3_640,WI_3,FOODS_3,low,2016-05-22,2016-05-25,3,1.227268586005831
FOODS_3_641,WI_3,FOODS_3,low,2016-05-22,2016-05-25,3,0.6512846209912536
FOODS_3_648,WI_3,FOODS_3,medium,2016-05-22,2016-05-25,3,1.4941235422740526
FOODS_3_658,WI_3,FOODS_3,low,2016-05-22,2016-05-25,3,0.3064868804664723
FOODS_3_661,WI_3,FOODS_3,high,2016-05-22,2016-05-25,3,3.2590652332361514
FOODS_3_666,WI_3,FOODS_3,medium,2016-05-22,2016-05-25,3,0.9986789358600584
FOODS_3_677,WI_3,FOODS_3,low,2016-05-22,2016-05-25,3,0.22986516034985424
FOODS_3_709,WI_3,FOODS_3,low,2016-05-22,2016-05-25,3,1.2642583819241984
FOODS_3_724,WI_3,FOODS_3,low,2016-05-22,2016-05-25,3,0.1915543002915452
FOODS_3_795,WI_3,FOODS_3,medium,2016-05-22,2016-05-25,3,1.4597303206997085
FOODS_3_801,WI_3,FOODS_3,high,2016-05-22,2016-05-25,3,3.157161078717201
FOODS_3_817,WI_3,FOODS_3,medium,2016-05-22,2016-05-25,3,0.22986516034985424
FOODS_1_017,CA_1,FOODS_1,low,2016-05-22,2016-05-26,4,1.3954699864639735
FOODS_1_020,CA_1,FOODS_1,medium,2016-05-22,2016-05-26,4,1.6785096053727615
FOODS_1_042,CA_1,FOODS_1,high,2016-05-22,2016-05-26,4,3.3383778894210745
FOODS_1_082,CA_1,FOODS_1,high,2016-05-22,2016-05-26,4,7.842606270824656
FOODS_1_086,CA_1,FOODS_1,high,2016-05-22,2016-05-26,4,4.724549992190753
FOODS_1_089,CA_1,FOODS_1,low,2016-05-22,2016-05-26,4,0.6072665035401915
FOODS_1_099,CA_1,FOODS_1,high,2016-05-22,2016-05-26,4,7.548898896293211
FOODS_1_112,CA_1,FOODS_1,medium,2016-05-22,2016-05-26,4,1.5224824942732196
FOODS_1_135,CA_1,FOODS_1,low,2016-05-22,2016-05-26,4,1.5104953014369014
FOODS_1_155,CA_1,FOODS_1,medium,2016-05-22,2016-05-26,4,0.5199331007913369
FOODS_1_156,CA_1,FOODS_1,low,2016-05-22,2016-05-26,4,1.5978758850478967
FOODS_1_172,CA_1,FOODS_1,high,2016-05-22,2016-05-26,4,1.9563105216576424
FOODS_1_175,CA_1,FOODS_1,medium,2016-05-22,2016-05-26,4,1.4747810157226158
FOODS_1_210,CA_1,FOODS_1,medium,2016-05-22,2016-05-26,4,2.917812565077051
FOODS_1_214,CA_1,FOODS_1,low,2016-05-22,2016-05-26,4,0.9576315857975842
FOODS_2_021,CA_1,FOODS_2,high,2016-05-22,2016-05-26,4,6.6190519575177005
FOODS_2_024,CA_1,FOODS_2,medium,2016-05-22,2016-05-26,4,1.4735526863806747
FOODS_2_028,CA_1,FOODS_2,low,2016-05-22,2016-05-26,4,0.39679105060391506
FOODS_2_040,CA_1,FOODS_2,low,2016-05-22,2016-05-26,4,0.9126194163890046
FOODS_2_059,CA_1,FOODS_2,high,2016-05-22,2016-05-26,4,1.833168471470221
FOODS_2_072,CA_1,FOODS_2,medium,2016-05-22,2016-05-26,4,0.6785096053727614
FOODS_2_095,CA_1,FOODS_2,low,2016-05-22,2016-05-26,4,0.9272031835693462
FOODS_2_116,CA_1,FOODS_2,high,2016-05-22,2016-05-26,4,0.9629646501457726
FOODS_2_136,CA_1,FOODS_2,medium,2016-05-22,2016-05-26,4,0.6018407043940025
FOODS_2_139,CA_1,FOODS_2,high,2016-05-22,2016-05-26,4,1.9575388509995837
FOODS_2_146,CA_1,FOODS_2,medium,2016-05-22,2016-05-26,4,1.4061800421699293
FOODS_2_150,CA_1,FOODS_2,high,2016-05-22,2016-05-26,4,2.599244130049979
FOODS_2_170,CA_1,FOODS_2,medium,2016-05-22,2016-05-26,4,1.5647581736776341
FOODS_2_178,CA_1,FOODS_2,low,2016-05-22,2016-05-26,4,0.8332612062682215
FOODS_2_180,CA_1,FOODS_2,low,2016-05-22,2016-05-26,4,0.39952754060808
FOODS_2_184,CA_1,FOODS_2,high,2016-05-22,2016-05-26,4,1.1150724958350688
FOODS_2_209,CA_1,FOODS_2,low,2016-05-22,2016-05-26,4,0.5211614301332778
FOODS_2_218,CA_1,FOODS_2,low,2016-05-22,2016-05-26,4,0.9179524807371928
FOODS_2_251,CA_1,FOODS_2,medium,2016-05-22,2016-05-26,4,0.6745447860266556
FOODS_2_301,CA_1,FOODS_2,low,2016-05-22,2016-05-26,4,1.0330249765722617
FOODS_2_302,CA_1,FOODS_2,medium,2016-05-22,2016-05-26,4,1.3901369221157849
FOODS_2_304,CA_1,FOODS_2,medium,2016-05-22,2016-05-26,4,2.351826062057476
FOODS_2_322,CA_1,FOODS_2,high,2016-05-22,2016-05-26,4,0.7142238910870471
FOODS_2_336,CA_1,FOODS_2,low,2016-05-22,2016-05-26,4,0.4761492607246981
FOODS_2_339,CA_1,FOODS_2,medium,2016-05-22,2016-05-26,4,0.872940311328613
FOODS_2_357,CA_1,FOODS_2,high,2016-05-22,2016-05-26,4,2.765844635047896
FOODS_2_360,CA_1,FOODS_2,high,2016-05-22,2016-05-26,4,12.04235377186589
FOODS_2_367,CA_1,FOODS_2,medium,2016-05-22,2016-05-26,4,0.6389232351103706
FOODS_3_026,CA_1,FOODS_3,high,2016-05-22,2016-05-26,4,2.1890520876718034
FOODS_3_048,CA_1,FOODS_3,medium,2016-05-22,2016-05-26,4,1.7512592409412746
FOODS_3_053,CA_1,FOODS_3,medium,2016-05-22,2016-05-26,4,3.5845676280716368
FOODS_3_068,CA_1,FOODS_3,low,2016-05-22,2016-05-26,4,0.6072193226780508
FOODS_3_074,CA_1,FOODS_3,medium,2016-05-22,2016-05-26,4,1.9959424458558936
FOODS_3_089,CA_1,FOODS_3,high,2016-05-22,2016-05-26,4,1.0081151082882134
FOODS_3_096,CA_1,FOODS_3,medium,2016-05-22,2016-05-26,4,1.1178089858392337
FOODS_3_099,CA_1,FOODS_3,high,2016-05-22,2016-05-26,4,14.54344218554769
FOODS_3_113,CA_1,FOODS_3,high,2016-05-22,2016-05-26,4,4.306766711786755
FOODS_3_123,CA_1,FOODS_3,low,2016-05-22,2016-05-26,4,1.7129955617451063
FOODS_3_135,CA_1,FOODS_3,high,2016-05-22,2016-05-26,4,6.05788766399417
FOODS_3_179,CA_1,FOODS_3,low,2016-05-22,2016-05-26,4,0.8332612062682215
FOODS_3_187,CA_1,FOODS_3,medium,2016-05-22,2016-05-26,4,1.4325525171803417
FOODS_3_223,CA_1,FOODS_3,low,2016-05-22,2016-05-26,4,1.1600374843815078
FOODS_3_240,CA_1,FOODS_3,low,2016-05-22,2016-05-26,4,0.7935821012078301
FOODS_3_249,CA_1,FOODS_3,medium,2016-05-22,2016-05-26,4,3.7249827545814247
FOODS_3_263,CA_1,FOODS_3,high,2016-05-22,2016-05-26,4,9.19395238962932
FOODS_3_276,CA_1,FOODS_3,high,2016-05-22,2016-05-26,4,0.0
FOODS_3_312,CA_1,FOODS_3,low,2016-05-22,2016-05-26,4,1.2764326712827987
FOODS_3_319,CA_1,FOODS_3,high,2016-05-22,2016-05-26,4,0.0
FOODS_3_321,CA_1,FOODS_3,high,2016-05-22,2016-05-26,4,5.334460250937111
FOODS_3_327,CA_1,FOODS_3,high,2016-05-22,2016-05-26,4,2.833446675864223
FOODS_3_329,CA_1,FOODS_3,high,2016-05-22,2016-05-26,4,17.294964988546436
FOODS_3_340,CA_1,FOODS_3,low,2016-05-22,2016-05-26,4,0.6348656809662642
FOODS_3_354,CA_1,FOODS_3,low,2016-05-22,2016-05-26,4,0.437838400666389
FOODS_3_360,CA_1,FOODS_3,medium,2016-05-22,2016-05-26,4,0.23807463036234905
FOODS_3_383,CA_1,FOODS_3,high,2016-05-22,2016-05-26,4,3.8583256325489375
FOODS_3_387,CA_1,FOODS_3,medium,2016-05-22,2016-05-26,4,1.9986317549979176
FOODS_3_432,CA_1,FOODS_3,high,2016-05-22,2016-05-26,4,0.555507470845481
FOODS_3_467,CA_1,FOODS_3,medium,2016-05-22,2016-05-26,4,1.111014941690962
FOODS_3_470,CA_1,FOODS_3,medium,2016-05-22,2016-05-26,4,0.755271241149521
FOODS_3_479,CA_1,FOODS_3,medium,2016-05-22,2016-05-26,4,0.6429336083923365
FOODS_3_480,CA_1,FOODS_3,medium,2016-05-22,2016-05-26,4,1.2382617268846314
FOODS_3_482,CA_1,FOODS_3,low,2016-05-22,2016-05-26,4,2.39287341211995
FOODS_3_501,CA_1,FOODS_3,high,2016-05-22,2016-05-26,4,23.09420228550604
FOODS_3_511,CA_1,FOODS_3,high,2016-05-22,2016-05-26,4,25.89757360214494
FOODS_3_520,CA_1,FOODS_3,medium,2016-05-22,2016-05-26,4,0.6455773635985007
FOODS_3_532,CA_1,FOODS_3,medium,2016-05-22,2016-05-26,4,1.7539957309454395
FOODS_3_539,CA_1,FOODS_3,low,2016-05-22,2016-05-26,4,0.6772812760308203
FOODS_3_550,CA_1,FOODS_3,low,2016-05-22,2016-05-26,4,0.28709717305289467
FOODS_3_558,CA_1,FOODS_3,low,2016-05-22,2016-05-26,4,0.5158283657850895
FOODS_3_601,CA_1,FOODS_3,low,2016-05-22,2016-05-26,4,0.16140572938359019
FOODS_3_611,CA_1,FOODS_3,high,2016-05-22,2016-05-26,4,1.313515201999167
FOODS_3_616,CA_1,FOODS_3,medium,2016-05-22,2016-05-26,4,0.9947141165139525
FOODS_3_635,CA_1,FOODS_3,high,2016-05-22,2016-05-26,4,0.0
FOODS_3_640,CA_1,FOODS_3,low,2016-05-22,2016-05-26,4,2.2898336630570597
FOODS_3_641,CA_1,FOODS_3,low,2016-05-22,2016-05-26,4,2.7526291128696374
FOODS_3_648,CA_1,FOODS_3,medium,2016-05-22,2016-05-26,4,0.6348656809662642
FOODS_3_658,CA_1,FOODS_3,low,2016-05-22,2016-05-26,4,0.8016044746980425
FOODS_3_661,CA_1,FOODS_3,high,2016-05-22,2016-05-26,4,4.1017642388588085
FOODS_3_666,CA_1,FOODS_3,medium,2016-05-22,2016-05-26,4,1.0846912744689712
FOODS_3_677,CA_1,FOODS_3,low,2016-05-22,2016-05-26,4,0.6428880544564765
FOODS_3_709,CA_1,FOODS_3,low,2016-05-22,2016-05-26,4,0.5756097719700125
FOODS_3_724,CA_1,FOODS_3,low,2016-05-22,2016-05-26,4,0.35711194554352355
FOODS_3_795,CA_1,FOODS_3,medium,2016-05-22,2016-05-26,4,3.3504578170553936
FOODS_3_801,CA_1,FOODS_3,high,2016-05-22,2016-05-26,4,1.605852704602249
FOODS_3_817,CA_1,FOODS_3,medium,2016-05-22,2016-05-26,4,0.7962714103498543
FOODS_1_017,TX_2,FOODS_1,low,2016-05-22,2016-05-26,4,0.437838400666389
FOODS_1_020,TX_2,FOODS_1,medium,2016-05-22,2016-05-26,4,0.8386870054144107
FOODS_1_042,TX_2,FOODS_1,high,2016-05-22,2016-05-26,4,5.435009175864224
FOODS_1_082,TX_2,FOODS_1,high,2016-05-22,2016-05-26,4,1.921824565285298
FOODS_1_086,TX_2,FOODS_1,high,2016-05-22,2016-05-26,4,0.35711194554352355
FOODS_1_089,TX_2,FOODS_1,low,2016-05-22,2016-05-26,4,0.35711194554352355
FOODS_1_099,TX_2,FOODS_1,high,2016-05-22,2016-05-26,4,7.376923026863808
FOODS_1_112,TX_2,FOODS_1,medium,2016-05-22,2016-05-26,4,0.6046699291961682
FOODS_1_135,TX_2,FOODS_1,low,2016-05-22,2016-05-26,4,0.3174328404831321
FOODS_1_155,TX_2,FOODS_1,medium,2016-05-22,2016-05-26,4,1.4022168497501042
FOODS_1_156,TX_2,FOODS_1,low,2016-05-22,2016-05-26,4,0.39952754060808
FOODS_1_172,TX_2,FOODS_1,high,2016-05-22,2016-05-26,4,3.105681877342774
FOODS_1_175,TX_2,FOODS_1,medium,2016-05-22,2016-05-26,4,0.5951865759058725
FOODS_1_210,TX_2,FOODS_1,medium,2016-05-22,2016-05-26,4,5.566969166493129
FOODS_1_214,TX_2,FOODS_1,low,2016-05-22,2016-05-26,4,0.35711194554352355
FOODS_2_021,TX_2,FOODS_2,high,2016-05-22,2016-05-26,4,1.2065106335901707
FOODS_2_024,TX_2,FOODS_2,medium,2016-05-22,2016-05-26,4,0.2460042690545606
FOODS_2_028,TX_2,FOODS_2,low,2016-05-22,2016-05-26,4,0.9576315857975842
FOODS_2_040,TX_2,FOODS_2,low,2016-05-22,2016-05-26,4,0.19839552530195753
FOODS_2_059,TX_2,FOODS_2,high,2016-05-22,2016-05-26,4,1.7288532122032485
FOODS_2_072,TX_2,FOODS_2,medium,2016-05-22,2016-05-26,4,0.44184877394835487
FOODS_2_095,TX_2,FOODS_2,low,2016-05-22,2016-05-26,4,0.4829433048729696
FOODS_2_116,TX_2,FOODS_2,high,2016-05-22,2016-05-26,4,0.6429807892544773
FOODS_2_136,TX_2,FOODS_2,medium,2016-05-22,2016-05-26,4,0.5158283657850895
FOODS_2_139,TX_2,FOODS_2,high,2016-05-22,2016-05-26,4,1.510542482299042
FOODS_2_146,TX_2,FOODS_2,medium,2016-05-22,2016-05-26,4,0.7976868362140775
FOODS_2_150,TX_2,FOODS_2,high,2016-05-22,2016-05-26,4,1.1930624609537692
FOODS_2_170,TX_2,FOODS_2,medium,2016-05-22,2016-05-26,4,1.6760529466888798
FOODS_2_178,TX_2,FOODS_2,low,2016-05-22,2016-05-26,4,0.5951865759058725
FOODS_2_180,TX_2,FOODS_2,low,2016-05-22,2016-05-26,4,2.1494657174094125
FOODS_2_184,TX_2,FOODS_2,high,2016-05-22,2016-05-26,4,2.476196441586839
FOODS_2_209,TX_2,FOODS_2,low,2016-05-22,2016-05-26,4,0.0
FOODS_2_218,TX_2,FOODS_2,low,2016-05-22,2016-05-26,4,0.03967910506039151
FOODS_2_251,TX_2,FOODS_2,medium,2016-05-22,2016-05-26,4,1.7990062734277383
FOODS_2_301,TX_2,FOODS_2,low,2016-05-22,2016-05-26,4,1.1586236854435652
FOODS_2_302,TX_2,FOODS_2,medium,2016-05-22,2016-05-26,4,1.0489769887546856
FOODS_2_304,TX_2,FOODS_2,medium,2016-05-22,2016-05-26,4,1.7157320517492711
FOODS_2_322,TX_2,FOODS_2,high,2016-05-22,2016-05-26,4,3.196888991566014
FOODS_2_336,TX_2,FOODS_2,low,2016-05-22,2016-05-26,4,0.3213976598292378
FOODS_2_339,TX_2,FOODS_2,medium,2016-05-22,2016-05-26,4,0.5951865759058725
FOODS_2_357,TX_2,FOODS_2,high,2016-05-22,2016-05-26,4,2.1573937291753436
FOODS_2_360,TX_2,FOODS_2,high,2016-05-22,2016-05-26,4,10.50024566586839
FOODS_2_367,TX_2,FOODS_2,medium,2016-05-22,2016-05-26,4,0.0
FOODS_3_026,TX_2,FOODS_3,high,2016-05-22,2016-05-26,4,1.7327724776134943
FOODS_3_048,TX_2,FOODS_3,medium,2016-05-22,2016-05-26,4,2.5369279727197
FOODS_3_053,TX_2,FOODS_3,medium,2016-05-22,2016-05-26,4,1.0
FOODS_3_068,TX_2,FOODS_3,low,2016-05-22,2016-05-26,4,0.5979230659100375
FOODS_3_074,TX_2,FOODS_3,medium,2016-05-22,2016-05-26,4,1.365181499895877
FOODS_3_089,TX_2,FOODS_3,high,2016-05-22,2016-05-26,4,0.8848347693669304
FOODS_3_096,TX_2,FOODS_3,medium,2016-05-22,2016-05-26,4,0.6060381741982507
FOODS_3_099,TX_2,FOODS_3,high,2016-05-22,2016-05-26,4,16.846803740628904
FOODS_3_113,TX_2,FOODS_3,high,2016-05-22,2016-05-26,4,0.5158283657850895
FOODS_3_123,TX_2,FOODS_3,low,2016-05-22,2016-05-26,4,0.4364701556643065
FOODS_3_135,TX_2,FOODS_3,high,2016-05-22,2016-05-26,4,13.55155566690962
FOODS_3_179,TX_2,FOODS_3,low,2016-05-22,2016-05-26,4,0.3174328404831321
FOODS_3_187,TX_2,FOODS_3,medium,2016-05-22,2016-05-26,4,1.0899771579550186
FOODS_3_223,TX_2,FOODS_3,low,2016-05-22,2016-05-26,4,0.36244500989171186
FOODS_3_240,TX_2,FOODS_3,low,2016-05-22,2016-05-26,4,0.16140572938359019
FOODS_3_249,TX_2,FOODS_3,medium,2016-05-22,2016-05-26,4,1.9892883173677631
FOODS_3_263,TX_2,FOODS_3,high,2016-05-22,2016-05-26,4,14.912001184402332
FOODS_3_276,TX_2,FOODS_3,high,2016-05-22,2016-05-26,4,0.0
FOODS_3_312,TX_2,FOODS_3,low,2016-05-22,2016-05-26,4,0.8373187604123282
FOODS_3_319,TX_2,FOODS_3,high,2016-05-22,2016-05-26,4,0.0
FOODS_3_321,TX_2,FOODS_3,high,2016-05-22,2016-05-26,4,9.556348591732611
FOODS_3_327,TX_2,FOODS_3,high,2016-05-22,2016-05-26,4,4.065957218346522
FOODS_3_329,TX_2,FOODS_3,high,2016-05-22,2016-05-26,4,16.70251652957101
FOODS_3_340,TX_2,FOODS_3,low,2016-05-22,2016-05-26,4,0.6348656809662642
FOODS_3_354,TX_2,FOODS_3,low,2016-05-22,2016-05-26,4,0.6348656809662642
FOODS_3_360,TX_2,FOODS_3,medium,2016-05-22,2016-05-26,4,0.3994803597459392
FOODS_3_383,TX_2,FOODS_3,high,2016-05-22,2016-05-26,4,2.3228114587671804
FOODS_3_387,TX_2,FOODS_3,medium,2016-05-22,2016-05-26,4,0.9973562447938359
FOODS_3_432,TX_2,FOODS_3,high,2016-05-22,2016-05-26,4,1.8823309298209079
FOODS_3_467,TX_2,FOODS_3,medium,2016-05-22,2016-05-26,4,0.6852109147230321
FOODS_3_470,TX_2,FOODS_3,medium,2016-05-22,2016-05-26,4,0.6852109147230321
FOODS_3_479,TX_2,FOODS_3,medium,2016-05-22,2016-05-26,4,1.0768088166389005
FOODS_3_480,TX_2,FOODS_3,medium,2016-05-22,2016-05-26,4,0.9205490550812161
FOODS_3_482,TX_2,FOODS_3,low,2016-05-22,2016-05-26,4,0.9655612244897959
FOODS_3_501,TX_2,FOODS_3,high,2016-05-22,2016-05-26,4,12.893989483548522
FOODS_3_511,TX_2,FOODS_3,high,2016-05-22,2016-05-26,4,10.634245822053312
FOODS_3_520,TX_2,FOODS_3,medium,2016-05-22,2016-05-26,4,1.0767616357767598
FOODS_3_532,TX_2,FOODS_3,medium,2016-05-22,2016-05-26,4,2.203635854852145
FOODS_3_539,TX_2,FOODS_3,low,2016-05-22,2016-05-26,4,0.444538083090379
FOODS_3_550,TX_2,FOODS_3,low,2016-05-22,2016-05-26,4,0.3349841211995002
FOODS_3_558,TX_2,FOODS_3,low,2016-05-22,2016-05-26,4,0.20372858965014576
FOODS_3_601,TX_2,FOODS_3,low,2016-05-22,2016-05-26,4,0.16140572938359019
FOODS_3_611,TX_2,FOODS_3,high,2016-05-22,2016-05-26,4,2.382114548625573
FOODS_3_616,TX_2,FOODS_3,medium,2016-05-22,2016-05-26,4,1.875629620470637
FOODS_3_635,TX_2,FOODS_3,high,2016-05-22,2016-05-26,4,0.0
FOODS_3_640,TX_2,FOODS_3,low,2016-05-22,2016-05-26,4,0.9273414723032071
FOODS_3_641,TX_2,FOODS_3,low,2016-05-22,2016-05-26,4,0.36253774468971267
FOODS_3_648,TX_2,FOODS_3,medium,2016-05-22,2016-05-26,4,1.5488533423573512
FOODS_3_658,TX_2,FOODS_3,low,2016-05-22,2016-05-26,4,0.44043497501041234
FOODS_3_661,TX_2,FOODS_3,high,2016-05-22,2016-05-26,4,4.316157330279051
FOODS_3_666,TX_2,FOODS_3,medium,2016-05-22,2016-05-26,4,1.0713358366305707
FOODS_3_677,TX_2,FOODS_3,low,2016-05-22,2016-05-26,4,0.9219173000832985
FOODS_3_709,TX_2,FOODS_3,low,2016-05-22,2016-05-26,4,1.202407525510204
FOODS_3_724,TX_2,FOODS_3,low,2016-05-22,2016-05-26,4,0.40084860474802164
FOODS_3_795,TX_2,FOODS_3,medium,2016-05-22,2016-05-26,4,2.0965385516451476
FOODS_3_801,TX_2,FOODS_3,high,2016-05-22,2016-05-26,4,1.8995112713452726
FOODS_3_817,TX_2,FOODS_3,medium,2016-05-22,2016-05-26,4,0.4814823250728863
FOODS_1_017,WI_3,FOODS_1,low,2016-05-22,2016-05-26,4,1.0330249765722617
FOODS_1_020,WI_3,FOODS_1,medium,2016-05-22,2016-05-26,4,1.2710996069346108
FOODS_1_042,WI_3,FOODS_1,high,2016-05-22,2016-05-26,4,1.9469654571012076
FOODS_1_082,WI_3,FOODS_1,high,2016-05-22,2016-05-26,4,9.35583480841316
FOODS_1_086,WI_3,FOODS_1,high,2016-05-22,2016-05-26,4,2.0236343580799665
FOODS_1_089,WI_3,FOODS_1,low,2016-05-22,2016-05-26,4,0.2777537354227405
FOODS_1_099,WI_3,FOODS_1,high,2016-05-22,2016-05-26,4,2.7102590717409414
FOODS_1_112,WI_3,FOODS_1,medium,2016-05-22,2016-05-26,4,0.437838400666389
FOODS_1_135,WI_3,FOODS_1,low,2016-05-22,2016-05-26,4,0.4761492607246981
FOODS_1_155,WI_3,FOODS_1,medium,2016-05-22,2016-05-26,4,1.0410001692003332
FOODS_1_156,WI_3,FOODS_1,low,2016-05-22,2016-05-26,4,0.5197931851311953
FOODS_1_172,WI_3,FOODS_1,high,2016-05-22,2016-05-26,4,2.670627147542691
FOODS_1_175,WI_3,FOODS_1,medium,2016-05-22,2016-05-26,4,0.35848019054560604
FOODS_1_210,WI_3,FOODS_1,medium,2016-05-22,2016-05-26,4,2.409913837984173
FOODS_1_214,WI_3,FOODS_1,low,2016-05-22,2016-05-26,4,0.5158283657850895
FOODS_2_021,WI_3,FOODS_2,high,2016-05-22,2016-05-26,4,6.188959352873802
FOODS_2_024,WI_3,FOODS_2,medium,2016-05-22,2016-05-26,4,0.44581359329446063
FOODS_2_028,WI_3,FOODS_2,low,2016-05-22,2016-05-26,4,0.6772812760308203
FOODS_2_040,WI_3,FOODS_2,low,2016-05-22,2016-05-26,4,0.872940311328613
FOODS_2_059,WI_3,FOODS_2,high,2016-05-22,2016-05-26,4,2.745973357455227
FOODS_2_072,WI_3,FOODS_2,medium,2016-05-22,2016-05-26,4,1.3121469569970845
FOODS_2_095,WI_3,FOODS_2,low,2016-05-22,2016-05-26,4,1.2909237036651395
FOODS_2_116,WI_3,FOODS_2,high,2016-05-22,2016-05-26,4,0.9232855450853811
FOODS_2_136,WI_3,FOODS_2,medium,2016-05-22,2016-05-26,4,2.6719482116826323
FOODS_2_139,WI_3,FOODS_2,high,2016-05-22,2016-05-26,4,0.9736291519158684
FOODS_2_146,WI_3,FOODS_2,medium,2016-05-22,2016-05-26,4,0.8400080695543525
FOODS_2_150,WI_3,FOODS_2,high,2016-05-22,2016-05-26,4,1.4324126015202
FOODS_2_170,WI_3,FOODS_2,medium,2016-05-22,2016-05-26,4,1.5474850973552687
FOODS_2_178,WI_3,FOODS_2,low,2016-05-22,2016-05-26,4,1.031656731570179
FOODS_2_180,WI_3,FOODS_2,low,2016-05-22,2016-05-26,4,0.958952649937526
FOODS_2_184,WI_3,FOODS_2,high,2016-05-22,2016-05-26,4,0.755271241149521
FOODS_2_209,WI_3,FOODS_2,low,2016-05-22,2016-05-26,4,0.9986317549979177
FOODS_2_218,WI_3,FOODS_2,low,2016-05-22,2016-05-26,4,0.35711194554352355
FOODS_2_251,WI_3,FOODS_2,medium,2016-05-22,2016-05-26,4,2.2643982975843397
FOODS_2_301,WI_3,FOODS_2,low,2016-05-22,2016-05-26,4,1.1506940467513538
FOODS_2_302,WI_3,FOODS_2,medium,2016-05-22,2016-05-26,4,1.7115801358808829
FOODS_2_304,WI_3,FOODS_2,medium,2016-05-22,2016-05-26,4,1.482803389212828
FOODS_2_322,WI_3,FOODS_2,high,2016-05-22,2016-05-26,4,4.74729442159517
FOODS_2_336,WI_3,FOODS_2,low,2016-05-22,2016-05-26,4,0.872940311328613
FOODS_2_339,WI_3,FOODS_2,medium,2016-05-22,2016-05-26,4,2.239395694502291
FOODS_2_357,WI_3,FOODS_2,high,2016-05-22,2016-05-26,4,4.654535219700125
FOODS_2_360,WI_3,FOODS_2,high,2016-05-22,2016-05-26,4,17.305292716576428
FOODS_2_367,WI_3,FOODS_2,medium,2016-05-22,2016-05-26,4,0.4034923599541857
FOODS_3_026,WI_3,FOODS_3,high,2016-05-22,2016-05-26,4,1.8715720663265305
FOODS_3_048,WI_3,FOODS_3,medium,2016-05-22,2016-05-26,4,3.879594439816743
FOODS_3_053,WI_3,FOODS_3,medium,2016-05-22,2016-05-26,4,0.44845734850062474
FOODS_3_068,WI_3,FOODS_3,low,2016-05-22,2016-05-26,4,0.279121980424823
FOODS_3_074,WI_3,FOODS_3,medium,2016-05-22,2016-05-26,4,0.761925369637651
FOODS_3_089,WI_3,FOODS_3,high,2016-05-22,2016-05-26,4,1.9510230112453144
FOODS_3_096,WI_3,FOODS_3,medium,2016-05-22,2016-05-26,4,0.5185648557892545
FOODS_3_099,WI_3,FOODS_3,high,2016-05-22,2016-05-26,4,9.694552725426904
FOODS_3_113,WI_3,FOODS_3,high,2016-05-22,2016-05-26,4,3.411282082986255
FOODS_3_123,WI_3,FOODS_3,low,2016-05-22,2016-05-26,4,0.5197931851311953
FOODS_3_135,WI_3,FOODS_3,high,2016-05-22,2016-05-26,4,7.523512338608913
FOODS_3_179,WI_3,FOODS_3,low,2016-05-22,2016-05-26,4,0.23807463036234905
FOODS_3_187,WI_3,FOODS_3,medium,2016-05-22,2016-05-26,4,1.716867646293211
FOODS_3_223,WI_3,FOODS_3,low,2016-05-22,2016-05-26,4,1.0395863702623906
FOODS_3_240,WI_3,FOODS_3,low,2016-05-22,2016-05-26,4,0.48558543315285296
FOODS_3_249,WI_3,FOODS_3,medium,2016-05-22,2016-05-26,4,1.0078369038942108
FOODS_3_263,WI_3,FOODS_3,high,2016-05-22,2016-05-26,4,11.530073732299044
FOODS_3_276,WI_3,FOODS_3,high,2016-05-22,2016-05-26,4,0.0
FOODS_3_312,WI_3,FOODS_3,low,2016-05-22,2016-05-26,4,0.6388305003123699
FOODS_3_319,WI_3,FOODS_3,high,2016-05-22,2016-05-26,4,0.0
FOODS_3_321,WI_3,FOODS_3,high,2016-05-22,2016-05-26,4,5.112430367555185
FOODS_3_327,WI_3,FOODS_3,high,2016-05-22,2016-05-26,4,1.8320328769262808
FOODS_3_329,WI_3,FOODS_3,high,2016-05-22,2016-05-26,4,18.26788154675135
FOODS_3_340,WI_3,FOODS_3,low,2016-05-22,2016-05-26,4,0.7155921360891295
FOODS_3_354,WI_3,FOODS_3,low,2016-05-22,2016-05-26,4,0.7578678154935444
FOODS_3_360,WI_3,FOODS_3,medium,2016-05-22,2016-05-26,4,0.3254552139733445
FOODS_3_383,WI_3,FOODS_3,high,2016-05-22,2016-05-26,4,1.7115801358808829
FOODS_3_387,WI_3,FOODS_3,medium,2016-05-22,2016-05-26,4,1.273696181278634
FOODS_3_432,WI_3,FOODS_3,high,2016-05-22,2016-05-26,4,0.955035011453561
FOODS_3_467,WI_3,FOODS_3,medium,2016-05-22,2016-05-26,4,1.1613129945855893
FOODS_3_470,WI_3,FOODS_3,medium,2016-05-22,2016-05-26,4,0.99334587151187
FOODS_3_479,WI_3,FOODS_3,medium,2016-05-22,2016-05-26,4,1.060778711995002
FOODS_3_480,WI_3,FOODS_3,medium,2016-05-22,2016-05-26,4,0.5595650249895876
FOODS_3_482,WI_3,FOODS_3,low,2016-05-22,2016-05-26,4,0.36249056382757183
FOODS_3_501,WI_3,FOODS_3,high,2016-05-22,2016-05-26,4,8.983769783423574
FOODS_3_511,WI_3,FOODS_3,high,2016-05-22,2016-05-26,4,8.050252498958766
FOODS_3_520,WI_3,FOODS_3,medium,2016-05-22,2016-05-26,4,0.6375549901082882
FOODS_3_532,WI_3,FOODS_3,medium,2016-05-22,2016-05-26,4,2.4707234615785088
FOODS_3_539,WI_3,FOODS_3,low,2016-05-22,2016-05-26,4,0.3213976598292378
FOODS_3_550,WI_3,FOODS_3,low,2016-05-22,2016-05-26,4,0.3598012546855477
FOODS_3_558,WI_3,FOODS_3,low,2016-05-22,2016-05-26,4,0.3174328404831321
FOODS_3_601,WI_3,FOODS_3,low,2016-05-22,2016-05-26,4,0.4364701556643065
FOODS_3_611,WI_3,FOODS_3,high,2016-05-22,2016-05-26,4,0.7223389993752604
FOODS_3_616,WI_3,FOODS_3,medium,2016-05-22,2016-05-26,4,0.7592360604956268
FOODS_3_635,WI_3,FOODS_3,high,2016-05-22,2016-05-26,4,0.0
FOODS_3_640,WI_3,FOODS_3,low,2016-05-22,2016-05-26,4,1.2710996069346108
FOODS_3_641,WI_3,FOODS_3,low,2016-05-22,2016-05-26,4,0.6745447860266556
FOODS_3_648,WI_3,FOODS_3,medium,2016-05-22,2016-05-26,4,1.3689136687838401
FOODS_3_658,WI_3,FOODS_3,low,2016-05-22,2016-05-26,4,0.3174328404831321
FOODS_3_661,WI_3,FOODS_3,high,2016-05-22,2016-05-26,4,3.375460420137443
FOODS_3_666,WI_3,FOODS_3,medium,2016-05-22,2016-05-26,4,0.9986317549979177
FOODS_3_677,WI_3,FOODS_3,low,2016-05-22,2016-05-26,4,0.23807463036234905
FOODS_3_709,WI_3,FOODS_3,low,2016-05-22,2016-05-26,4,1.273696181278634
FOODS_3_724,WI_3,FOODS_3,low,2016-05-22,2016-05-26,4,0.19839552530195753
FOODS_3_795,WI_3,FOODS_3,medium,2016-05-22,2016-05-26,4,1.4404349750104122
FOODS_3_801,WI_3,FOODS_3,high,2016-05-22,2016-05-26,4,3.0199168315285294
FOODS_3_817,WI_3,FOODS_3,medium,2016-05-22,2016-05-26,4,0.23807463036234905
FOODS_1_017,CA_1,FOODS_1,low,2016-05-22,2016-05-27,5,1.4095939145519725
FOODS_1_020,CA_1,FOODS_1,medium,2016-05-22,2016-05-27,5,1.6670278055646457
FOODS_1_042,CA_1,FOODS_1,high,2016-05-22,2016-05-27,5,3.243319956900398
FOODS_1_082,CA_1,FOODS_1,high,2016-05-22,2016-05-27,5,7.944127923354109
FOODS_1_086,CA_1,FOODS_1,high,2016-05-22,2016-05-27,5,4.678998206197567
FOODS_1_089,CA_1,FOODS_1,low,2016-05-22,2016-05-27,5,0.6289545929523411
FOODS_1_099,CA_1,FOODS_1,high,2016-05-22,2016-05-27,5,7.568502428303683
FOODS_1_112,CA_1,FOODS_1,medium,2016-05-22,2016-05-27,5,1.5054282976401203
FOODS_1_135,CA_1,FOODS_1,low,2016-05-22,2016-05-27,5,1.4930129907739338
FOODS_1_155,CA_1,FOODS_1,medium,2016-05-22,2016-05-27,5,0.5385021401053132
FOODS_1_156,CA_1,FOODS_1,low,2016-05-22,2016-05-27,5,1.583514309513893
FOODS_1_172,CA_1,FOODS_1,high,2016-05-22,2016-05-27,5,1.9547501831454155
FOODS_1_175,CA_1,FOODS_1,medium,2016-05-22,2016-05-27,5,1.5274517662841376
FOODS_1_210,CA_1,FOODS_1,medium,2016-05-22,2016-05-27,5,2.914877299544089
FOODS_1_214,CA_1,FOODS_1,low,2016-05-22,2016-05-27,5,0.9918327138617837
FOODS_2_021,CA_1,FOODS_2,high,2016-05-22,2016-05-27,5,6.641160956000476
FOODS_2_024,CA_1,FOODS_2,medium,2016-05-22,2016-05-27,5,1.4904652823228415
FOODS_2_028,CA_1,FOODS_2,low,2016-05-22,2016-05-27,5,0.41096215955405485
FOODS_2_040,CA_1,FOODS_2,low,2016-05-22,2016-05-27,5,0.9452129669743262
FOODS_2_059,CA_1,FOODS_2,high,2016-05-22,2016-05-27,5,1.8629244883084433
FOODS_2_072,CA_1,FOODS_2,medium,2016-05-22,2016-05-27,5,0.7027420912789314
FOODS_2_095,CA_1,FOODS_2,low,2016-05-22,2016-05-27,5,0.9603175829825371
FOODS_2_116,CA_1,FOODS_2,high,2016-05-22,2016-05-27,5,0.9973562447938359
FOODS_2_136,CA_1,FOODS_2,medium,2016-05-22,2016-05-27,5,0.6233350152652168
FOODS_2_139,CA_1,FOODS_2,high,2016-05-22,2016-05-27,5,2.0274509528209976
FOODS_2_146,CA_1,FOODS_2,medium,2016-05-22,2016-05-27,5,1.384972186533141
FOODS_2_150,CA_1,FOODS_2,high,2016-05-22,2016-05-27,5,2.584931420408907
FOODS_2_170,CA_1,FOODS_2,medium,2016-05-22,2016-05-27,5,1.5849281084518354
FOODS_2_178,CA_1,FOODS_2,low,2016-05-22,2016-05-27,5,0.8630205350635152
FOODS_2_180,CA_1,FOODS_2,low,2016-05-22,2016-05-27,5,0.41379638134408286
FOODS_2_184,CA_1,FOODS_2,high,2016-05-22,2016-05-27,5,1.1548965135434643
FOODS_2_209,CA_1,FOODS_2,low,2016-05-22,2016-05-27,5,0.5397743383523234
FOODS_2_218,CA_1,FOODS_2,low,2016-05-22,2016-05-27,5,0.9507364979063783
FOODS_2_251,CA_1,FOODS_2,medium,2016-05-22,2016-05-27,5,0.6986356712418933
FOODS_2_301,CA_1,FOODS_2,low,2016-05-22,2016-05-27,5,1.0699187257355567
FOODS_2_302,CA_1,FOODS_2,medium,2016-05-22,2016-05-27,5,1.4040703836199202
FOODS_2_304,CA_1,FOODS_2,medium,2016-05-22,2016-05-27,5,2.4358198499881
FOODS_2_322,CA_1,FOODS_2,high,2016-05-22,2016-05-27,5,0.7040176014830131
FOODS_2_336,CA_1,FOODS_2,low,2016-05-22,2016-05-27,5,0.4931545914648659
FOODS_2_339,CA_1,FOODS_2,medium,2016-05-22,2016-05-27,5,0.9041167510189206
FOODS_2_357,CA_1,FOODS_2,high,2016-05-22,2016-05-27,5,2.8289105148710356
FOODS_2_360,CA_1,FOODS_2,high,2016-05-22,2016-05-27,5,11.972437835146817
FOODS_2_367,CA_1,FOODS_2,medium,2016-05-22,2016-05-27,5,0.6617419220785983
FOODS_3_026,CA_1,FOODS_3,high,2016-05-22,2016-05-27,5,2.017232519374368
FOODS_3_048,CA_1,FOODS_3,medium,2016-05-22,2016-05-27,5,1.8138042138320343
FOODS_3_053,CA_1,FOODS_3,medium,2016-05-22,2016-05-27,5,3.676873614788481
FOODS_3_068,CA_1,FOODS_3,low,2016-05-22,2016-05-27,5,0.6289057270594097
FOODS_3_074,CA_1,FOODS_3,medium,2016-05-22,2016-05-27,5,2.0315118189221755
FOODS_3_089,CA_1,FOODS_3,high,2016-05-22,2016-05-27,5,1.008404933584221
FOODS_3_096,CA_1,FOODS_3,medium,2016-05-22,2016-05-27,5,1.157730735333492
FOODS_3_099,CA_1,FOODS_3,high,2016-05-22,2016-05-27,5,14.812850835031536
FOODS_3_113,CA_1,FOODS_3,high,2016-05-22,2016-05-27,5,4.424865522921997
FOODS_3_123,CA_1,FOODS_3,low,2016-05-22,2016-05-27,5,1.7384596889502884
FOODS_3_135,CA_1,FOODS_3,high,2016-05-22,2016-05-27,5,6.0599550805653895
FOODS_3_179,CA_1,FOODS_3,low,2016-05-22,2016-05-27,5,0.8630205350635152
FOODS_3_187,CA_1,FOODS_3,medium,2016-05-22,2016-05-27,5,1.4837151070796395
FOODS_3_223,CA_1,FOODS_3,low,2016-05-22,2016-05-27,5,1.1300388231094187
FOODS_3_240,CA_1,FOODS_3,low,2016-05-22,2016-05-27,5,0.786210033393824
FOODS_3_249,CA_1,FOODS_3,medium,2016-05-22,2016-05-27,5,3.536589281530761
FOODS_3_263,CA_1,FOODS_3,high,2016-05-22,2016-05-27,5,9.272307832116082
FOODS_3_276,CA_1,FOODS_3,high,2016-05-22,2016-05-27,5,0.0
FOODS_3_312,CA_1,FOODS_3,low,2016-05-22,2016-05-27,5,1.3220195524000415
FOODS_3_319,CA_1,FOODS_3,high,2016-05-22,2016-05-27,5,0.0
FOODS_3_321,CA_1,FOODS_3,high,2016-05-22,2016-05-27,5,5.3106909741848645
FOODS_3_327,CA_1,FOODS_3,high,2016-05-22,2016-05-27,5,2.9346412000022313
FOODS_3_329,CA_1,FOODS_3,high,2016-05-22,2016-05-27,5,17.698356595280238
FOODS_3_340,CA_1,FOODS_3,low,2016-05-22,2016-05-27,5,0.6575394552864878
FOODS_3_354,CA_1,FOODS_3,low,2016-05-22,2016-05-27,5,0.45347548640447427
FOODS_3_360,CA_1,FOODS_3,medium,2016-05-22,2016-05-27,5,0.24657729573243295
FOODS_3_383,CA_1,FOODS_3,high,2016-05-22,2016-05-27,5,3.9961229765685427
FOODS_3_387,CA_1,FOODS_3,medium,2016-05-22,2016-05-27,5,1.9271543176764145
FOODS_3_432,CA_1,FOODS_3,high,2016-05-22,2016-05-27,5,0.5039184519471054
FOODS_3_467,CA_1,FOODS_3,medium,2016-05-22,2016-05-27,5,1.1149797610370678
FOODS_3_470,CA_1,FOODS_3,medium,2016-05-22,2016-05-27,5,0.7822452140477182
FOODS_3_479,CA_1,FOODS_3,medium,2016-05-22,2016-05-27,5,0.6301812372634913
FOODS_3_480,CA_1,FOODS_3,medium,2016-05-22,2016-05-27,5,1.2467710742733682
FOODS_3_482,CA_1,FOODS_3,low,2016-05-22,2016-05-27,5,2.4069046054099483
FOODS_3_501,CA_1,FOODS_3,high,2016-05-22,2016-05-27,5,23.418995224274113
FOODS_3_511,CA_1,FOODS_3,high,2016-05-22,2016-05-27,5,26.21534408793583
FOODS_3_520,CA_1,FOODS_3,medium,2016-05-22,2016-05-27,5,0.6329194122984472
FOODS_3_532,CA_1,FOODS_3,medium,2016-05-22,2016-05-27,5,1.8166384356220624
FOODS_3_539,CA_1,FOODS_3,low,2016-05-22,2016-05-27,5,0.6657556073176354
FOODS_3_550,CA_1,FOODS_3,low,2016-05-22,2016-05-27,5,0.2973506435190694
FOODS_3_558,CA_1,FOODS_3,low,2016-05-22,2016-05-27,5,0.5342508074202713
FOODS_3_601,CA_1,FOODS_3,low,2016-05-22,2016-05-27,5,0.1671702197187184
FOODS_3_611,CA_1,FOODS_3,high,2016-05-22,2016-05-27,5,1.3247121734991372
FOODS_3_616,CA_1,FOODS_3,medium,2016-05-22,2016-05-27,5,1.0302396206751652
FOODS_3_635,CA_1,FOODS_3,high,2016-05-22,2016-05-27,5,0.0
FOODS_3_640,CA_1,FOODS_3,low,2016-05-22,2016-05-27,5,2.300184865309098
FOODS_3_641,CA_1,FOODS_3,low,2016-05-22,2016-05-27,5,2.7437944383292674
FOODS_3_648,CA_1,FOODS_3,medium,2016-05-22,2016-05-27,5,0.6575394552864878
FOODS_3_658,CA_1,FOODS_3,low,2016-05-22,2016-05-27,5,0.8302332059372582
FOODS_3_661,CA_1,FOODS_3,high,2016-05-22,2016-05-27,5,4.141112961675195
FOODS_3_666,CA_1,FOODS_3,medium,2016-05-22,2016-05-27,5,1.1234302485571488
FOODS_3_677,CA_1,FOODS_3,low,2016-05-22,2016-05-27,5,0.6658483421156364
FOODS_3_709,CA_1,FOODS_3,low,2016-05-22,2016-05-27,5,0.5961672638260843
FOODS_3_724,CA_1,FOODS_3,low,2016-05-22,2016-05-27,5,0.3698659435986494
FOODS_3_795,CA_1,FOODS_3,medium,2016-05-22,2016-05-27,5,3.362974167664515
FOODS_3_801,CA_1,FOODS_3,high,2016-05-22,2016-05-27,5,1.5917760154809009
FOODS_3_817,CA_1,FOODS_3,medium,2016-05-22,2016-05-27,5,0.7889953892909204
FOODS_1_017,TX_2,FOODS_1,low,2016-05-22,2016-05-27,5,0.45347548640447427
FOODS_1_020,TX_2,FOODS_1,medium,2016-05-22,2016-05-27,5,0.7257829698934968
FOODS_1_042,TX_2,FOODS_1,high,2016-05-22,2016-05-27,5,5.521973789287946
FOODS_1_082,TX_2,FOODS_1,high,2016-05-22,2016-05-27,5,1.8476040140454872
FOODS_1_086,TX_2,FOODS_1,high,2016-05-22,2016-05-27,5,0.3341516578843637
FOODS_1_089,TX_2,FOODS_1,low,2016-05-22,2016-05-27,5,0.3341516578843637
FOODS_1_099,TX_2,FOODS_1,high,2016-05-22,2016-05-27,5,7.568955992108944
FOODS_1_112,TX_2,FOODS_1,medium,2016-05-22,2016-05-27,5,0.626265283810317
FOODS_1_135,TX_2,FOODS_1,low,2016-05-22,2016-05-27,5,0.3287697276432439
FOODS_1_155,TX_2,FOODS_1,medium,2016-05-22,2016-05-27,5,1.3808674515268937
FOODS_1_156,TX_2,FOODS_1,low,2016-05-22,2016-05-27,5,0.41379638134408286
FOODS_1_172,TX_2,FOODS_1,high,2016-05-22,2016-05-27,5,3.1451705158193017
FOODS_1_175,TX_2,FOODS_1,medium,2016-05-22,2016-05-27,5,0.5450146679025109
FOODS_1_210,TX_2,FOODS_1,medium,2016-05-22,2016-05-27,5,5.515789493867883
FOODS_1_214,TX_2,FOODS_1,low,2016-05-22,2016-05-27,5,0.3698659435986494
FOODS_2_021,TX_2,FOODS_2,high,2016-05-22,2016-05-27,5,1.142457441932677
FOODS_2_024,TX_2,FOODS_2,medium,2016-05-22,2016-05-27,5,0.2547901358065092
FOODS_2_028,TX_2,FOODS_2,low,2016-05-22,2016-05-27,5,0.9204041424332123
FOODS_2_040,TX_2,FOODS_2,low,2016-05-22,2016-05-27,5,0.20548107977702743
FOODS_2_059,TX_2,FOODS_2,high,2016-05-22,2016-05-27,5,1.7191693983533647
FOODS_2_072,TX_2,FOODS_2,medium,2016-05-22,2016-05-27,5,0.4576290873036532
FOODS_2_095,TX_2,FOODS_2,low,2016-05-22,2016-05-27,5,0.5001912800470042
FOODS_2_116,TX_2,FOODS_2,high,2016-05-22,2016-05-27,5,0.6302301031564228
FOODS_2_136,TX_2,FOODS_2,medium,2016-05-22,2016-05-27,5,0.4985365217059856
FOODS_2_139,TX_2,FOODS_2,high,2016-05-22,2016-05-27,5,1.5644904280954364
FOODS_2_146,TX_2,FOODS_2,medium,2016-05-22,2016-05-27,5,0.8261756517931518
FOODS_2_150,TX_2,FOODS_2,high,2016-05-22,2016-05-27,5,1.1285289774164038
FOODS_2_170,TX_2,FOODS_2,medium,2016-05-22,2016-05-27,5,1.593054837642054
FOODS_2_178,TX_2,FOODS_2,low,2016-05-22,2016-05-27,5,0.6164432393310824
FOODS_2_180,TX_2,FOODS_2,low,2016-05-22,2016-05-27,5,2.190518064459749
FOODS_2_184,TX_2,FOODS_2,high,2016-05-22,2016-05-27,5,2.4574891716435117
FOODS_2_209,TX_2,FOODS_2,low,2016-05-22,2016-05-27,5,0.0
FOODS_2_218,TX_2,FOODS_2,low,2016-05-22,2016-05-27,5,0.04109621595540549
FOODS_2_251,TX_2,FOODS_2,medium,2016-05-22,2016-05-27,5,1.756113640335872
FOODS_2_301,TX_2,FOODS_2,low,2016-05-22,2016-05-27,5,1.2000031027808353
FOODS_2_302,TX_2,FOODS_2,medium,2016-05-22,2016-05-27,5,1.0507261669244958
FOODS_2_304,TX_2,FOODS_2,medium,2016-05-22,2016-05-27,5,1.7412939107403165
FOODS_2_322,TX_2,FOODS_2,high,2016-05-22,2016-05-27,5,3.1682064555505147
FOODS_2_336,TX_2,FOODS_2,low,2016-05-22,2016-05-27,5,0.332876147680282
FOODS_2_339,TX_2,FOODS_2,medium,2016-05-22,2016-05-27,5,0.5807289536167967
FOODS_2_357,TX_2,FOODS_2,high,2016-05-22,2016-05-27,5,2.0558720766458918
FOODS_2_360,TX_2,FOODS_2,high,2016-05-22,2016-05-27,5,10.875254439649401
FOODS_2_367,TX_2,FOODS_2,medium,2016-05-22,2016-05-27,5,0.0
FOODS_3_026,TX_2,FOODS_3,high,2016-05-22,2016-05-27,5,1.723228637528262
FOODS_3_048,TX_2,FOODS_3,medium,2016-05-22,2016-05-27,5,2.591818257459689
FOODS_3_053,TX_2,FOODS_3,medium,2016-05-22,2016-05-27,5,1.0
FOODS_3_068,TX_2,FOODS_3,low,2016-05-22,2016-05-27,5,0.5835631754068246
FOODS_3_074,TX_2,FOODS_3,medium,2016-05-22,2016-05-27,5,1.3782236963207295
FOODS_3_089,TX_2,FOODS_3,high,2016-05-22,2016-05-27,5,0.8807217254157492
FOODS_3_096,TX_2,FOODS_3,medium,2016-05-22,2016-05-27,5,0.627682394705331
FOODS_3_099,TX_2,FOODS_3,high,2016-05-22,2016-05-27,5,16.769903874222795
FOODS_3_113,TX_2,FOODS_3,high,2016-05-22,2016-05-27,5,0.5342508074202713
FOODS_3_123,TX_2,FOODS_3,low,2016-05-22,2016-05-27,5,0.4520583755094603
FOODS_3_135,TX_2,FOODS_3,high,2016-05-22,2016-05-27,5,13.785539797870678
FOODS_3_179,TX_2,FOODS_3,low,2016-05-22,2016-05-27,5,0.3287697276432439
FOODS_3_187,TX_2,FOODS_3,medium,2016-05-22,2016-05-27,5,1.0574763421676978
FOODS_3_223,TX_2,FOODS_3,low,2016-05-22,2016-05-27,5,0.37538947453070154
FOODS_3_240,TX_2,FOODS_3,low,2016-05-22,2016-05-27,5,0.1671702197187184
FOODS_3_249,TX_2,FOODS_3,medium,2016-05-22,2016-05-27,5,2.0246200429880408
FOODS_3_263,TX_2,FOODS_3,high,2016-05-22,2016-05-27,5,14.908858369559558
FOODS_3_276,TX_2,FOODS_3,high,2016-05-22,2016-05-27,5,0.0
FOODS_3_312,TX_2,FOODS_3,low,2016-05-22,2016-05-27,5,0.8672230018556256
FOODS_3_319,TX_2,FOODS_3,high,2016-05-22,2016-05-27,5,0.0
FOODS_3_321,TX_2,FOODS_3,high,2016-05-22,2016-05-27,5,9.504789612865919
FOODS_3_327,TX_2,FOODS_3,high,2016-05-22,2016-05-27,5,4.211169976144612
FOODS_3_329,TX_2,FOODS_3,high,2016-05-22,2016-05-27,5,16.906177834198548
FOODS_3_340,TX_2,FOODS_3,low,2016-05-22,2016-05-27,5,0.6575394552864878
FOODS_3_354,TX_2,FOODS_3,low,2016-05-22,2016-05-27,5,0.6575394552864878
FOODS_3_360,TX_2,FOODS_3,medium,2016-05-22,2016-05-27,5,0.37803322973686554
FOODS_3_383,TX_2,FOODS_3,high,2016-05-22,2016-05-27,5,2.4057690108660084
FOODS_3_387,TX_2,FOODS_3,medium,2016-05-22,2016-05-27,5,1.03297611067933
FOODS_3_432,TX_2,FOODS_3,high,2016-05-22,2016-05-27,5,1.8781284630287975
FOODS_3_467,TX_2,FOODS_3,medium,2016-05-22,2016-05-27,5,0.7096827331059975
FOODS_3_470,TX_2,FOODS_3,medium,2016-05-22,2016-05-27,5,0.6739684473917118
FOODS_3_479,TX_2,FOODS_3,medium,2016-05-22,2016-05-27,5,1.0795519886617184
FOODS_3_480,TX_2,FOODS_3,medium,2016-05-22,2016-05-27,5,0.881997235619831
FOODS_3_482,TX_2,FOODS_3,low,2016-05-22,2016-05-27,5,0.9643312682215743
FOODS_3_501,TX_2,FOODS_3,high,2016-05-22,2016-05-27,5,13.140203393675254
FOODS_3_511,TX_2,FOODS_3,high,2016-05-22,2016-05-27,5,10.764040315698072
FOODS_3_520,TX_2,FOODS_3,medium,2016-05-22,2016-05-27,5,1.0795031227687868
FOODS_3_532,TX_2,FOODS_3,medium,2016-05-22,2016-05-27,5,2.246622849668293
FOODS_3_539,TX_2,FOODS_3,low,2016-05-22,2016-05-27,5,0.46041444320074965
FOODS_3_550,TX_2,FOODS_3,low,2016-05-22,2016-05-27,5,0.3112335540994824
FOODS_3_558,TX_2,FOODS_3,low,2016-05-22,2016-05-27,5,0.21100461070907953
FOODS_3_601,TX_2,FOODS_3,low,2016-05-22,2016-05-27,5,0.1671702197187184
FOODS_3_611,TX_2,FOODS_3,high,2016-05-22,2016-05-27,5,2.4314757825050575
FOODS_3_616,TX_2,FOODS_3,medium,2016-05-22,2016-05-27,5,1.9069021069160172
FOODS_3_635,TX_2,FOODS_3,high,2016-05-22,2016-05-27,5,0.0
FOODS_3_640,TX_2,FOODS_3,low,2016-05-22,2016-05-27,5,0.9247465248854645
FOODS_3_641,TX_2,FOODS_3,low,2016-05-22,2016-05-27,5,0.37548552128577384
FOODS_3_648,TX_2,FOODS_3,medium,2016-05-22,2016-05-27,5,1.604169533155828
FOODS_3_658,TX_2,FOODS_3,low,2016-05-22,2016-05-27,5,0.4561647955464985
FOODS_3_661,TX_2,FOODS_3,high,2016-05-22,2016-05-27,5,4.3274486635033025
FOODS_3_666,TX_2,FOODS_3,medium,2016-05-22,2016-05-27,5,1.1095978307959482
FOODS_3_677,TX_2,FOODS_3,low,2016-05-22,2016-05-27,5,0.9548429179434164
FOODS_3_709,TX_2,FOODS_3,low,2016-05-22,2016-05-27,5,1.2453506514212829
FOODS_3_724,TX_2,FOODS_3,low,2016-05-22,2016-05-27,5,0.4151646263461653
FOODS_3_795,TX_2,FOODS_3,medium,2016-05-22,2016-05-27,5,2.1357006427753316
FOODS_3_801,TX_2,FOODS_3,high,2016-05-22,2016-05-27,5,1.967350959607604
FOODS_3_817,TX_2,FOODS_3,medium,2016-05-22,2016-05-27,5,0.49867812239691794
FOODS_1_017,WI_3,FOODS_1,low,2016-05-22,2016-05-27,5,0.9270615828784139
FOODS_1_020,WI_3,FOODS_1,medium,2016-05-22,2016-05-27,5,1.2807817357537041
FOODS_1_042,WI_3,FOODS_1,high,2016-05-22,2016-05-27,5,2.016499937711965
FOODS_1_082,WI_3,FOODS_1,high,2016-05-22,2016-05-27,5,9.189971765856487
FOODS_1_086,WI_3,FOODS_1,high,2016-05-22,2016-05-27,5,2.0601927280113936
FOODS_1_089,WI_3,FOODS_1,low,2016-05-22,2016-05-27,5,0.2519592259735527
FOODS_1_099,WI_3,FOODS_1,high,2016-05-22,2016-05-27,5,2.6999111814459744
FOODS_1_112,WI_3,FOODS_1,medium,2016-05-22,2016-05-27,5,0.45347548640447427
FOODS_1_135,WI_3,FOODS_1,low,2016-05-22,2016-05-27,5,0.4931545914648659
FOODS_1_155,WI_3,FOODS_1,medium,2016-05-22,2016-05-27,5,1.042464460957488
FOODS_1_156,WI_3,FOODS_1,low,2016-05-22,2016-05-27,5,0.5383572274573095
FOODS_1_172,WI_3,FOODS_1,high,2016-05-22,2016-05-27,5,2.7302924028120725
FOODS_1_175,WI_3,FOODS_1,medium,2016-05-22,2016-05-27,5,0.3712830544936634
FOODS_1_210,WI_3,FOODS_1,medium,2016-05-22,2016-05-27,5,2.424553617912179
FOODS_1_214,WI_3,FOODS_1,low,2016-05-22,2016-05-27,5,0.5342508074202713
FOODS_2_021,WI_3,FOODS_2,high,2016-05-22,2016-05-27,5,6.231422186905009
FOODS_2_024,WI_3,FOODS_2,medium,2016-05-22,2016-05-27,5,0.46173550734069135
FOODS_2_028,WI_3,FOODS_2,low,2016-05-22,2016-05-27,5,0.7014698930319211
FOODS_2_040,WI_3,FOODS_2,low,2016-05-22,2016-05-27,5,0.9041167510189206
FOODS_2_059,WI_3,FOODS_2,high,2016-05-22,2016-05-27,5,2.8440438345071994
FOODS_2_072,WI_3,FOODS_2,medium,2016-05-22,2016-05-27,5,1.2875807768898375
FOODS_2_095,WI_3,FOODS_2,low,2016-05-22,2016-05-27,5,1.33702812165318
FOODS_2_116,WI_3,FOODS_2,high,2016-05-22,2016-05-27,5,0.9205457431241447
FOODS_2_136,WI_3,FOODS_2,medium,2016-05-22,2016-05-27,5,2.695946362099869
FOODS_2_139,WI_3,FOODS_2,high,2016-05-22,2016-05-27,5,0.9726873359128637
FOODS_2_146,WI_3,FOODS_2,medium,2016-05-22,2016-05-27,5,0.8342940720384364
FOODS_2_150,WI_3,FOODS_2,high,2016-05-22,2016-05-27,5,1.4835701944316355
FOODS_2_170,WI_3,FOODS_2,medium,2016-05-22,2016-05-27,5,1.5313238508322427
FOODS_2_178,WI_3,FOODS_2,low,2016-05-22,2016-05-27,5,1.0685016148405426
FOODS_2_180,WI_3,FOODS_2,low,2016-05-22,2016-05-27,5,0.9574866731495806
FOODS_2_184,WI_3,FOODS_2,high,2016-05-22,2016-05-27,5,0.7822452140477182
FOODS_2_209,WI_3,FOODS_2,low,2016-05-22,2016-05-27,5,1.0342971748192717
FOODS_2_218,WI_3,FOODS_2,low,2016-05-22,2016-05-27,5,0.3698659435986494
FOODS_2_251,WI_3,FOODS_2,medium,2016-05-22,2016-05-27,5,2.309555379640923
FOODS_2_301,WI_3,FOODS_2,low,2016-05-22,2016-05-27,5,1.1560759769924733
FOODS_2_302,WI_3,FOODS_2,medium,2016-05-22,2016-05-27,5,1.7727079978766285
FOODS_2_304,WI_3,FOODS_2,medium,2016-05-22,2016-05-27,5,1.4643320816847147
FOODS_2_322,WI_3,FOODS_2,high,2016-05-22,2016-05-27,5,4.738269222366425
FOODS_2_336,WI_3,FOODS_2,low,2016-05-22,2016-05-27,5,0.9041167510189206
FOODS_2_339,WI_3,FOODS_2,medium,2016-05-22,2016-05-27,5,2.283659826448801
FOODS_2_357,WI_3,FOODS_2,high,2016-05-22,2016-05-27,5,4.713625763260844
FOODS_2_360,WI_3,FOODS_2,high,2016-05-22,2016-05-27,5,17.280481742168444
FOODS_2_367,WI_3,FOODS_2,medium,2016-05-22,2016-05-27,5,0.4179028013811209
FOODS_3_026,WI_3,FOODS_3,high,2016-05-22,2016-05-27,5,1.9026996401239065
FOODS_3_048,WI_3,FOODS_3,medium,2016-05-22,2016-05-27,5,3.9110085269530552
FOODS_3_053,WI_3,FOODS_3,medium,2016-05-22,2016-05-27,5,0.46447368237564707
FOODS_3_068,WI_3,FOODS_3,low,2016-05-22,2016-05-27,5,0.28909062258285234
FOODS_3_074,WI_3,FOODS_3,medium,2016-05-22,2016-05-27,5,0.7891369899818529
FOODS_3_089,WI_3,FOODS_3,high,2016-05-22,2016-05-27,5,1.949273833075504
FOODS_3_096,WI_3,FOODS_3,medium,2016-05-22,2016-05-27,5,0.5370850292102993
FOODS_3_099,WI_3,FOODS_3,high,2016-05-22,2016-05-27,5,9.790786751335009
FOODS_3_113,WI_3,FOODS_3,high,2016-05-22,2016-05-27,5,3.5331135859500504
FOODS_3_123,WI_3,FOODS_3,low,2016-05-22,2016-05-27,5,0.5383572274573095
FOODS_3_135,WI_3,FOODS_3,high,2016-05-22,2016-05-27,5,7.720780636416374
FOODS_3_179,WI_3,FOODS_3,low,2016-05-22,2016-05-27,5,0.24657729573243295
FOODS_3_187,WI_3,FOODS_3,medium,2016-05-22,2016-05-27,5,1.77818434794654
FOODS_3_223,WI_3,FOODS_3,low,2016-05-22,2016-05-27,5,0.9695715977717618
FOODS_3_240,WI_3,FOODS_3,low,2016-05-22,2016-05-27,5,0.5029277700511691
FOODS_3_249,WI_3,FOODS_3,medium,2016-05-22,2016-05-27,5,1.0438310790332896
FOODS_3_263,WI_3,FOODS_3,high,2016-05-22,2016-05-27,5,11.54900493702401
FOODS_3_276,WI_3,FOODS_3,high,2016-05-22,2016-05-27,5,0.0
FOODS_3_312,WI_3,FOODS_3,low,2016-05-22,2016-05-27,5,0.6616458753235259
FOODS_3_319,WI_3,FOODS_3,high,2016-05-22,2016-05-27,5,0.0
FOODS_3_321,WI_3,FOODS_3,high,2016-05-22,2016-05-27,5,5.223588594967871
FOODS_3_327,WI_3,FOODS_3,high,2016-05-22,2016-05-27,5,1.8260340511022193
FOODS_3_329,WI_3,FOODS_3,high,2016-05-22,2016-05-27,5,18.598877316278188
FOODS_3_340,WI_3,FOODS_3,low,2016-05-22,2016-05-27,5,0.7411489980923127
FOODS_3_354,WI_3,FOODS_3,low,2016-05-22,2016-05-27,5,0.7492202374754566
FOODS_3_360,WI_3,FOODS_3,medium,2016-05-22,2016-05-27,5,0.33707861447239246
FOODS_3_383,WI_3,FOODS_3,high,2016-05-22,2016-05-27,5,1.7369937121623429
FOODS_3_387,WI_3,FOODS_3,medium,2016-05-22,2016-05-27,5,1.2477567591814425
FOODS_3_432,WI_3,FOODS_3,high,2016-05-22,2016-05-27,5,0.9891434047197595
FOODS_3_467,WI_3,FOODS_3,medium,2016-05-22,2016-05-27,5,1.167074172963646
FOODS_3_470,WI_3,FOODS_3,medium,2016-05-22,2016-05-27,5,1.028822509780151
FOODS_3_479,WI_3,FOODS_3,medium,2016-05-22,2016-05-27,5,1.0986636659948237
FOODS_3_480,WI_3,FOODS_3,medium,2016-05-22,2016-05-27,5,0.5795494901677872
FOODS_3_482,WI_3,FOODS_3,low,2016-05-22,2016-05-27,5,0.37543665539284227
FOODS_3_501,WI_3,FOODS_3,high,2016-05-22,2016-05-27,5,9.126047275688702
FOODS_3_511,WI_3,FOODS_3,high,2016-05-22,2016-05-27,5,8.159190088207295
FOODS_3_520,WI_3,FOODS_3,medium,2016-05-22,2016-05-27,5,0.5888962397550127
FOODS_3_532,WI_3,FOODS_3,medium,2016-05-22,2016-05-27,5,2.523249299492027
FOODS_3_539,WI_3,FOODS_3,low,2016-05-22,2016-05-27,5,0.332876147680282
FOODS_3_550,WI_3,FOODS_3,low,2016-05-22,2016-05-27,5,0.3726512994957458
FOODS_3_558,WI_3,FOODS_3,low,2016-05-22,2016-05-27,5,0.3287697276432439
FOODS_3_601,WI_3,FOODS_3,low,2016-05-22,2016-05-27,5,0.34491551836660317
FOODS_3_611,WI_3,FOODS_3,high,2016-05-22,2016-05-27,5,0.5695653922100911
FOODS_3_616,WI_3,FOODS_3,medium,2016-05-22,2016-05-27,5,0.7863516340847563
FOODS_3_635,WI_3,FOODS_3,high,2016-05-22,2016-05-27,5,0.0
FOODS_3_640,WI_3,FOODS_3,low,2016-05-22,2016-05-27,5,1.2807817357537041
FOODS_3_641,WI_3,FOODS_3,low,2016-05-22,2016-05-27,5,0.6986356712418933
FOODS_3_648,WI_3,FOODS_3,medium,2016-05-22,2016-05-27,5,1.2392320140975486
FOODS_3_658,WI_3,FOODS_3,low,2016-05-22,2016-05-27,5,0.3287697276432439
FOODS_3_661,WI_3,FOODS_3,high,2016-05-22,2016-05-27,5,3.424584006570923
FOODS_3_666,WI_3,FOODS_3,medium,2016-05-22,2016-05-27,5,1.0342971748192717
FOODS_3_677,WI_3,FOODS_3,low,2016-05-22,2016-05-27,5,0.21086301001814722
FOODS_3_709,WI_3,FOODS_3,low,2016-05-22,2016-05-27,5,1.3191853306100139
FOODS_3_724,WI_3,FOODS_3,low,2016-05-22,2016-05-27,5,0.20548107977702743
FOODS_3_795,WI_3,FOODS_3,medium,2016-05-22,2016-05-27,5,1.4204505098322127
FOODS_3_801,WI_3,FOODS_3,high,2016-05-22,2016-05-27,5,3.0563424326545485
FOODS_3_817,WI_3,FOODS_3,medium,2016-05-22,2016-05-27,5,0.24657729573243295
FOODS_1_017,CA_1,FOODS_1,low,2016-05-22,2016-05-28,6,1.4242222686431145
FOODS_1_020,CA_1,FOODS_1,medium,2016-05-22,2016-05-28,6,1.6551359414776685
FOODS_1_042,CA_1,FOODS_1,high,2016-05-22,2016-05-28,6,3.3591528125039836
FOODS_1_082,CA_1,FOODS_1,high,2016-05-22,2016-05-28,6,7.906418206331041
FOODS_1_086,CA_1,FOODS_1,high,2016-05-22,2016-05-28,6,4.524676713561765
FOODS_1_089,CA_1,FOODS_1,low,2016-05-22,2016-05-28,6,0.6514172569863534
FOODS_1_099,CA_1,FOODS_1,high,2016-05-22,2016-05-28,6,7.517377515028815
FOODS_1_112,CA_1,FOODS_1,medium,2016-05-22,2016-05-28,6,1.5234793082701246
FOODS_1_135,CA_1,FOODS_1,low,2016-05-22,2016-05-28,6,1.546334883301574
FOODS_1_155,CA_1,FOODS_1,medium,2016-05-22,2016-05-28,6,0.5577343593947887
FOODS_1_156,CA_1,FOODS_1,low,2016-05-22,2016-05-28,6,1.6400683919965322
FOODS_1_172,CA_1,FOODS_1,high,2016-05-22,2016-05-28,6,1.7745626896863231
FOODS_1_175,CA_1,FOODS_1,medium,2016-05-22,2016-05-28,6,1.510575043651428
FOODS_1_210,CA_1,FOODS_1,medium,2016-05-22,2016-05-28,6,2.768980060242092
FOODS_1_214,CA_1,FOODS_1,low,2016-05-22,2016-05-28,6,0.9915410250711333
FOODS_2_021,CA_1,FOODS_2,high,2016-05-22,2016-05-28,6,6.77120241871478
FOODS_2_024,CA_1,FOODS_2,medium,2016-05-22,2016-05-28,6,1.5079818995486574
FOODS_2_028,CA_1,FOODS_2,low,2016-05-22,2016-05-28,6,0.42563937953812825
FOODS_2_040,CA_1,FOODS_2,low,2016-05-22,2016-05-28,6,0.978970572937695
FOODS_2_059,CA_1,FOODS_2,high,2016-05-22,2016-05-28,6,1.9294575057480305
FOODS_2_072,CA_1,FOODS_2,medium,2016-05-22,2016-05-28,6,0.7278400231103218
FOODS_2_095,CA_1,FOODS_2,low,2016-05-22,2016-05-28,6,0.958900353803342
FOODS_2_116,CA_1,FOODS_2,high,2016-05-22,2016-05-28,6,1.03297611067933
FOODS_2_136,CA_1,FOODS_2,medium,2016-05-22,2016-05-28,6,0.5384541229532603
FOODS_2_139,CA_1,FOODS_2,high,2016-05-22,2016-05-28,6,2.099859915421747
FOODS_2_146,CA_1,FOODS_2,medium,2016-05-22,2016-05-28,6,1.4344354789093248
FOODS_2_150,CA_1,FOODS_2,high,2016-05-22,2016-05-28,6,2.534393256852083
FOODS_2_170,CA_1,FOODS_2,medium,2016-05-22,2016-05-28,6,1.605818398039401
FOODS_2_178,CA_1,FOODS_2,low,2016-05-22,2016-05-28,6,0.8938426970300694
FOODS_2_180,CA_1,FOODS_2,low,2016-05-22,2016-05-28,6,0.428574823534943
FOODS_2_184,CA_1,FOODS_2,high,2016-05-22,2016-05-28,6,1.160428531884302
FOODS_2_209,CA_1,FOODS_2,low,2016-05-22,2016-05-28,6,0.5590519932934778
FOODS_2_218,CA_1,FOODS_2,low,2016-05-22,2016-05-28,6,0.984691372831606
FOODS_2_251,CA_1,FOODS_2,medium,2016-05-22,2016-05-28,6,0.7235869452148179
FOODS_2_301,CA_1,FOODS_2,low,2016-05-22,2016-05-28,6,0.9295586802261123
FOODS_2_302,CA_1,FOODS_2,medium,2016-05-22,2016-05-28,6,1.2756443258920602
FOODS_2_304,CA_1,FOODS_2,medium,2016-05-22,2016-05-28,6,2.5228134160591034
FOODS_2_322,CA_1,FOODS_2,high,2016-05-22,2016-05-28,6,0.6934468015359778
FOODS_2_336,CA_1,FOODS_2,low,2016-05-22,2016-05-28,6,0.510767255445754
FOODS_2_339,CA_1,FOODS_2,medium,2016-05-22,2016-05-28,6,0.9364066349838821
FOODS_2_357,CA_1,FOODS_2,high,2016-05-22,2016-05-28,6,2.929943033259287
FOODS_2_360,CA_1,FOODS_2,high,2016-05-22,2016-05-28,6,12.221453472116346
FOODS_2_367,CA_1,FOODS_2,medium,2016-05-22,2016-05-28,6,0.6496612764385482
FOODS_3_026,CA_1,FOODS_3,high,2016-05-22,2016-05-28,6,1.9821336807805952
FOODS_3_048,CA_1,FOODS_3,medium,2016-05-22,2016-05-28,6,1.7714400786117497
FOODS_3_053,CA_1,FOODS_3,medium,2016-05-22,2016-05-28,6,3.6653333867452127
FOODS_3_068,CA_1,FOODS_3,low,2016-05-22,2016-05-28,6,0.6513666458829601
FOODS_3_074,CA_1,FOODS_3,medium,2016-05-22,2016-05-28,6,2.032637241026539
FOODS_3_089,CA_1,FOODS_3,high,2016-05-22,2016-05-28,6,1.044419395497943
FOODS_3_096,CA_1,FOODS_3,medium,2016-05-22,2016-05-28,6,1.1633639758811167
FOODS_3_099,CA_1,FOODS_3,high,2016-05-22,2016-05-28,6,14.841881221996946
FOODS_3_113,CA_1,FOODS_3,high,2016-05-22,2016-05-28,6,4.475753577312068
FOODS_3_123,CA_1,FOODS_3,low,2016-05-22,2016-05-28,6,1.7648332492699415
FOODS_3_135,CA_1,FOODS_3,high,2016-05-22,2016-05-28,6,6.1335249048712965
FOODS_3_179,CA_1,FOODS_3,low,2016-05-22,2016-05-28,6,0.8581284113157837
FOODS_3_187,CA_1,FOODS_3,medium,2016-05-22,2016-05-28,6,1.358133503761055
FOODS_3_223,CA_1,FOODS_3,low,2016-05-22,2016-05-28,6,1.1703973525061837
FOODS_3_240,CA_1,FOODS_3,low,2016-05-22,2016-05-28,6,0.7785746774436034
FOODS_3_249,CA_1,FOODS_3,medium,2016-05-22,2016-05-28,6,3.6271817558711454
FOODS_3_263,CA_1,FOODS_3,high,2016-05-22,2016-05-28,6,9.3177473975488
FOODS_3_276,CA_1,FOODS_3,high,2016-05-22,2016-05-28,6,0.0
FOODS_3_312,CA_1,FOODS_3,low,2016-05-22,2016-05-28,6,1.3692345364143288
FOODS_3_319,CA_1,FOODS_3,high,2016-05-22,2016-05-28,6,0.0
FOODS_3_321,CA_1,FOODS_3,high,2016-05-22,2016-05-28,6,5.321787080405751
FOODS_3_327,CA_1,FOODS_3,high,2016-05-22,2016-05-28,6,2.8608783857165965
FOODS_3_329,CA_1,FOODS_3,high,2016-05-22,2016-05-28,6,17.973297902254533
FOODS_3_340,CA_1,FOODS_3,low,2016-05-22,2016-05-28,6,0.6453087215467195
FOODS_3_354,CA_1,FOODS_3,low,2016-05-22,2016-05-28,6,0.4696710394903484
FOODS_3_360,CA_1,FOODS_3,medium,2016-05-22,2016-05-28,6,0.255383627722877
FOODS_3_383,CA_1,FOODS_3,high,2016-05-22,2016-05-28,6,4.031698797160277
FOODS_3_387,CA_1,FOODS_3,medium,2016-05-22,2016-05-28,6,1.8174098290220007
FOODS_3_432,CA_1,FOODS_3,high,2016-05-22,2016-05-28,6,0.5219155395166448
FOODS_3_467,CA_1,FOODS_3,medium,2016-05-22,2016-05-28,6,1.119086181074106
FOODS_3_470,CA_1,FOODS_3,medium,2016-05-22,2016-05-28,6,0.7387539716922796
FOODS_3_479,CA_1,FOODS_3,medium,2016-05-22,2016-05-28,6,0.6526877100229018
FOODS_3_480,CA_1,FOODS_3,medium,2016-05-22,2016-05-28,6,1.2198700412117027
FOODS_3_482,CA_1,FOODS_3,low,2016-05-22,2016-05-28,6,2.4571511984603043
FOODS_3_501,CA_1,FOODS_3,high,2016-05-22,2016-05-28,6,23.826816482283903
FOODS_3_511,CA_1,FOODS_3,high,2016-05-22,2016-05-28,6,26.008749233933536
FOODS_3_520,CA_1,FOODS_3,medium,2016-05-22,2016-05-28,6,0.6555236770233918
FOODS_3_532,CA_1,FOODS_3,medium,2016-05-22,2016-05-28,6,1.702946951179993
FOODS_3_539,CA_1,FOODS_3,low,2016-05-22,2016-05-28,6,0.6538183075789796
FOODS_3_550,CA_1,FOODS_3,low,2016-05-22,2016-05-28,6,0.27225602364475054
FOODS_3_558,CA_1,FOODS_3,low,2016-05-22,2016-05-28,6,0.5176169076852811
FOODS_3_601,CA_1,FOODS_3,low,2016-05-22,2016-05-28,6,0.17314058470867263
FOODS_3_611,CA_1,FOODS_3,high,2016-05-22,2016-05-28,6,1.372023322552678
FOODS_3_616,CA_1,FOODS_3,medium,2016-05-22,2016-05-28,6,0.9956053214135638
FOODS_3_635,CA_1,FOODS_3,high,2016-05-22,2016-05-28,6,0.0
FOODS_3_640,CA_1,FOODS_3,low,2016-05-22,2016-05-28,6,2.3823343247844226
FOODS_3_641,CA_1,FOODS_3,low,2016-05-22,2016-05-28,6,2.8417870968410273
FOODS_3_648,CA_1,FOODS_3,medium,2016-05-22,2016-05-28,6,0.6810230072610052
FOODS_3_658,CA_1,FOODS_3,low,2016-05-22,2016-05-28,6,0.8598843918635888
FOODS_3_661,CA_1,FOODS_3,high,2016-05-22,2016-05-28,6,4.146152710306452
FOODS_3_666,CA_1,FOODS_3,medium,2016-05-22,2016-05-28,6,1.1278384717199041
FOODS_3_677,CA_1,FOODS_3,low,2016-05-22,2016-05-28,6,0.6896286400483378
FOODS_3_709,CA_1,FOODS_3,low,2016-05-22,2016-05-28,6,0.5460303803913016
FOODS_3_724,CA_1,FOODS_3,low,2016-05-22,2016-05-28,6,0.38307544158431545
FOODS_3_795,CA_1,FOODS_3,medium,2016-05-22,2016-05-28,6,3.3759375307953907
FOODS_3_801,CA_1,FOODS_3,high,2016-05-22,2016-05-28,6,1.648625158890933
FOODS_3_817,CA_1,FOODS_3,medium,2016-05-22,2016-05-28,6,0.7814595103370248
FOODS_1_017,TX_2,FOODS_1,low,2016-05-22,2016-05-28,6,0.4696710394903484
FOODS_1_020,TX_2,FOODS_1,medium,2016-05-22,2016-05-28,6,0.6088466473896931
FOODS_1_042,TX_2,FOODS_1,high,2016-05-22,2016-05-28,6,5.2906157103339435
FOODS_1_082,TX_2,FOODS_1,high,2016-05-22,2016-05-28,6,1.8421613002613972
FOODS_1_086,TX_2,FOODS_1,high,2016-05-22,2016-05-28,6,0.3460856456659481
FOODS_1_089,TX_2,FOODS_1,low,2016-05-22,2016-05-28,6,0.3460856456659481
FOODS_1_099,TX_2,FOODS_1,high,2016-05-22,2016-05-28,6,7.696418706112835
FOODS_1_112,TX_2,FOODS_1,medium,2016-05-22,2016-05-28,6,0.6486319010892568
FOODS_1_135,TX_2,FOODS_1,low,2016-05-22,2016-05-28,6,0.3405115036305026
FOODS_1_155,TX_2,FOODS_1,medium,2016-05-22,2016-05-28,6,1.4301841462242828
FOODS_1_156,TX_2,FOODS_1,low,2016-05-22,2016-05-28,6,0.3928605378206572
FOODS_1_172,TX_2,FOODS_1,high,2016-05-22,2016-05-28,6,3.221783748527134
FOODS_1_175,TX_2,FOODS_1,medium,2016-05-22,2016-05-28,6,0.5644794774704576
FOODS_1_210,TX_2,FOODS_1,medium,2016-05-22,2016-05-28,6,5.42706769007745
FOODS_1_214,TX_2,FOODS_1,low,2016-05-22,2016-05-28,6,0.3473611558700297
FOODS_2_021,TX_2,FOODS_2,high,2016-05-22,2016-05-28,6,0.8261166362874153
FOODS_2_024,TX_2,FOODS_2,medium,2016-05-22,2016-05-28,6,0.22817549779959884
FOODS_2_028,TX_2,FOODS_2,low,2016-05-22,2016-05-28,6,0.9532757189486843
FOODS_2_040,TX_2,FOODS_2,low,2016-05-22,2016-05-28,6,0.1771054040547784
FOODS_2_059,TX_2,FOODS_2,high,2016-05-22,2016-05-28,6,1.7805683054374133
FOODS_2_072,TX_2,FOODS_2,medium,2016-05-22,2016-05-28,6,0.47397298327878373
FOODS_2_095,TX_2,FOODS_2,low,2016-05-22,2016-05-28,6,0.4466266829058258
FOODS_2_116,TX_2,FOODS_2,high,2016-05-22,2016-05-28,6,0.5813097496977238
FOODS_2_136,TX_2,FOODS_2,medium,2016-05-22,2016-05-28,6,0.5163413974811994
FOODS_2_139,TX_2,FOODS_2,high,2016-05-22,2016-05-28,6,1.5489365148131307
FOODS_2_146,TX_2,FOODS_2,medium,2016-05-22,2016-05-28,6,0.8556819250714784
FOODS_2_150,TX_2,FOODS_2,high,2016-05-22,2016-05-28,6,1.0974050123241326
FOODS_2_170,TX_2,FOODS_2,medium,2016-05-22,2016-05-28,6,1.6499496532721274
FOODS_2_178,TX_2,FOODS_2,low,2016-05-22,2016-05-28,6,0.6027447835929066
FOODS_2_180,TX_2,FOODS_2,low,2016-05-22,2016-05-28,6,2.2687508524761686
FOODS_2_184,TX_2,FOODS_2,high,2016-05-22,2016-05-28,6,2.4023994992022084
FOODS_2_209,TX_2,FOODS_2,low,2016-05-22,2016-05-28,6,0.0
FOODS_2_218,TX_2,FOODS_2,low,2016-05-22,2016-05-28,6,0.04256393795381284
FOODS_2_251,TX_2,FOODS_2,medium,2016-05-22,2016-05-28,6,1.7831176989192958
FOODS_2_301,TX_2,FOODS_2,low,2016-05-22,2016-05-28,6,1.2428603564515794
FOODS_2_302,TX_2,FOODS_2,medium,2016-05-22,2016-05-28,6,1.0525378157432277
FOODS_2_304,TX_2,FOODS_2,medium,2016-05-22,2016-05-28,6,1.8034829789810423
FOODS_2_322,TX_2,FOODS_2,high,2016-05-22,2016-05-28,6,3.1742138289630333
FOODS_2_336,TX_2,FOODS_2,low,2016-05-22,2016-05-28,6,0.3447645815260064
FOODS_2_339,TX_2,FOODS_2,medium,2016-05-22,2016-05-28,6,0.5300407019602535
FOODS_2_357,TX_2,FOODS_2,high,2016-05-22,2016-05-28,6,1.9864389365261024
FOODS_2_360,TX_2,FOODS_2,high,2016-05-22,2016-05-28,6,10.835084955351164
FOODS_2_367,TX_2,FOODS_2,medium,2016-05-22,2016-05-28,6,0.0
FOODS_3_026,TX_2,FOODS_3,high,2016-05-22,2016-05-28,6,1.7490582317257
FOODS_3_048,TX_2,FOODS_3,medium,2016-05-22,2016-05-28,6,2.684383195226107
FOODS_3_053,TX_2,FOODS_3,medium,2016-05-22,2016-05-28,6,0.9285714285714286
FOODS_3_068,TX_2,FOODS_3,low,2016-05-22,2016-05-28,6,0.568690431671354
FOODS_3_074,TX_2,FOODS_3,medium,2016-05-22,2016-05-28,6,1.3203031140464698
FOODS_3_089,TX_2,FOODS_3,high,2016-05-22,2016-05-28,6,0.8764617870377404
FOODS_3_096,TX_2,FOODS_3,medium,2016-05-22,2016-05-28,6,0.5072424802305215
FOODS_3_099,TX_2,FOODS_3,high,2016-05-22,2016-05-28,6,16.90454329830218
FOODS_3_113,TX_2,FOODS_3,high,2016-05-22,2016-05-28,6,0.5533311933995668
FOODS_3_123,TX_2,FOODS_3,low,2016-05-22,2016-05-28,6,0.43248903177765535
FOODS_3_135,TX_2,FOODS_3,high,2016-05-22,2016-05-28,6,13.742166219223202
FOODS_3_179,TX_2,FOODS_3,low,2016-05-22,2016-05-28,6,0.3405115036305026
FOODS_3_187,TX_2,FOODS_3,medium,2016-05-22,2016-05-28,6,1.095243354387973
FOODS_3_223,TX_2,FOODS_3,low,2016-05-22,2016-05-28,6,0.38879624147822656
FOODS_3_240,TX_2,FOODS_3,low,2016-05-22,2016-05-28,6,0.1374262989943869
FOODS_3_249,TX_2,FOODS_3,medium,2016-05-22,2016-05-28,6,2.0254993302376136
FOODS_3_263,TX_2,FOODS_3,high,2016-05-22,2016-05-28,6,15.0127461684724
FOODS_3_276,TX_2,FOODS_3,high,2016-05-22,2016-05-28,6,0.0
FOODS_3_312,TX_2,FOODS_3,low,2016-05-22,2016-05-28,6,0.8981952519218978
FOODS_3_319,TX_2,FOODS_3,high,2016-05-22,2016-05-28,6,0.0
FOODS_3_321,TX_2,FOODS_3,high,2016-05-22,2016-05-28,6,9.5585320990397
FOODS_3_327,TX_2,FOODS_3,high,2016-05-22,2016-05-28,6,4.254426046721206
FOODS_3_329,TX_2,FOODS_3,high,2016-05-22,2016-05-28,6,17.15282704256278
FOODS_3_340,TX_2,FOODS_3,low,2016-05-22,2016-05-28,6,0.6810230072610052
FOODS_3_354,TX_2,FOODS_3,low,2016-05-22,2016-05-28,6,0.6810230072610052
FOODS_3_360,TX_2,FOODS_3,medium,2016-05-22,2016-05-28,6,0.3915344165131822
FOODS_3_383,TX_2,FOODS_3,high,2016-05-22,2016-05-28,6,2.42026076125408
FOODS_3_387,TX_2,FOODS_3,medium,2016-05-22,2016-05-28,6,1.0341538289178775
FOODS_3_432,TX_2,FOODS_3,high,2016-05-22,2016-05-28,6,1.8737759081369687
FOODS_3_467,TX_2,FOODS_3,medium,2016-05-22,2016-05-28,6,0.7350285450026403
FOODS_3_470,TX_2,FOODS_3,medium,2016-05-22,2016-05-28,6,0.698038749084273
FOODS_3_479,TX_2,FOODS_3,medium,2016-05-22,2016-05-28,6,1.0109645596853511
FOODS_3_480,TX_2,FOODS_3,medium,2016-05-22,2016-05-28,6,0.9134971368919678
FOODS_3_482,TX_2,FOODS_3,low,2016-05-22,2016-05-28,6,0.9987716706580592
FOODS_3_501,TX_2,FOODS_3,high,2016-05-22,2016-05-28,6,13.21663922916366
FOODS_3_511,TX_2,FOODS_3,high,2016-05-22,2016-05-28,6,10.577041755544432
FOODS_3_520,TX_2,FOODS_3,medium,2016-05-22,2016-05-28,6,1.1180568057248148
FOODS_3_532,TX_2,FOODS_3,medium,2016-05-22,2016-05-28,6,2.184002237156446
FOODS_3_539,TX_2,FOODS_3,low,2016-05-22,2016-05-28,6,0.47685781617220496
FOODS_3_550,TX_2,FOODS_3,low,2016-05-22,2016-05-28,6,0.3223490381744639
FOODS_3_558,TX_2,FOODS_3,low,2016-05-22,2016-05-28,6,0.1828262039486895
FOODS_3_601,TX_2,FOODS_3,low,2016-05-22,2016-05-28,6,0.17314058470867263
FOODS_3_611,TX_2,FOODS_3,high,2016-05-22,2016-05-28,6,2.5183142033088095
FOODS_3_616,TX_2,FOODS_3,medium,2016-05-22,2016-05-28,6,1.975005753591589
FOODS_3_635,TX_2,FOODS_3,high,2016-05-22,2016-05-28,6,0.0
FOODS_3_640,TX_2,FOODS_3,low,2016-05-22,2016-05-28,6,0.922058900774231
FOODS_3_641,TX_2,FOODS_3,low,2016-05-22,2016-05-28,6,0.38889571847455146
FOODS_3_648,TX_2,FOODS_3,medium,2016-05-22,2016-05-28,6,1.625747016482822
FOODS_3_658,TX_2,FOODS_3,low,2016-05-22,2016-05-28,6,0.4724563953874449
FOODS_3_661,TX_2,FOODS_3,high,2016-05-22,2016-05-28,6,4.33914325862842
FOODS_3_666,TX_2,FOODS_3,medium,2016-05-22,2016-05-28,6,1.1135120390386606
FOODS_3_677,TX_2,FOODS_3,low,2016-05-22,2016-05-28,6,0.846087307869967
FOODS_3_709,TX_2,FOODS_3,low,2016-05-22,2016-05-28,6,1.2898274604006144
FOODS_3_724,TX_2,FOODS_3,low,2016-05-22,2016-05-28,6,0.42999193442995687
FOODS_3_795,TX_2,FOODS_3,medium,2016-05-22,2016-05-28,6,2.140547094303022
FOODS_3_801,TX_2,FOODS_3,high,2016-05-22,2016-05-28,6,2.0376134938793045
FOODS_3_817,TX_2,FOODS_3,medium,2016-05-22,2016-05-28,6,0.48077376962537927
FOODS_1_017,WI_3,FOODS_1,low,2016-05-22,2016-05-28,6,0.8887423536955
FOODS_1_020,WI_3,FOODS_1,medium,2016-05-22,2016-05-28,6,1.2550953691734794
FOODS_1_042,WI_3,FOODS_1,high,2016-05-22,2016-05-28,6,2.0885177926302494
FOODS_1_082,WI_3,FOODS_1,high,2016-05-22,2016-05-28,6,8.946756471779933
FOODS_1_086,WI_3,FOODS_1,high,2016-05-22,2016-05-28,6,1.9909138968689437
FOODS_1_089,WI_3,FOODS_1,low,2016-05-22,2016-05-28,6,0.2609577697583224
FOODS_1_099,WI_3,FOODS_1,high,2016-05-22,2016-05-28,6,2.6534794379261877
FOODS_1_112,WI_3,FOODS_1,medium,2016-05-22,2016-05-28,6,0.4696710394903484
FOODS_1_135,WI_3,FOODS_1,low,2016-05-22,2016-05-28,6,0.510767255445754
FOODS_1_155,WI_3,FOODS_1,medium,2016-05-22,2016-05-28,6,1.0796953345631126
FOODS_1_156,WI_3,FOODS_1,low,2016-05-22,2016-05-28,6,0.5575842712950705
FOODS_1_172,WI_3,FOODS_1,high,2016-05-22,2016-05-28,6,2.8278028457696465
FOODS_1_175,WI_3,FOODS_1,medium,2016-05-22,2016-05-28,6,0.3488288778684371
FOODS_1_210,WI_3,FOODS_1,medium,2016-05-22,2016-05-28,6,2.296859104266186
FOODS_1_214,WI_3,FOODS_1,low,2016-05-22,2016-05-28,6,0.5176169076852811
FOODS_2_021,WI_3,FOODS_2,high,2016-05-22,2016-05-28,6,6.346830122151617
FOODS_2_024,WI_3,FOODS_2,medium,2016-05-22,2016-05-28,6,0.4782260611742875
FOODS_2_028,WI_3,FOODS_2,low,2016-05-22,2016-05-28,6,0.7265223892116327
FOODS_2_040,WI_3,FOODS_2,low,2016-05-22,2016-05-28,6,0.9364066349838821
FOODS_2_059,WI_3,FOODS_2,high,2016-05-22,2016-05-28,6,2.945616828596742
FOODS_2_072,WI_3,FOODS_2,medium,2016-05-22,2016-05-28,6,1.3335658046359031
FOODS_2_095,WI_3,FOODS_2,low,2016-05-22,2016-05-28,6,1.3490648402836511
FOODS_2_116,WI_3,FOODS_2,high,2016-05-22,2016-05-28,6,0.9534223768071498
FOODS_2_136,WI_3,FOODS_2,medium,2016-05-22,2016-05-28,6,2.6493730178891504
FOODS_2_139,WI_3,FOODS_2,high,2016-05-22,2016-05-28,6,1.007426169338323
FOODS_2_146,WI_3,FOODS_2,medium,2016-05-22,2016-05-28,6,0.8640902888969519
FOODS_2_150,WI_3,FOODS_2,high,2016-05-22,2016-05-28,6,1.5008405585184796
FOODS_2_170,WI_3,FOODS_2,medium,2016-05-22,2016-05-28,6,1.5502997026476797
FOODS_2_178,WI_3,FOODS_2,low,2016-05-22,2016-05-28,6,1.1066623867991336
FOODS_2_180,WI_3,FOODS_2,low,2016-05-22,2016-05-28,6,0.9916826257620658
FOODS_2_184,WI_3,FOODS_2,high,2016-05-22,2016-05-28,6,0.7744682574065653
FOODS_2_209,WI_3,FOODS_2,low,2016-05-22,2016-05-28,6,1.0712363596342458
FOODS_2_218,WI_3,FOODS_2,low,2016-05-22,2016-05-28,6,0.3473611558700297
FOODS_2_251,WI_3,FOODS_2,medium,2016-05-22,2016-05-28,6,2.3563252146280993
FOODS_2_301,WI_3,FOODS_2,low,2016-05-22,2016-05-28,6,1.1973644047422045
FOODS_2_302,WI_3,FOODS_2,medium,2016-05-22,2016-05-28,6,1.8003047120865083
FOODS_2_304,WI_3,FOODS_2,medium,2016-05-22,2016-05-28,6,1.4809153703163118
FOODS_2_322,WI_3,FOODS_2,high,2016-05-22,2016-05-28,6,4.87177883745094
FOODS_2_336,WI_3,FOODS_2,low,2016-05-22,2016-05-28,6,0.9364066349838821
FOODS_2_339,WI_3,FOODS_2,medium,2016-05-22,2016-05-28,6,2.329504820250544
FOODS_2_357,WI_3,FOODS_2,high,2016-05-22,2016-05-28,6,4.703398111948731
FOODS_2_360,WI_3,FOODS_2,high,2016-05-22,2016-05-28,6,17.826213232960175
FOODS_2_367,WI_3,FOODS_2,medium,2016-05-22,2016-05-28,6,0.43282790143044675
FOODS_3_026,WI_3,FOODS_3,high,2016-05-22,2016-05-28,6,1.9349389129854746
FOODS_3_048,WI_3,FOODS_3,medium,2016-05-22,2016-05-28,6,3.979258831487093
FOODS_3_053,WI_3,FOODS_3,medium,2016-05-22,2016-05-28,6,0.4453477424604916
FOODS_3_068,WI_3,FOODS_3,low,2016-05-22,2016-05-28,6,0.2994152876750971
FOODS_3_074,WI_3,FOODS_3,medium,2016-05-22,2016-05-28,6,0.8173204539097761
FOODS_3_089,WI_3,FOODS_3,high,2016-05-22,2016-05-28,6,2.0188907556853435
FOODS_3_096,WI_3,FOODS_3,medium,2016-05-22,2016-05-28,6,0.5205523516820957
FOODS_3_099,WI_3,FOODS_3,high,2016-05-22,2016-05-28,6,10.033314849596973
FOODS_3_113,WI_3,FOODS_3,high,2016-05-22,2016-05-28,6,3.6235819283054096
FOODS_3_123,WI_3,FOODS_3,low,2016-05-22,2016-05-28,6,0.5575842712950705
FOODS_3_135,WI_3,FOODS_3,high,2016-05-22,2016-05-28,6,7.782237087716959
FOODS_3_179,WI_3,FOODS_3,low,2016-05-22,2016-05-28,6,0.255383627722877
FOODS_3_187,WI_3,FOODS_3,medium,2016-05-22,2016-05-28,6,1.805976646087488
FOODS_3_223,WI_3,FOODS_3,low,2016-05-22,2016-05-28,6,0.9684848691207533
FOODS_3_240,WI_3,FOODS_3,low,2016-05-22,2016-05-28,6,0.5208894761244252
FOODS_3_249,WI_3,FOODS_3,medium,2016-05-22,2016-05-28,6,1.0096821889987644
FOODS_3_263,WI_3,FOODS_3,high,2016-05-22,2016-05-28,6,11.532897970489154
FOODS_3_276,WI_3,FOODS_3,high,2016-05-22,2016-05-28,6,0.0
FOODS_3_312,WI_3,FOODS_3,low,2016-05-22,2016-05-28,6,0.6495617994422233
FOODS_3_319,WI_3,FOODS_3,high,2016-05-22,2016-05-28,6,0.0
FOODS_3_321,WI_3,FOODS_3,high,2016-05-22,2016-05-28,6,5.195859616216723
FOODS_3_327,WI_3,FOODS_3,high,2016-05-22,2016-05-28,6,1.8555352672130128
FOODS_3_329,WI_3,FOODS_3,high,2016-05-22,2016-05-28,6,19.155980077573837
FOODS_3_340,WI_3,FOODS_3,low,2016-05-22,2016-05-28,6,0.7676186051670383
FOODS_3_354,WI_3,FOODS_3,low,2016-05-22,2016-05-28,6,0.7045495316710086
FOODS_3_360,WI_3,FOODS_3,medium,2016-05-22,2016-05-28,6,0.34911713641783504
FOODS_3_383,WI_3,FOODS_3,high,2016-05-22,2016-05-28,6,1.6918863447395698
FOODS_3_387,WI_3,FOODS_3,medium,2016-05-22,2016-05-28,6,1.1851766434379223
FOODS_3_432,WI_3,FOODS_3,high,2016-05-22,2016-05-28,6,1.0244699548883225
FOODS_3_467,WI_3,FOODS_3,medium,2016-05-22,2016-05-28,6,1.2087553934266333
FOODS_3_470,WI_3,FOODS_3,medium,2016-05-22,2016-05-28,6,1.0298518851294423
FOODS_3_479,WI_3,FOODS_3,medium,2016-05-22,2016-05-28,6,0.9950445112089245
FOODS_3_480,WI_3,FOODS_3,medium,2016-05-22,2016-05-28,6,0.6002476862452081
FOODS_3_482,WI_3,FOODS_3,low,2016-05-22,2016-05-28,6,0.38884510737115807
FOODS_3_501,WI_3,FOODS_3,high,2016-05-22,2016-05-28,6,9.309120392677585
FOODS_3_511,WI_3,FOODS_3,high,2016-05-22,2016-05-28,6,8.307732591357555
FOODS_3_520,WI_3,FOODS_3,medium,2016-05-22,2016-05-28,6,0.6099282483176918
FOODS_3_532,WI_3,FOODS_3,medium,2016-05-22,2016-05-28,6,2.541936774473885
FOODS_3_539,WI_3,FOODS_3,low,2016-05-22,2016-05-28,6,0.3447645815260064
FOODS_3_550,WI_3,FOODS_3,low,2016-05-22,2016-05-28,6,0.3859602744777368
FOODS_3_558,WI_3,FOODS_3,low,2016-05-22,2016-05-28,6,0.3405115036305026
FOODS_3_601,WI_3,FOODS_3,low,2016-05-22,2016-05-28,6,0.357233929736839
FOODS_3_611,WI_3,FOODS_3,high,2016-05-22,2016-05-28,6,0.5899070133604515
FOODS_3_616,WI_3,FOODS_3,medium,2016-05-22,2016-05-28,6,0.8144356210163547
FOODS_3_635,WI_3,FOODS_3,high,2016-05-22,2016-05-28,6,0.0
FOODS_3_640,WI_3,FOODS_3,low,2016-05-22,2016-05-28,6,1.3265239406020508
FOODS_3_641,WI_3,FOODS_3,low,2016-05-22,2016-05-28,6,0.7235869452148179
FOODS_3_648,WI_3,FOODS_3,medium,2016-05-22,2016-05-28,6,1.176347443172461
FOODS_3_658,WI_3,FOODS_3,low,2016-05-22,2016-05-28,6,0.3405115036305026
FOODS_3_661,WI_3,FOODS_3,high,2016-05-22,2016-05-28,6,3.4040334353770274
FOODS_3_666,WI_3,FOODS_3,medium,2016-05-22,2016-05-28,6,1.03552207391996
FOODS_3_677,WI_3,FOODS_3,low,2016-05-22,2016-05-28,6,0.2183938318045096
FOODS_3_709,WI_3,FOODS_3,low,2016-05-22,2016-05-28,6,1.3305848067032287
FOODS_3_724,WI_3,FOODS_3,low,2016-05-22,2016-05-28,6,0.21281968976906412
FOODS_3_795,WI_3,FOODS_3,medium,2016-05-22,2016-05-28,6,1.4354665994690774
FOODS_3_801,WI_3,FOODS_3,high,2016-05-22,2016-05-28,6,3.1297832338207825
FOODS_3_817,WI_3,FOODS_3,medium,2016-05-22,2016-05-28,6,0.255383627722877
FOODS_1_017,CA_1,FOODS_1,low,2016-05-22,2016-05-29,7,1.3679444925232254
FOODS_1_020,CA_1,FOODS_1,medium,2016-05-22,2016-05-29,7,1.5356765108161567
FOODS_1_042,CA_1,FOODS_1,high,2016-05-22,2016-05-29,7,3.193408270093412
FOODS_1_082,CA_1,FOODS_1,high,2016-05-22,2016-05-29,7,7.831647427985721
FOODS_1_086,CA_1,FOODS_1,high,2016-05-22,2016-05-29,7,4.114843739046114
FOODS_1_089,CA_1,FOODS_1,low,2016-05-22,2016-05-29,7,0.6746821590215802
FOODS_1_099,CA_1,FOODS_1,high,2016-05-22,2016-05-29,7,7.321569569136986
FOODS_1_112,CA_1,FOODS_1,medium,2016-05-22,2016-05-29,7,1.506460712136915
FOODS_1_135,CA_1,FOODS_1,low,2016-05-22,2016-05-29,7,1.6015611291337735
FOODS_1_155,CA_1,FOODS_1,medium,2016-05-22,2016-05-29,7,0.5776534436588883
FOODS_1_156,CA_1,FOODS_1,low,2016-05-22,2016-05-29,7,1.5914994059964083
FOODS_1_172,CA_1,FOODS_1,high,2016-05-22,2016-05-29,7,1.7665113571751203
FOODS_1_175,CA_1,FOODS_1,medium,2016-05-22,2016-05-29,7,1.4930955809246935
FOODS_1_210,CA_1,FOODS_1,medium,2016-05-22,2016-05-29,7,2.7607293481078807
FOODS_1_214,CA_1,FOODS_1,low,2016-05-22,2016-05-29,7,1.0269532045379595
FOODS_2_021,CA_1,FOODS_2,high,2016-05-22,2016-05-29,7,6.763031076526021
FOODS_2_024,CA_1,FOODS_2,medium,2016-05-22,2016-05-29,7,1.4189812531039667
FOODS_2_028,CA_1,FOODS_2,low,2016-05-22,2016-05-29,7,0.4408407859502042
FOODS_2_040,CA_1,FOODS_2,low,2016-05-22,2016-05-29,7,1.0139338076854698
FOODS_2_059,CA_1,FOODS_2,high,2016-05-22,2016-05-29,7,1.855509559524746
FOODS_2_072,CA_1,FOODS_2,medium,2016-05-22,2016-05-29,7,0.7538343096499761
FOODS_2_095,CA_1,FOODS_2,low,2016-05-22,2016-05-29,7,0.9931467950106043
FOODS_2_116,CA_1,FOODS_2,high,2016-05-22,2016-05-29,7,1.0341538289178775
FOODS_2_136,CA_1,FOODS_2,medium,2016-05-22,2016-05-29,7,0.5576846273444481
FOODS_2_139,CA_1,FOODS_2,high,2016-05-22,2016-05-29,7,2.031997769543952
FOODS_2_146,CA_1,FOODS_2,medium,2016-05-22,2016-05-29,7,1.4499510317275148
FOODS_2_150,CA_1,FOODS_2,high,2016-05-22,2016-05-29,7,2.553478730311085
FOODS_2_170,CA_1,FOODS_2,medium,2016-05-22,2016-05-29,7,1.6631690551122367
FOODS_2_178,CA_1,FOODS_2,low,2016-05-22,2016-05-29,7,0.8543370790668575
FOODS_2_180,CA_1,FOODS_2,low,2016-05-22,2016-05-29,7,0.4438810672326194
FOODS_2_184,CA_1,FOODS_2,high,2016-05-22,2016-05-29,7,1.0947295508801698
FOODS_2_209,CA_1,FOODS_2,low,2016-05-22,2016-05-29,7,0.5790181359111021
FOODS_2_218,CA_1,FOODS_2,low,2016-05-22,2016-05-29,7,0.9484303504327347
FOODS_2_251,CA_1,FOODS_2,medium,2016-05-22,2016-05-29,7,0.6780007646867758
FOODS_2_301,CA_1,FOODS_2,low,2016-05-22,2016-05-29,7,0.9627572045199021
FOODS_2_302,CA_1,FOODS_2,medium,2016-05-22,2016-05-29,7,1.2854887661024907
FOODS_2_304,CA_1,FOODS_2,medium,2016-05-22,2016-05-29,7,2.4700567523469283
FOODS_2_322,CA_1,FOODS_2,high,2016-05-22,2016-05-29,7,0.6824984730194056
FOODS_2_336,CA_1,FOODS_2,low,2016-05-22,2016-05-29,7,0.4575803717116737
FOODS_2_339,CA_1,FOODS_2,medium,2016-05-22,2016-05-29,7,0.9698497290904493
FOODS_2_357,CA_1,FOODS_2,high,2016-05-22,2016-05-29,7,2.9631552844471187
FOODS_2_360,CA_1,FOODS_2,high,2016-05-22,2016-05-29,7,12.44364823897764
FOODS_2_367,CA_1,FOODS_2,medium,2016-05-22,2016-05-29,7,0.6728634648827821
FOODS_3_026,CA_1,FOODS_3,high,2016-05-22,2016-05-29,7,1.8386384550941879
FOODS_3_048,CA_1,FOODS_3,medium,2016-05-22,2016-05-29,7,1.7989915099907408
FOODS_3_053,CA_1,FOODS_3,medium,2016-05-22,2016-05-29,7,3.653381007700399
FOODS_3_068,CA_1,FOODS_3,low,2016-05-22,2016-05-29,7,0.6389154546644945
FOODS_3_074,CA_1,FOODS_3,medium,2016-05-22,2016-05-29,7,1.9623742853489152
FOODS_3_089,CA_1,FOODS_3,high,2016-05-22,2016-05-29,7,1.081720088194298
FOODS_3_096,CA_1,FOODS_3,medium,2016-05-22,2016-05-29,7,1.1334841178768706
FOODS_3_099,CA_1,FOODS_3,high,2016-05-22,2016-05-29,7,14.657662694211124
FOODS_3_113,CA_1,FOODS_3,high,2016-05-22,2016-05-29,7,4.385601919358927
FOODS_3_123,CA_1,FOODS_3,low,2016-05-22,2016-05-29,7,1.7921487224581536
FOODS_3_135,CA_1,FOODS_3,high,2016-05-22,2016-05-29,7,6.066865080045271
FOODS_3_179,CA_1,FOODS_3,low,2016-05-22,2016-05-29,7,0.8887758545770615
FOODS_3_187,CA_1,FOODS_3,medium,2016-05-22,2016-05-29,7,1.3352097003239496
FOODS_3_223,CA_1,FOODS_3,low,2016-05-22,2016-05-29,7,1.1764829722385475
FOODS_3_240,CA_1,FOODS_3,low,2016-05-22,2016-05-29,7,0.8063809159237322
FOODS_3_249,CA_1,FOODS_3,medium,2016-05-22,2016-05-29,7,3.5781525328665436
FOODS_3_263,CA_1,FOODS_3,high,2016-05-22,2016-05-29,7,9.257666947461257
FOODS_3_276,CA_1,FOODS_3,high,2016-05-22,2016-05-29,7,0.0
FOODS_3_312,CA_1,FOODS_3,low,2016-05-22,2016-05-29,7,1.3467071984291263
FOODS_3_319,CA_1,FOODS_3,high,2016-05-22,2016-05-29,7,0.0
FOODS_3_321,CA_1,FOODS_3,high,2016-05-22,2016-05-29,7,5.297565190420243
FOODS_3_327,CA_1,FOODS_3,high,2016-05-22,2016-05-29,7,2.784481185206475
FOODS_3_329,CA_1,FOODS_3,high,2016-05-22,2016-05-29,7,18.115201398763624
FOODS_3_340,CA_1,FOODS_3,low,2016-05-22,2016-05-29,7,0.6683554616019595
FOODS_3_354,CA_1,FOODS_3,low,2016-05-22,2016-05-29,7,0.272159290900718
FOODS_3_360,CA_1,FOODS_3,medium,2016-05-22,2016-05-29,7,0.2645044715701226
FOODS_3_383,CA_1,FOODS_3,high,2016-05-22,2016-05-29,7,3.997116611344572
FOODS_3_387,CA_1,FOODS_3,medium,2016-05-22,2016-05-29,7,1.7037458943442148
FOODS_3_432,CA_1,FOODS_3,high,2016-05-22,2016-05-29,7,0.5405553802136679
FOODS_3_467,CA_1,FOODS_3,medium,2016-05-22,2016-05-29,7,1.1590535446838952
FOODS_3_470,CA_1,FOODS_3,medium,2016-05-22,2016-05-29,7,0.765138042109861
FOODS_3_479,CA_1,FOODS_3,medium,2016-05-22,2016-05-29,7,0.6759979853808626
FOODS_3_480,CA_1,FOODS_3,medium,2016-05-22,2016-05-29,7,1.2277225426835494
FOODS_3_482,CA_1,FOODS_3,low,2016-05-22,2016-05-29,7,2.437763741262457
FOODS_3_501,CA_1,FOODS_3,high,2016-05-22,2016-05-29,7,23.392059928079757
FOODS_3_511,CA_1,FOODS_3,high,2016-05-22,2016-05-29,7,25.97334742085973
FOODS_3_520,CA_1,FOODS_3,medium,2016-05-22,2016-05-29,7,0.6432209512027987
FOODS_3_532,CA_1,FOODS_3,medium,2016-05-22,2016-05-29,7,1.692337913722136
FOODS_3_539,CA_1,FOODS_3,low,2016-05-22,2016-05-29,7,0.6771689614210861
FOODS_3_550,CA_1,FOODS_3,low,2016-05-22,2016-05-29,7,0.28197945306063443
FOODS_3_558,CA_1,FOODS_3,low,2016-05-22,2016-05-29,7,0.5361032258168982
FOODS_3_601,CA_1,FOODS_3,low,2016-05-22,2016-05-29,7,0.1436098913054109
FOODS_3_611,CA_1,FOODS_3,high,2016-05-22,2016-05-29,7,1.3138812983581307
FOODS_3_616,CA_1,FOODS_3,medium,2016-05-22,2016-05-29,7,1.0311626543211911
FOODS_3_635,CA_1,FOODS_3,high,2016-05-22,2016-05-29,7,0.0
FOODS_3_640,CA_1,FOODS_3,low,2016-05-22,2016-05-29,7,2.253131979241009
FOODS_3_641,CA_1,FOODS_3,low,2016-05-22,2016-05-29,7,2.9432794931567785
FOODS_3_648,CA_1,FOODS_3,medium,2016-05-22,2016-05-29,7,0.7053452575203268
FOODS_3_658,CA_1,FOODS_3,low,2016-05-22,2016-05-29,7,0.8905945487158599
FOODS_3_661,CA_1,FOODS_3,high,2016-05-22,2016-05-29,7,4.079943878531682
FOODS_3_666,CA_1,FOODS_3,medium,2016-05-22,2016-05-29,7,1.1681184171384722
FOODS_3_677,CA_1,FOODS_3,low,2016-05-22,2016-05-29,7,0.6785439486214926
FOODS_3_709,CA_1,FOODS_3,low,2016-05-22,2016-05-29,7,0.4583886082624196
FOODS_3_724,CA_1,FOODS_3,low,2016-05-22,2016-05-29,7,0.3610424216408981
FOODS_3_795,CA_1,FOODS_3,medium,2016-05-22,2016-05-29,7,3.3179352997523694
FOODS_3_801,CA_1,FOODS_3,high,2016-05-22,2016-05-29,7,1.6717903431370378
FOODS_3_817,CA_1,FOODS_3,medium,2016-05-22,2016-05-29,7,0.7736544928490614
FOODS_1_017,TX_2,FOODS_1,low,2016-05-22,2016-05-29,7,0.4864450051864323
FOODS_1_020,TX_2,FOODS_1,medium,2016-05-22,2016-05-29,7,0.6305911705107536
FOODS_1_042,TX_2,FOODS_1,high,2016-05-22,2016-05-29,7,5.193851985703013
FOODS_1_082,TX_2,FOODS_1,high,2016-05-22,2016-05-29,7,1.9079527752707328
FOODS_1_086,TX_2,FOODS_1,high,2016-05-22,2016-05-29,7,0.35844584729687484
FOODS_1_089,TX_2,FOODS_1,low,2016-05-22,2016-05-29,7,0.35844584729687484
FOODS_1_099,TX_2,FOODS_1,high,2016-05-22,2016-05-29,7,7.578433659902579
FOODS_1_112,TX_2,FOODS_1,medium,2016-05-22,2016-05-29,7,0.6717973261281589
FOODS_1_135,TX_2,FOODS_1,low,2016-05-22,2016-05-29,7,0.3526726287601634
FOODS_1_155,TX_2,FOODS_1,medium,2016-05-22,2016-05-29,7,1.4098335800180073
FOODS_1_156,TX_2,FOODS_1,low,2016-05-22,2016-05-29,7,0.4068912713142521
FOODS_1_172,TX_2,FOODS_1,high,2016-05-22,2016-05-29,7,3.336847453831674
FOODS_1_175,TX_2,FOODS_1,medium,2016-05-22,2016-05-29,7,0.5489251730944026
FOODS_1_210,TX_2,FOODS_1,medium,2016-05-22,2016-05-29,7,5.263748679008787
FOODS_1_214,TX_2,FOODS_1,low,2016-05-22,2016-05-29,7,0.35976691143681644
FOODS_2_021,TX_2,FOODS_2,high,2016-05-22,2016-05-29,7,0.819906516154823
FOODS_2_024,TX_2,FOODS_2,medium,2016-05-22,2016-05-29,7,0.2363246227210131
FOODS_2_028,TX_2,FOODS_2,low,2016-05-22,2016-05-29,7,0.9158927089111373
FOODS_2_040,TX_2,FOODS_2,low,2016-05-22,2016-05-29,7,0.11200202562816337
FOODS_2_059,TX_2,FOODS_2,high,2016-05-22,2016-05-29,7,1.7370171734887496
FOODS_2_072,TX_2,FOODS_2,medium,2016-05-22,2016-05-29,7,0.49090058982445456
FOODS_2_095,TX_2,FOODS_2,low,2016-05-22,2016-05-29,7,0.46257763586674816
FOODS_2_116,TX_2,FOODS_2,high,2016-05-22,2016-05-29,7,0.602070812186928
FOODS_2_136,TX_2,FOODS_2,medium,2016-05-22,2016-05-29,7,0.5347821616769565
FOODS_2_139,TX_2,FOODS_2,high,2016-05-22,2016-05-29,7,1.568541390342171
FOODS_2_146,TX_2,FOODS_2,medium,2016-05-22,2016-05-29,7,0.8862419938240312
FOODS_2_150,TX_2,FOODS_2,high,2016-05-22,2016-05-29,7,1.0651694770499944
FOODS_2_170,TX_2,FOODS_2,medium,2016-05-22,2016-05-29,7,1.566019283746132
FOODS_2_178,TX_2,FOODS_2,low,2016-05-22,2016-05-29,7,0.6242713830069392
FOODS_2_180,TX_2,FOODS_2,low,2016-05-22,2016-05-29,7,2.2783490972074607
FOODS_2_184,TX_2,FOODS_2,high,2016-05-22,2016-05-29,7,2.4167709098880015
FOODS_2_209,TX_2,FOODS_2,low,2016-05-22,2016-05-29,7,0.0
FOODS_2_218,TX_2,FOODS_2,low,2016-05-22,2016-05-29,7,0.008369792880734712
FOODS_2_251,TX_2,FOODS_2,medium,2016-05-22,2016-05-29,7,1.8110861881664135
FOODS_2_301,TX_2,FOODS_2,low,2016-05-22,2016-05-29,7,1.2515339406105643
FOODS_2_302,TX_2,FOODS_2,medium,2016-05-22,2016-05-29,7,0.9829855948769144
FOODS_2_304,TX_2,FOODS_2,medium,2016-05-22,2016-05-29,7,1.8321787996589367
FOODS_2_322,TX_2,FOODS_2,high,2016-05-22,2016-05-29,7,3.2161500371402845
FOODS_2_336,TX_2,FOODS_2,low,2016-05-22,2016-05-29,7,0.3570776022947923
FOODS_2_339,TX_2,FOODS_2,medium,2016-05-22,2016-05-29,7,0.5489707270302626
FOODS_2_357,TX_2,FOODS_2,high,2016-05-22,2016-05-29,7,2.0216688985448914
FOODS_2_360,TX_2,FOODS_2,high,2016-05-22,2016-05-29,7,11.114909418042275
FOODS_2_367,TX_2,FOODS_2,medium,2016-05-22,2016-05-29,7,0.0
FOODS_3_026,TX_2,FOODS_3,high,2016-05-22,2016-05-29,7,1.7043817400016177
FOODS_3_048,TX_2,FOODS_3,medium,2016-05-22,2016-05-29,7,2.7088254521984676
FOODS_3_053,TX_2,FOODS_3,medium,2016-05-22,2016-05-29,7,0.961734693877551
FOODS_3_068,TX_2,FOODS_3,low,2016-05-22,2016-05-29,7,0.5890008042310452
FOODS_3_074,TX_2,FOODS_3,medium,2016-05-22,2016-05-29,7,1.3674567966909865
FOODS_3_089,TX_2,FOODS_3,high,2016-05-22,2016-05-29,7,0.9077639937176596
FOODS_3_096,TX_2,FOODS_3,medium,2016-05-22,2016-05-29,7,0.5253582830958973
FOODS_3_099,TX_2,FOODS_3,high,2016-05-22,2016-05-29,7,16.82970555895583
FOODS_3_113,TX_2,FOODS_3,high,2016-05-22,2016-05-29,7,0.5730930217352656
FOODS_3_123,TX_2,FOODS_3,low,2016-05-22,2016-05-29,7,0.4479350686268573
FOODS_3_135,TX_2,FOODS_3,high,2016-05-22,2016-05-29,7,13.732957869909745
FOODS_3_179,TX_2,FOODS_3,low,2016-05-22,2016-05-29,7,0.3526726287601634
FOODS_3_187,TX_2,FOODS_3,medium,2016-05-22,2016-05-29,7,1.1343591884732576
FOODS_3_223,TX_2,FOODS_3,low,2016-05-22,2016-05-29,7,0.4026818215310204
FOODS_3_240,TX_2,FOODS_3,low,2016-05-22,2016-05-29,7,0.1423343811013293
FOODS_3_249,TX_2,FOODS_3,medium,2016-05-22,2016-05-29,7,2.026410020603243
FOODS_3_263,TX_2,FOODS_3,high,2016-05-22,2016-05-29,7,14.4774871030607
FOODS_3_276,TX_2,FOODS_3,high,2016-05-22,2016-05-29,7,0.0
FOODS_3_312,TX_2,FOODS_3,low,2016-05-22,2016-05-29,7,0.8231307966333942
FOODS_3_319,TX_2,FOODS_3,high,2016-05-22,2016-05-29,7,0.0
FOODS_3_321,TX_2,FOODS_3,high,2016-05-22,2016-05-29,7,9.471336816862548
FOODS_3_327,TX_2,FOODS_3,high,2016-05-22,2016-05-29,7,4.370655548389821
FOODS_3_329,TX_2,FOODS_3,high,2016-05-22,2016-05-29,7,17.22971372265431
FOODS_3_340,TX_2,FOODS_3,low,2016-05-22,2016-05-29,7,0.7053452575203268
FOODS_3_354,TX_2,FOODS_3,low,2016-05-22,2016-05-29,7,0.7053452575203268
FOODS_3_360,TX_2,FOODS_3,medium,2016-05-22,2016-05-29,7,0.4055177885315101
FOODS_3_383,TX_2,FOODS_3,high,2016-05-22,2016-05-29,7,2.399555788441726
FOODS_3_387,TX_2,FOODS_3,medium,2016-05-22,2016-05-29,7,0.9639450370935159
FOODS_3_432,TX_2,FOODS_3,high,2016-05-22,2016-05-29,7,1.7978393334275748
FOODS_3_467,TX_2,FOODS_3,medium,2016-05-22,2016-05-29,7,0.7255652787527346
FOODS_3_470,TX_2,FOODS_3,medium,2016-05-22,2016-05-29,7,0.7229687044087113
FOODS_3_479,TX_2,FOODS_3,medium,2016-05-22,2016-05-29,7,1.047070436816971
FOODS_3_480,TX_2,FOODS_3,medium,2016-05-22,2016-05-29,7,0.9461220346381095
FOODS_3_482,TX_2,FOODS_3,low,2016-05-22,2016-05-29,7,1.0344420874672755
FOODS_3_501,TX_2,FOODS_3,high,2016-05-22,2016-05-29,7,13.188662058776645
FOODS_3_511,TX_2,FOODS_3,high,2016-05-22,2016-05-29,7,10.454793246813876
FOODS_3_520,TX_2,FOODS_3,medium,2016-05-22,2016-05-29,7,1.122273120214987
FOODS_3_532,TX_2,FOODS_3,medium,2016-05-22,2016-05-29,7,2.1905737456263195
FOODS_3_539,TX_2,FOODS_3,low,2016-05-22,2016-05-29,7,0.45817416674978373
FOODS_3_550,TX_2,FOODS_3,low,2016-05-22,2016-05-29,7,0.3338615038235519
FOODS_3_558,TX_2,FOODS_3,low,2016-05-22,2016-05-29,7,0.18935571123257128
FOODS_3_601,TX_2,FOODS_3,low,2016-05-22,2016-05-29,7,0.17932417701969666
FOODS_3_611,TX_2,FOODS_3,high,2016-05-22,2016-05-29,7,2.5725397105698384
FOODS_3_616,TX_2,FOODS_3,medium,2016-05-22,2016-05-29,7,2.0455416733627176
FOODS_3_635,TX_2,FOODS_3,high,2016-05-22,2016-05-29,7,0.0
FOODS_3_640,TX_2,FOODS_3,low,2016-05-22,2016-05-29,7,0.9549895758018822
FOODS_3_641,TX_2,FOODS_3,low,2016-05-22,2016-05-29,7,0.4027848512772139
FOODS_3_648,TX_2,FOODS_3,medium,2016-05-22,2016-05-29,7,1.5409522670714941
FOODS_3_658,TX_2,FOODS_3,low,2016-05-22,2016-05-29,7,0.45361555236556794
FOODS_3_661,TX_2,FOODS_3,high,2016-05-22,2016-05-29,7,4.386969803579436
FOODS_3_666,TX_2,FOODS_3,medium,2016-05-22,2016-05-29,7,1.1175660404328984
FOODS_3_677,TX_2,FOODS_3,low,2016-05-22,2016-05-29,7,0.8763047117224659
FOODS_3_709,TX_2,FOODS_3,low,2016-05-22,2016-05-29,7,1.3001784411292079
FOODS_3_724,TX_2,FOODS_3,low,2016-05-22,2016-05-29,7,0.4096345035167411
FOODS_3_795,TX_2,FOODS_3,medium,2016-05-22,2016-05-29,7,2.1455666333852728
FOODS_3_801,TX_2,FOODS_3,high,2016-05-22,2016-05-29,7,2.110385404374994
FOODS_3_817,TX_2,FOODS_3,medium,2016-05-22,2016-05-29,7,0.49794426139771425
FOODS_1_017,WI_3,FOODS_1,low,2016-05-22,2016-05-29,7,0.8847688663274821
FOODS_1_020,WI_3,FOODS_1,medium,2016-05-22,2016-05-29,7,1.264205918072532
FOODS_1_042,WI_3,FOODS_1,high,2016-05-22,2016-05-29,7,2.1631077137956156
FOODS_1_082,WI_3,FOODS_1,high,2016-05-22,2016-05-29,7,8.944854917200647
FOODS_1_086,WI_3,FOODS_1,high,2016-05-22,2016-05-29,7,1.9905893931856917
FOODS_1_089,WI_3,FOODS_1,low,2016-05-22,2016-05-29,7,0.27027769010683395
FOODS_1_099,WI_3,FOODS_1,high,2016-05-22,2016-05-29,7,2.6053894178521233
FOODS_1_112,WI_3,FOODS_1,medium,2016-05-22,2016-05-29,7,0.4864450051864323
FOODS_1_135,WI_3,FOODS_1,low,2016-05-22,2016-05-29,7,0.4575803717116737
FOODS_1_155,WI_3,FOODS_1,medium,2016-05-22,2016-05-29,7,1.1182558822260809
FOODS_1_156,WI_3,FOODS_1,low,2016-05-22,2016-05-29,7,0.5774979952698944
FOODS_1_172,WI_3,FOODS_1,high,2016-05-22,2016-05-29,7,2.857367233118562
FOODS_1_175,WI_3,FOODS_1,medium,2016-05-22,2016-05-29,7,0.36128705207802403
FOODS_1_210,WI_3,FOODS_1,medium,2016-05-22,2016-05-29,7,2.3074612151328355
FOODS_1_214,WI_3,FOODS_1,low,2016-05-22,2016-05-29,7,0.5361032258168982
FOODS_2_021,WI_3,FOODS_2,high,2016-05-22,2016-05-29,7,6.144931197942746
FOODS_2_024,WI_3,FOODS_2,medium,2016-05-22,2016-05-29,7,0.4953055633590835
FOODS_2_028,WI_3,FOODS_2,low,2016-05-22,2016-05-29,7,0.7524696173977624
FOODS_2_040,WI_3,FOODS_2,low,2016-05-22,2016-05-29,7,0.9698497290904493
FOODS_2_059,WI_3,FOODS_2,high,2016-05-22,2016-05-29,7,2.8365317153323404
FOODS_2_072,WI_3,FOODS_2,medium,2016-05-22,2016-05-29,7,1.381193154801471
FOODS_2_095,WI_3,FOODS_2,low,2016-05-22,2016-05-29,7,1.3615314417223525
FOODS_2_116,WI_3,FOODS_2,high,2016-05-22,2016-05-29,7,0.9160446045502624
FOODS_2_136,WI_3,FOODS_2,medium,2016-05-22,2016-05-29,7,2.6368506256709057
FOODS_2_139,WI_3,FOODS_2,high,2016-05-22,2016-05-29,7,1.0434056753861205
FOODS_2_146,WI_3,FOODS_2,medium,2016-05-22,2016-05-29,7,0.8592363706432716
FOODS_2_150,WI_3,FOODS_2,high,2016-05-22,2016-05-29,7,1.5187277213227108
FOODS_2_170,WI_3,FOODS_2,medium,2016-05-22,2016-05-29,7,1.5699532634565256
FOODS_2_178,WI_3,FOODS_2,low,2016-05-22,2016-05-29,7,1.146186043470531
FOODS_2_180,WI_3,FOODS_2,low,2016-05-22,2016-05-29,7,1.0270998623964251
FOODS_2_184,WI_3,FOODS_2,high,2016-05-22,2016-05-29,7,0.7664135523139427
FOODS_2_209,WI_3,FOODS_2,low,2016-05-22,2016-05-29,7,1.0380662296211831
FOODS_2_218,WI_3,FOODS_2,low,2016-05-22,2016-05-29,7,0.35976691143681644
FOODS_2_251,WI_3,FOODS_2,medium,2016-05-22,2016-05-29,7,2.4404796865791027
FOODS_2_301,WI_3,FOODS_2,low,2016-05-22,2016-05-29,7,1.2044131334829975
FOODS_2_302,WI_3,FOODS_2,medium,2016-05-22,2016-05-29,7,1.8288870232324552
FOODS_2_304,WI_3,FOODS_2,medium,2016-05-22,2016-05-29,7,1.5338052049704654
FOODS_2_322,WI_3,FOODS_2,high,2016-05-22,2016-05-29,7,4.795770938788473
FOODS_2_336,WI_3,FOODS_2,low,2016-05-22,2016-05-29,7,0.9341354433761636
FOODS_2_339,WI_3,FOODS_2,medium,2016-05-22,2016-05-29,7,2.091272849545206
FOODS_2_357,WI_3,FOODS_2,high,2016-05-22,2016-05-29,7,4.6213766159469
FOODS_2_360,WI_3,FOODS_2,high,2016-05-22,2016-05-29,7,18.284292276994467
FOODS_2_367,WI_3,FOODS_2,medium,2016-05-22,2016-05-29,7,0.4482860407672484
FOODS_3_026,WI_3,FOODS_3,high,2016-05-22,2016-05-29,7,2.004043874163527
FOODS_3_048,WI_3,FOODS_3,medium,2016-05-22,2016-05-29,7,4.085660932611632
FOODS_3_053,WI_3,FOODS_3,medium,2016-05-22,2016-05-29,7,0.46125301897693777
FOODS_3_068,WI_3,FOODS_3,low,2016-05-22,2016-05-29,7,0.31010869080635056
FOODS_3_074,WI_3,FOODS_3,medium,2016-05-22,2016-05-29,7,0.8107961844065539
FOODS_3_089,WI_3,FOODS_3,high,2016-05-22,2016-05-29,7,2.0552797112455345
FOODS_3_096,WI_3,FOODS_3,medium,2016-05-22,2016-05-29,7,0.5391435070993134
FOODS_3_099,WI_3,FOODS_3,high,2016-05-22,2016-05-29,7,9.963076094225439
FOODS_3_113,WI_3,FOODS_3,high,2016-05-22,2016-05-29,7,3.574424140030603
FOODS_3_123,WI_3,FOODS_3,low,2016-05-22,2016-05-29,7,0.5774979952698944
FOODS_3_135,WI_3,FOODS_3,high,2016-05-22,2016-05-29,7,7.9173169837068516
FOODS_3_179,WI_3,FOODS_3,low,2016-05-22,2016-05-29,7,0.2645044715701226
FOODS_3_187,WI_3,FOODS_3,medium,2016-05-22,2016-05-29,7,1.8347615263048982
FOODS_3_223,WI_3,FOODS_3,low,2016-05-22,2016-05-29,7,1.0030736144464945
FOODS_3_240,WI_3,FOODS_3,low,2016-05-22,2016-05-29,7,0.5037783859860118
FOODS_3_249,WI_3,FOODS_3,medium,2016-05-22,2016-05-29,7,1.0457422671772916
FOODS_3_263,WI_3,FOODS_3,high,2016-05-22,2016-05-29,7,11.76621575514948
FOODS_3_276,WI_3,FOODS_3,high,2016-05-22,2016-05-29,7,0.0
FOODS_3_312,WI_3,FOODS_3,low,2016-05-22,2016-05-29,7,0.6727604351365885
FOODS_3_319,WI_3,FOODS_3,high,2016-05-22,2016-05-29,7,0.0
FOODS_3_321,WI_3,FOODS_3,high,2016-05-22,2016-05-29,7,5.09571174536732
FOODS_3_327,WI_3,FOODS_3,high,2016-05-22,2016-05-29,7,1.9218043838991918
FOODS_3_329,WI_3,FOODS_3,high,2016-05-22,2016-05-29,7,19.090122223201472
FOODS_3_340,WI_3,FOODS_3,low,2016-05-22,2016-05-29,7,0.7236049839230038
FOODS_3_354,WI_3,FOODS_3,low,2016-05-22,2016-05-29,7,0.6939977292306876
FOODS_3_360,WI_3,FOODS_3,medium,2016-05-22,2016-05-29,7,0.36158560557561487
FOODS_3_383,WI_3,FOODS_3,high,2016-05-22,2016-05-29,7,1.7523108570516972
FOODS_3_387,WI_3,FOODS_3,medium,2016-05-22,2016-05-29,7,1.1203615235607054
FOODS_3_432,WI_3,FOODS_3,high,2016-05-22,2016-05-29,7,1.0610581675629052
FOODS_3_467,WI_3,FOODS_3,medium,2016-05-22,2016-05-29,7,1.1804966574775846
FOODS_3_470,WI_3,FOODS_3,medium,2016-05-22,2016-05-29,7,1.0309180238840654
FOODS_3_479,WI_3,FOODS_3,medium,2016-05-22,2016-05-29,7,1.0305818151806718
FOODS_3_480,WI_3,FOODS_3,medium,2016-05-22,2016-05-29,7,0.6216851036111084
FOODS_3_482,WI_3,FOODS_3,low,2016-05-22,2016-05-29,7,0.40273243263441366
FOODS_3_501,WI_3,FOODS_3,high,2016-05-22,2016-05-29,7,9.10587469241607
FOODS_3_511,WI_3,FOODS_3,high,2016-05-22,2016-05-29,7,8.425865898191754
FOODS_3_520,WI_3,FOODS_3,medium,2016-05-22,2016-05-29,7,0.6317114000433237
FOODS_3_532,WI_3,FOODS_3,medium,2016-05-22,2016-05-29,7,2.5970059449908094
FOODS_3_539,WI_3,FOODS_3,low,2016-05-22,2016-05-29,7,0.3570776022947923
FOODS_3_550,WI_3,FOODS_3,low,2016-05-22,2016-05-29,7,0.39974456999479885
FOODS_3_558,WI_3,FOODS_3,low,2016-05-22,2016-05-29,7,0.3526726287601634
FOODS_3_601,WI_3,FOODS_3,low,2016-05-22,2016-05-29,7,0.3699922843702975
FOODS_3_611,WI_3,FOODS_3,high,2016-05-22,2016-05-29,7,0.5752608352661819
FOODS_3_616,WI_3,FOODS_3,medium,2016-05-22,2016-05-29,7,0.807808321766939
FOODS_3_635,WI_3,FOODS_3,high,2016-05-22,2016-05-29,7,0.0
FOODS_3_640,WI_3,FOODS_3,low,2016-05-22,2016-05-29,7,1.3381855099092668
FOODS_3_641,WI_3,FOODS_3,low,2016-05-22,2016-05-29,7,0.7494293361153472
FOODS_3_648,WI_3,FOODS_3,medium,2016-05-22,2016-05-29,7,1.1826455661429063
FOODS_3_658,WI_3,FOODS_3,low,2016-05-22,2016-05-29,7,0.3526726287601634
FOODS_3_661,WI_3,FOODS_3,high,2016-05-22,2016-05-29,7,3.3470346294976356
FOODS_3_666,WI_3,FOODS_3,medium,2016-05-22,2016-05-29,7,1.0725050051313871
FOODS_3_677,WI_3,FOODS_3,low,2016-05-22,2016-05-29,7,0.22619361151181352
FOODS_3_709,WI_3,FOODS_3,low,2016-05-22,2016-05-29,7,1.3781056926569153
FOODS_3_724,WI_3,FOODS_3,low,2016-05-22,2016-05-29,7,0.1847061072608164
FOODS_3_795,WI_3,FOODS_3,medium,2016-05-22,2016-05-29,7,1.4867332637358304
FOODS_3_801,WI_3,FOODS_3,high,2016-05-22,2016-05-29,7,3.205846920742953
FOODS_3_817,WI_3,FOODS_3,medium,2016-05-22,2016-05-29,7,0.2645044715701226
FOODS_1_017,CA_1,FOODS_1,low,2016-05-22,2016-05-30,8,1.4167996529704834
FOODS_1_020,CA_1,FOODS_1,medium,2016-05-22,2016-05-30,8,1.5548078147738769
FOODS_1_042,CA_1,FOODS_1,high,2016-05-22,2016-05-30,8,2.986029994025319
FOODS_1_082,CA_1,FOODS_1,high,2016-05-22,2016-05-30,8,7.897063407556639
FOODS_1_086,CA_1,FOODS_1,high,2016-05-22,2016-05-30,8,4.190373872583475
FOODS_1_089,CA_1,FOODS_1,low,2016-05-22,2016-05-30,8,0.5916350932723511
FOODS_1_099,CA_1,FOODS_1,high,2016-05-22,2016-05-30,8,7.154482768034735
FOODS_1_112,CA_1,FOODS_1,medium,2016-05-22,2016-05-30,8,1.5602628804275187
FOODS_1_135,CA_1,FOODS_1,low,2016-05-22,2016-05-30,8,1.6230454551742652
FOODS_1_155,CA_1,FOODS_1,medium,2016-05-22,2016-05-30,8,0.5982839237895629
FOODS_1_156,CA_1,FOODS_1,low,2016-05-22,2016-05-30,8,1.5769100990677085
FOODS_1_172,CA_1,FOODS_1,high,2016-05-22,2016-05-30,8,1.6867439056456603
FOODS_1_175,CA_1,FOODS_1,medium,2016-05-22,2016-05-30,8,1.474991851672004
FOODS_1_210,CA_1,FOODS_1,medium,2016-05-22,2016-05-30,8,2.430755396254591
FOODS_1_214,CA_1,FOODS_1,low,2016-05-22,2016-05-30,8,1.0636301047000294
FOODS_2_021,CA_1,FOODS_2,high,2016-05-22,2016-05-30,8,6.468853614973379
FOODS_2_024,CA_1,FOODS_2,medium,2016-05-22,2016-05-30,8,1.469659155000537
FOODS_2_028,CA_1,FOODS_2,low,2016-05-22,2016-05-30,8,0.4208708140198544
FOODS_2_040,CA_1,FOODS_2,low,2016-05-22,2016-05-30,8,1.0501457293885224
FOODS_2_059,CA_1,FOODS_2,high,2016-05-22,2016-05-30,8,1.8860634723649154
FOODS_2_072,CA_1,FOODS_2,medium,2016-05-22,2016-05-30,8,0.7450426778517609
FOODS_2_095,CA_1,FOODS_2,low,2016-05-22,2016-05-30,8,0.8500448948324113
FOODS_2_116,CA_1,FOODS_2,high,2016-05-22,2016-05-30,8,1.0353736085220873
FOODS_2_136,CA_1,FOODS_2,medium,2016-05-22,2016-05-30,8,0.5418876497496071
FOODS_2_139,CA_1,FOODS_2,high,2016-05-22,2016-05-30,8,1.9617119755990935
FOODS_2_146,CA_1,FOODS_2,medium,2016-05-22,2016-05-30,8,1.3231635685749261
FOODS_2_150,CA_1,FOODS_2,high,2016-05-22,2016-05-30,8,2.5375315421079097
FOODS_2_170,CA_1,FOODS_2,medium,2016-05-22,2016-05-30,8,1.5797108070805308
FOODS_2_178,CA_1,FOODS_2,low,2016-05-22,2016-05-30,8,0.8848491176049597
FOODS_2_180,CA_1,FOODS_2,low,2016-05-22,2016-05-30,8,0.4597339624909273
FOODS_2_184,CA_1,FOODS_2,high,2016-05-22,2016-05-30,8,1.133827034840176
FOODS_2_209,CA_1,FOODS_2,low,2016-05-22,2016-05-30,8,0.5639830693364986
FOODS_2_218,CA_1,FOODS_2,low,2016-05-22,2016-05-30,8,0.9823028629481895
FOODS_2_251,CA_1,FOODS_2,medium,2016-05-22,2016-05-30,8,0.7022150777113035
FOODS_2_301,CA_1,FOODS_2,low,2016-05-22,2016-05-30,8,0.8185699618241842
FOODS_2_302,CA_1,FOODS_2,medium,2016-05-22,2016-05-30,8,1.3313990791775796
FOODS_2_304,CA_1,FOODS_2,medium,2016-05-22,2016-05-30,8,2.4154159220736053
FOODS_2_322,CA_1,FOODS_2,high,2016-05-22,2016-05-30,8,0.6711591327700985
FOODS_2_336,CA_1,FOODS_2,low,2016-05-22,2016-05-30,8,0.43820824212994774
FOODS_2_339,CA_1,FOODS_2,medium,2016-05-22,2016-05-30,8,0.9687729337008225
FOODS_2_357,CA_1,FOODS_2,high,2016-05-22,2016-05-30,8,2.8546965446059454
FOODS_2_360,CA_1,FOODS_2,high,2016-05-22,2016-05-30,8,12.10234996179827
FOODS_2_367,CA_1,FOODS_2,medium,2016-05-22,2016-05-30,8,0.6611800172000242
FOODS_3_026,CA_1,FOODS_3,high,2016-05-22,2016-05-30,8,1.7971612570618376
FOODS_3_048,CA_1,FOODS_3,medium,2016-05-22,2016-05-30,8,1.791812635347553
FOODS_3_053,CA_1,FOODS_3,medium,2016-05-22,2016-05-30,8,3.5695731865468416
FOODS_3_068,CA_1,FOODS_3,low,2016-05-22,2016-05-30,8,0.5545910066167978
FOODS_3_074,CA_1,FOODS_3,medium,2016-05-22,2016-05-30,8,1.8896019383970908
FOODS_3_089,CA_1,FOODS_3,high,2016-05-22,2016-05-30,8,1.0846386627726659
FOODS_3_096,CA_1,FOODS_3,medium,2016-05-22,2016-05-30,8,1.1739656935153302
FOODS_3_099,CA_1,FOODS_3,high,2016-05-22,2016-05-30,8,14.359722076147238
FOODS_3_113,CA_1,FOODS_3,high,2016-05-22,2016-05-30,8,4.363659130764604
FOODS_3_123,CA_1,FOODS_3,low,2016-05-22,2016-05-30,8,1.8561540339745162
FOODS_3_135,CA_1,FOODS_3,high,2016-05-22,2016-05-30,8,5.997824547189746
FOODS_3_179,CA_1,FOODS_3,low,2016-05-22,2016-05-30,8,0.9205178493833852
FOODS_3_187,CA_1,FOODS_3,medium,2016-05-22,2016-05-30,8,1.275752903906948
FOODS_3_223,CA_1,FOODS_3,low,2016-05-22,2016-05-30,8,1.1113573641042098
FOODS_3_240,CA_1,FOODS_3,low,2016-05-22,2016-05-30,8,0.8351802343495798
FOODS_3_249,CA_1,FOODS_3,medium,2016-05-22,2016-05-30,8,3.598800837611777
FOODS_3_263,CA_1,FOODS_3,high,2016-05-22,2016-05-30,8,9.159726481299158
FOODS_3_276,CA_1,FOODS_3,high,2016-05-22,2016-05-30,8,0.0
FOODS_3_312,CA_1,FOODS_3,low,2016-05-22,2016-05-30,8,1.3233753126587382
FOODS_3_319,CA_1,FOODS_3,high,2016-05-22,2016-05-30,8,0.0
FOODS_3_321,CA_1,FOODS_3,high,2016-05-22,2016-05-30,8,5.415335375792394
FOODS_3_327,CA_1,FOODS_3,high,2016-05-22,2016-05-30,8,2.8482126561067065
FOODS_3_329,CA_1,FOODS_3,high,2016-05-22,2016-05-30,8,18.297887163005186
FOODS_3_340,CA_1,FOODS_3,low,2016-05-22,2016-05-30,8,0.6207967280877437
FOODS_3_354,CA_1,FOODS_3,low,2016-05-22,2016-05-30,8,0.24616497986145794
FOODS_3_360,CA_1,FOODS_3,medium,2016-05-22,2016-05-30,8,0.27395105984048407
FOODS_3_383,CA_1,FOODS_3,high,2016-05-22,2016-05-30,8,3.854156490321164
FOODS_3_387,CA_1,FOODS_3,medium,2016-05-22,2016-05-30,8,1.6574511048565082
FOODS_3_432,CA_1,FOODS_3,high,2016-05-22,2016-05-30,8,0.5598609295070132
FOODS_3_467,CA_1,FOODS_3,medium,2016-05-22,2016-05-30,8,1.2004483141368916
FOODS_3_470,CA_1,FOODS_3,medium,2016-05-22,2016-05-30,8,0.7924644007566418
FOODS_3_479,CA_1,FOODS_3,medium,2016-05-22,2016-05-30,8,0.7001407705730364
FOODS_3_480,CA_1,FOODS_3,medium,2016-05-22,2016-05-30,8,1.2358554906365333
FOODS_3_482,CA_1,FOODS_3,low,2016-05-22,2016-05-30,8,2.4176838748789735
FOODS_3_501,CA_1,FOODS_3,high,2016-05-22,2016-05-30,8,22.97749063979689
FOODS_3_511,CA_1,FOODS_3,high,2016-05-22,2016-05-30,8,25.115252685890436
FOODS_3_520,CA_1,FOODS_3,medium,2016-05-22,2016-05-30,8,0.5947645566028984
FOODS_3_532,CA_1,FOODS_3,medium,2016-05-22,2016-05-30,8,1.645635696355069
FOODS_3_539,CA_1,FOODS_3,low,2016-05-22,2016-05-30,8,0.6656392814718392
FOODS_3_550,CA_1,FOODS_3,low,2016-05-22,2016-05-30,8,0.2920501478128
FOODS_3_558,CA_1,FOODS_3,low,2016-05-22,2016-05-30,8,0.5195354838817875
FOODS_3_601,CA_1,FOODS_3,low,2016-05-22,2016-05-30,8,0.1487388159948899
FOODS_3_611,CA_1,FOODS_3,high,2016-05-22,2016-05-30,8,1.3608056304423497
FOODS_3_616,CA_1,FOODS_3,medium,2016-05-22,2016-05-30,8,1.0322756062612337
FOODS_3_635,CA_1,FOODS_3,high,2016-05-22,2016-05-30,8,0.0
FOODS_3_640,CA_1,FOODS_3,low,2016-05-22,2016-05-30,8,2.1907438356424738
FOODS_3_641,CA_1,FOODS_3,low,2016-05-22,2016-05-30,8,2.726968046483806
FOODS_3_648,CA_1,FOODS_3,medium,2016-05-22,2016-05-30,8,0.7305361595746243
FOODS_3_658,CA_1,FOODS_3,low,2016-05-22,2016-05-30,8,0.8866872111699978
FOODS_3_661,CA_1,FOODS_3,high,2016-05-22,2016-05-30,8,4.154227588479242
FOODS_3_666,CA_1,FOODS_3,medium,2016-05-22,2016-05-30,8,1.1384083606077033
FOODS_3_677,CA_1,FOODS_3,low,2016-05-22,2016-05-30,8,0.7027776610722601
FOODS_3_709,CA_1,FOODS_3,low,2016-05-22,2016-05-30,8,0.3676167728432203
FOODS_3_724,CA_1,FOODS_3,low,2016-05-22,2016-05-30,8,0.37393679384235873
FOODS_3_795,CA_1,FOODS_3,medium,2016-05-22,2016-05-30,8,3.2935758461720965
FOODS_3_801,CA_1,FOODS_3,high,2016-05-22,2016-05-30,8,1.7314971411062177
FOODS_3_817,CA_1,FOODS_3,medium,2016-05-22,2016-05-30,8,0.7655707247365279
FOODS_1_017,TX_2,FOODS_1,low,2016-05-22,2016-05-30,8,0.5038180410859477
FOODS_1_020,TX_2,FOODS_1,medium,2016-05-22,2016-05-30,8,0.6173979980289949
FOODS_1_042,TX_2,FOODS_1,high,2016-05-22,2016-05-30,8,5.3079181280495495
FOODS_1_082,TX_2,FOODS_1,high,2016-05-22,2016-05-30,8,1.8689510886732588
FOODS_1_086,TX_2,FOODS_1,high,2016-05-22,2016-05-30,8,0.3712474847003346
FOODS_1_089,TX_2,FOODS_1,low,2016-05-22,2016-05-30,8,0.3712474847003346
FOODS_1_099,TX_2,FOODS_1,high,2016-05-22,2016-05-30,8,7.599092004899099
FOODS_1_112,TX_2,FOODS_1,medium,2016-05-22,2016-05-30,8,0.695790087775593
FOODS_1_135,TX_2,FOODS_1,low,2016-05-22,2016-05-30,8,0.3652680797873121
FOODS_1_155,TX_2,FOODS_1,medium,2016-05-22,2016-05-30,8,1.424470493590079
FOODS_1_156,TX_2,FOODS_1,low,2016-05-22,2016-05-30,8,0.3857088167183326
FOODS_1_172,TX_2,FOODS_1,high,2016-05-22,2016-05-30,8,3.42030629146852
FOODS_1_175,TX_2,FOODS_1,medium,2016-05-22,2016-05-30,8,0.5685296435620598
FOODS_1_210,TX_2,FOODS_1,medium,2016-05-22,2016-05-30,8,5.273168274687672
FOODS_1_214,TX_2,FOODS_1,low,2016-05-22,2016-05-30,8,0.372615729702417
FOODS_2_021,TX_2,FOODS_2,high,2016-05-22,2016-05-30,8,0.7777603203032096
FOODS_2_024,TX_2,FOODS_2,medium,2016-05-22,2016-05-30,8,0.2090505021039064
FOODS_2_028,TX_2,FOODS_2,low,2016-05-22,2016-05-30,8,0.9486031628008209
FOODS_2_040,TX_2,FOODS_2,low,2016-05-22,2016-05-30,8,0.11600209797202635
FOODS_2_059,TX_2,FOODS_2,high,2016-05-22,2016-05-30,8,1.6204820725419193
FOODS_2_072,TX_2,FOODS_2,medium,2016-05-22,2016-05-30,8,0.5084327537467564
FOODS_2_095,TX_2,FOODS_2,low,2016-05-22,2016-05-30,8,0.40766969429056055
FOODS_2_116,TX_2,FOODS_2,high,2016-05-22,2016-05-30,8,0.5521447697650327
FOODS_2_136,TX_2,FOODS_2,medium,2016-05-22,2016-05-30,8,0.5538815245939906
FOODS_2_139,TX_2,FOODS_2,high,2016-05-22,2016-05-30,8,1.41027501142582
FOODS_2_146,TX_2,FOODS_2,medium,2016-05-22,2016-05-30,8,0.917893493603461
FOODS_2_150,TX_2,FOODS_2,high,2016-05-22,2016-05-30,8,1.1032112440874944
FOODS_2_170,TX_2,FOODS_2,medium,2016-05-22,2016-05-30,8,1.4790914010227796
FOODS_2_178,TX_2,FOODS_2,low,2016-05-22,2016-05-30,8,0.46799536097147254
FOODS_2_180,TX_2,FOODS_2,low,2016-05-22,2016-05-30,8,2.324004422107727
FOODS_2_184,TX_2,FOODS_2,high,2016-05-22,2016-05-30,8,2.3959412995268585
FOODS_2_209,TX_2,FOODS_2,low,2016-05-22,2016-05-30,8,0.0
FOODS_2_218,TX_2,FOODS_2,low,2016-05-22,2016-05-30,8,0.008668714055046666
FOODS_2_251,TX_2,FOODS_2,medium,2016-05-22,2016-05-30,8,1.7686249806009282
FOODS_2_301,TX_2,FOODS_2,low,2016-05-22,2016-05-30,8,1.2605172956323702
FOODS_2_302,TX_2,FOODS_2,medium,2016-05-22,2016-05-30,8,0.9466636518368042
FOODS_2_304,TX_2,FOODS_2,medium,2016-05-22,2016-05-30,8,1.8618994710753272
FOODS_2_322,TX_2,FOODS_2,high,2016-05-22,2016-05-30,8,3.1881553956095803
FOODS_2_336,TX_2,FOODS_2,low,2016-05-22,2016-05-30,8,0.36983037380532063
FOODS_2_339,TX_2,FOODS_2,medium,2016-05-22,2016-05-30,8,0.49714825299562915
FOODS_2_357,TX_2,FOODS_2,high,2016-05-22,2016-05-30,8,1.9152999306357803
FOODS_2_360,TX_2,FOODS_2,high,2016-05-22,2016-05-30,8,11.297584754400928
FOODS_2_367,TX_2,FOODS_2,medium,2016-05-22,2016-05-30,8,0.0
FOODS_3_026,TX_2,FOODS_3,high,2016-05-22,2016-05-30,8,1.6938239450016754
FOODS_3_048,TX_2,FOODS_3,medium,2016-05-22,2016-05-30,8,2.7341406469198413
FOODS_3_053,TX_2,FOODS_3,medium,2016-05-22,2016-05-30,8,0.996082361516035
FOODS_3_068,TX_2,FOODS_3,low,2016-05-22,2016-05-30,8,0.5386079758107254
FOODS_3_074,TX_2,FOODS_3,medium,2016-05-22,2016-05-30,8,1.344865968001379
FOODS_3_089,TX_2,FOODS_3,high,2016-05-22,2016-05-30,8,0.9401841363504333
FOODS_3_096,TX_2,FOODS_3,medium,2016-05-22,2016-05-30,8,0.5441210789207508
FOODS_3_099,TX_2,FOODS_3,high,2016-05-22,2016-05-30,8,16.859337900347107
FOODS_3_113,TX_2,FOODS_3,high,2016-05-22,2016-05-30,8,0.5935606296543822
FOODS_3_123,TX_2,FOODS_3,low,2016-05-22,2016-05-30,8,0.4639327496492451
FOODS_3_135,TX_2,FOODS_3,high,2016-05-22,2016-05-30,8,13.866277793835094
FOODS_3_179,TX_2,FOODS_3,low,2016-05-22,2016-05-30,8,0.3652680797873121
FOODS_3_187,TX_2,FOODS_3,medium,2016-05-22,2016-05-30,8,1.0677291594901597
FOODS_3_223,TX_2,FOODS_3,low,2016-05-22,2016-05-30,8,0.38134902944284255
FOODS_3_240,TX_2,FOODS_3,low,2016-05-22,2016-05-30,8,0.1474177518549482
FOODS_3_249,TX_2,FOODS_3,medium,2016-05-22,2016-05-30,8,1.9559246641962158
FOODS_3_263,TX_2,FOODS_3,high,2016-05-22,2016-05-30,8,14.63739735674144
FOODS_3_276,TX_2,FOODS_3,high,2016-05-22,2016-05-30,8,0.0
FOODS_3_312,TX_2,FOODS_3,low,2016-05-22,2016-05-30,8,0.8525283250845869
FOODS_3_319,TX_2,FOODS_3,high,2016-05-22,2016-05-30,8,0.0
FOODS_3_321,TX_2,FOODS_3,high,2016-05-22,2016-05-30,8,9.345313131750498
FOODS_3_327,TX_2,FOODS_3,high,2016-05-22,2016-05-30,8,4.205321817975171
FOODS_3_329,TX_2,FOODS_3,high,2016-05-22,2016-05-30,8,16.773632069891963
FOODS_3_340,TX_2,FOODS_3,low,2016-05-22,2016-05-30,8,0.7305361595746243
FOODS_3_354,TX_2,FOODS_3,low,2016-05-22,2016-05-30,8,0.6948218738603386
FOODS_3_360,TX_2,FOODS_3,medium,2016-05-22,2016-05-30,8,0.38428628097906403
FOODS_3_383,TX_2,FOODS_3,high,2016-05-22,2016-05-30,8,2.3781113523146447
FOODS_3_387,TX_2,FOODS_3,medium,2016-05-22,2016-05-30,8,0.9983716455611414
FOODS_3_432,TX_2,FOODS_3,high,2016-05-22,2016-05-30,8,1.754905023907131
FOODS_3_467,TX_2,FOODS_3,medium,2016-05-22,2016-05-30,8,0.7157640387081895
FOODS_3_470,TX_2,FOODS_3,medium,2016-05-22,2016-05-30,8,0.7130747295661652
FOODS_3_479,TX_2,FOODS_3,medium,2016-05-22,2016-05-30,8,1.0487515238461484
FOODS_3_480,TX_2,FOODS_3,medium,2016-05-22,2016-05-30,8,0.8370549644466135
FOODS_3_482,TX_2,FOODS_3,low,2016-05-22,2016-05-30,8,1.0356721620196783
FOODS_3_501,TX_2,FOODS_3,high,2016-05-22,2016-05-30,8,12.731114275161525
FOODS_3_511,TX_2,FOODS_3,high,2016-05-22,2016-05-30,8,10.435321577057229
FOODS_3_520,TX_2,FOODS_3,medium,2016-05-22,2016-05-30,8,1.1266400173655222
FOODS_3_532,TX_2,FOODS_3,medium,2016-05-22,2016-05-30,8,1.983094236541545
FOODS_3_539,TX_2,FOODS_3,low,2016-05-22,2016-05-30,8,0.43882324413370455
FOODS_3_550,TX_2,FOODS_3,low,2016-05-22,2016-05-30,8,0.3457851289601073
FOODS_3_558,TX_2,FOODS_3,low,2016-05-22,2016-05-30,8,0.19611841520516313
FOODS_3_601,TX_2,FOODS_3,low,2016-05-22,2016-05-30,8,0.18572861191325726
FOODS_3_611,TX_2,FOODS_3,high,2016-05-22,2016-05-30,8,2.62870184309019
FOODS_3_616,TX_2,FOODS_3,medium,2016-05-22,2016-05-30,8,2.082882447411386
FOODS_3_635,TX_2,FOODS_3,high,2016-05-22,2016-05-30,8,0.0
FOODS_3_640,TX_2,FOODS_3,low,2016-05-22,2016-05-30,8,0.8819534892233779
FOODS_3_641,TX_2,FOODS_3,low,2016-05-22,2016-05-30,8,0.3814557388228287
FOODS_3_648,TX_2,FOODS_3,medium,2016-05-22,2016-05-30,8,1.5245577051811903
FOODS_3_658,TX_2,FOODS_3,low,2016-05-22,2016-05-30,8,0.43410182209290965
FOODS_3_661,TX_2,FOODS_3,high,2016-05-22,2016-05-30,8,4.1507901537072724
FOODS_3_666,TX_2,FOODS_3,medium,2016-05-22,2016-05-30,8,1.1217648275912162
FOODS_3_677,TX_2,FOODS_3,low,2016-05-22,2016-05-30,8,0.9076013085696968
FOODS_3_709,TX_2,FOODS_3,low,2016-05-22,2016-05-30,8,1.2394705283123937
FOODS_3_724,TX_2,FOODS_3,low,2016-05-22,2016-05-30,8,0.3528357357851961
FOODS_3_795,TX_2,FOODS_3,medium,2016-05-22,2016-05-30,8,2.1507654417204614
FOODS_3_801,TX_2,FOODS_3,high,2016-05-22,2016-05-30,8,2.042899168816958
FOODS_3_817,TX_2,FOODS_3,medium,2016-05-22,2016-05-30,8,0.4800136993047755
FOODS_1_017,WI_3,FOODS_1,low,2016-05-22,2016-05-30,8,0.9163677544106064
FOODS_1_020,WI_3,FOODS_1,medium,2016-05-22,2016-05-30,8,1.237927558003694
FOODS_1_042,WI_3,FOODS_1,high,2016-05-22,2016-05-30,8,2.2403615607168876
FOODS_1_082,WI_3,FOODS_1,high,2016-05-22,2016-05-30,8,8.835742592814956
FOODS_1_086,WI_3,FOODS_1,high,2016-05-22,2016-05-30,8,1.990253300085181
FOODS_1_089,WI_3,FOODS_1,low,2016-05-22,2016-05-30,8,0.2799304647535066
FOODS_1_099,WI_3,FOODS_1,high,2016-05-22,2016-05-30,8,2.6270104684896993
FOODS_1_112,WI_3,FOODS_1,medium,2016-05-22,2016-05-30,8,0.5038180410859477
FOODS_1_135,WI_3,FOODS_1,low,2016-05-22,2016-05-30,8,0.43820824212994774
FOODS_1_155,WI_3,FOODS_1,medium,2016-05-22,2016-05-30,8,1.1581935923055837
FOODS_1_156,WI_3,FOODS_1,low,2016-05-22,2016-05-30,8,0.5981229236723907
FOODS_1_172,WI_3,FOODS_1,high,2016-05-22,2016-05-30,8,2.709416062872797
FOODS_1_175,WI_3,FOODS_1,medium,2016-05-22,2016-05-30,8,0.3741901610808106
FOODS_1_210,WI_3,FOODS_1,medium,2016-05-22,2016-05-30,8,2.282727687101865
FOODS_1_214,WI_3,FOODS_1,low,2016-05-22,2016-05-30,8,0.5552497695960732
FOODS_2_021,WI_3,FOODS_2,high,2016-05-22,2016-05-30,8,6.185821597869274
FOODS_2_024,WI_3,FOODS_2,medium,2016-05-22,2016-05-30,8,0.512995047764765
FOODS_2_028,WI_3,FOODS_2,low,2016-05-22,2016-05-30,8,0.7793435323048252
FOODS_2_040,WI_3,FOODS_2,low,2016-05-22,2016-05-30,8,0.897344362272251
FOODS_2_059,WI_3,FOODS_2,high,2016-05-22,2016-05-30,8,2.866407848022781
FOODS_2_072,WI_3,FOODS_2,medium,2016-05-22,2016-05-30,8,1.3948071960443809
FOODS_2_095,WI_3,FOODS_2,low,2016-05-22,2016-05-30,8,1.3744432789267225
FOODS_2_116,WI_3,FOODS_2,high,2016-05-22,2016-05-30,8,0.8773319118556289
FOODS_2_136,WI_3,FOODS_2,medium,2016-05-22,2016-05-30,8,2.6953095765877237
FOODS_2_139,WI_3,FOODS_2,high,2016-05-22,2016-05-30,8,1.0092415923641962
FOODS_2_146,WI_3,FOODS_2,medium,2016-05-22,2016-05-30,8,0.8542090981662456
FOODS_2_150,WI_3,FOODS_2,high,2016-05-22,2016-05-30,8,1.5372537113699507
FOODS_2_170,WI_3,FOODS_2,medium,2016-05-22,2016-05-30,8,1.483165880008544
FOODS_2_178,WI_3,FOODS_2,low,2016-05-22,2016-05-30,8,1.1871212593087643
FOODS_2_180,WI_3,FOODS_2,low,2016-05-22,2016-05-30,8,1.0637820003391547
FOODS_2_184,WI_3,FOODS_2,high,2016-05-22,2016-05-30,8,0.7580711791822977
FOODS_2_209,WI_3,FOODS_2,low,2016-05-22,2016-05-30,8,1.0751400235362252
FOODS_2_218,WI_3,FOODS_2,low,2016-05-22,2016-05-30,8,0.372615729702417
FOODS_2_251,WI_3,FOODS_2,medium,2016-05-22,2016-05-30,8,2.4562111039569277
FOODS_2_301,WI_3,FOODS_2,low,2016-05-22,2016-05-30,8,1.2474278882502472
FOODS_2_302,WI_3,FOODS_2,medium,2016-05-22,2016-05-30,8,1.822775845490757
FOODS_2_304,WI_3,FOODS_2,medium,2016-05-22,2016-05-30,8,1.5885839622908393
FOODS_2_322,WI_3,FOODS_2,high,2016-05-22,2016-05-30,8,4.7527627580309195
FOODS_2_336,WI_3,FOODS_2,low,2016-05-22,2016-05-30,8,0.9674974234967408
FOODS_2_339,WI_3,FOODS_2,medium,2016-05-22,2016-05-30,8,2.165961165600392
FOODS_2_357,WI_3,FOODS_2,high,2016-05-22,2016-05-30,8,4.714997209373576
FOODS_2_360,WI_3,FOODS_2,high,2016-05-22,2016-05-30,8,18.330159858315692
FOODS_2_367,WI_3,FOODS_2,medium,2016-05-22,2016-05-30,8,0.46429625650893586
FOODS_3_026,WI_3,FOODS_3,high,2016-05-22,2016-05-30,8,2.004188298240796
FOODS_3_048,WI_3,FOODS_3,medium,2016-05-22,2016-05-30,8,4.017291680204904
FOODS_3_053,WI_3,FOODS_3,medium,2016-05-22,2016-05-30,8,0.47772634108325696
FOODS_3_068,WI_3,FOODS_3,low,2016-05-22,2016-05-30,8,0.285469715478006
FOODS_3_074,WI_3,FOODS_3,medium,2016-05-22,2016-05-30,8,0.7683246195639306
FOODS_3_089,WI_3,FOODS_3,high,2016-05-22,2016-05-30,8,2.0572539866471606
FOODS_3_096,WI_3,FOODS_3,medium,2016-05-22,2016-05-30,8,0.5583986323528602
FOODS_3_099,WI_3,FOODS_3,high,2016-05-22,2016-05-30,8,9.926043097590632
FOODS_3_113,WI_3,FOODS_3,high,2016-05-22,2016-05-30,8,3.5235107164602675
FOODS_3_123,WI_3,FOODS_3,low,2016-05-22,2016-05-30,8,0.5981229236723907
FOODS_3_135,WI_3,FOODS_3,high,2016-05-22,2016-05-30,8,7.842935447410667
FOODS_3_179,WI_3,FOODS_3,low,2016-05-22,2016-05-30,8,0.23823677412619837
FOODS_3_187,WI_3,FOODS_3,medium,2016-05-22,2016-05-30,8,1.8645744379586446
FOODS_3_223,WI_3,FOODS_3,low,2016-05-22,2016-05-30,8,1.0388976721052978
FOODS_3_240,WI_3,FOODS_3,low,2016-05-22,2016-05-30,8,0.521770471199798
FOODS_3_249,WI_3,FOODS_3,medium,2016-05-22,2016-05-30,8,0.9402330624336235
FOODS_3_263,WI_3,FOODS_3,high,2016-05-22,2016-05-30,8,11.972152032119102
FOODS_3_276,WI_3,FOODS_3,high,2016-05-22,2016-05-30,8,0.0
FOODS_3_312,WI_3,FOODS_3,low,2016-05-22,2016-05-30,8,0.6967875935343236
FOODS_3_319,WI_3,FOODS_3,high,2016-05-22,2016-05-30,8,0.0
FOODS_3_321,WI_3,FOODS_3,high,2016-05-22,2016-05-30,8,5.134844307701868
FOODS_3_327,WI_3,FOODS_3,high,2016-05-22,2016-05-30,8,1.8475831118955917
FOODS_3_329,WI_3,FOODS_3,high,2016-05-22,2016-05-30,8,19.129055159744382
FOODS_3_340,WI_3,FOODS_3,low,2016-05-22,2016-05-30,8,0.6423051619202539
FOODS_3_354,WI_3,FOODS_3,low,2016-05-22,2016-05-30,8,0.6830690767032122
FOODS_3_360,WI_3,FOODS_3,medium,2016-05-22,2016-05-30,8,0.3744993772033154
FOODS_3_383,WI_3,FOODS_3,high,2016-05-22,2016-05-30,8,1.8148933876606865
FOODS_3_387,WI_3,FOODS_3,medium,2016-05-22,2016-05-30,8,1.017517292259302
FOODS_3_432,WI_3,FOODS_3,high,2016-05-22,2016-05-30,8,1.027524530690152
FOODS_3_467,WI_3,FOODS_3,medium,2016-05-22,2016-05-30,8,1.1155143952446411
FOODS_3_470,WI_3,FOODS_3,medium,2016-05-22,2016-05-30,8,1.0677365247370676
FOODS_3_479,WI_3,FOODS_3,medium,2016-05-22,2016-05-30,8,1.0673883085799813
FOODS_3_480,WI_3,FOODS_3,medium,2016-05-22,2016-05-30,8,0.6438881430257908
FOODS_3_482,WI_3,FOODS_3,low,2016-05-22,2016-05-30,8,0.38140144808564275
FOODS_3_501,WI_3,FOODS_3,high,2016-05-22,2016-05-30,8,9.073941645716644
FOODS_3_511,WI_3,FOODS_3,high,2016-05-22,2016-05-30,8,8.441075394555744
FOODS_3_520,WI_3,FOODS_3,medium,2016-05-22,2016-05-30,8,0.5828439500448709
FOODS_3_532,WI_3,FOODS_3,medium,2016-05-22,2016-05-30,8,2.404041871597624
FOODS_3_539,WI_3,FOODS_3,low,2016-05-22,2016-05-30,8,0.36983037380532063
FOODS_3_550,WI_3,FOODS_3,low,2016-05-22,2016-05-30,8,0.41402116178032733
FOODS_3_558,WI_3,FOODS_3,low,2016-05-22,2016-05-30,8,0.3652680797873121
FOODS_3_601,WI_3,FOODS_3,low,2016-05-22,2016-05-30,8,0.3832062945263796
FOODS_3_611,WI_3,FOODS_3,high,2016-05-22,2016-05-30,8,0.5600915793828312
FOODS_3_616,WI_3,FOODS_3,medium,2016-05-22,2016-05-30,8,0.8366586189729011
FOODS_3_635,WI_3,FOODS_3,high,2016-05-22,2016-05-30,8,0.0
FOODS_3_640,WI_3,FOODS_3,low,2016-05-22,2016-05-30,8,1.3145492781203119
FOODS_3_641,WI_3,FOODS_3,low,2016-05-22,2016-05-30,8,0.7404803838337525
FOODS_3_648,WI_3,FOODS_3,medium,2016-05-22,2016-05-30,8,1.0463114792194383
FOODS_3_658,WI_3,FOODS_3,low,2016-05-22,2016-05-30,8,0.3652680797873121
FOODS_3_661,WI_3,FOODS_3,high,2016-05-22,2016-05-30,8,3.430857294836837
FOODS_3_666,WI_3,FOODS_3,medium,2016-05-22,2016-05-30,8,1.0750944696003653
FOODS_3_677,WI_3,FOODS_3,low,2016-05-22,2016-05-30,8,0.23427195478009258
FOODS_3_709,WI_3,FOODS_3,low,2016-05-22,2016-05-30,8,1.3201808959660908
FOODS_3_724,WI_3,FOODS_3,low,2016-05-22,2016-05-30,8,0.1913027539487027
FOODS_3_795,WI_3,FOODS_3,medium,2016-05-22,2016-05-30,8,1.432688023154967
FOODS_3_801,WI_3,FOODS_3,high,2016-05-22,2016-05-30,8,3.1774843107694877
FOODS_3_817,WI_3,FOODS_3,medium,2016-05-22,2016-05-30,8,0.27395105984048407
FOODS_1_017,CA_1,FOODS_1,low,2016-05-22,2016-05-31,9,1.467399640576572
FOODS_1_020,CA_1,FOODS_1,medium,2016-05-22,2016-05-31,9,1.5389080938729438
FOODS_1_042,CA_1,FOODS_1,high,2016-05-22,2016-05-31,9,2.806959636669081
FOODS_1_082,CA_1,FOODS_1,high,2016-05-22,2016-05-31,9,8.036244243540805
FOODS_1_086,CA_1,FOODS_1,high,2016-05-22,2016-05-31,9,3.947172939461456
FOODS_1_089,CA_1,FOODS_1,low,2016-05-22,2016-05-31,9,0.612764918032078
FOODS_1_099,CA_1,FOODS_1,high,2016-05-22,2016-05-31,9,7.3742857240359765
FOODS_1_112,CA_1,FOODS_1,medium,2016-05-22,2016-05-31,9,1.580272269014216
FOODS_1_135,CA_1,FOODS_1,low,2016-05-22,2016-05-31,9,1.6452970785733458
FOODS_1_155,CA_1,FOODS_1,medium,2016-05-22,2016-05-31,9,0.6196512067820473
FOODS_1_156,CA_1,FOODS_1,low,2016-05-22,2016-05-31,9,1.561799745462984
FOODS_1_172,CA_1,FOODS_1,high,2016-05-22,2016-05-31,9,1.604127616561577
FOODS_1_175,CA_1,FOODS_1,medium,2016-05-22,2016-05-31,9,1.5276701320888613
FOODS_1_210,CA_1,FOODS_1,medium,2016-05-22,2016-05-31,9,2.5175680889779697
FOODS_1_214,CA_1,FOODS_1,low,2016-05-22,2016-05-31,9,1.1016168941536018
FOODS_2_021,CA_1,FOODS_2,high,2016-05-22,2016-05-31,9,6.307026958365285
FOODS_2_024,CA_1,FOODS_2,medium,2016-05-22,2016-05-31,9,1.5221469819648417
FOODS_2_028,CA_1,FOODS_2,low,2016-05-22,2016-05-31,9,0.43590191452056354
FOODS_2_040,CA_1,FOODS_2,low,2016-05-22,2016-05-31,9,1.0876509340095408
FOODS_2_059,CA_1,FOODS_2,high,2016-05-22,2016-05-31,9,1.8819943106636623
FOODS_2_072,CA_1,FOODS_2,medium,2016-05-22,2016-05-31,9,0.7359370592036095
FOODS_2_095,CA_1,FOODS_2,low,2016-05-22,2016-05-31,9,0.8446893553621403
FOODS_2_116,CA_1,FOODS_2,high,2016-05-22,2016-05-31,9,0.9294940945407333
FOODS_2_136,CA_1,FOODS_2,medium,2016-05-22,2016-05-31,9,0.5612407800978073
FOODS_2_139,CA_1,FOODS_2,high,2016-05-22,2016-05-31,9,1.960344546156204
FOODS_2_146,CA_1,FOODS_2,medium,2016-05-22,2016-05-31,9,1.2632765531668877
FOODS_2_150,CA_1,FOODS_2,high,2016-05-22,2016-05-31,9,2.5567290971831924
FOODS_2_170,CA_1,FOODS_2,medium,2016-05-22,2016-05-31,9,1.493271907333407
FOODS_2_178,CA_1,FOODS_2,low,2016-05-22,2016-05-31,9,0.8450223003765654
FOODS_2_180,CA_1,FOODS_2,low,2016-05-22,2016-05-31,9,0.47615303257988895
FOODS_2_184,CA_1,FOODS_2,high,2016-05-22,2016-05-31,9,1.0671780003701825
FOODS_2_209,CA_1,FOODS_2,low,2016-05-22,2016-05-31,9,0.5841253218128022
FOODS_2_218,CA_1,FOODS_2,low,2016-05-22,2016-05-31,9,1.017385108053482
FOODS_2_251,CA_1,FOODS_2,medium,2016-05-22,2016-05-31,9,0.7272941876295643
FOODS_2_301,CA_1,FOODS_2,low,2016-05-22,2016-05-31,9,0.8120903176036195
FOODS_2_302,CA_1,FOODS_2,medium,2016-05-22,2016-05-31,9,1.3075204748624931
FOODS_2_304,CA_1,FOODS_2,medium,2016-05-22,2016-05-31,9,2.430252205004805
FOODS_2_322,CA_1,FOODS_2,high,2016-05-22,2016-05-31,9,0.6951291017976021
FOODS_2_336,CA_1,FOODS_2,low,2016-05-22,2016-05-31,9,0.4538585364917315
FOODS_2_339,CA_1,FOODS_2,medium,2016-05-22,2016-05-31,9,1.0033719670472805
FOODS_2_357,CA_1,FOODS_2,high,2016-05-22,2016-05-31,9,2.6352214211990144
FOODS_2_360,CA_1,FOODS_2,high,2016-05-22,2016-05-31,9,12.070291031862496
FOODS_2_367,CA_1,FOODS_2,medium,2016-05-22,2016-05-31,9,0.6133650178143107
FOODS_3_026,CA_1,FOODS_3,high,2016-05-22,2016-05-31,9,1.8256313019569033
FOODS_3_048,CA_1,FOODS_3,medium,2016-05-22,2016-05-31,9,1.855805943752823
FOODS_3_053,CA_1,FOODS_3,medium,2016-05-22,2016-05-31,9,3.4470579432092285
FOODS_3_068,CA_1,FOODS_3,low,2016-05-22,2016-05-31,9,0.5386835425673977
FOODS_3_074,CA_1,FOODS_3,medium,2016-05-22,2016-05-31,9,1.8142305790541298
FOODS_3_089,CA_1,FOODS_3,high,2016-05-22,2016-05-31,9,1.0519471864431182
FOODS_3_096,CA_1,FOODS_3,medium,2016-05-22,2016-05-31,9,1.144464468283735
FOODS_3_099,CA_1,FOODS_3,high,2016-05-22,2016-05-31,9,14.515426436009637
FOODS_3_113,CA_1,FOODS_3,high,2016-05-22,2016-05-31,9,4.090932671149053
FOODS_3_123,CA_1,FOODS_3,low,2016-05-22,2016-05-31,9,1.8867309637593206
FOODS_3_135,CA_1,FOODS_3,high,2016-05-22,2016-05-31,9,5.962032566732236
FOODS_3_179,CA_1,FOODS_3,low,2016-05-22,2016-05-31,9,0.9533934868613633
FOODS_3_187,CA_1,FOODS_3,medium,2016-05-22,2016-05-31,9,1.1784583647607678
FOODS_3_223,CA_1,FOODS_3,low,2016-05-22,2016-05-31,9,1.151048698536503
FOODS_3_240,CA_1,FOODS_3,low,2016-05-22,2016-05-31,9,0.829293814147779
FOODS_3_249,CA_1,FOODS_3,medium,2016-05-22,2016-05-31,9,3.584472296097912
FOODS_3_263,CA_1,FOODS_3,high,2016-05-22,2016-05-31,9,9.415430998488414
FOODS_3_276,CA_1,FOODS_3,high,2016-05-22,2016-05-31,9,0.0
FOODS_3_312,CA_1,FOODS_3,low,2016-05-22,2016-05-31,9,1.3349244309679789
FOODS_3_319,CA_1,FOODS_3,high,2016-05-22,2016-05-31,9,0.0
FOODS_3_321,CA_1,FOODS_3,high,2016-05-22,2016-05-31,9,5.501597353499265
FOODS_3_327,CA_1,FOODS_3,high,2016-05-22,2016-05-31,9,2.807077393824803
FOODS_3_329,CA_1,FOODS_3,high,2016-05-22,2016-05-31,9,18.272811704541084
FOODS_3_340,CA_1,FOODS_3,low,2016-05-22,2016-05-31,9,0.5715394683765916
FOODS_3_354,CA_1,FOODS_3,low,2016-05-22,2016-05-31,9,0.25495658628508144
FOODS_3_360,CA_1,FOODS_3,medium,2016-05-22,2016-05-31,9,0.2837350262633585
FOODS_3_383,CA_1,FOODS_3,high,2016-05-22,2016-05-31,9,3.884662079261205
FOODS_3_387,CA_1,FOODS_3,medium,2016-05-22,2016-05-31,9,1.6809315014585267
FOODS_3_432,CA_1,FOODS_3,high,2016-05-22,2016-05-31,9,0.5084273912751208
FOODS_3_467,CA_1,FOODS_3,medium,2016-05-22,2016-05-31,9,1.2076071824989236
FOODS_3_470,CA_1,FOODS_3,medium,2016-05-22,2016-05-31,9,0.8207667007836648
FOODS_3_479,CA_1,FOODS_3,medium,2016-05-22,2016-05-31,9,0.725145798093502
FOODS_3_480,CA_1,FOODS_3,medium,2016-05-22,2016-05-31,9,1.2442789010164095
FOODS_3_482,CA_1,FOODS_3,low,2016-05-22,2016-05-31,9,2.468315441838937
FOODS_3_501,CA_1,FOODS_3,high,2016-05-22,2016-05-31,9,23.33382959121821
FOODS_3_511,CA_1,FOODS_3,high,2016-05-22,2016-05-31,9,24.976511710386525
FOODS_3_520,CA_1,FOODS_3,medium,2016-05-22,2016-05-31,9,0.5802918621958589
FOODS_3_532,CA_1,FOODS_3,medium,2016-05-22,2016-05-31,9,1.6686941140820362
FOODS_3_539,CA_1,FOODS_3,low,2016-05-22,2016-05-31,9,0.6894121129529763
FOODS_3_550,CA_1,FOODS_3,low,2016-05-22,2016-05-31,9,0.3024805102346857
FOODS_3_558,CA_1,FOODS_3,low,2016-05-22,2016-05-31,9,0.5380903225918513
FOODS_3_601,CA_1,FOODS_3,low,2016-05-22,2016-05-31,9,0.15405091656613595
FOODS_3_611,CA_1,FOODS_3,high,2016-05-22,2016-05-31,9,1.337977260101005
FOODS_3_616,CA_1,FOODS_3,medium,2016-05-22,2016-05-31,9,1.033428306484849
FOODS_3_635,CA_1,FOODS_3,high,2016-05-22,2016-05-31,9,0.0
FOODS_3_640,CA_1,FOODS_3,low,2016-05-22,2016-05-31,9,2.2332704012011333
FOODS_3_641,CA_1,FOODS_3,low,2016-05-22,2016-05-31,9,2.824359762429656
FOODS_3_648,CA_1,FOODS_3,medium,2016-05-22,2016-05-31,9,0.7566267367022893
FOODS_3_658,CA_1,FOODS_3,low,2016-05-22,2016-05-31,9,0.9183546115689263
FOODS_3_661,CA_1,FOODS_3,high,2016-05-22,2016-05-31,9,4.266878573782072
FOODS_3_666,CA_1,FOODS_3,medium,2016-05-22,2016-05-31,9,1.1433515163436927
FOODS_3_677,CA_1,FOODS_3,low,2016-05-22,2016-05-31,9,0.6921625775391266
FOODS_3_709,CA_1,FOODS_3,low,2016-05-22,2016-05-31,9,0.38074594330190675
FOODS_3_724,CA_1,FOODS_3,low,2016-05-22,2016-05-31,9,0.38729167933672876
FOODS_3_795,CA_1,FOODS_3,medium,2016-05-22,2016-05-31,9,3.2683464121068133
FOODS_3_801,CA_1,FOODS_3,high,2016-05-22,2016-05-31,9,1.650479181860011
FOODS_3_817,CA_1,FOODS_3,medium,2016-05-22,2016-05-31,9,0.7214839649056896
FOODS_1_017,TX_2,FOODS_1,low,2016-05-22,2016-05-31,9,0.48609725683901733
FOODS_1_020,TX_2,FOODS_1,medium,2016-05-22,2016-05-31,9,0.6394479265300304
FOODS_1_042,TX_2,FOODS_1,high,2016-05-22,2016-05-31,9,5.354629489765605
FOODS_1_082,TX_2,FOODS_1,high,2016-05-22,2016-05-31,9,1.935699341840161
FOODS_1_086,TX_2,FOODS_1,high,2016-05-22,2016-05-31,9,0.3845063234396323
FOODS_1_089,TX_2,FOODS_1,low,2016-05-22,2016-05-31,9,0.34879203772534656
FOODS_1_099,TX_2,FOODS_1,high,2016-05-22,2016-05-31,9,7.763345290788352
FOODS_1_112,TX_2,FOODS_1,medium,2016-05-22,2016-05-31,9,0.5420683051961502
FOODS_1_135,TX_2,FOODS_1,low,2016-05-22,2016-05-31,9,0.37831336835114465
FOODS_1_155,TX_2,FOODS_1,medium,2016-05-22,2016-05-31,9,1.439630154075439
FOODS_1_156,TX_2,FOODS_1,low,2016-05-22,2016-05-31,9,0.3994841316011302
FOODS_1_172,TX_2,FOODS_1,high,2016-05-22,2016-05-31,9,3.5424600875923953
FOODS_1_175,TX_2,FOODS_1,medium,2016-05-22,2016-05-31,9,0.5888342736892762
FOODS_1_210,TX_2,FOODS_1,medium,2016-05-22,2016-05-31,9,5.175781427355089
FOODS_1_214,TX_2,FOODS_1,low,2016-05-22,2016-05-31,9,0.3859234343346462
FOODS_2_021,TX_2,FOODS_2,high,2016-05-22,2016-05-31,9,0.6983946174568957
FOODS_2_024,TX_2,FOODS_2,medium,2016-05-22,2016-05-31,9,0.18080230575047446
FOODS_2_028,TX_2,FOODS_2,low,2016-05-22,2016-05-31,9,0.9824818471865644
FOODS_2_040,TX_2,FOODS_2,low,2016-05-22,2016-05-31,9,0.12014503004245584
FOODS_2_059,TX_2,FOODS_2,high,2016-05-22,2016-05-31,9,1.6783564322755595
FOODS_2_072,TX_2,FOODS_2,medium,2016-05-22,2016-05-31,9,0.49087678066628354
FOODS_2_095,TX_2,FOODS_2,low,2016-05-22,2016-05-31,9,0.4222293262295092
FOODS_2_116,TX_2,FOODS_2,high,2016-05-22,2016-05-31,9,0.5361499401137839
FOODS_2_136,TX_2,FOODS_2,medium,2016-05-22,2016-05-31,9,0.5736630076152046
FOODS_2_139,TX_2,FOODS_2,high,2016-05-22,2016-05-31,9,1.4249276904053134
FOODS_2_146,TX_2,FOODS_2,medium,2016-05-22,2016-05-31,9,0.9506754040892991
FOODS_2_150,TX_2,FOODS_2,high,2016-05-22,2016-05-31,9,1.1426116456620476
FOODS_2_170,TX_2,FOODS_2,medium,2016-05-22,2016-05-31,9,1.5319160939164502
FOODS_2_178,TX_2,FOODS_2,low,2016-05-22,2016-05-31,9,0.4489951952918823
FOODS_2_180,TX_2,FOODS_2,low,2016-05-22,2016-05-31,9,2.37129029432586
FOODS_2_184,TX_2,FOODS_2,high,2016-05-22,2016-05-31,9,2.3743677745099605
FOODS_2_209,TX_2,FOODS_2,low,2016-05-22,2016-05-31,9,0.0
FOODS_2_218,TX_2,FOODS_2,low,2016-05-22,2016-05-31,9,0.008978310985584048
FOODS_2_251,TX_2,FOODS_2,medium,2016-05-22,2016-05-31,9,1.796075872765247
FOODS_2_301,TX_2,FOODS_2,low,2016-05-22,2016-05-31,9,1.3055357704763835
FOODS_2_302,TX_2,FOODS_2,medium,2016-05-22,2016-05-31,9,0.9447587822595472
FOODS_2_304,TX_2,FOODS_2,medium,2016-05-22,2016-05-31,9,1.892681595042303
FOODS_2_322,TX_2,FOODS_2,high,2016-05-22,2016-05-31,9,3.194875231167065
FOODS_2_336,TX_2,FOODS_2,low,2016-05-22,2016-05-31,9,0.3830386014412249
FOODS_2_339,TX_2,FOODS_2,medium,2016-05-22,2016-05-31,9,0.47918926203118734
FOODS_2_357,TX_2,FOODS_2,high,2016-05-22,2016-05-31,9,1.8051320710156293
FOODS_2_360,TX_2,FOODS_2,high,2016-05-22,2016-05-31,9,10.629641352772394
FOODS_2_367,TX_2,FOODS_2,medium,2016-05-22,2016-05-31,9,0.0
FOODS_3_026,TX_2,FOODS_3,high,2016-05-22,2016-05-31,9,1.6471748001803068
FOODS_3_048,TX_2,FOODS_3,medium,2016-05-22,2016-05-31,9,2.65321709859555
FOODS_3_053,TX_2,FOODS_3,medium,2016-05-22,2016-05-31,9,0.9959424458558933
FOODS_3_068,TX_2,FOODS_3,low,2016-05-22,2016-05-31,9,0.4864154035182513
FOODS_3_074,TX_2,FOODS_3,medium,2016-05-22,2016-05-31,9,1.2857540382871426
FOODS_3_089,TX_2,FOODS_3,high,2016-05-22,2016-05-31,9,0.9380478555058059
FOODS_3_096,TX_2,FOODS_3,medium,2016-05-22,2016-05-31,9,0.5635539745964919
FOODS_3_099,TX_2,FOODS_3,high,2016-05-22,2016-05-31,9,16.997171396788076
FOODS_3_113,TX_2,FOODS_3,high,2016-05-22,2016-05-31,9,0.6147592235706102
FOODS_3_123,TX_2,FOODS_3,low,2016-05-22,2016-05-31,9,0.4805017764224324
FOODS_3_135,TX_2,FOODS_3,high,2016-05-22,2016-05-31,9,14.040073429329203
FOODS_3_179,TX_2,FOODS_3,low,2016-05-22,2016-05-31,9,0.34259908263685895
FOODS_3_187,TX_2,FOODS_3,medium,2016-05-22,2016-05-31,9,1.0701480580433798
FOODS_3_223,TX_2,FOODS_3,low,2016-05-22,2016-05-31,9,0.3592543519229441
FOODS_3_240,TX_2,FOODS_3,low,2016-05-22,2016-05-31,9,0.1526826715640535
FOODS_3_249,TX_2,FOODS_3,medium,2016-05-22,2016-05-31,9,1.8472076879175092
FOODS_3_263,TX_2,FOODS_3,high,2016-05-22,2016-05-31,9,14.803018690910775
FOODS_3_276,TX_2,FOODS_3,high,2016-05-22,2016-05-31,9,0.0
FOODS_3_312,TX_2,FOODS_3,low,2016-05-22,2016-05-31,9,0.811547193837608
FOODS_3_319,TX_2,FOODS_3,high,2016-05-22,2016-05-31,9,0.0
FOODS_3_321,TX_2,FOODS_3,high,2016-05-22,2016-05-31,9,9.571931457884444
FOODS_3_327,TX_2,FOODS_3,high,2016-05-22,2016-05-31,9,4.2840833114742845
FOODS_3_329,TX_2,FOODS_3,high,2016-05-22,2016-05-31,9,16.872690358102393
FOODS_3_340,TX_2,FOODS_3,low,2016-05-22,2016-05-31,9,0.7566267367022893
FOODS_3_354,TX_2,FOODS_3,low,2016-05-22,2016-05-31,9,0.719636940783922
FOODS_3_360,TX_2,FOODS_3,medium,2016-05-22,2016-05-31,9,0.3980107910140306
FOODS_3_383,TX_2,FOODS_3,high,2016-05-22,2016-05-31,9,2.3559010434687386
FOODS_3_387,TX_2,FOODS_3,medium,2016-05-22,2016-05-31,9,0.9625992043311823
FOODS_3_432,TX_2,FOODS_3,high,2016-05-22,2016-05-31,9,1.6747230604752428
FOODS_3_467,TX_2,FOODS_3,medium,2016-05-22,2016-05-31,9,0.7413270400906249
FOODS_3_470,TX_2,FOODS_3,medium,2016-05-22,2016-05-31,9,0.7028273984792426
FOODS_3_479,TX_2,FOODS_3,medium,2016-05-22,2016-05-31,9,1.0147783639835108
FOODS_3_480,TX_2,FOODS_3,medium,2016-05-22,2016-05-31,9,0.7955212131768498
FOODS_3_482,TX_2,FOODS_3,low,2016-05-22,2016-05-31,9,1.0369461678060954
FOODS_3_501,TX_2,FOODS_3,high,2016-05-22,2016-05-31,9,12.935796927845866
FOODS_3_511,TX_2,FOODS_3,high,2016-05-22,2016-05-31,9,10.629440204809272
FOODS_3_520,TX_2,FOODS_3,medium,2016-05-22,2016-05-31,9,1.1311628751285767
FOODS_3_532,TX_2,FOODS_3,medium,2016-05-22,2016-05-31,9,1.9824904592751718
FOODS_3_539,TX_2,FOODS_3,low,2016-05-22,2016-05-31,9,0.45449550285276547
FOODS_3_550,TX_2,FOODS_3,low,2016-05-22,2016-05-31,9,0.3581345978515397
FOODS_3_558,TX_2,FOODS_3,low,2016-05-22,2016-05-31,9,0.20312264431963326
FOODS_3_601,TX_2,FOODS_3,low,2016-05-22,2016-05-31,9,0.19236177662444498
FOODS_3_611,TX_2,FOODS_3,high,2016-05-22,2016-05-31,9,2.6868697660576966
FOODS_3_616,TX_2,FOODS_3,medium,2016-05-22,2016-05-31,9,2.0858425348189353
FOODS_3_635,TX_2,FOODS_3,high,2016-05-22,2016-05-31,9,0.0
FOODS_3_640,TX_2,FOODS_3,low,2016-05-22,2016-05-31,9,0.8777375424099271
FOODS_3_641,TX_2,FOODS_3,low,2016-05-22,2016-05-31,9,0.35936487235221554
FOODS_3_648,TX_2,FOODS_3,medium,2016-05-22,2016-05-31,9,1.543291908937661
FOODS_3_658,TX_2,FOODS_3,low,2016-05-22,2016-05-31,9,0.4496054585962278
FOODS_3_661,TX_2,FOODS_3,high,2016-05-22,2016-05-31,9,4.156175516339675
FOODS_3_666,TX_2,FOODS_3,medium,2016-05-22,2016-05-31,9,1.090399285719474
FOODS_3_677,TX_2,FOODS_3,low,2016-05-22,2016-05-31,9,0.9400156410186146
FOODS_3_709,TX_2,FOODS_3,low,2016-05-22,2016-05-31,9,1.2837373328949793
FOODS_3_724,TX_2,FOODS_3,low,2016-05-22,2016-05-31,9,0.3654370120632388
FOODS_3_795,TX_2,FOODS_3,medium,2016-05-22,2016-05-31,9,2.1561499217819065
FOODS_3_801,TX_2,FOODS_3,high,2016-05-22,2016-05-31,9,1.9730027105604204
FOODS_3_817,TX_2,FOODS_3,medium,2016-05-22,2016-05-31,9,0.4971570457085175
FOODS_1_017,WI_3,FOODS_1,low,2016-05-22,2016-05-31,9,0.9133808884966995
FOODS_1_020,WI_3,FOODS_1,medium,2016-05-22,2016-05-31,9,1.24642497078954
FOODS_1_042,WI_3,FOODS_1,high,2016-05-22,2016-05-31,9,2.320374473599634
FOODS_1_082,WI_3,FOODS_1,high,2016-05-22,2016-05-31,9,8.615590542558346
FOODS_1_086,WI_3,FOODS_1,high,2016-05-22,2016-05-31,9,2.0613337750882232
FOODS_1_089,WI_3,FOODS_1,low,2016-05-22,2016-05-31,9,0.2899279813518461
FOODS_1_099,WI_3,FOODS_1,high,2016-05-22,2016-05-31,9,2.649403699507189
FOODS_1_112,WI_3,FOODS_1,medium,2016-05-22,2016-05-31,9,0.48609725683901733
FOODS_1_135,WI_3,FOODS_1,low,2016-05-22,2016-05-31,9,0.4538585364917315
FOODS_1_155,WI_3,FOODS_1,medium,2016-05-22,2016-05-31,9,1.128129077745069
FOODS_1_156,WI_3,FOODS_1,low,2016-05-22,2016-05-31,9,0.6194844566606904
FOODS_1_172,WI_3,FOODS_1,high,2016-05-22,2016-05-31,9,2.8061809222611105
FOODS_1_175,WI_3,FOODS_1,medium,2016-05-22,2016-05-31,9,0.3875540954051253
FOODS_1_210,WI_3,FOODS_1,medium,2016-05-22,2016-05-31,9,2.2571108187840747
FOODS_1_214,WI_3,FOODS_1,low,2016-05-22,2016-05-31,9,0.5750801185102186
FOODS_2_021,WI_3,FOODS_2,high,2016-05-22,2016-05-31,9,6.192458083507462
FOODS_2_024,WI_3,FOODS_2,medium,2016-05-22,2016-05-31,9,0.5313162994706495
FOODS_2_028,WI_3,FOODS_2,low,2016-05-22,2016-05-31,9,0.7714629441728545
FOODS_2_040,WI_3,FOODS_2,low,2016-05-22,2016-05-31,9,0.5365352323534031
FOODS_2_059,WI_3,FOODS_2,high,2016-05-22,2016-05-31,9,2.86163669973788
FOODS_2_072,WI_3,FOODS_2,medium,2016-05-22,2016-05-31,9,1.444621738760252
FOODS_2_095,WI_3,FOODS_2,low,2016-05-22,2016-05-31,9,1.3878162531741052
FOODS_2_116,WI_3,FOODS_2,high,2016-05-22,2016-05-31,9,0.9086651944219012
FOODS_2_136,WI_3,FOODS_2,medium,2016-05-22,2016-05-31,9,2.755856347180142
FOODS_2_139,WI_3,FOODS_2,high,2016-05-22,2016-05-31,9,1.0452859349486319
FOODS_2_146,WI_3,FOODS_2,medium,2016-05-22,2016-05-31,9,0.8490022802436114
FOODS_2_150,WI_3,FOODS_2,high,2016-05-22,2016-05-31,9,1.5207270582045918
FOODS_2_170,WI_3,FOODS_2,medium,2016-05-22,2016-05-31,9,1.4647075185802778
FOODS_2_178,WI_3,FOODS_2,low,2016-05-22,2016-05-31,9,1.1938041614269346
FOODS_2_180,WI_3,FOODS_2,low,2016-05-22,2016-05-31,9,1.1017742146369816
FOODS_2_184,WI_3,FOODS_2,high,2016-05-22,2016-05-31,9,0.7851451498673798
FOODS_2_209,WI_3,FOODS_2,low,2016-05-22,2016-05-31,9,1.113537881519662
FOODS_2_218,WI_3,FOODS_2,low,2016-05-22,2016-05-31,9,0.3859234343346462
FOODS_2_251,WI_3,FOODS_2,medium,2016-05-22,2016-05-31,9,2.4010757862411043
FOODS_2_301,WI_3,FOODS_2,low,2016-05-22,2016-05-31,9,1.256264598544899
FOODS_2_302,WI_3,FOODS_2,medium,2016-05-22,2016-05-31,9,1.8878749828297128
FOODS_2_304,WI_3,FOODS_2,medium,2016-05-22,2016-05-31,9,1.609604818086941
FOODS_2_322,WI_3,FOODS_2,high,2016-05-22,2016-05-31,9,4.815361427960595
FOODS_2_336,WI_3,FOODS_2,low,2016-05-22,2016-05-31,9,0.9306223314787674
FOODS_2_339,WI_3,FOODS_2,medium,2016-05-22,2016-05-31,9,2.1361740643718345
FOODS_2_357,WI_3,FOODS_2,high,2016-05-22,2016-05-31,9,4.6691042525654884
FOODS_2_360,WI_3,FOODS_2,high,2016-05-22,2016-05-31,9,18.699094138969826
FOODS_2_367,WI_3,FOODS_2,medium,2016-05-22,2016-05-31,9,0.4808782656699693
FOODS_3_026,WI_3,FOODS_3,high,2016-05-22,2016-05-31,9,2.0043378803208247
FOODS_3_048,WI_3,FOODS_3,medium,2016-05-22,2016-05-31,9,4.017909240212222
FOODS_3_053,WI_3,FOODS_3,medium,2016-05-22,2016-05-31,9,0.459073710407659
FOODS_3_068,WI_3,FOODS_3,low,2016-05-22,2016-05-31,9,0.25995077674507755
FOODS_3_074,WI_3,FOODS_3,medium,2016-05-22,2016-05-31,9,0.7600504988340709
FOODS_3_089,WI_3,FOODS_3,high,2016-05-22,2016-05-31,9,2.095013057598845
FOODS_3_096,WI_3,FOODS_3,medium,2016-05-22,2016-05-31,9,0.5783414406511768
FOODS_3_099,WI_3,FOODS_3,high,2016-05-22,2016-05-31,9,10.066258922504584
FOODS_3_113,WI_3,FOODS_3,high,2016-05-22,2016-05-31,9,3.256493242048134
FOODS_3_123,WI_3,FOODS_3,low,2016-05-22,2016-05-31,9,0.5837701709464046
FOODS_3_135,WI_3,FOODS_3,high,2016-05-22,2016-05-31,9,7.944468856246763
FOODS_3_179,WI_3,FOODS_3,low,2016-05-22,2016-05-31,9,0.24674523034499116
FOODS_3_187,WI_3,FOODS_3,medium,2016-05-22,2016-05-31,9,1.7883092393143105
FOODS_3_223,WI_3,FOODS_3,low,2016-05-22,2016-05-31,9,1.0760011603947726
FOODS_3_240,WI_3,FOODS_3,low,2016-05-22,2016-05-31,9,0.39754798802836216
FOODS_3_249,WI_3,FOODS_3,medium,2016-05-22,2016-05-31,9,0.9738128146633958
FOODS_3_263,WI_3,FOODS_3,high,2016-05-22,2016-05-31,9,11.899728890409069
FOODS_3_276,WI_3,FOODS_3,high,2016-05-22,2016-05-31,9,0.0
FOODS_3_312,WI_3,FOODS_3,low,2016-05-22,2016-05-31,9,0.6502442933034068
FOODS_3_319,WI_3,FOODS_3,high,2016-05-22,2016-05-31,9,0.0
FOODS_3_321,WI_3,FOODS_3,high,2016-05-22,2016-05-31,9,5.103945890119791
FOODS_3_327,WI_3,FOODS_3,high,2016-05-22,2016-05-31,9,1.9135682230347197
FOODS_3_329,WI_3,FOODS_3,high,2016-05-22,2016-05-31,9,19.169378558306683
FOODS_3_340,WI_3,FOODS_3,low,2016-05-22,2016-05-31,9,0.593816060560263
FOODS_3_354,WI_3,FOODS_3,low,2016-05-22,2016-05-31,9,0.6717501151568983
FOODS_3_360,WI_3,FOODS_3,medium,2016-05-22,2016-05-31,9,0.38787435496057665
FOODS_3_383,WI_3,FOODS_3,high,2016-05-22,2016-05-31,9,1.8439967229342824
FOODS_3_387,WI_3,FOODS_3,medium,2016-05-22,2016-05-31,9,1.0181429098399915
FOODS_3_432,WI_3,FOODS_3,high,2016-05-22,2016-05-31,9,0.9570789782148001
FOODS_3_467,WI_3,FOODS_3,medium,2016-05-22,2016-05-31,9,1.1196399093605212
FOODS_3_470,WI_3,FOODS_3,medium,2016-05-22,2016-05-31,9,1.1058699720491056
FOODS_3_479,WI_3,FOODS_3,medium,2016-05-22,2016-05-31,9,1.0340807481721237
FOODS_3_480,WI_3,FOODS_3,medium,2016-05-22,2016-05-31,9,0.6668841481338548
FOODS_3_482,WI_3,FOODS_3,low,2016-05-22,2016-05-31,9,0.3950229283744157
FOODS_3_501,WI_3,FOODS_3,high,2016-05-22,2016-05-31,9,8.969439561635095
FOODS_3_511,WI_3,FOODS_3,high,2016-05-22,2016-05-31,9,8.385399515789878
FOODS_3_520,WI_3,FOODS_3,medium,2016-05-22,2016-05-31,9,0.6036598054036163
FOODS_3_532,WI_3,FOODS_3,medium,2016-05-22,2016-05-31,9,2.4899005098689684
FOODS_3_539,WI_3,FOODS_3,low,2016-05-22,2016-05-31,9,0.3830386014412249
FOODS_3_550,WI_3,FOODS_3,low,2016-05-22,2016-05-31,9,0.42880763184391046
FOODS_3_558,WI_3,FOODS_3,low,2016-05-22,2016-05-31,9,0.34259908263685895
FOODS_3_601,WI_3,FOODS_3,low,2016-05-22,2016-05-31,9,0.39689223361660747
FOODS_3_611,WI_3,FOODS_3,high,2016-05-22,2016-05-31,9,0.5443805643607894
FOODS_3_616,WI_3,FOODS_3,medium,2016-05-22,2016-05-31,9,0.8665392839362188
FOODS_3_635,WI_3,FOODS_3,high,2016-05-22,2016-05-31,9,0.0
FOODS_3_640,WI_3,FOODS_3,low,2016-05-22,2016-05-31,9,1.3614974666246087
FOODS_3_641,WI_3,FOODS_3,low,2016-05-22,2016-05-31,9,0.7312118261135294
FOODS_3_648,WI_3,FOODS_3,medium,2016-05-22,2016-05-31,9,1.012251174905847
FOODS_3_658,WI_3,FOODS_3,low,2016-05-22,2016-05-31,9,0.37831336835114465
FOODS_3_661,WI_3,FOODS_3,high,2016-05-22,2016-05-31,9,3.1248164839381523
FOODS_3_666,WI_3,FOODS_3,medium,2016-05-22,2016-05-31,9,1.1134907006575212
FOODS_3_677,WI_3,FOODS_3,low,2016-05-22,2016-05-31,9,0.24263881030795306
FOODS_3_709,WI_3,FOODS_3,low,2016-05-22,2016-05-31,9,1.3673302136791654
FOODS_3_724,WI_3,FOODS_3,low,2016-05-22,2016-05-31,9,0.19813499516115637
FOODS_3_795,WI_3,FOODS_3,medium,2016-05-22,2016-05-31,9,1.483855452553359
FOODS_3_801,WI_3,FOODS_3,high,2016-05-22,2016-05-31,9,3.219537321868398
FOODS_3_817,WI_3,FOODS_3,medium,2016-05-22,2016-05-31,9,0.2480207405490728
FOODS_1_017,CA_1,FOODS_1,low,2016-05-22,2016-06-01,10,1.448378199168593
FOODS_1_020,CA_1,FOODS_1,medium,2016-05-22,2016-06-01,10,1.5938690972255487
FOODS_1_042,CA_1,FOODS_1,high,2016-05-22,2016-06-01,10,2.7643510522644053
FOODS_1_082,CA_1,FOODS_1,high,2016-05-22,2016-06-01,10,8.216110109381548
FOODS_1_086,CA_1,FOODS_1,high,2016-05-22,2016-06-01,10,3.9452862587279367
FOODS_1_089,CA_1,FOODS_1,low,2016-05-22,2016-06-01,10,0.5989350936760806
FOODS_1_099,CA_1,FOODS_1,high,2016-05-22,2016-06-01,10,7.423367357037262
FOODS_1_112,CA_1,FOODS_1,medium,2016-05-22,2016-06-01,10,1.5652819929075805
FOODS_1_135,CA_1,FOODS_1,low,2016-05-22,2016-06-01,10,1.5969148313795365
FOODS_1_155,CA_1,FOODS_1,medium,2016-05-22,2016-06-01,10,0.6417816070242633
FOODS_1_156,CA_1,FOODS_1,low,2016-05-22,2016-06-01,10,1.5818640220866615
FOODS_1_172,CA_1,FOODS_1,high,2016-05-22,2016-06-01,10,1.5899893171530621
FOODS_1_175,CA_1,FOODS_1,medium,2016-05-22,2016-06-01,10,1.5822297796634632
FOODS_1_210,CA_1,FOODS_1,medium,2016-05-22,2016-06-01,10,2.4646240921557543
FOODS_1_214,CA_1,FOODS_1,low,2016-05-22,2016-06-01,10,1.1409603546590876
FOODS_2_021,CA_1,FOODS_2,high,2016-05-22,2016-06-01,10,6.425135064021189
FOODS_2_024,CA_1,FOODS_2,medium,2016-05-22,2016-06-01,10,1.576509374177872
FOODS_2_028,CA_1,FOODS_2,low,2016-05-22,2016-06-01,10,0.451469840039155
FOODS_2_040,CA_1,FOODS_2,low,2016-05-22,2016-06-01,10,1.0193527530813102
FOODS_2_059,CA_1,FOODS_2,high,2016-05-22,2016-06-01,10,1.8063512503302217
FOODS_2_072,CA_1,FOODS_2,medium,2016-05-22,2016-06-01,10,0.7622205256037384
FOODS_2_095,CA_1,FOODS_2,low,2016-05-22,2016-06-01,10,0.839142546625074
FOODS_2_116,CA_1,FOODS_2,high,2016-05-22,2016-06-01,10,0.9626903122029022
FOODS_2_136,CA_1,FOODS_2,medium,2016-05-22,2016-06-01,10,0.5812850936727291
FOODS_2_139,CA_1,FOODS_2,high,2016-05-22,2016-06-01,10,1.9946425656617823
FOODS_2_146,CA_1,FOODS_2,medium,2016-05-22,2016-06-01,10,1.308393572922848
FOODS_2_150,CA_1,FOODS_2,high,2016-05-22,2016-06-01,10,2.5766122792254493
FOODS_2_170,CA_1,FOODS_2,medium,2016-05-22,2016-06-01,10,1.5466030468810288
FOODS_2_178,CA_1,FOODS_2,low,2016-05-22,2016-06-01,10,0.8752016682471571
FOODS_2_180,CA_1,FOODS_2,low,2016-05-22,2016-06-01,10,0.4931584980291707
FOODS_2_184,CA_1,FOODS_2,high,2016-05-22,2016-06-01,10,1.1052915003834032
FOODS_2_209,CA_1,FOODS_2,low,2016-05-22,2016-06-01,10,0.5692726547346879
FOODS_2_218,CA_1,FOODS_2,low,2016-05-22,2016-06-01,10,1.018006004769678
FOODS_2_251,CA_1,FOODS_2,medium,2016-05-22,2016-06-01,10,0.7532689800449061
FOODS_2_301,CA_1,FOODS_2,low,2016-05-22,2016-06-01,10,0.8410935432323201
FOODS_2_302,CA_1,FOODS_2,medium,2016-05-22,2016-06-01,10,1.3542176346790111
FOODS_2_304,CA_1,FOODS_2,medium,2016-05-22,2016-06-01,10,2.4813326408978336
FOODS_2_322,CA_1,FOODS_2,high,2016-05-22,2016-06-01,10,0.7199551411475164
FOODS_2_336,CA_1,FOODS_2,low,2016-05-22,2016-06-01,10,0.47006776993786487
FOODS_2_339,CA_1,FOODS_2,medium,2016-05-22,2016-06-01,10,1.0034923944418261
FOODS_2_357,CA_1,FOODS_2,high,2016-05-22,2016-06-01,10,2.4793364719561217
FOODS_2_360,CA_1,FOODS_2,high,2016-05-22,2016-06-01,10,12.0370871401433
FOODS_2_367,CA_1,FOODS_2,medium,2016-05-22,2016-06-01,10,0.5995566255933932
FOODS_3_026,CA_1,FOODS_3,high,2016-05-22,2016-06-01,10,1.8194038484553638
FOODS_3_048,CA_1,FOODS_3,medium,2016-05-22,2016-06-01,10,1.8863704417439948
FOODS_3_053,CA_1,FOODS_3,medium,2016-05-22,2016-06-01,10,3.49873858403813
FOODS_3_068,CA_1,FOODS_3,low,2016-05-22,2016-06-01,10,0.4507793833733763
FOODS_3_074,CA_1,FOODS_3,medium,2016-05-22,2016-06-01,10,1.8075959568774917
FOODS_3_089,CA_1,FOODS_3,high,2016-05-22,2016-06-01,10,1.0895167288160867
FOODS_3_096,CA_1,FOODS_3,medium,2016-05-22,2016-06-01,10,1.1496239135795832
FOODS_3_099,CA_1,FOODS_3,high,2016-05-22,2016-06-01,10,15.033834523009983
FOODS_3_113,CA_1,FOODS_3,high,2016-05-22,2016-06-01,10,4.022751695118663
FOODS_3_123,CA_1,FOODS_3,low,2016-05-22,2016-06-01,10,1.918399926750725
FOODS_3_135,CA_1,FOODS_3,high,2016-05-22,2016-06-01,10,6.067819444115529
FOODS_3_179,CA_1,FOODS_3,low,2016-05-22,2016-06-01,10,0.9874432542492692
FOODS_3_187,CA_1,FOODS_3,medium,2016-05-22,2016-06-01,10,1.184831877787938
FOODS_3_223,CA_1,FOODS_3,low,2016-05-22,2016-06-01,10,1.1921575806270925
FOODS_3_240,CA_1,FOODS_3,low,2016-05-22,2016-06-01,10,0.8589114503673425
FOODS_3_249,CA_1,FOODS_3,medium,2016-05-22,2016-06-01,10,3.605346306672837
FOODS_3_263,CA_1,FOODS_3,high,2016-05-22,2016-06-01,10,9.715982105577286
FOODS_3_276,CA_1,FOODS_3,high,2016-05-22,2016-06-01,10,0.0
FOODS_3_312,CA_1,FOODS_3,low,2016-05-22,2016-06-01,10,1.346886017788264
FOODS_3_319,CA_1,FOODS_3,high,2016-05-22,2016-06-01,10,0.0
FOODS_3_321,CA_1,FOODS_3,high,2016-05-22,2016-06-01,10,5.412368687552811
FOODS_3_327,CA_1,FOODS_3,high,2016-05-22,2016-06-01,10,2.7644730150328316
FOODS_3_329,CA_1,FOODS_3,high,2016-05-22,2016-06-01,10,18.17541212256041
FOODS_3_340,CA_1,FOODS_3,low,2016-05-22,2016-06-01,10,0.5562373065328986
FOODS_3_354,CA_1,FOODS_3,low,2016-05-22,2016-06-01,10,0.2640621786524058
FOODS_3_360,CA_1,FOODS_3,medium,2016-05-22,2016-06-01,10,0.29386842005847846
FOODS_3_383,CA_1,FOODS_3,high,2016-05-22,2016-06-01,10,3.9162571535205335
FOODS_3_387,CA_1,FOODS_3,medium,2016-05-22,2016-06-01,10,1.6338219122249025
FOODS_3_432,CA_1,FOODS_3,high,2016-05-22,2016-06-01,10,0.49087122667780364
FOODS_3_467,CA_1,FOODS_3,medium,2016-05-22,2016-06-01,10,1.2507360104453138
FOODS_3_470,CA_1,FOODS_3,medium,2016-05-22,2016-06-01,10,0.8500797972402242
FOODS_3_479,CA_1,FOODS_3,medium,2016-05-22,2016-06-01,10,0.6796152908825556
FOODS_3_480,CA_1,FOODS_3,medium,2016-05-22,2016-06-01,10,1.1815745760527097
FOODS_3_482,CA_1,FOODS_3,low,2016-05-22,2016-06-01,10,2.5564695647617564
FOODS_3_501,CA_1,FOODS_3,high,2016-05-22,2016-06-01,10,23.488609219476
FOODS_3_511,CA_1,FOODS_3,high,2016-05-22,2016-06-01,10,24.97567284290033
FOODS_3_520,CA_1,FOODS_3,medium,2016-05-22,2016-06-01,10,0.601016571559997
FOODS_3_532,CA_1,FOODS_3,medium,2016-05-22,2016-06-01,10,1.6568617610135372
FOODS_3_539,CA_1,FOODS_3,low,2016-05-22,2016-06-01,10,0.6783196884155824
FOODS_3_550,CA_1,FOODS_3,low,2016-05-22,2016-06-01,10,0.3132833856002102
FOODS_3_558,CA_1,FOODS_3,low,2016-05-22,2016-06-01,10,0.5573078341129888
FOODS_3_601,CA_1,FOODS_3,low,2016-05-22,2016-06-01,10,0.12383844930064082
FOODS_3_611,CA_1,FOODS_3,high,2016-05-22,2016-06-01,10,1.3500478765331838
FOODS_3_616,CA_1,FOODS_3,medium,2016-05-22,2016-06-01,10,1.0703364602878795
FOODS_3_635,CA_1,FOODS_3,high,2016-05-22,2016-06-01,10,0.0
FOODS_3_640,CA_1,FOODS_3,low,2016-05-22,2016-06-01,10,2.3130300583868886
FOODS_3_641,CA_1,FOODS_3,low,2016-05-22,2016-06-01,10,2.8180868968021437
FOODS_3_648,CA_1,FOODS_3,medium,2016-05-22,2016-06-01,10,0.7479348344416569
FOODS_3_658,CA_1,FOODS_3,low,2016-05-22,2016-06-01,10,0.9511529905535309
FOODS_3_661,CA_1,FOODS_3,high,2016-05-22,2016-06-01,10,4.312124237131432
FOODS_3_666,CA_1,FOODS_3,medium,2016-05-22,2016-06-01,10,1.077042641927396
FOODS_3_677,CA_1,FOODS_3,low,2016-05-22,2016-06-01,10,0.6811683838798096
FOODS_3_709,CA_1,FOODS_3,low,2016-05-22,2016-06-01,10,0.39434401270554625
FOODS_3_724,CA_1,FOODS_3,low,2016-05-22,2016-06-01,10,0.4011235250273262
FOODS_3_795,CA_1,FOODS_3,medium,2016-05-22,2016-06-01,10,3.385073069682057
FOODS_3_801,CA_1,FOODS_3,high,2016-05-22,2016-06-01,10,1.7094248669264402
FOODS_3_817,CA_1,FOODS_3,medium,2016-05-22,2016-06-01,10,0.7115369636523213
FOODS_1_017,TX_2,FOODS_1,low,2016-05-22,2016-06-01,10,0.46774358744041084
FOODS_1_020,TX_2,FOODS_1,medium,2016-05-22,2016-06-01,10,0.6265710667632458
FOODS_1_042,TX_2,FOODS_1,high,2016-05-22,2016-06-01,10,5.403009114400092
FOODS_1_082,TX_2,FOODS_1,high,2016-05-22,2016-06-01,10,2.0048314611915954
FOODS_1_086,TX_2,FOODS_1,high,2016-05-22,2016-06-01,10,0.3625244064196191
FOODS_1_089,TX_2,FOODS_1,low,2016-05-22,2016-06-01,10,0.3255346105012517
FOODS_1_099,TX_2,FOODS_1,high,2016-05-22,2016-06-01,10,7.862036194030792
FOODS_1_112,TX_2,FOODS_1,medium,2016-05-22,2016-06-01,10,0.48999931609601266
FOODS_1_135,TX_2,FOODS_1,low,2016-05-22,2016-06-01,10,0.3561102743636856
FOODS_1_155,TX_2,FOODS_1,medium,2016-05-22,2016-06-01,10,1.3839026595781332
FOODS_1_156,TX_2,FOODS_1,low,2016-05-22,2016-06-01,10,0.37803713630117064
FOODS_1_172,TX_2,FOODS_1,high,2016-05-22,2016-06-01,10,3.4904050907206954
FOODS_1_175,TX_2,FOODS_1,medium,2016-05-22,2016-06-01,10,0.6098640691781789
FOODS_1_210,TX_2,FOODS_1,medium,2016-05-22,2016-06-01,10,5.217773621189198
FOODS_1_214,TX_2,FOODS_1,low,2016-05-22,2016-06-01,10,0.39970641413231217
FOODS_2_021,TX_2,FOODS_2,high,2016-05-22,2016-06-01,10,0.7233372823660705
FOODS_2_024,TX_2,FOODS_2,medium,2016-05-22,2016-06-01,10,0.18725953095584855
FOODS_2_028,TX_2,FOODS_2,low,2016-05-22,2016-06-01,10,1.0175704845860845
FOODS_2_040,TX_2,FOODS_2,low,2016-05-22,2016-06-01,10,0.12443592397254356
FOODS_2_059,TX_2,FOODS_2,high,2016-05-22,2016-06-01,10,1.7382977334282577
FOODS_2_072,TX_2,FOODS_2,medium,2016-05-22,2016-06-01,10,0.5084080942615079
FOODS_2_095,TX_2,FOODS_2,low,2016-05-22,2016-06-01,10,0.4373089450234202
FOODS_2_116,TX_2,FOODS_2,high,2016-05-22,2016-06-01,10,0.5195838665464191
FOODS_2_136,TX_2,FOODS_2,medium,2016-05-22,2016-06-01,10,0.5941509721728906
FOODS_2_139,TX_2,FOODS_2,high,2016-05-22,2016-06-01,10,1.3329608222055032
FOODS_2_146,TX_2,FOODS_2,medium,2016-05-22,2016-06-01,10,0.9489138113782026
FOODS_2_150,TX_2,FOODS_2,high,2016-05-22,2016-06-01,10,1.1834192044356922
FOODS_2_170,TX_2,FOODS_2,medium,2016-05-22,2016-06-01,10,1.550913097270609
FOODS_2_178,TX_2,FOODS_2,low,2016-05-22,2016-06-01,10,0.357887880838021
FOODS_2_180,TX_2,FOODS_2,low,2016-05-22,2016-06-01,10,2.2774078048374973
FOODS_2_184,TX_2,FOODS_2,high,2016-05-22,2016-06-01,10,2.3520237664567456
FOODS_2_209,TX_2,FOODS_2,low,2016-05-22,2016-06-01,10,0.0
FOODS_2_218,TX_2,FOODS_2,low,2016-05-22,2016-06-01,10,0.009298964949354905
FOODS_2_251,TX_2,FOODS_2,medium,2016-05-22,2016-06-01,10,1.7887928682211491
FOODS_2_301,TX_2,FOODS_2,low,2016-05-22,2016-06-01,10,1.3521620479933973
FOODS_2_302,TX_2,FOODS_2,medium,2016-05-22,2016-06-01,10,0.9427858816259598
FOODS_2_304,TX_2,FOODS_2,medium,2016-05-22,2016-06-01,10,1.8888487948652426
FOODS_2_322,TX_2,FOODS_2,high,2016-05-22,2016-06-01,10,3.2732636322801745
FOODS_2_336,TX_2,FOODS_2,low,2016-05-22,2016-06-01,10,0.39671855149269725
FOODS_2_339,TX_2,FOODS_2,medium,2016-05-22,2016-06-01,10,0.4605888785323012
FOODS_2_357,TX_2,FOODS_2,high,2016-05-22,2016-06-01,10,1.8338867878376164
FOODS_2_360,TX_2,FOODS_2,high,2016-05-22,2016-06-01,10,10.402128543942837
FOODS_2_367,TX_2,FOODS_2,medium,2016-05-22,2016-06-01,10,0.0
FOODS_3_026,TX_2,FOODS_3,high,2016-05-22,2016-06-01,10,1.6345739001867463
FOODS_3_048,TX_2,FOODS_3,medium,2016-05-22,2016-06-01,10,2.712260566402534
FOODS_3_053,TX_2,FOODS_3,medium,2016-05-22,2016-06-01,10,1.0315118189221752
FOODS_3_068,TX_2,FOODS_3,low,2016-05-22,2016-06-01,10,0.5037873822153317
FOODS_3_074,TX_2,FOODS_3,medium,2016-05-22,2016-06-01,10,1.2959595396545407
FOODS_3_089,TX_2,FOODS_3,high,2016-05-22,2016-06-01,10,0.9001209932024418
FOODS_3_096,TX_2,FOODS_3,medium,2016-05-22,2016-06-01,10,0.5836809022606523
FOODS_3_099,TX_2,FOODS_3,high,2016-05-22,2016-06-01,10,16.889927518101935
FOODS_3_113,TX_2,FOODS_3,high,2016-05-22,2016-06-01,10,0.6367149101267033
FOODS_3_123,TX_2,FOODS_3,low,2016-05-22,2016-06-01,10,0.497662554151805
FOODS_3_135,TX_2,FOODS_3,high,2016-05-22,2016-06-01,10,14.327218908948103
FOODS_3_179,TX_2,FOODS_3,low,2016-05-22,2016-06-01,10,0.3548347641596039
FOODS_3_187,TX_2,FOODS_3,medium,2016-05-22,2016-06-01,10,1.0726533458306433
FOODS_3_223,TX_2,FOODS_3,low,2016-05-22,2016-06-01,10,0.37208486449162065
FOODS_3_240,TX_2,FOODS_3,low,2016-05-22,2016-06-01,10,0.15813562411991255
FOODS_3_249,TX_2,FOODS_3,medium,2016-05-22,2016-06-01,10,1.806036533914563
FOODS_3_263,TX_2,FOODS_3,high,2016-05-22,2016-06-01,10,14.903126501300447
FOODS_3_276,TX_2,FOODS_3,high,2016-05-22,2016-06-01,10,0.0
FOODS_3_312,TX_2,FOODS_3,low,2016-05-22,2016-06-01,10,0.7691024507603796
FOODS_3_319,TX_2,FOODS_3,high,2016-05-22,2016-06-01,10,0.0
FOODS_3_321,TX_2,FOODS_3,high,2016-05-22,2016-06-01,10,9.556643295666031
FOODS_3_327,TX_2,FOODS_3,high,2016-05-22,2016-06-01,10,4.329943429741223
FOODS_3_329,TX_2,FOODS_3,high,2016-05-22,2016-06-01,10,16.83242929946319
FOODS_3_340,TX_2,FOODS_3,low,2016-05-22,2016-06-01,10,0.7122205487273712
FOODS_3_354,TX_2,FOODS_3,low,2016-05-22,2016-06-01,10,0.6739096886690621
FOODS_3_360,TX_2,FOODS_3,medium,2016-05-22,2016-06-01,10,0.41222546212167455
FOODS_3_383,TX_2,FOODS_3,high,2016-05-22,2016-06-01,10,2.3328975093069078
FOODS_3_387,TX_2,FOODS_3,medium,2016-05-22,2016-06-01,10,0.9612634616287247
FOODS_3_432,TX_2,FOODS_3,high,2016-05-22,2016-06-01,10,1.6988203126350732
FOODS_3_467,TX_2,FOODS_3,medium,2016-05-22,2016-06-01,10,0.7678030058081472
FOODS_3_470,TX_2,FOODS_3,medium,2016-05-22,2016-06-01,10,0.656499805567787
FOODS_3_479,TX_2,FOODS_3,medium,2016-05-22,2016-06-01,10,0.9438775912686361
FOODS_3_480,TX_2,FOODS_3,medium,2016-05-22,2016-06-01,10,0.8239326850760229
FOODS_3_482,TX_2,FOODS_3,low,2016-05-22,2016-06-01,10,1.0382656737991702
FOODS_3_501,TX_2,FOODS_3,high,2016-05-22,2016-06-01,10,13.112075389554645
FOODS_3_511,TX_2,FOODS_3,high,2016-05-22,2016-06-01,10,10.651920212123889
FOODS_3_520,TX_2,FOODS_3,medium,2016-05-22,2016-06-01,10,1.1358472635260257
FOODS_3_532,TX_2,FOODS_3,medium,2016-05-22,2016-06-01,10,1.9461508328207135
FOODS_3_539,TX_2,FOODS_3,low,2016-05-22,2016-06-01,10,0.4707274850975071
FOODS_3_550,TX_2,FOODS_3,low,2016-05-22,2016-06-01,10,0.3352108334890947
FOODS_3_558,TX_2,FOODS_3,low,2016-05-22,2016-06-01,10,0.21037702447390588
FOODS_3_601,TX_2,FOODS_3,low,2016-05-22,2016-06-01,10,0.19923184007531805
FOODS_3_611,TX_2,FOODS_3,high,2016-05-22,2016-06-01,10,2.782829400559757
FOODS_3_616,TX_2,FOODS_3,medium,2016-05-22,2016-06-01,10,2.124622625348183
FOODS_3_635,TX_2,FOODS_3,high,2016-05-22,2016-06-01,10,0.0
FOODS_3_640,TX_2,FOODS_3,low,2016-05-22,2016-06-01,10,0.9090853117817103
FOODS_3_641,TX_2,FOODS_3,low,2016-05-22,2016-06-01,10,0.37219933207908035
FOODS_3_648,TX_2,FOODS_3,medium,2016-05-22,2016-06-01,10,1.4555523342568633
FOODS_3_658,TX_2,FOODS_3,low,2016-05-22,2016-06-01,10,0.39423422497466454
FOODS_3_661,TX_2,FOODS_3,high,2016-05-22,2016-06-01,10,4.304610356208949
FOODS_3_666,TX_2,FOODS_3,medium,2016-05-22,2016-06-01,10,1.1293421173523124
FOODS_3_677,TX_2,FOODS_3,low,2016-05-22,2016-06-01,10,0.9021590567692793
FOODS_3_709,TX_2,FOODS_3,low,2016-05-22,2016-06-01,10,1.3295850947840857
FOODS_3_724,TX_2,FOODS_3,low,2016-05-22,2016-06-01,10,0.3784883339226402
FOODS_3_795,TX_2,FOODS_3,medium,2016-05-22,2016-06-01,10,2.1617267047026885
FOODS_3_801,TX_2,FOODS_3,high,2016-05-22,2016-06-01,10,2.00775280736615
FOODS_3_817,TX_2,FOODS_3,medium,2016-05-22,2016-06-01,10,0.5149126544838217
FOODS_1_017,WI_3,FOODS_1,low,2016-05-22,2016-06-01,10,0.8745730630858676
FOODS_1_020,WI_3,FOODS_1,medium,2016-05-22,2016-06-01,10,1.2909401483177378
FOODS_1_042,WI_3,FOODS_1,high,2016-05-22,2016-06-01,10,2.403244990513906
FOODS_1_082,WI_3,FOODS_1,high,2016-05-22,2016-06-01,10,8.53043306193543
FOODS_1_086,WI_3,FOODS_1,high,2016-05-22,2016-06-01,10,2.0278099813413735
FOODS_1_089,WI_3,FOODS_1,low,2016-05-22,2016-06-01,10,0.30028255211441207
FOODS_1_099,WI_3,FOODS_1,high,2016-05-22,2016-06-01,10,2.672596688775303
FOODS_1_112,WI_3,FOODS_1,medium,2016-05-22,2016-06-01,10,0.432029301726125
FOODS_1_135,WI_3,FOODS_1,low,2016-05-22,2016-06-01,10,0.47006776993786487
FOODS_1_155,WI_3,FOODS_1,medium,2016-05-22,2016-06-01,10,1.132705116235964
FOODS_1_156,WI_3,FOODS_1,low,2016-05-22,2016-06-01,10,0.6416089015414294
FOODS_1_172,WI_3,FOODS_1,high,2016-05-22,2016-06-01,10,2.7992588123418645
FOODS_1_175,WI_3,FOODS_1,medium,2016-05-22,2016-06-01,10,0.40139531309816556
FOODS_1_210,WI_3,FOODS_1,medium,2016-05-22,2016-06-01,10,2.3020076337406485
FOODS_1_214,WI_3,FOODS_1,low,2016-05-22,2016-06-01,10,0.5599044084570122
FOODS_2_021,WI_3,FOODS_2,high,2016-05-22,2016-06-01,10,5.770760157918443
FOODS_2_024,WI_3,FOODS_2,medium,2016-05-22,2016-06-01,10,0.5502918815946013
FOODS_2_028,WI_3,FOODS_2,low,2016-05-22,2016-06-01,10,0.799015192179028
FOODS_2_040,WI_3,FOODS_2,low,2016-05-22,2016-06-01,10,0.555697204937453
FOODS_2_059,WI_3,FOODS_2,high,2016-05-22,2016-06-01,10,2.892409439014233
FOODS_2_072,WI_3,FOODS_2,medium,2016-05-22,2016-06-01,10,1.4605010865731178
FOODS_2_095,WI_3,FOODS_2,low,2016-05-22,2016-06-01,10,1.4016668336446094
FOODS_2_116,WI_3,FOODS_2,high,2016-05-22,2016-06-01,10,0.941117522794112
FOODS_2_136,WI_3,FOODS_2,medium,2016-05-22,2016-06-01,10,2.6042797881508615
FOODS_2_139,WI_3,FOODS_2,high,2016-05-22,2016-06-01,10,1.0469032897682258
FOODS_2_146,WI_3,FOODS_2,medium,2016-05-22,2016-06-01,10,0.8436095045380262
FOODS_2_150,WI_3,FOODS_2,high,2016-05-22,2016-06-01,10,1.5750387388547558
FOODS_2_170,WI_3,FOODS_2,medium,2016-05-22,2016-06-01,10,1.5170185013867161
FOODS_2_178,WI_3,FOODS_2,low,2016-05-22,2016-06-01,10,1.2007257386207537
FOODS_2_180,WI_3,FOODS_2,low,2016-05-22,2016-06-01,10,1.1411232937311595
FOODS_2_184,WI_3,FOODS_2,high,2016-05-22,2016-06-01,10,0.7417574766483577
FOODS_2_209,WI_3,FOODS_2,low,2016-05-22,2016-06-01,10,1.1175928058596498
FOODS_2_218,WI_3,FOODS_2,low,2016-05-22,2016-06-01,10,0.39970641413231217
FOODS_2_251,WI_3,FOODS_2,medium,2016-05-22,2016-06-01,10,2.343971350035429
FOODS_2_301,WI_3,FOODS_2,low,2016-05-22,2016-06-01,10,1.1225597627786454
FOODS_2_302,WI_3,FOODS_2,medium,2016-05-22,2016-06-01,10,1.9552990893593452
FOODS_2_304,WI_3,FOODS_2,medium,2016-05-22,2016-06-01,10,1.6670907044471885
FOODS_2_322,WI_3,FOODS_2,high,2016-05-22,2016-06-01,10,4.73733862181633
FOODS_2_336,WI_3,FOODS_2,low,2016-05-22,2016-06-01,10,0.8567159861744376
FOODS_2_339,WI_3,FOODS_2,medium,2016-05-22,2016-06-01,10,2.176751709527972
FOODS_2_357,WI_3,FOODS_2,high,2016-05-22,2016-06-01,10,4.478715118728542
FOODS_2_360,WI_3,FOODS_2,high,2016-05-22,2016-06-01,10,18.831204643933035
FOODS_2_367,WI_3,FOODS_2,medium,2016-05-22,2016-06-01,10,0.462338203729611
FOODS_3_026,WI_3,FOODS_3,high,2016-05-22,2016-06-01,10,2.040207090332283
FOODS_3_048,WI_3,FOODS_3,medium,2016-05-22,2016-06-01,10,4.018548855934087
FOODS_3_053,WI_3,FOODS_3,medium,2016-05-22,2016-06-01,10,0.47546920006507537
FOODS_3_068,WI_3,FOODS_3,low,2016-05-22,2016-06-01,10,0.23352044734311606
FOODS_3_074,WI_3,FOODS_3,medium,2016-05-22,2016-06-01,10,0.7514808737924307
FOODS_3_089,WI_3,FOODS_3,high,2016-05-22,2016-06-01,10,2.0269778096559468
FOODS_3_096,WI_3,FOODS_3,medium,2016-05-22,2016-06-01,10,0.5632822063887186
FOODS_3_099,WI_3,FOODS_3,high,2016-05-22,2016-06-01,10,10.247196741165459
FOODS_3_113,WI_3,FOODS_3,high,2016-05-22,2016-06-01,10,3.087082286406996
FOODS_3_123,WI_3,FOODS_3,low,2016-05-22,2016-06-01,10,0.4617619627659191
FOODS_3_135,WI_3,FOODS_3,high,2016-05-22,2016-06-01,10,8.01391417254129
FOODS_3_179,WI_3,FOODS_3,low,2016-05-22,2016-06-01,10,0.25555756000016944
FOODS_3_187,WI_3,FOODS_3,medium,2016-05-22,2016-06-01,10,1.67360599786125
FOODS_3_223,WI_3,FOODS_3,low,2016-05-22,2016-06-01,10,1.0787154875517289
FOODS_3_240,WI_3,FOODS_3,low,2016-05-22,2016-06-01,10,0.34031755902937505
FOODS_3_249,WI_3,FOODS_3,medium,2016-05-22,2016-06-01,10,1.008591843758517
FOODS_3_263,WI_3,FOODS_3,high,2016-05-22,2016-06-01,10,11.539004922209392
FOODS_3_276,WI_3,FOODS_3,high,2016-05-22,2016-06-01,10,0.0
FOODS_3_312,WI_3,FOODS_3,low,2016-05-22,2016-06-01,10,0.6020387323499569
FOODS_3_319,WI_3,FOODS_3,high,2016-05-22,2016-06-01,10,0.0
FOODS_3_321,WI_3,FOODS_3,high,2016-05-22,2016-06-01,10,5.250515386195498
FOODS_3_327,WI_3,FOODS_3,high,2016-05-22,2016-06-01,10,1.9104813738573885
FOODS_3_329,WI_3,FOODS_3,high,2016-05-22,2016-06-01,10,19.175427792531924
FOODS_3_340,WI_3,FOODS_3,low,2016-05-22,2016-06-01,10,0.5793094912945582
FOODS_3_354,WI_3,FOODS_3,low,2016-05-22,2016-06-01,10,0.6600269049839304
FOODS_3_360,WI_3,FOODS_3,medium,2016-05-22,2016-06-01,10,0.33029843906631157
FOODS_3_383,WI_3,FOODS_3,high,2016-05-22,2016-06-01,10,1.8741394630390784
FOODS_3_387,WI_3,FOODS_3,medium,2016-05-22,2016-06-01,10,1.0187908709057054
FOODS_3_432,WI_3,FOODS_3,high,2016-05-22,2016-06-01,10,0.9912603702939001
FOODS_3_467,WI_3,FOODS_3,medium,2016-05-22,2016-06-01,10,1.0881984775519684
FOODS_3_470,WI_3,FOODS_3,medium,2016-05-22,2016-06-01,10,1.1096510424794308
FOODS_3_479,WI_3,FOODS_3,medium,2016-05-22,2016-06-01,10,0.9995836320354138
FOODS_3_480,WI_3,FOODS_3,medium,2016-05-22,2016-06-01,10,0.6907014391386355
FOODS_3_482,WI_3,FOODS_3,low,2016-05-22,2016-06-01,10,0.4091308901020735
FOODS_3_501,WI_3,FOODS_3,high,2016-05-22,2016-06-01,10,8.93263383169349
FOODS_3_511,WI_3,FOODS_3,high,2016-05-22,2016-06-01,10,8.399163784210947
FOODS_3_520,WI_3,FOODS_3,medium,2016-05-22,2016-06-01,10,0.6252190841680312
FOODS_3_532,WI_3,FOODS_3,medium,2016-05-22,2016-06-01,10,2.4359683852214316
FOODS_3_539,WI_3,FOODS_3,low,2016-05-22,2016-06-01,10,0.39671855149269725
FOODS_3_550,WI_3,FOODS_3,low,2016-05-22,2016-06-01,10,0.4441221901240501
FOODS_3_558,WI_3,FOODS_3,low,2016-05-22,2016-06-01,10,0.3548347641596039
FOODS_3_601,WI_3,FOODS_3,low,2016-05-22,2016-06-01,10,0.37535267053148635
FOODS_3_611,WI_3,FOODS_3,high,2016-05-22,2016-06-01,10,0.5638227273736748
FOODS_3_616,WI_3,FOODS_3,medium,2016-05-22,2016-06-01,10,0.8974871155053695
FOODS_3_635,WI_3,FOODS_3,high,2016-05-22,2016-06-01,10,0.0
FOODS_3_640,WI_3,FOODS_3,low,2016-05-22,2016-06-01,10,1.3744080904326303
FOODS_3_641,WI_3,FOODS_3,low,2016-05-22,2016-06-01,10,0.7573265341890127
FOODS_3_648,WI_3,FOODS_3,medium,2016-05-22,2016-06-01,10,1.0484030025810556
FOODS_3_658,WI_3,FOODS_3,low,2016-05-22,2016-06-01,10,0.3918245600779713
FOODS_3_661,WI_3,FOODS_3,high,2016-05-22,2016-06-01,10,3.2364170726502297
FOODS_3_666,WI_3,FOODS_3,medium,2016-05-22,2016-06-01,10,1.1175439399667184
FOODS_3_677,WI_3,FOODS_3,low,2016-05-22,2016-06-01,10,0.25130448210466566
FOODS_3_709,WI_3,FOODS_3,low,2016-05-22,2016-06-01,10,1.380449149881993
FOODS_3_724,WI_3,FOODS_3,low,2016-05-22,2016-06-01,10,0.1694969592740548
FOODS_3_795,WI_3,FOODS_3,medium,2016-05-22,2016-06-01,10,1.53685029014455
FOODS_3_801,WI_3,FOODS_3,high,2016-05-22,2016-06-01,10,3.2273779405065555
FOODS_3_817,WI_3,FOODS_3,medium,2016-05-22,2016-06-01,10,0.25687862414011114
FOODS_1_017,CA_1,FOODS_1,low,2016-05-22,2016-06-02,11,1.5001059919960422
FOODS_1_020,CA_1,FOODS_1,medium,2016-05-22,2016-06-02,11,1.6507929935550327
FOODS_1_042,CA_1,FOODS_1,high,2016-05-22,2016-06-02,11,2.755935018416705
FOODS_1_082,CA_1,FOODS_1,high,2016-05-22,2016-06-02,11,8.295256899002318
FOODS_1_086,CA_1,FOODS_1,high,2016-05-22,2016-06-02,11,4.086189339396792
FOODS_1_089,CA_1,FOODS_1,low,2016-05-22,2016-06-02,11,0.6203256327359407
FOODS_1_099,CA_1,FOODS_1,high,2016-05-22,2016-06-02,11,7.652773334074306
FOODS_1_112,CA_1,FOODS_1,medium,2016-05-22,2016-06-02,11,1.5854706355114225
FOODS_1_135,CA_1,FOODS_1,low,2016-05-22,2016-06-02,11,1.5825189325002342
FOODS_1_155,CA_1,FOODS_1,medium,2016-05-22,2016-06-02,11,0.6647023787037013
FOODS_1_156,CA_1,FOODS_1,low,2016-05-22,2016-06-02,11,1.5669305943040428
FOODS_1_172,CA_1,FOODS_1,high,2016-05-22,2016-06-02,11,1.575346078479957
FOODS_1_175,CA_1,FOODS_1,medium,2016-05-22,2016-06-02,11,1.6387379860800155
FOODS_1_210,CA_1,FOODS_1,medium,2016-05-22,2016-06-02,11,2.4097892383041737
FOODS_1_214,CA_1,FOODS_1,low,2016-05-22,2016-06-02,11,1.181708938754055
FOODS_2_021,CA_1,FOODS_2,high,2016-05-22,2016-06-02,11,6.511747030593375
FOODS_2_024,CA_1,FOODS_2,medium,2016-05-22,2016-06-02,11,1.5970989946842244
FOODS_2_028,CA_1,FOODS_2,low,2016-05-22,2016-06-02,11,0.46759376289769633
FOODS_2_040,CA_1,FOODS_2,low,2016-05-22,2016-06-02,11,1.0200439228342142
FOODS_2_059,CA_1,FOODS_2,high,2016-05-22,2016-06-02,11,1.7637209378420151
FOODS_2_072,CA_1,FOODS_2,medium,2016-05-22,2016-06-02,11,0.7180141158038719
FOODS_2_095,CA_1,FOODS_2,low,2016-05-22,2016-06-02,11,0.8333976375759695
FOODS_2_116,CA_1,FOODS_2,high,2016-05-22,2016-06-02,11,0.9970721090672917
FOODS_2_136,CA_1,FOODS_2,medium,2016-05-22,2016-06-02,11,0.6020452755896122
FOODS_2_139,CA_1,FOODS_2,high,2016-05-22,2016-06-02,11,1.887308371578275
FOODS_2_146,CA_1,FOODS_2,medium,2016-05-22,2016-06-02,11,1.2836933433843782
FOODS_2_150,CA_1,FOODS_2,high,2016-05-22,2016-06-02,11,2.632919860626358
FOODS_2_170,CA_1,FOODS_2,medium,2016-05-22,2016-06-02,11,1.566124584269637
FOODS_2_178,CA_1,FOODS_2,low,2016-05-22,2016-06-02,11,0.9064588706845556
FOODS_2_180,CA_1,FOODS_2,low,2016-05-22,2016-06-02,11,0.5107713015302126
FOODS_2_184,CA_1,FOODS_2,high,2016-05-22,2016-06-02,11,1.0376233396828103
FOODS_2_209,CA_1,FOODS_2,low,2016-05-22,2016-06-02,11,0.5896038209752125
FOODS_2_218,CA_1,FOODS_2,low,2016-05-22,2016-06-02,11,1.0543633620828807
FOODS_2_251,CA_1,FOODS_2,medium,2016-05-22,2016-06-02,11,0.7801714436179383
FOODS_2_301,CA_1,FOODS_2,low,2016-05-22,2016-06-02,11,0.8354183126334743
FOODS_2_302,CA_1,FOODS_2,medium,2016-05-22,2016-06-02,11,1.33115397877469
FOODS_2_304,CA_1,FOODS_2,medium,2016-05-22,2016-06-02,11,2.4628088066441847
FOODS_2_322,CA_1,FOODS_2,high,2016-05-22,2016-06-02,11,0.7456678247599278
FOODS_2_336,CA_1,FOODS_2,low,2016-05-22,2016-06-02,11,0.45114161886421716
FOODS_2_339,CA_1,FOODS_2,medium,2016-05-22,2016-06-02,11,1.0393314085290342
FOODS_2_357,CA_1,FOODS_2,high,2016-05-22,2016-06-02,11,2.4250270602402684
FOODS_2_360,CA_1,FOODS_2,high,2016-05-22,2016-06-02,11,12.074125966576988
FOODS_2_367,CA_1,FOODS_2,medium,2016-05-22,2016-06-02,11,0.585255076507443
FOODS_3_026,CA_1,FOODS_3,high,2016-05-22,2016-06-02,11,1.8486682716144844
FOODS_3_048,CA_1,FOODS_3,medium,2016-05-22,2016-06-02,11,1.9537408146634232
FOODS_3_053,CA_1,FOODS_3,medium,2016-05-22,2016-06-02,11,3.516550676325206
FOODS_3_068,CA_1,FOODS_3,low,2016-05-22,2016-06-02,11,0.43116436135099684
FOODS_3_074,CA_1,FOODS_3,medium,2016-05-22,2016-06-02,11,1.8364386696231165
FOODS_3_089,CA_1,FOODS_3,high,2016-05-22,2016-06-02,11,1.0212851834166614
FOODS_3_096,CA_1,FOODS_3,medium,2016-05-22,2016-06-02,11,1.1549676247788538
FOODS_3_099,CA_1,FOODS_3,high,2016-05-22,2016-06-02,11,14.92790004168891
FOODS_3_113,CA_1,FOODS_3,high,2016-05-22,2016-06-02,11,4.166421398515758
FOODS_3_123,CA_1,FOODS_3,low,2016-05-22,2016-06-02,11,1.879771352706108
FOODS_3_135,CA_1,FOODS_3,high,2016-05-22,2016-06-02,11,6.03452728140537
FOODS_3_179,CA_1,FOODS_3,low,2016-05-22,2016-06-02,11,0.8798519419010287
FOODS_3_187,CA_1,FOODS_3,medium,2016-05-22,2016-06-02,11,1.22714730199465
FOODS_3_223,CA_1,FOODS_3,low,2016-05-22,2016-06-02,11,1.2347346370780599
FOODS_3_240,CA_1,FOODS_3,low,2016-05-22,2016-06-02,11,0.7467297164518902
FOODS_3_249,CA_1,FOODS_3,medium,2016-05-22,2016-06-02,11,3.519822960482582
FOODS_3_263,CA_1,FOODS_3,high,2016-05-22,2016-06-02,11,9.777267180776473
FOODS_3_276,CA_1,FOODS_3,high,2016-05-22,2016-06-02,11,0.0
FOODS_3_312,CA_1,FOODS_3,low,2016-05-22,2016-06-02,11,1.3592748041378448
FOODS_3_319,CA_1,FOODS_3,high,2016-05-22,2016-06-02,11,0.0
FOODS_3_321,CA_1,FOODS_3,high,2016-05-22,2016-06-02,11,5.427096140679696
FOODS_3_327,CA_1,FOODS_3,high,2016-05-22,2016-06-02,11,2.720347051284004
FOODS_3_329,CA_1,FOODS_3,high,2016-05-22,2016-06-02,11,18.574533984080425
FOODS_3_340,CA_1,FOODS_3,low,2016-05-22,2016-06-02,11,0.5761029246233592
FOODS_3_354,CA_1,FOODS_3,low,2016-05-22,2016-06-02,11,0.23777868503284885
FOODS_3_360,CA_1,FOODS_3,medium,2016-05-22,2016-06-02,11,0.3043637207748527
FOODS_3_383,CA_1,FOODS_3,high,2016-05-22,2016-06-02,11,4.020409194717696
FOODS_3_387,CA_1,FOODS_3,medium,2016-05-22,2016-06-02,11,1.6921726948043632
FOODS_3_432,CA_1,FOODS_3,high,2016-05-22,2016-06-02,11,0.47268805620201093
FOODS_3_467,CA_1,FOODS_3,medium,2016-05-22,2016-06-02,11,1.2954051536755036
FOODS_3_470,CA_1,FOODS_3,medium,2016-05-22,2016-06-02,11,0.7375826471416608
FOODS_3_479,CA_1,FOODS_3,medium,2016-05-22,2016-06-02,11,0.6324586941283611
FOODS_3_480,CA_1,FOODS_3,medium,2016-05-22,2016-06-02,11,1.1880593823403065
FOODS_3_482,CA_1,FOODS_3,low,2016-05-22,2016-06-02,11,2.4334863349318185
FOODS_3_501,CA_1,FOODS_3,high,2016-05-22,2016-06-02,11,23.613202405885858
FOODS_3_511,CA_1,FOODS_3,high,2016-05-22,2016-06-02,11,25.189089730146772
FOODS_3_520,CA_1,FOODS_3,medium,2016-05-22,2016-06-02,11,0.622481449115711
FOODS_3_532,CA_1,FOODS_3,medium,2016-05-22,2016-06-02,11,1.7160353953354492
FOODS_3_539,CA_1,FOODS_3,low,2016-05-22,2016-06-02,11,0.7025453915732819
FOODS_3_550,CA_1,FOODS_3,low,2016-05-22,2016-06-02,11,0.32447207794307475
FOODS_3_558,CA_1,FOODS_3,low,2016-05-22,2016-06-02,11,0.5772116853313098
FOODS_3_601,CA_1,FOODS_3,low,2016-05-22,2016-06-02,11,0.12826125106137798
FOODS_3_611,CA_1,FOODS_3,high,2016-05-22,2016-06-02,11,1.3982638721236547
FOODS_3_616,CA_1,FOODS_3,medium,2016-05-22,2016-06-02,11,1.1085627624410181
FOODS_3_635,CA_1,FOODS_3,high,2016-05-22,2016-06-02,11,0.0
FOODS_3_640,CA_1,FOODS_3,low,2016-05-22,2016-06-02,11,2.395638274757849
FOODS_3_641,CA_1,FOODS_3,low,2016-05-22,2016-06-02,11,2.775875714545077
FOODS_3_648,CA_1,FOODS_3,medium,2016-05-22,2016-06-02,11,0.7389325071002875
FOODS_3_658,CA_1,FOODS_3,low,2016-05-22,2016-06-02,11,0.9851227402161571
FOODS_3_661,CA_1,FOODS_3,high,2016-05-22,2016-06-02,11,4.394700102743269
FOODS_3_666,CA_1,FOODS_3,medium,2016-05-22,2016-06-02,11,1.0440798791390886
FOODS_3_677,CA_1,FOODS_3,low,2016-05-22,2016-06-02,11,0.7054958261612315
FOODS_3_709,CA_1,FOODS_3,low,2016-05-22,2016-06-02,11,0.4084277274450301
FOODS_3_724,CA_1,FOODS_3,low,2016-05-22,2016-06-02,11,0.41544936520687353
FOODS_3_795,CA_1,FOODS_3,medium,2016-05-22,2016-06-02,11,3.4345399650278443
FOODS_3_801,CA_1,FOODS_3,high,2016-05-22,2016-06-02,11,1.770475755030956
FOODS_3_817,CA_1,FOODS_3,medium,2016-05-22,2016-06-02,11,0.7369489980684757
FOODS_1_017,TX_2,FOODS_1,low,2016-05-22,2016-06-02,11,0.48444871556328256
FOODS_1_020,TX_2,FOODS_1,medium,2016-05-22,2016-06-02,11,0.648948604861933
FOODS_1_042,TX_2,FOODS_1,high,2016-05-22,2016-06-02,11,5.524545154200093
FOODS_1_082,TX_2,FOODS_1,high,2016-05-22,2016-06-02,11,2.040718299091295
FOODS_1_086,TX_2,FOODS_1,high,2016-05-22,2016-06-02,11,0.37547170664889123
FOODS_1_089,TX_2,FOODS_1,low,2016-05-22,2016-06-02,11,0.33716084659058226
FOODS_1_099,TX_2,FOODS_1,high,2016-05-22,2016-06-02,11,8.107108915246178
FOODS_1_112,TX_2,FOODS_1,medium,2016-05-22,2016-06-02,11,0.5074992916708703
FOODS_1_135,TX_2,FOODS_1,low,2016-05-22,2016-06-02,11,0.3688284984481029
FOODS_1_155,TX_2,FOODS_1,medium,2016-05-22,2016-06-02,11,1.4333277545630663
FOODS_1_156,TX_2,FOODS_1,low,2016-05-22,2016-06-02,11,0.3915384625976409
FOODS_1_172,TX_2,FOODS_1,high,2016-05-22,2016-06-02,11,3.2579195582464346
FOODS_1_175,TX_2,FOODS_1,medium,2016-05-22,2016-06-02,11,0.6316449287916853
FOODS_1_210,TX_2,FOODS_1,medium,2016-05-22,2016-06-02,11,5.154122679088813
FOODS_1_214,TX_2,FOODS_1,low,2016-05-22,2016-06-02,11,0.41398164320846625
FOODS_2_021,TX_2,FOODS_2,high,2016-05-22,2016-06-02,11,0.7491707567362872
FOODS_2_024,TX_2,FOODS_2,medium,2016-05-22,2016-06-02,11,0.19394737134712886
FOODS_2_028,TX_2,FOODS_2,low,2016-05-22,2016-06-02,11,1.0181980018927304
FOODS_2_040,TX_2,FOODS_2,low,2016-05-22,2016-06-02,11,0.12888006411442013
FOODS_2_059,TX_2,FOODS_2,high,2016-05-22,2016-06-02,11,1.8003797953364096
FOODS_2_072,TX_2,FOODS_2,medium,2016-05-22,2016-06-02,11,0.526565526199419
FOODS_2_095,TX_2,FOODS_2,low,2016-05-22,2016-06-02,11,0.45292712163139953
FOODS_2_116,TX_2,FOODS_2,high,2016-05-22,2016-06-02,11,0.5381404332087912
FOODS_2_136,TX_2,FOODS_2,medium,2016-05-22,2016-06-02,11,0.6153706497504938
FOODS_2_139,TX_2,FOODS_2,high,2016-05-22,2016-06-02,11,1.3805665658556996
FOODS_2_146,TX_2,FOODS_2,medium,2016-05-22,2016-06-02,11,0.9828035903559955
FOODS_2_150,TX_2,FOODS_2,high,2016-05-22,2016-06-02,11,1.1899698903083955
FOODS_2_170,TX_2,FOODS_2,medium,2016-05-22,2016-06-02,11,1.5348742793159877
FOODS_2_178,TX_2,FOODS_2,low,2016-05-22,2016-06-02,11,0.3706695908679503
FOODS_2_180,TX_2,FOODS_2,low,2016-05-22,2016-06-02,11,2.251600940724551
FOODS_2_184,TX_2,FOODS_2,high,2016-05-22,2016-06-02,11,2.3645960438302005
FOODS_2_209,TX_2,FOODS_2,low,2016-05-22,2016-06-02,11,0.0
FOODS_2_218,TX_2,FOODS_2,low,2016-05-22,2016-06-02,11,0.009631070840403296
FOODS_2_251,TX_2,FOODS_2,medium,2016-05-22,2016-06-02,11,1.81696404208619
FOODS_2_301,TX_2,FOODS_2,low,2016-05-22,2016-06-02,11,1.4004535497074468
FOODS_2_302,TX_2,FOODS_2,medium,2016-05-22,2016-06-02,11,0.976456805969744
FOODS_2_304,TX_2,FOODS_2,medium,2016-05-22,2016-06-02,11,1.8848791089675723
FOODS_2_322,TX_2,FOODS_2,high,2016-05-22,2016-06-02,11,3.283023047718752
FOODS_2_336,TX_2,FOODS_2,low,2016-05-22,2016-06-02,11,0.4108870711888651
FOODS_2_339,TX_2,FOODS_2,medium,2016-05-22,2016-06-02,11,0.4770384813370262
FOODS_2_357,TX_2,FOODS_2,high,2016-05-22,2016-06-02,11,1.7922398874032452
FOODS_2_360,TX_2,FOODS_2,high,2016-05-22,2016-06-02,11,10.630775991940794
FOODS_2_367,TX_2,FOODS_2,medium,2016-05-22,2016-06-02,11,0.0
FOODS_3_026,TX_2,FOODS_3,high,2016-05-22,2016-06-02,11,1.6215229680505587
FOODS_3_048,TX_2,FOODS_3,medium,2016-05-22,2016-06-02,11,2.773412729488339
FOODS_3_053,TX_2,FOODS_3,medium,2016-05-22,2016-06-02,11,1.0683515267408246
FOODS_3_068,TX_2,FOODS_3,low,2016-05-22,2016-06-02,11,0.48606550300873635
FOODS_3_074,TX_2,FOODS_3,medium,2016-05-22,2016-06-02,11,1.342243808927917
FOODS_3_089,TX_2,FOODS_3,high,2016-05-22,2016-06-02,11,0.8965538858168147
FOODS_3_096,TX_2,FOODS_3,medium,2016-05-22,2016-06-02,11,0.5688123630556756
FOODS_3_099,TX_2,FOODS_3,high,2016-05-22,2016-06-02,11,16.993139215177003
FOODS_3_113,TX_2,FOODS_3,high,2016-05-22,2016-06-02,11,0.6594547283455141
FOODS_3_123,TX_2,FOODS_3,low,2016-05-22,2016-06-02,11,0.479721931085798
FOODS_3_135,TX_2,FOODS_3,high,2016-05-22,2016-06-02,11,14.446048155696252
FOODS_3_179,TX_2,FOODS_3,low,2016-05-22,2016-06-02,11,0.3675074343081612
FOODS_3_187,TX_2,FOODS_3,medium,2016-05-22,2016-06-02,11,1.1109623938960236
FOODS_3_223,TX_2,FOODS_3,low,2016-05-22,2016-06-02,11,0.34965932393774996
FOODS_3_240,TX_2,FOODS_3,low,2016-05-22,2016-06-02,11,0.1280690392670523
FOODS_3_249,TX_2,FOODS_3,medium,2016-05-22,2016-06-02,11,1.8705378386972262
FOODS_3_263,TX_2,FOODS_3,high,2016-05-22,2016-06-02,11,15.006809590632605
FOODS_3_276,TX_2,FOODS_3,high,2016-05-22,2016-06-02,11,0.0
FOODS_3_312,TX_2,FOODS_3,low,2016-05-22,2016-06-02,11,0.7965703954303932
FOODS_3_319,TX_2,FOODS_3,high,2016-05-22,2016-06-02,11,0.0
FOODS_3_321,TX_2,FOODS_3,high,2016-05-22,2016-06-02,11,9.719380556225532
FOODS_3_327,TX_2,FOODS_3,high,2016-05-22,2016-06-02,11,4.413155695089124
FOODS_3_329,TX_2,FOODS_3,high,2016-05-22,2016-06-02,11,17.076444631586874
FOODS_3_340,TX_2,FOODS_3,low,2016-05-22,2016-06-02,11,0.7376569968962058
FOODS_3_354,TX_2,FOODS_3,low,2016-05-22,2016-06-02,11,0.6979778918358143
FOODS_3_360,TX_2,FOODS_3,medium,2016-05-22,2016-06-02,11,0.3912335143403058
FOODS_3_383,TX_2,FOODS_3,high,2016-05-22,2016-06-02,11,2.380500991782155
FOODS_3_387,TX_2,FOODS_3,medium,2016-05-22,2016-06-02,11,0.9955942995440363
FOODS_3_432,TX_2,FOODS_3,high,2016-05-22,2016-06-02,11,1.759492466657754
FOODS_3_467,TX_2,FOODS_3,medium,2016-05-22,2016-06-02,11,0.7952245417298666
FOODS_3_470,TX_2,FOODS_3,medium,2016-05-22,2016-06-02,11,0.6799462271952079
FOODS_3_479,TX_2,FOODS_3,medium,2016-05-22,2016-06-02,11,0.8704446480996587
FOODS_3_480,TX_2,FOODS_3,medium,2016-05-22,2016-06-02,11,0.8533588524001666
FOODS_3_482,TX_2,FOODS_3,low,2016-05-22,2016-06-02,11,1.0396323050062835
FOODS_3_501,TX_2,FOODS_3,high,2016-05-22,2016-06-02,11,13.080363796324454
FOODS_3_511,TX_2,FOODS_3,high,2016-05-22,2016-06-02,11,10.818060219699744
FOODS_3_520,TX_2,FOODS_3,medium,2016-05-22,2016-06-02,11,1.140698951509098
FOODS_3_532,TX_2,FOODS_3,medium,2016-05-22,2016-06-02,11,1.8370847911357389
FOODS_3_539,TX_2,FOODS_3,low,2016-05-22,2016-06-02,11,0.3803963238509895
FOODS_3_550,TX_2,FOODS_3,low,2016-05-22,2016-06-02,11,0.34718264897084816
FOODS_3_558,TX_2,FOODS_3,low,2016-05-22,2016-06-02,11,0.1821762039194025
FOODS_3_601,TX_2,FOODS_3,low,2016-05-22,2016-06-02,11,0.2063472629351508
FOODS_3_611,TX_2,FOODS_3,high,2016-05-22,2016-06-02,11,2.8107875934368916
FOODS_3_616,TX_2,FOODS_3,medium,2016-05-22,2016-06-02,11,2.164787719110618
FOODS_3_635,TX_2,FOODS_3,high,2016-05-22,2016-06-02,11,0.0
FOODS_3_640,TX_2,FOODS_3,low,2016-05-22,2016-06-02,11,0.8701240729167712
FOODS_3_641,TX_2,FOODS_3,low,2016-05-22,2016-06-02,11,0.385492165367619
FOODS_3_648,TX_2,FOODS_3,medium,2016-05-22,2016-06-02,11,1.471822060480323
FOODS_3_658,TX_2,FOODS_3,low,2016-05-22,2016-06-02,11,0.37259973300947385
FOODS_3_661,TX_2,FOODS_3,high,2016-05-22,2016-06-02,11,4.3154892975021255
FOODS_3_666,TX_2,FOODS_3,medium,2016-05-22,2016-06-02,11,1.1339614786863235
FOODS_3_677,TX_2,FOODS_3,low,2016-05-22,2016-06-02,11,0.8986647373681821
FOODS_3_709,TX_2,FOODS_3,low,2016-05-22,2016-06-02,11,1.3413559910263744
FOODS_3_724,TX_2,FOODS_3,low,2016-05-22,2016-06-02,11,0.39200577441987733
FOODS_3_795,TX_2,FOODS_3,medium,2016-05-22,2016-06-02,11,2.2389312298706416
FOODS_3_801,TX_2,FOODS_3,high,2016-05-22,2016-06-02,11,2.043743979057798
FOODS_3_817,TX_2,FOODS_3,medium,2016-05-22,2016-06-02,11,0.5333023921439582
FOODS_1_017,WI_3,FOODS_1,low,2016-05-22,2016-06-02,11,0.9058078153389344
FOODS_1_020,WI_3,FOODS_1,medium,2016-05-22,2016-06-02,11,1.2656165821862284
FOODS_1_042,WI_3,FOODS_1,high,2016-05-22,2016-06-02,11,2.346218025889403
FOODS_1_082,WI_3,FOODS_1,high,2016-05-22,2016-06-02,11,8.406519957004553
FOODS_1_086,WI_3,FOODS_1,high,2016-05-22,2016-06-02,11,2.064517480674994
FOODS_1_089,WI_3,FOODS_1,low,2016-05-22,2016-06-02,11,0.3110069289756411
FOODS_1_099,WI_3,FOODS_1,high,2016-05-22,2016-06-02,11,2.6966179990887063
FOODS_1_112,WI_3,FOODS_1,medium,2016-05-22,2016-06-02,11,0.4474589196449152
FOODS_1_135,WI_3,FOODS_1,low,2016-05-22,2016-06-02,11,0.4511416188642171
FOODS_1_155,WI_3,FOODS_1,medium,2016-05-22,2016-06-02,11,0.9945874418158199
FOODS_1_156,WI_3,FOODS_1,low,2016-05-22,2016-06-02,11,0.5930949337393374
FOODS_1_172,WI_3,FOODS_1,high,2016-05-22,2016-06-02,11,2.8635180556397883
FOODS_1_175,WI_3,FOODS_1,medium,2016-05-22,2016-06-02,11,0.4157308599945286
FOODS_1_210,WI_3,FOODS_1,medium,2016-05-22,2016-06-02,11,2.3485079063742433
FOODS_1_214,WI_3,FOODS_1,low,2016-05-22,2016-06-02,11,0.5441867087590483
FOODS_2_021,WI_3,FOODS_2,high,2016-05-22,2016-06-02,11,5.762573020701242
FOODS_2_024,WI_3,FOODS_2,medium,2016-05-22,2016-06-02,11,0.5342308773658371
FOODS_2_028,WI_3,FOODS_2,low,2016-05-22,2016-06-02,11,0.7918371633282791
FOODS_2_040,WI_3,FOODS_2,low,2016-05-22,2016-06-02,11,0.5755435336852192
FOODS_2_059,WI_3,FOODS_2,high,2016-05-22,2016-06-02,11,2.852852633264742
FOODS_2_072,WI_3,FOODS_2,medium,2016-05-22,2016-06-02,11,1.5126618396650149
FOODS_2_095,WI_3,FOODS_2,low,2016-05-22,2016-06-02,11,1.4160120777033456
FOODS_2_116,WI_3,FOODS_2,high,2016-05-22,2016-06-02,11,0.9033002914653302
FOODS_2_136,WI_3,FOODS_2,medium,2016-05-22,2016-06-02,11,2.518718352013392
FOODS_2_139,WI_3,FOODS_2,high,2016-05-22,2016-06-02,11,1.0842926929742336
FOODS_2_146,WI_3,FOODS_2,medium,2016-05-22,2016-06-02,11,0.8737384154143841
FOODS_2_150,WI_3,FOODS_2,high,2016-05-22,2016-06-02,11,1.524147265242426
FOODS_2_170,WI_3,FOODS_2,medium,2016-05-22,2016-06-02,11,1.571197733579099
FOODS_2_178,WI_3,FOODS_2,low,2016-05-22,2016-06-02,11,1.2078945150000664
FOODS_2_180,WI_3,FOODS_2,low,2016-05-22,2016-06-02,11,1.1818776970787008
FOODS_2_184,WI_3,FOODS_2,high,2016-05-22,2016-06-02,11,0.7325345293857989
FOODS_2_209,WI_3,FOODS_2,low,2016-05-22,2016-06-02,11,0.9789354060689232
FOODS_2_218,WI_3,FOODS_2,low,2016-05-22,2016-06-02,11,0.41398164320846625
FOODS_2_251,WI_3,FOODS_2,medium,2016-05-22,2016-06-02,11,2.3562560411081224
FOODS_2_301,WI_3,FOODS_2,low,2016-05-22,2016-06-02,11,1.0197940400207401
FOODS_2_302,WI_3,FOODS_2,medium,2016-05-22,2016-06-02,11,1.9537026282650363
FOODS_2_304,WI_3,FOODS_2,medium,2016-05-22,2016-06-02,11,1.655201086748874
FOODS_2_322,WI_3,FOODS_2,high,2016-05-22,2016-06-02,11,4.692243572595486
FOODS_2_336,WI_3,FOODS_2,low,2016-05-22,2016-06-02,11,0.8873129856806674
FOODS_2_339,WI_3,FOODS_2,medium,2016-05-22,2016-06-02,11,2.183064270582542
FOODS_2_357,WI_3,FOODS_2,high,2016-05-22,2016-06-02,11,4.388669230111704
FOODS_2_360,WI_3,FOODS_2,high,2016-05-22,2016-06-02,11,18.8608905240735
FOODS_2_367,WI_3,FOODS_2,medium,2016-05-22,2016-06-02,11,0.47885028243424
FOODS_3_026,WI_3,FOODS_3,high,2016-05-22,2016-06-02,11,2.0773573435584356
FOODS_3_048,WI_3,FOODS_3,medium,2016-05-22,2016-06-02,11,4.162068457931734
FOODS_3_053,WI_3,FOODS_3,medium,2016-05-22,2016-06-02,11,0.49245024292454237
FOODS_3_068,WI_3,FOODS_3,low,2016-05-22,2016-06-02,11,0.24186046331965594
FOODS_3_074,WI_3,FOODS_3,medium,2016-05-22,2016-06-02,11,0.7783194764278749
FOODS_3_089,WI_3,FOODS_3,high,2016-05-22,2016-06-02,11,1.9207984457150875
FOODS_3_096,WI_3,FOODS_3,medium,2016-05-22,2016-06-02,11,0.5476851423311729
FOODS_3_099,WI_3,FOODS_3,high,2016-05-22,2016-06-02,11,10.43459662477851
FOODS_3_113,WI_3,FOODS_3,high,2016-05-22,2016-06-02,11,2.947335225207246
FOODS_3_123,WI_3,FOODS_3,low,2016-05-22,2016-06-02,11,0.4782534614361304
FOODS_3_135,WI_3,FOODS_3,high,2016-05-22,2016-06-02,11,8.15726825013205
FOODS_3_179,WI_3,FOODS_3,low,2016-05-22,2016-06-02,11,0.26468461571446117
FOODS_3_187,WI_3,FOODS_3,medium,2016-05-22,2016-06-02,11,1.733377640642009
FOODS_3_223,WI_3,FOODS_3,low,2016-05-22,2016-06-02,11,1.1172410406785764
FOODS_3_240,WI_3,FOODS_3,low,2016-05-22,2016-06-02,11,0.3524717575661385
FOODS_3_249,WI_3,FOODS_3,medium,2016-05-22,2016-06-02,11,0.9731844096070356
FOODS_3_263,WI_3,FOODS_3,high,2016-05-22,2016-06-02,11,11.593969383716871
FOODS_3_276,WI_3,FOODS_3,high,2016-05-22,2016-06-02,11,0.0
FOODS_3_312,WI_3,FOODS_3,low,2016-05-22,2016-06-02,11,0.5521115442195982
FOODS_3_319,WI_3,FOODS_3,high,2016-05-22,2016-06-02,11,0.0
FOODS_3_321,WI_3,FOODS_3,high,2016-05-22,2016-06-02,11,5.33089093570248
FOODS_3_327,WI_3,FOODS_3,high,2016-05-22,2016-06-02,11,1.9072842800665808
FOODS_3_329,WI_3,FOODS_3,high,2016-05-22,2016-06-02,11,19.395978785122345
FOODS_3_340,WI_3,FOODS_3,low,2016-05-22,2016-06-02,11,0.528570544555078
FOODS_3_354,WI_3,FOODS_3,low,2016-05-22,2016-06-02,11,0.6835992944476421
FOODS_3_360,WI_3,FOODS_3,medium,2016-05-22,2016-06-02,11,0.3063805261758227
FOODS_3_383,WI_3,FOODS_3,high,2016-05-22,2016-06-02,11,1.9053587295761882
FOODS_3_387,WI_3,FOODS_3,medium,2016-05-22,2016-06-02,11,0.9837476877237661
FOODS_3_432,WI_3,FOODS_3,high,2016-05-22,2016-06-02,11,0.9909482406615396
FOODS_3_467,WI_3,FOODS_3,medium,2016-05-22,2016-06-02,11,1.0913484231788246
FOODS_3_470,WI_3,FOODS_3,medium,2016-05-22,2016-06-02,11,1.1492814368536963
FOODS_3_479,WI_3,FOODS_3,medium,2016-05-22,2016-06-02,11,0.8567116188938213
FOODS_3_480,WI_3,FOODS_3,medium,2016-05-22,2016-06-02,11,0.6796550619650154
FOODS_3_482,WI_3,FOODS_3,low,2016-05-22,2016-06-02,11,0.4237427076057189
FOODS_3_501,WI_3,FOODS_3,high,2016-05-22,2016-06-02,11,9.073085039968259
FOODS_3_511,WI_3,FOODS_3,high,2016-05-22,2016-06-02,11,8.520562490789908
FOODS_3_520,WI_3,FOODS_3,medium,2016-05-22,2016-06-02,11,0.6475483371740323
FOODS_3_532,WI_3,FOODS_3,medium,2016-05-22,2016-06-02,11,2.5229672561221967
FOODS_3_539,WI_3,FOODS_3,low,2016-05-22,2016-06-02,11,0.4108870711888651
FOODS_3_550,WI_3,FOODS_3,low,2016-05-22,2016-06-02,11,0.424269411199909
FOODS_3_558,WI_3,FOODS_3,low,2016-05-22,2016-06-02,11,0.3675074343081612
FOODS_3_601,WI_3,FOODS_3,low,2016-05-22,2016-06-02,11,0.3887581230504679
FOODS_3_611,WI_3,FOODS_3,high,2016-05-22,2016-06-02,11,0.5839592533513062
FOODS_3_616,WI_3,FOODS_3,medium,2016-05-22,2016-06-02,11,0.9295402267734184
FOODS_3_635,WI_3,FOODS_3,high,2016-05-22,2016-06-02,11,0.0
FOODS_3_640,WI_3,FOODS_3,low,2016-05-22,2016-06-02,11,1.3877798079480814
FOODS_3_641,WI_3,FOODS_3,low,2016-05-22,2016-06-02,11,0.748659624695763
FOODS_3_648,WI_3,FOODS_3,medium,2016-05-22,2016-06-02,11,1.014417395530379
FOODS_3_658,WI_3,FOODS_3,low,2016-05-22,2016-06-02,11,0.40581829436647027
FOODS_3_661,WI_3,FOODS_3,high,2016-05-22,2016-06-02,11,3.3520033966734517
FOODS_3_666,WI_3,FOODS_3,medium,2016-05-22,2016-06-02,11,0.9074562235369584
FOODS_3_677,WI_3,FOODS_3,low,2016-05-22,2016-06-02,11,0.2602796421798323
FOODS_3_709,WI_3,FOODS_3,low,2016-05-22,2016-06-02,11,1.3583223338063497
FOODS_3_724,WI_3,FOODS_3,low,2016-05-22,2016-06-02,11,0.17555042210527108
FOODS_3_795,WI_3,FOODS_3,medium,2016-05-22,2016-06-02,11,1.4845949433639982
FOODS_3_801,WI_3,FOODS_3,high,2016-05-22,2016-06-02,11,3.1640700098103607
FOODS_3_817,WI_3,FOODS_3,medium,2016-05-22,2016-06-02,11,0.26605286071654366
FOODS_1_017,CA_1,FOODS_1,low,2016-05-22,2016-06-03,12,1.446538348853044
FOODS_1_020,CA_1,FOODS_1,medium,2016-05-22,2016-06-03,12,1.709749886181998
FOODS_1_042,CA_1,FOODS_1,high,2016-05-22,2016-06-03,12,2.8186469833601593
FOODS_1_082,CA_1,FOODS_1,high,2016-05-22,2016-06-03,12,8.448658931109543
FOODS_1_086,CA_1,FOODS_1,high,2016-05-22,2016-06-03,12,3.9821246729466777
FOODS_1_089,CA_1,FOODS_1,low,2016-05-22,2016-06-03,12,0.6424801196193671
FOODS_1_099,CA_1,FOODS_1,high,2016-05-22,2016-06-03,12,7.78322952457696
FOODS_1_112,CA_1,FOODS_1,medium,2016-05-22,2016-06-03,12,1.6420945867796877
FOODS_1_135,CA_1,FOODS_1,low,2016-05-22,2016-06-03,12,1.6033231800895285
FOODS_1_155,CA_1,FOODS_1,medium,2016-05-22,2016-06-03,12,0.6884417493716907
FOODS_1_156,CA_1,FOODS_1,low,2016-05-22,2016-06-03,12,1.587178115529187
FOODS_1_172,CA_1,FOODS_1,high,2016-05-22,2016-06-03,12,1.5958941527113844
FOODS_1_175,CA_1,FOODS_1,medium,2016-05-22,2016-06-03,12,1.6972643427257306
FOODS_1_210,CA_1,FOODS_1,medium,2016-05-22,2016-06-03,12,2.3529959968150367
FOODS_1_214,CA_1,FOODS_1,low,2016-05-22,2016-06-03,12,1.188198543709557
FOODS_2_021,CA_1,FOODS_2,high,2016-05-22,2016-06-03,12,6.530023710257423
FOODS_2_024,CA_1,FOODS_2,medium,2016-05-22,2016-06-03,12,1.6541382444943753
FOODS_2_028,CA_1,FOODS_2,low,2016-05-22,2016-06-03,12,0.4842935401440426
FOODS_2_040,CA_1,FOODS_2,low,2016-05-22,2016-06-03,12,0.949331205792579
FOODS_2_059,CA_1,FOODS_2,high,2016-05-22,2016-06-03,12,1.826710971336373
FOODS_2_072,CA_1,FOODS_2,medium,2016-05-22,2016-06-03,12,0.7436574770825818
FOODS_2_095,CA_1,FOODS_2,low,2016-05-22,2016-06-03,12,0.8274475532036828
FOODS_2_116,CA_1,FOODS_2,high,2016-05-22,2016-06-03,12,1.0326818272482665
FOODS_2_136,CA_1,FOODS_2,medium,2016-05-22,2016-06-03,12,0.5878326068606698
FOODS_2_139,CA_1,FOODS_2,high,2016-05-22,2016-06-03,12,1.7404265277060706
FOODS_2_146,CA_1,FOODS_2,medium,2016-05-22,2016-06-03,12,1.3295395342195346
FOODS_2_150,CA_1,FOODS_2,high,2016-05-22,2016-06-03,12,2.6555241413630135
FOODS_2_170,CA_1,FOODS_2,medium,2016-05-22,2016-06-03,12,1.6220576051364097
FOODS_2_178,CA_1,FOODS_2,low,2016-05-22,2016-06-03,12,0.7959752589232896
FOODS_2_180,CA_1,FOODS_2,low,2016-05-22,2016-06-03,12,0.5290131337277202
FOODS_2_184,CA_1,FOODS_2,high,2016-05-22,2016-06-03,12,1.0389670303857679
FOODS_2_209,CA_1,FOODS_2,low,2016-05-22,2016-06-03,12,0.6106611002957558
FOODS_2_218,CA_1,FOODS_2,low,2016-05-22,2016-06-03,12,0.9491620535858407
FOODS_2_251,CA_1,FOODS_2,medium,2016-05-22,2016-06-03,12,0.7723204237471506
FOODS_2_301,CA_1,FOODS_2,low,2016-05-22,2016-06-03,12,0.8652546809418127
FOODS_2_302,CA_1,FOODS_2,medium,2016-05-22,2016-06-03,12,1.3429809065880716
FOODS_2_304,CA_1,FOODS_2,medium,2016-05-22,2016-06-03,12,2.5507662640243347
FOODS_2_322,CA_1,FOODS_2,high,2016-05-22,2016-06-03,12,0.7722988185013537
FOODS_2_336,CA_1,FOODS_2,low,2016-05-22,2016-06-03,12,0.4315395338236535
FOODS_2_339,CA_1,FOODS_2,medium,2016-05-22,2016-06-03,12,0.969307530262214
FOODS_2_357,CA_1,FOODS_2,high,2016-05-22,2016-06-03,12,2.440206598105992
FOODS_2_360,CA_1,FOODS_2,high,2016-05-22,2016-06-03,12,12.076773322526165
FOODS_2_367,CA_1,FOODS_2,medium,2016-05-22,2016-06-03,12,0.606157043525566
FOODS_3_026,CA_1,FOODS_3,high,2016-05-22,2016-06-03,12,1.8075492813150016
FOODS_3_048,CA_1,FOODS_3,medium,2016-05-22,2016-06-03,12,2.023517272329974
FOODS_3_053,CA_1,FOODS_3,medium,2016-05-22,2016-06-03,12,3.534998914765392
FOODS_3_068,CA_1,FOODS_3,low,2016-05-22,2016-06-03,12,0.4465630885421038
FOODS_3_074,CA_1,FOODS_3,medium,2016-05-22,2016-06-03,12,1.9020257649667989
FOODS_3_089,CA_1,FOODS_3,high,2016-05-22,2016-06-03,12,1.0577596542529706
FOODS_3_096,CA_1,FOODS_3,medium,2016-05-22,2016-06-03,12,1.1962164685209558
FOODS_3_099,CA_1,FOODS_3,high,2016-05-22,2016-06-03,12,14.996753614606371
FOODS_3_113,CA_1,FOODS_3,high,2016-05-22,2016-06-03,12,4.243793591319892
FOODS_3_123,CA_1,FOODS_3,low,2016-05-22,2016-06-03,12,1.9469060438741834
FOODS_3_135,CA_1,FOODS_3,high,2016-05-22,2016-06-03,12,6.10718897002699
FOODS_3_179,CA_1,FOODS_3,low,2016-05-22,2016-06-03,12,0.9112752255403512
FOODS_3_187,CA_1,FOODS_3,medium,2016-05-22,2016-06-03,12,1.2709739913516016
FOODS_3_223,CA_1,FOODS_3,low,2016-05-22,2016-06-03,12,1.243118016973705
FOODS_3_240,CA_1,FOODS_3,low,2016-05-22,2016-06-03,12,0.7376843491823152
FOODS_3_249,CA_1,FOODS_3,medium,2016-05-22,2016-06-03,12,3.5741023519283885
FOODS_3_263,CA_1,FOODS_3,high,2016-05-22,2016-06-03,12,9.769312437232776
FOODS_3_276,CA_1,FOODS_3,high,2016-05-22,2016-06-03,12,0.0
FOODS_3_312,CA_1,FOODS_3,low,2016-05-22,2016-06-03,12,1.4078203328570533
FOODS_3_319,CA_1,FOODS_3,high,2016-05-22,2016-06-03,12,0.0
FOODS_3_321,CA_1,FOODS_3,high,2016-05-22,2016-06-03,12,5.478063859989687
FOODS_3_327,CA_1,FOODS_3,high,2016-05-22,2016-06-03,12,2.6032165888298615
FOODS_3_329,CA_1,FOODS_3,high,2016-05-22,2016-06-03,12,18.845053054940433
FOODS_3_340,CA_1,FOODS_3,low,2016-05-22,2016-06-03,12,0.5966780290741935
FOODS_3_354,CA_1,FOODS_3,low,2016-05-22,2016-06-03,12,0.24627078092687912
FOODS_3_360,CA_1,FOODS_3,medium,2016-05-22,2016-06-03,12,0.3152338536596689
FOODS_3_383,CA_1,FOODS_3,high,2016-05-22,2016-06-03,12,4.021138094529042
FOODS_3_387,CA_1,FOODS_3,medium,2016-05-22,2016-06-03,12,1.7168931481902334
FOODS_3_432,CA_1,FOODS_3,high,2016-05-22,2016-06-03,12,0.48956977249493994
FOODS_3_467,CA_1,FOODS_3,medium,2016-05-22,2016-06-03,12,1.305955337735343
FOODS_3_470,CA_1,FOODS_3,medium,2016-05-22,2016-06-03,12,0.7639248845395771
FOODS_3_479,CA_1,FOODS_3,medium,2016-05-22,2016-06-03,12,0.6550465046329454
FOODS_3_480,CA_1,FOODS_3,medium,2016-05-22,2016-06-03,12,1.1947757888524604
FOODS_3_482,CA_1,FOODS_3,low,2016-05-22,2016-06-03,12,2.4489679897508125
FOODS_3_501,CA_1,FOODS_3,high,2016-05-22,2016-06-03,12,23.385102491810354
FOODS_3_511,CA_1,FOODS_3,high,2016-05-22,2016-06-03,12,25.481557220509156
FOODS_3_520,CA_1,FOODS_3,medium,2016-05-22,2016-06-03,12,0.6447129294412722
FOODS_3_532,CA_1,FOODS_3,medium,2016-05-22,2016-06-03,12,1.7416080880260012
FOODS_3_539,CA_1,FOODS_3,low,2016-05-22,2016-06-03,12,0.6562077269866133
FOODS_3_550,CA_1,FOODS_3,low,2016-05-22,2016-06-03,12,0.3360603664410417
FOODS_3_558,CA_1,FOODS_3,low,2016-05-22,2016-06-03,12,0.5978263883788566
FOODS_3_601,CA_1,FOODS_3,low,2016-05-22,2016-06-03,12,0.13284201002785576
FOODS_3_611,CA_1,FOODS_3,high,2016-05-22,2016-06-03,12,1.4482018675566422
FOODS_3_616,CA_1,FOODS_3,medium,2016-05-22,2016-06-03,12,1.1481542896710546
FOODS_3_635,CA_1,FOODS_3,high,2016-05-22,2016-06-03,12,0.0
FOODS_3_640,CA_1,FOODS_3,low,2016-05-22,2016-06-03,12,2.481196784570628
FOODS_3_641,CA_1,FOODS_3,low,2016-05-22,2016-06-03,12,2.875014132921687
FOODS_3_648,CA_1,FOODS_3,medium,2016-05-22,2016-06-03,12,0.7296086680681549
FOODS_3_658,CA_1,FOODS_3,low,2016-05-22,2016-06-03,12,0.9131628380810196
FOODS_3_661,CA_1,FOODS_3,high,2016-05-22,2016-06-03,12,4.4087965349841
FOODS_3_666,CA_1,FOODS_3,medium,2016-05-22,2016-06-03,12,1.0456541605369132
FOODS_3_677,CA_1,FOODS_3,low,2016-05-22,2016-06-03,12,0.694977819952704
FOODS_3_709,CA_1,FOODS_3,low,2016-05-22,2016-06-03,12,0.3515858605680668
FOODS_3_724,CA_1,FOODS_3,low,2016-05-22,2016-06-03,12,0.43028684253569044
FOODS_3_795,CA_1,FOODS_3,medium,2016-05-22,2016-06-03,12,3.450059249493124
FOODS_3_801,CA_1,FOODS_3,high,2016-05-22,2016-06-03,12,1.8337070319963475
FOODS_3_817,CA_1,FOODS_3,medium,2016-05-22,2016-06-03,12,0.7632686051423497
FOODS_1_017,TX_2,FOODS_1,low,2016-05-22,2016-06-03,12,0.5017504554048283
FOODS_1_020,TX_2,FOODS_1,medium,2016-05-22,2016-06-03,12,0.6364110550355734
FOODS_1_042,TX_2,FOODS_1,high,2016-05-22,2016-06-03,12,5.436136052564383
FOODS_1_082,TX_2,FOODS_1,high,2016-05-22,2016-06-03,12,2.113601095487413
FOODS_1_086,TX_2,FOODS_1,high,2016-05-22,2016-06-03,12,0.35316712474349454
FOODS_1_089,TX_2,FOODS_1,low,2016-05-22,2016-06-03,12,0.3492023053973887
FOODS_1_099,TX_2,FOODS_1,high,2016-05-22,2016-06-03,12,8.146648519362113
FOODS_1_112,TX_2,FOODS_1,medium,2016-05-22,2016-06-03,12,0.45419569494483
FOODS_1_135,TX_2,FOODS_1,low,2016-05-22,2016-06-03,12,0.3820009448212494
FOODS_1_155,TX_2,FOODS_1,medium,2016-05-22,2016-06-03,12,1.4845180315117472
FOODS_1_156,TX_2,FOODS_1,low,2016-05-22,2016-06-03,12,0.40552197911898524
FOODS_1_172,TX_2,FOODS_1,high,2016-05-22,2016-06-03,12,3.2671309710409493
FOODS_1_175,TX_2,FOODS_1,medium,2016-05-22,2016-06-03,12,0.6542036762485314
FOODS_1_210,TX_2,FOODS_1,medium,2016-05-22,2016-06-03,12,5.1596270604848415
FOODS_1_214,TX_2,FOODS_1,low,2016-05-22,2016-06-03,12,0.42876670189448285
FOODS_2_021,TX_2,FOODS_2,high,2016-05-22,2016-06-03,12,0.7759268551911546
FOODS_2_024,TX_2,FOODS_2,medium,2016-05-22,2016-06-03,12,0.16515977746666916
FOODS_2_028,TX_2,FOODS_2,low,2016-05-22,2016-06-03,12,1.0188479305317564
FOODS_2_040,TX_2,FOODS_2,low,2016-05-22,2016-06-03,12,0.06205435211850655
FOODS_2_059,TX_2,FOODS_2,high,2016-05-22,2016-06-03,12,1.686107645169853
FOODS_2_072,TX_2,FOODS_2,medium,2016-05-22,2016-06-03,12,0.5453714378493982
FOODS_2_095,TX_2,FOODS_2,low,2016-05-22,2016-06-03,12,0.46910309026109237
FOODS_2_116,TX_2,FOODS_2,high,2016-05-22,2016-06-03,12,0.5573597343948195
FOODS_2_136,TX_2,FOODS_2,medium,2016-05-22,2016-06-03,12,0.6373481729558684
FOODS_2_139,TX_2,FOODS_2,high,2016-05-22,2016-06-03,12,1.3941582289219745
FOODS_2_146,TX_2,FOODS_2,medium,2016-05-22,2016-06-03,12,0.910760861440138
FOODS_2_150,TX_2,FOODS_2,high,2016-05-22,2016-06-03,12,1.232468814962267
FOODS_2_170,TX_2,FOODS_2,medium,2016-05-22,2016-06-03,12,1.4825483607201304
FOODS_2_178,TX_2,FOODS_2,low,2016-05-22,2016-06-03,12,0.3839077905418056
FOODS_2_180,TX_2,FOODS_2,low,2016-05-22,2016-06-03,12,2.3320152600361426
FOODS_2_184,TX_2,FOODS_2,high,2016-05-22,2016-06-03,12,2.4133316168241365
FOODS_2_209,TX_2,FOODS_2,low,2016-05-22,2016-06-03,12,0.0
FOODS_2_218,TX_2,FOODS_2,low,2016-05-22,2016-06-03,12,0.009975037656131985
FOODS_2_251,TX_2,FOODS_2,medium,2016-05-22,2016-06-03,12,1.8104270435892682
FOODS_2_301,TX_2,FOODS_2,low,2016-05-22,2016-06-03,12,1.4504697479112845
FOODS_2_302,TX_2,FOODS_2,medium,2016-05-22,2016-06-03,12,1.0113302633258061
FOODS_2_304,TX_2,FOODS_2,medium,2016-05-22,2016-06-03,12,1.916481934287843
FOODS_2_322,TX_2,FOODS_2,high,2016-05-22,2016-06-03,12,3.400273870851565
FOODS_2_336,TX_2,FOODS_2,low,2016-05-22,2016-06-03,12,0.38984732373132447
FOODS_2_339,TX_2,FOODS_2,medium,2016-05-22,2016-06-03,12,0.4940755699562057
FOODS_2_357,TX_2,FOODS_2,high,2016-05-22,2016-06-03,12,1.7133913119533617
FOODS_2_360,TX_2,FOODS_2,high,2016-05-22,2016-06-03,12,10.760446563081539
FOODS_2_367,TX_2,FOODS_2,medium,2016-05-22,2016-06-03,12,0.0
FOODS_3_026,TX_2,FOODS_3,high,2016-05-22,2016-06-03,12,1.643720216909507
FOODS_3_048,TX_2,FOODS_3,medium,2016-05-22,2016-06-03,12,2.5867488983986364
FOODS_3_053,TX_2,FOODS_3,medium,2016-05-22,2016-06-03,12,1.1065069384101396
FOODS_3_068,TX_2,FOODS_3,low,2016-05-22,2016-06-03,12,0.5034249852590484
FOODS_3_074,TX_2,FOODS_3,medium,2016-05-22,2016-06-03,12,1.3187525163896283
FOODS_3_089,TX_2,FOODS_3,high,2016-05-22,2016-06-03,12,0.9285736674531295
FOODS_3_096,TX_2,FOODS_3,medium,2016-05-22,2016-06-03,12,0.5891270903076641
FOODS_3_099,TX_2,FOODS_3,high,2016-05-22,2016-06-03,12,17.35003704429047
FOODS_3_113,TX_2,FOODS_3,high,2016-05-22,2016-06-03,12,0.6830066829292826
FOODS_3_123,TX_2,FOODS_3,low,2016-05-22,2016-06-03,12,0.49685485719600514
FOODS_3_135,TX_2,FOODS_3,high,2016-05-22,2016-06-03,12,14.42626416125683
FOODS_3_179,TX_2,FOODS_3,low,2016-05-22,2016-06-03,12,0.3449184141048812
FOODS_3_187,TX_2,FOODS_3,medium,2016-05-22,2016-06-03,12,1.114925336535167
FOODS_3_223,TX_2,FOODS_3,low,2016-05-22,2016-06-03,12,0.3621471569355267
FOODS_3_240,TX_2,FOODS_3,low,2016-05-22,2016-06-03,12,0.13264293352658987
FOODS_3_249,TX_2,FOODS_3,medium,2016-05-22,2016-06-03,12,1.9016284757935555
FOODS_3_263,TX_2,FOODS_3,high,2016-05-22,2016-06-03,12,15.185624218869483
FOODS_3_276,TX_2,FOODS_3,high,2016-05-22,2016-06-03,12,0.0
FOODS_3_312,TX_2,FOODS_3,low,2016-05-22,2016-06-03,12,0.7893050524100502
FOODS_3_319,TX_2,FOODS_3,high,2016-05-22,2016-06-03,12,0.0
FOODS_3_321,TX_2,FOODS_3,high,2016-05-22,2016-06-03,12,9.780787004662157
FOODS_3_327,TX_2,FOODS_3,high,2016-05-22,2016-06-03,12,4.570768398485164
FOODS_3_329,TX_2,FOODS_3,high,2016-05-22,2016-06-03,12,17.043460511286405
FOODS_3_340,TX_2,FOODS_3,low,2016-05-22,2016-06-03,12,0.7282876039282131
FOODS_3_354,TX_2,FOODS_3,low,2016-05-22,2016-06-03,12,0.7229056736870935
FOODS_3_360,TX_2,FOODS_3,medium,2016-05-22,2016-06-03,12,0.40520613985245957
FOODS_3_383,TX_2,FOODS_3,high,2016-05-22,2016-06-03,12,2.3226617414886603
FOODS_3_387,TX_2,FOODS_3,medium,2016-05-22,2016-06-03,12,0.9954369530991806
FOODS_3_432,TX_2,FOODS_3,high,2016-05-22,2016-06-03,12,1.8223314833241024
FOODS_3_467,TX_2,FOODS_3,medium,2016-05-22,2016-06-03,12,0.7879111325059333
FOODS_3_470,TX_2,FOODS_3,medium,2016-05-22,2016-06-03,12,0.7042300210236083
FOODS_3_479,TX_2,FOODS_3,medium,2016-05-22,2016-06-03,12,0.9015319569603609
FOODS_3_480,TX_2,FOODS_3,medium,2016-05-22,2016-06-03,12,0.7409788114144583
FOODS_3_482,TX_2,FOODS_3,low,2016-05-22,2016-06-03,12,1.0767620301850793
FOODS_3_501,TX_2,FOODS_3,high,2016-05-22,2016-06-03,12,13.154662503336041
FOODS_3_511,TX_2,FOODS_3,high,2016-05-22,2016-06-03,12,11.097276656117591
FOODS_3_520,TX_2,FOODS_3,medium,2016-05-22,2016-06-03,12,1.0385810569201372
FOODS_3_532,TX_2,FOODS_3,medium,2016-05-22,2016-06-03,12,1.8312663908191582
FOODS_3_539,TX_2,FOODS_3,low,2016-05-22,2016-06-03,12,0.3939819068456677
FOODS_3_550,TX_2,FOODS_3,low,2016-05-22,2016-06-03,12,0.3595820292912356
FOODS_3_558,TX_2,FOODS_3,low,2016-05-22,2016-06-03,12,0.188682496916524
FOODS_3_601,TX_2,FOODS_3,low,2016-05-22,2016-06-03,12,0.21371680803997764
FOODS_3_611,TX_2,FOODS_3,high,2016-05-22,2016-06-03,12,2.8397442932024943
FOODS_3_616,TX_2,FOODS_3,medium,2016-05-22,2016-06-03,12,2.206387280507426
FOODS_3_635,TX_2,FOODS_3,high,2016-05-22,2016-06-03,12,0.0
FOODS_3_640,TX_2,FOODS_3,low,2016-05-22,2016-06-03,12,0.8654856469495131
FOODS_3_641,TX_2,FOODS_3,low,2016-05-22,2016-06-03,12,0.3992597427021768
FOODS_3_648,TX_2,FOODS_3,medium,2016-05-22,2016-06-03,12,1.524387134068906
FOODS_3_658,TX_2,FOODS_3,low,2016-05-22,2016-06-03,12,0.3859068663312409
FOODS_3_661,TX_2,FOODS_3,high,2016-05-22,2016-06-03,12,4.291042486698631
FOODS_3_666,TX_2,FOODS_3,medium,2016-05-22,2016-06-03,12,1.1387458172108351
FOODS_3_677,TX_2,FOODS_3,low,2016-05-22,2016-06-03,12,0.9307599065599028
FOODS_3_709,TX_2,FOODS_3,low,2016-05-22,2016-06-03,12,1.3535472764201735
FOODS_3_724,TX_2,FOODS_3,low,2016-05-22,2016-06-03,12,0.40600598064915866
FOODS_3_795,TX_2,FOODS_3,medium,2016-05-22,2016-06-03,12,2.247464488080307
FOODS_3_801,TX_2,FOODS_3,high,2016-05-22,2016-06-03,12,1.902449121167005
FOODS_3_817,TX_2,FOODS_3,medium,2016-05-22,2016-06-03,12,0.5166346204348139
FOODS_1_017,WI_3,FOODS_1,low,2016-05-22,2016-06-03,12,0.938158094458182
FOODS_1_020,WI_3,FOODS_1,medium,2016-05-22,2016-06-03,12,1.2393886029785934
FOODS_1_042,WI_3,FOODS_1,high,2016-05-22,2016-06-03,12,2.251440098242596
FOODS_1_082,WI_3,FOODS_1,high,2016-05-22,2016-06-03,12,8.421038526897572
FOODS_1_086,WI_3,FOODS_1,high,2016-05-22,2016-06-03,12,2.066821676413387
FOODS_1_089,WI_3,FOODS_1,low,2016-05-22,2016-06-03,12,0.32211431929619966
FOODS_1_099,WI_3,FOODS_1,high,2016-05-22,2016-06-03,12,2.7572114990561594
FOODS_1_112,WI_3,FOODS_1,medium,2016-05-22,2016-06-03,12,0.46343959534651935
FOODS_1_135,WI_3,FOODS_1,low,2016-05-22,2016-06-03,12,0.46725381953793915
FOODS_1_155,WI_3,FOODS_1,medium,2016-05-22,2016-06-03,12,1.0301084218806709
FOODS_1_156,WI_3,FOODS_1,low,2016-05-22,2016-06-03,12,0.6142768956585994
FOODS_1_172,WI_3,FOODS_1,high,2016-05-22,2016-06-03,12,2.858643700484066
FOODS_1_175,WI_3,FOODS_1,medium,2016-05-22,2016-06-03,12,0.3948641049943332
FOODS_1_210,WI_3,FOODS_1,medium,2016-05-22,2016-06-03,12,2.3966689030304664
FOODS_1_214,WI_3,FOODS_1,low,2016-05-22,2016-06-03,12,0.5636219483575856
FOODS_2_021,WI_3,FOODS_2,high,2016-05-22,2016-06-03,12,5.825522057154859
FOODS_2_024,WI_3,FOODS_2,medium,2016-05-22,2016-06-03,12,0.5533105515574741
FOODS_2_028,WI_3,FOODS_2,low,2016-05-22,2016-06-03,12,0.6772599191614319
FOODS_2_040,WI_3,FOODS_2,low,2016-05-22,2016-06-03,12,0.5960986598882628
FOODS_2_059,WI_3,FOODS_2,high,2016-05-22,2016-06-03,12,2.919025941595625
FOODS_2_072,WI_3,FOODS_2,medium,2016-05-22,2016-06-03,12,1.5666854767959084
FOODS_2_095,WI_3,FOODS_2,low,2016-05-22,2016-06-03,12,1.3594410804784647
FOODS_2_116,WI_3,FOODS_2,high,2016-05-22,2016-06-03,12,0.8641324447319493
FOODS_2_136,WI_3,FOODS_2,medium,2016-05-22,2016-06-03,12,2.5372440074424425
FOODS_2_139,WI_3,FOODS_2,high,2016-05-22,2016-06-03,12,1.0515888605804562
FOODS_2_146,WI_3,FOODS_2,medium,2016-05-22,2016-06-03,12,0.9049433588220408
FOODS_2_150,WI_3,FOODS_2,high,2016-05-22,2016-06-03,12,1.5071525247153696
FOODS_2_170,WI_3,FOODS_2,medium,2016-05-22,2016-06-03,12,1.5915976526354954
FOODS_2_178,WI_3,FOODS_2,low,2016-05-22,2016-06-03,12,1.2153193191072114
FOODS_2_180,WI_3,FOODS_2,low,2016-05-22,2016-06-03,12,1.1169447576886544
FOODS_2_184,WI_3,FOODS_2,high,2016-05-22,2016-06-03,12,0.7586964768638632
FOODS_2_209,WI_3,FOODS_2,low,2016-05-22,2016-06-03,12,0.9067545277142417
FOODS_2_218,WI_3,FOODS_2,low,2016-05-22,2016-06-03,12,0.3573381304659114
FOODS_2_251,WI_3,FOODS_2,medium,2016-05-22,2016-06-03,12,2.404693756861984
FOODS_2_301,WI_3,FOODS_2,low,2016-05-22,2016-06-03,12,0.9847866843071952
FOODS_2_302,WI_3,FOODS_2,medium,2016-05-22,2016-06-03,12,1.9520491507030733
FOODS_2_304,WI_3,FOODS_2,medium,2016-05-22,2016-06-03,12,1.6428868398470482
FOODS_2_322,WI_3,FOODS_2,high,2016-05-22,2016-06-03,12,4.681252271616752
FOODS_2_336,WI_3,FOODS_2,low,2016-05-22,2016-06-03,12,0.9190027351692629
FOODS_2_339,WI_3,FOODS_2,medium,2016-05-22,2016-06-03,12,2.1896022802462043
FOODS_2_357,WI_3,FOODS_2,high,2016-05-22,2016-06-03,12,4.36683598832998
FOODS_2_360,WI_3,FOODS_2,high,2016-05-22,2016-06-03,12,18.463065185647555
FOODS_2_367,WI_3,FOODS_2,medium,2016-05-22,2016-06-03,12,0.4602377925211772
FOODS_3_026,WI_3,FOODS_3,high,2016-05-22,2016-06-03,12,2.1515486772569514
FOODS_3_048,WI_3,FOODS_3,medium,2016-05-22,2016-06-03,12,3.989285188572153
FOODS_3_053,WI_3,FOODS_3,medium,2016-05-22,2016-06-03,12,0.5100377516004189
FOODS_3_068,WI_3,FOODS_3,low,2016-05-22,2016-06-03,12,0.2147840512953579
FOODS_3_074,WI_3,FOODS_3,medium,2016-05-22,2016-06-03,12,0.7704023148717274
FOODS_3_089,WI_3,FOODS_3,high,2016-05-22,2016-06-03,12,1.989398390204912
FOODS_3_096,WI_3,FOODS_3,medium,2016-05-22,2016-06-03,12,0.5315310402715719
FOODS_3_099,WI_3,FOODS_3,high,2016-05-22,2016-06-03,12,10.271546504234887
FOODS_3_113,WI_3,FOODS_3,high,2016-05-22,2016-06-03,12,2.9454543403932187
FOODS_3_123,WI_3,FOODS_3,low,2016-05-22,2016-06-03,12,0.42390537077313517
FOODS_3_135,WI_3,FOODS_3,high,2016-05-22,2016-06-03,12,8.234313544779623
FOODS_3_179,WI_3,FOODS_3,low,2016-05-22,2016-06-03,12,0.27413763770426336
FOODS_3_187,WI_3,FOODS_3,medium,2016-05-22,2016-06-03,12,1.7952839849506523
FOODS_3_223,WI_3,FOODS_3,low,2016-05-22,2016-06-03,12,1.121428220702811
FOODS_3_240,WI_3,FOODS_3,low,2016-05-22,2016-06-03,12,0.32934574890778634
FOODS_3_249,WI_3,FOODS_3,medium,2016-05-22,2016-06-03,12,1.0079409956644296
FOODS_3_263,WI_3,FOODS_3,high,2016-05-22,2016-06-03,12,11.686611147421045
FOODS_3_276,WI_3,FOODS_3,high,2016-05-22,2016-06-03,12,0.0
FOODS_3_312,WI_3,FOODS_3,low,2016-05-22,2016-06-03,12,0.5718298136560124
FOODS_3_319,WI_3,FOODS_3,high,2016-05-22,2016-06-03,12,0.0
FOODS_3_321,WI_3,FOODS_3,high,2016-05-22,2016-06-03,12,5.342708469120426
FOODS_3_327,WI_3,FOODS_3,high,2016-05-22,2016-06-03,12,1.9754015757832446
FOODS_3_329,WI_3,FOODS_3,high,2016-05-22,2016-06-03,12,19.445835170305287
FOODS_3_340,WI_3,FOODS_3,low,2016-05-22,2016-06-03,12,0.5474480640034737
FOODS_3_354,WI_3,FOODS_3,low,2016-05-22,2016-06-03,12,0.6008706978207723
FOODS_3_360,WI_3,FOODS_3,medium,2016-05-22,2016-06-03,12,0.31732268782495915
FOODS_3_383,WI_3,FOODS_3,high,2016-05-22,2016-06-03,12,1.8305501127753379
FOODS_3_387,WI_3,FOODS_3,medium,2016-05-22,2016-06-03,12,1.0188815337139006
FOODS_3_432,WI_3,FOODS_3,high,2016-05-22,2016-06-03,12,1.0263392492565946
FOODS_3_467,WI_3,FOODS_3,medium,2016-05-22,2016-06-03,12,1.1303251525780684
FOODS_3_470,WI_3,FOODS_3,medium,2016-05-22,2016-06-03,12,1.0474700595984712
FOODS_3_479,WI_3,FOODS_3,medium,2016-05-22,2016-06-03,12,0.7801656052828865
FOODS_3_480,WI_3,FOODS_3,medium,2016-05-22,2016-06-03,12,0.7039284570351942
FOODS_3_482,WI_3,FOODS_3,low,2016-05-22,2016-06-03,12,0.4388763757344946
FOODS_3_501,WI_3,FOODS_3,high,2016-05-22,2016-06-03,12,9.218552362824267
FOODS_3_511,WI_3,FOODS_3,high,2016-05-22,2016-06-03,12,8.432011151175262
FOODS_3_520,WI_3,FOODS_3,medium,2016-05-22,2016-06-03,12,0.6349607777873907
FOODS_3_532,WI_3,FOODS_3,medium,2016-05-22,2016-06-03,12,2.3987875152694182
FOODS_3_539,WI_3,FOODS_3,low,2016-05-22,2016-06-03,12,0.42556160944561017
FOODS_3_550,WI_3,FOODS_3,low,2016-05-22,2016-06-03,12,0.4394218901713343
FOODS_3_558,WI_3,FOODS_3,low,2016-05-22,2016-06-03,12,0.3806326998191669
FOODS_3_601,WI_3,FOODS_3,low,2016-05-22,2016-06-03,12,0.40264234173084185
FOODS_3_611,WI_3,FOODS_3,high,2016-05-22,2016-06-03,12,0.6048149409709956
FOODS_3_616,WI_3,FOODS_3,medium,2016-05-22,2016-06-03,12,0.9627380920153265
FOODS_3_635,WI_3,FOODS_3,high,2016-05-22,2016-06-03,12,0.0
FOODS_3_640,WI_3,FOODS_3,low,2016-05-22,2016-06-03,12,1.4016290868033698
FOODS_3_641,WI_3,FOODS_3,low,2016-05-22,2016-06-03,12,0.7753974684348973
FOODS_3_648,WI_3,FOODS_3,medium,2016-05-22,2016-06-03,12,0.9792180167993212
FOODS_3_658,WI_3,FOODS_3,low,2016-05-22,2016-06-03,12,0.4203118048795585
FOODS_3_661,WI_3,FOODS_3,high,2016-05-22,2016-06-03,12,3.400289232268932
FOODS_3_666,WI_3,FOODS_3,medium,2016-05-22,2016-06-03,12,0.9041510886632782
FOODS_3_677,WI_3,FOODS_3,low,2016-05-22,2016-06-03,12,0.26957534368625485
FOODS_3_709,WI_3,FOODS_3,low,2016-05-22,2016-06-03,12,1.3711195600137194
FOODS_3_724,WI_3,FOODS_3,low,2016-05-22,2016-06-03,12,0.1818200800376022
FOODS_3_795,WI_3,FOODS_3,medium,2016-05-22,2016-06-03,12,1.4304733341984268
FOODS_3_801,WI_3,FOODS_3,high,2016-05-22,2016-06-03,12,3.2413582244464445
FOODS_3_817,WI_3,FOODS_3,medium,2016-05-22,2016-06-03,12,0.27555474859927737
FOODS_1_017,CA_1,FOODS_1,low,2016-05-22,2016-06-04,13,1.4267718613120814
FOODS_1_020,CA_1,FOODS_1,medium,2016-05-22,2016-06-04,13,1.7708123821170694
FOODS_1_042,CA_1,FOODS_1,high,2016-05-22,2016-06-04,13,2.633598661337308
FOODS_1_082,CA_1,FOODS_1,high,2016-05-22,2016-06-04,13,8.571825321506314
FOODS_1_086,CA_1,FOODS_1,high,2016-05-22,2016-06-04,13,3.9457719826947732
FOODS_1_089,CA_1,FOODS_1,low,2016-05-22,2016-06-04,13,0.6654258381772017
FOODS_1_099,CA_1,FOODS_1,high,2016-05-22,2016-06-04,13,7.811202007597567
FOODS_1_112,CA_1,FOODS_1,medium,2016-05-22,2016-06-04,13,1.665026536307534
FOODS_1_135,CA_1,FOODS_1,low,2016-05-22,2016-06-04,13,1.6248704365212971
FOODS_1_155,CA_1,FOODS_1,medium,2016-05-22,2016-06-04,13,0.7130289547063938
FOODS_1_156,CA_1,FOODS_1,low,2016-05-22,2016-06-04,13,1.6438630482266579
FOODS_1_172,CA_1,FOODS_1,high,2016-05-22,2016-06-04,13,1.581461801022505
FOODS_1_175,CA_1,FOODS_1,medium,2016-05-22,2016-06-04,13,1.7578809263945065
FOODS_1_210,CA_1,FOODS_1,medium,2016-05-22,2016-06-04,13,2.3656029967012877
FOODS_1_214,CA_1,FOODS_1,low,2016-05-22,2016-06-04,13,1.1949199202706124
FOODS_2_021,CA_1,FOODS_2,high,2016-05-22,2016-06-04,13,6.263238842766617
FOODS_2_024,CA_1,FOODS_2,medium,2016-05-22,2016-06-04,13,1.6417860389406032
FOODS_2_028,CA_1,FOODS_2,low,2016-05-22,2016-06-04,13,0.5015897380063298
FOODS_2_040,CA_1,FOODS_2,low,2016-05-22,2016-06-04,13,0.9832358917137426
FOODS_2_059,CA_1,FOODS_2,high,2016-05-22,2016-06-04,13,1.8919506488841005
FOODS_2_072,CA_1,FOODS_2,medium,2016-05-22,2016-06-04,13,0.7702166726926739
FOODS_2_095,CA_1,FOODS_2,low,2016-05-22,2016-06-04,13,0.8212849658180998
FOODS_2_116,CA_1,FOODS_2,high,2016-05-22,2016-06-04,13,0.9981347496499904
FOODS_2_136,CA_1,FOODS_2,medium,2016-05-22,2016-06-04,13,0.5731123428199794
FOODS_2_139,CA_1,FOODS_2,high,2016-05-22,2016-06-04,13,1.6597274751241446
FOODS_2_146,CA_1,FOODS_2,medium,2016-05-22,2016-06-04,13,1.3413088032988034
FOODS_2_150,CA_1,FOODS_2,high,2016-05-22,2016-06-04,13,2.6432214321259777
FOODS_2_170,CA_1,FOODS_2,medium,2016-05-22,2016-06-04,13,1.6799882338912817
FOODS_2_178,CA_1,FOODS_2,low,2016-05-22,2016-06-04,13,0.8244029467419783
FOODS_2_180,CA_1,FOODS_2,low,2016-05-22,2016-06-04,13,0.5479064599322815
FOODS_2_184,CA_1,FOODS_2,high,2016-05-22,2016-06-04,13,1.0403587100424023
FOODS_2_209,CA_1,FOODS_2,low,2016-05-22,2016-06-04,13,0.5967561395920328
FOODS_2_218,CA_1,FOODS_2,low,2016-05-22,2016-06-04,13,0.9473464126424779
FOODS_2_251,CA_1,FOODS_2,medium,2016-05-22,2016-06-04,13,0.728474724595263
FOODS_2_301,CA_1,FOODS_2,low,2016-05-22,2016-06-04,13,0.8961566338325918
FOODS_2_302,CA_1,FOODS_2,medium,2016-05-22,2016-06-04,13,1.3552302246805028
FOODS_2_304,CA_1,FOODS_2,medium,2016-05-22,2016-06-04,13,2.463293630596632
FOODS_2_322,CA_1,FOODS_2,high,2016-05-22,2016-06-04,13,0.728452347733545
FOODS_2_336,CA_1,FOODS_2,low,2016-05-22,2016-06-04,13,0.41123737431735535
FOODS_2_339,CA_1,FOODS_2,medium,2016-05-22,2016-06-04,13,1.0039256563430072
FOODS_2_357,CA_1,FOODS_2,high,2016-05-22,2016-06-04,13,2.420213976609778
FOODS_2_360,CA_1,FOODS_2,high,2016-05-22,2016-06-04,13,11.686658084044959
FOODS_2_367,CA_1,FOODS_2,medium,2016-05-22,2016-06-04,13,0.6278055093657648
FOODS_3_026,CA_1,FOODS_3,high,2016-05-22,2016-06-04,13,1.7292474699333946
FOODS_3_048,CA_1,FOODS_3,medium,2016-05-22,2016-06-04,13,1.9886428891989019
FOODS_3_053,CA_1,FOODS_3,medium,2016-05-22,2016-06-04,13,3.6255345902927276
FOODS_3_068,CA_1,FOODS_3,low,2016-05-22,2016-06-04,13,0.4625117702757504
FOODS_3_074,CA_1,FOODS_3,medium,2016-05-22,2016-06-04,13,1.8985266851441847
FOODS_3_089,CA_1,FOODS_3,high,2016-05-22,2016-06-04,13,1.0598224990477196
FOODS_3_096,CA_1,FOODS_3,medium,2016-05-22,2016-06-04,13,1.0603670566824184
FOODS_3_099,CA_1,FOODS_3,high,2016-05-22,2016-06-04,13,15.210923386556598
FOODS_3_113,CA_1,FOODS_3,high,2016-05-22,2016-06-04,13,4.252500505295602
FOODS_3_123,CA_1,FOODS_3,low,2016-05-22,2016-06-04,13,2.0164384025839754
FOODS_3_135,CA_1,FOODS_3,high,2016-05-22,2016-06-04,13,6.146731433242239
FOODS_3_179,CA_1,FOODS_3,low,2016-05-22,2016-06-04,13,0.9081064835953637
FOODS_3_187,CA_1,FOODS_3,medium,2016-05-22,2016-06-04,13,1.2449373481855877
FOODS_3_223,CA_1,FOODS_3,low,2016-05-22,2016-06-04,13,1.1089436604370515
FOODS_3_240,CA_1,FOODS_3,low,2016-05-22,2016-06-04,13,0.7640302187959694
FOODS_3_249,CA_1,FOODS_3,medium,2016-05-22,2016-06-04,13,3.666034578782974
FOODS_3_263,CA_1,FOODS_3,high,2016-05-22,2016-06-04,13,9.796787881419661
FOODS_3_276,CA_1,FOODS_3,high,2016-05-22,2016-06-04,13,0.0
FOODS_3_312,CA_1,FOODS_3,low,2016-05-22,2016-06-04,13,1.315242487601948
FOODS_3_319,CA_1,FOODS_3,high,2016-05-22,2016-06-04,13,0.0
FOODS_3_321,CA_1,FOODS_3,high,2016-05-22,2016-06-04,13,5.459423283560747
FOODS_3_327,CA_1,FOODS_3,high,2016-05-22,2016-06-04,13,2.5533314670023564
FOODS_3_329,CA_1,FOODS_3,high,2016-05-22,2016-06-04,13,18.910947806902595
FOODS_3_340,CA_1,FOODS_3,low,2016-05-22,2016-06-04,13,0.5465593872554146
FOODS_3_354,CA_1,FOODS_3,low,2016-05-22,2016-06-04,13,0.2193518802456962
FOODS_3_360,CA_1,FOODS_3,medium,2016-05-22,2016-06-04,13,0.3264922055760856
FOODS_3_383,CA_1,FOODS_3,high,2016-05-22,2016-06-04,13,4.129035883619365
FOODS_3_387,CA_1,FOODS_3,medium,2016-05-22,2016-06-04,13,1.7067821891970276
FOODS_3_432,CA_1,FOODS_3,high,2016-05-22,2016-06-04,13,0.507054407226902
FOODS_3_467,CA_1,FOODS_3,medium,2016-05-22,2016-06-04,13,1.3525965997973195
FOODS_3_470,CA_1,FOODS_3,medium,2016-05-22,2016-06-04,13,0.719779344701705
FOODS_3_479,CA_1,FOODS_3,medium,2016-05-22,2016-06-04,13,0.6784410226555506
FOODS_3_480,CA_1,FOODS_3,medium,2016-05-22,2016-06-04,13,1.2017320670257625
FOODS_3_482,CA_1,FOODS_3,low,2016-05-22,2016-06-04,13,2.4650025608133417
FOODS_3_501,CA_1,FOODS_3,high,2016-05-22,2016-06-04,13,23.541713295089295
FOODS_3_511,CA_1,FOODS_3,high,2016-05-22,2016-06-04,13,25.534469978384482
FOODS_3_520,CA_1,FOODS_3,medium,2016-05-22,2016-06-04,13,0.6677383912070319
FOODS_3_532,CA_1,FOODS_3,medium,2016-05-22,2016-06-04,13,1.8038083768840725
FOODS_3_539,CA_1,FOODS_3,low,2016-05-22,2016-06-04,13,0.6796437172361353
FOODS_3_550,CA_1,FOODS_3,low,2016-05-22,2016-06-04,13,0.34806252238536456
FOODS_3_558,CA_1,FOODS_3,low,2016-05-22,2016-06-04,13,0.6191773308209586
FOODS_3_601,CA_1,FOODS_3,low,2016-05-22,2016-06-04,13,0.13758636752885062
FOODS_3_611,CA_1,FOODS_3,high,2016-05-22,2016-06-04,13,1.4642090771122367
FOODS_3_616,CA_1,FOODS_3,medium,2016-05-22,2016-06-04,13,1.1534455143021634
FOODS_3_635,CA_1,FOODS_3,high,2016-05-22,2016-06-04,13,0.0
FOODS_3_640,CA_1,FOODS_3,low,2016-05-22,2016-06-04,13,2.4983823840195796
FOODS_3_641,CA_1,FOODS_3,low,2016-05-22,2016-06-04,13,2.941978923383176
FOODS_3_648,CA_1,FOODS_3,medium,2016-05-22,2016-06-04,13,0.7556661204991605
FOODS_3_658,CA_1,FOODS_3,low,2016-05-22,2016-06-04,13,0.9457757965839132
FOODS_3_661,CA_1,FOODS_3,high,2016-05-22,2016-06-04,13,4.387682125519246
FOODS_3_666,CA_1,FOODS_3,medium,2016-05-22,2016-06-04,13,1.0829989519846601
FOODS_3_677,CA_1,FOODS_3,low,2016-05-22,2016-06-04,13,0.648369884951015
FOODS_3_709,CA_1,FOODS_3,low,2016-05-22,2016-06-04,13,0.36414249844549784
FOODS_3_724,CA_1,FOODS_3,low,2016-05-22,2016-06-04,13,0.44565422976910796
FOODS_3_795,CA_1,FOODS_3,medium,2016-05-22,2016-06-04,13,3.430418508403593
FOODS_3_801,CA_1,FOODS_3,high,2016-05-22,2016-06-04,13,1.7206251402819313
FOODS_3_817,CA_1,FOODS_3,medium,2016-05-22,2016-06-04,13,0.7548139124688623
FOODS_1_017,TX_2,FOODS_1,low,2016-05-22,2016-06-04,13,0.5196701145264294
FOODS_1_020,TX_2,FOODS_1,medium,2016-05-22,2016-06-04,13,0.6591400212868439
FOODS_1_042,TX_2,FOODS_1,high,2016-05-22,2016-06-04,13,5.094569483013111
FOODS_1_082,TX_2,FOODS_1,high,2016-05-22,2016-06-04,13,2.153372563183392
FOODS_1_086,TX_2,FOODS_1,high,2016-05-22,2016-06-04,13,0.3657802363414765
FOODS_1_089,TX_2,FOODS_1,low,2016-05-22,2016-06-04,13,0.36167381630443834
FOODS_1_099,TX_2,FOODS_1,high,2016-05-22,2016-06-04,13,8.187600252196475
FOODS_1_112,TX_2,FOODS_1,medium,2016-05-22,2016-06-04,13,0.4704169697642881
FOODS_1_135,TX_2,FOODS_1,low,2016-05-22,2016-06-04,13,0.3242152642791512
FOODS_1_155,TX_2,FOODS_1,medium,2016-05-22,2016-06-04,13,1.5375365326371668
FOODS_1_156,TX_2,FOODS_1,low,2016-05-22,2016-06-04,13,0.4200049069446633
FOODS_1_172,TX_2,FOODS_1,high,2016-05-22,2016-06-04,13,3.3480999342924123
FOODS_1_175,TX_2,FOODS_1,medium,2016-05-22,2016-06-04,13,0.6775680932574074
FOODS_1_210,TX_2,FOODS_1,medium,2016-05-22,2016-06-04,13,5.022470884073586
FOODS_1_214,TX_2,FOODS_1,low,2016-05-22,2016-06-04,13,0.4083655126764287
FOODS_2_021,TX_2,FOODS_2,high,2016-05-22,2016-06-04,13,0.44649567144798163
FOODS_2_024,TX_2,FOODS_2,medium,2016-05-22,2016-06-04,13,0.17105834094762162
FOODS_2_028,TX_2,FOODS_2,low,2016-05-22,2016-06-04,13,0.9838067851936049
FOODS_2_040,TX_2,FOODS_2,low,2016-05-22,2016-06-04,13,0.06427057897988178
FOODS_2_059,TX_2,FOODS_2,high,2016-05-22,2016-06-04,13,1.6748972039259191
FOODS_2_072,TX_2,FOODS_2,medium,2016-05-22,2016-06-04,13,0.5291347034868767
FOODS_2_095,TX_2,FOODS_2,low,2016-05-22,2016-06-04,13,0.48585677205613137
FOODS_2_116,TX_2,FOODS_2,high,2016-05-22,2016-06-04,13,0.5772654391946344
FOODS_2_136,TX_2,FOODS_2,medium,2016-05-22,2016-06-04,13,0.5529677505614352
FOODS_2_139,TX_2,FOODS_2,high,2016-05-22,2016-06-04,13,1.4439495942406164
FOODS_2_146,TX_2,FOODS_2,medium,2016-05-22,2016-06-04,13,0.9432880350630002
FOODS_2_150,TX_2,FOODS_2,high,2016-05-22,2016-06-04,13,1.205056986925205
FOODS_2_170,TX_2,FOODS_2,medium,2016-05-22,2016-06-04,13,1.5354965164601349
FOODS_2_178,TX_2,FOODS_2,low,2016-05-22,2016-06-04,13,0.39761878306115583
FOODS_2_180,TX_2,FOODS_2,low,2016-05-22,2016-06-04,13,2.4153015193231475
FOODS_2_184,TX_2,FOODS_2,high,2016-05-22,2016-06-04,13,2.463807745996427
FOODS_2_209,TX_2,FOODS_2,low,2016-05-22,2016-06-04,13,0.0
FOODS_2_218,TX_2,FOODS_2,low,2016-05-22,2016-06-04,13,0.010331289000993843
FOODS_2_251,TX_2,FOODS_2,medium,2016-05-22,2016-06-04,13,1.8750851522888854
FOODS_2_301,TX_2,FOODS_2,low,2016-05-22,2016-06-04,13,1.4308436674795448
FOODS_2_302,TX_2,FOODS_2,medium,2016-05-22,2016-06-04,13,1.0117349155874422
FOODS_2_304,TX_2,FOODS_2,medium,2016-05-22,2016-06-04,13,1.9134991462266946
FOODS_2_322,TX_2,FOODS_2,high,2016-05-22,2016-06-04,13,3.4859979376676926
FOODS_2_336,TX_2,FOODS_2,low,2016-05-22,2016-06-04,13,0.4037704424360146
FOODS_2_339,TX_2,FOODS_2,medium,2016-05-22,2016-06-04,13,0.5117211260260702
FOODS_2_357,TX_2,FOODS_2,high,2016-05-22,2016-06-04,13,1.6674410016659813
FOODS_2_360,TX_2,FOODS_2,high,2016-05-22,2016-06-04,13,10.287605368905878
FOODS_2_367,TX_2,FOODS_2,medium,2016-05-22,2016-06-04,13,0.0
FOODS_3_026,TX_2,FOODS_3,high,2016-05-22,2016-06-04,13,1.5238530817991323
FOODS_3_048,TX_2,FOODS_3,medium,2016-05-22,2016-06-04,13,2.6077042161985884
FOODS_3_053,TX_2,FOODS_3,medium,2016-05-22,2016-06-04,13,1.1460250433533588
FOODS_3_068,TX_2,FOODS_3,low,2016-05-22,2016-06-04,13,0.5214044490183001
FOODS_3_074,TX_2,FOODS_3,medium,2016-05-22,2016-06-04,13,1.3301365348321152
FOODS_3_089,TX_2,FOODS_3,high,2016-05-22,2016-06-04,13,0.8545941555764557
FOODS_3_096,TX_2,FOODS_3,medium,2016-05-22,2016-06-04,13,0.574453057818652
FOODS_3_099,TX_2,FOODS_3,high,2016-05-22,2016-06-04,13,17.2196812244437
FOODS_3_113,TX_2,FOODS_3,high,2016-05-22,2016-06-04,13,0.7073997787481854
FOODS_3_123,TX_2,FOODS_3,low,2016-05-22,2016-06-04,13,0.5145996735244339
FOODS_3_135,TX_2,FOODS_3,high,2016-05-22,2016-06-04,13,14.262916452730291
FOODS_3_179,TX_2,FOODS_3,low,2016-05-22,2016-06-04,13,0.35723692889434133
FOODS_3_187,TX_2,FOODS_3,medium,2016-05-22,2016-06-04,13,1.0833155271257089
FOODS_3_223,TX_2,FOODS_3,low,2016-05-22,2016-06-04,13,0.37508098396893835
FOODS_3_240,TX_2,FOODS_3,low,2016-05-22,2016-06-04,13,0.13738018115253953
FOODS_3_249,TX_2,FOODS_3,medium,2016-05-22,2016-06-04,13,1.9338294927861825
FOODS_3_263,TX_2,FOODS_3,high,2016-05-22,2016-06-04,13,15.013682226686253
FOODS_3_276,TX_2,FOODS_3,high,2016-05-22,2016-06-04,13,0.0
FOODS_3_312,TX_2,FOODS_3,low,2016-05-22,2016-06-04,13,0.7817802328532661
FOODS_3_319,TX_2,FOODS_3,high,2016-05-22,2016-06-04,13,0.0
FOODS_3_321,TX_2,FOODS_3,high,2016-05-22,2016-06-04,13,9.66581511197152
FOODS_3_327,TX_2,FOODS_3,high,2016-05-22,2016-06-04,13,4.305438698431063
FOODS_3_329,TX_2,FOODS_3,high,2016-05-22,2016-06-04,13,16.973584100975206
FOODS_3_340,TX_2,FOODS_3,low,2016-05-22,2016-06-04,13,0.7542978754970778
FOODS_3_354,TX_2,FOODS_3,low,2016-05-22,2016-06-04,13,0.7130094477473469
FOODS_3_360,TX_2,FOODS_3,medium,2016-05-22,2016-06-04,13,0.4196777877043331
FOODS_3_383,TX_2,FOODS_3,high,2016-05-22,2016-06-04,13,2.3341853751132553
FOODS_3_387,TX_2,FOODS_3,medium,2016-05-22,2016-06-04,13,0.9595597014241513
FOODS_3_432,TX_2,FOODS_3,high,2016-05-22,2016-06-04,13,1.8874147505856775
FOODS_3_467,TX_2,FOODS_3,medium,2016-05-22,2016-06-04,13,0.7446222443811451
FOODS_3_470,TX_2,FOODS_3,medium,2016-05-22,2016-06-04,13,0.693666807488737
FOODS_3_479,TX_2,FOODS_3,medium,2016-05-22,2016-06-04,13,0.9337295268518024
FOODS_3_480,TX_2,FOODS_3,medium,2016-05-22,2016-06-04,13,0.7674423403935461
FOODS_3_482,TX_2,FOODS_3,low,2016-05-22,2016-06-04,13,1.0795035312631178
FOODS_3_501,TX_2,FOODS_3,high,2016-05-22,2016-06-04,13,13.053043307026613
FOODS_3_511,TX_2,FOODS_3,high,2016-05-22,2016-06-04,13,10.993607965264648
FOODS_3_520,TX_2,FOODS_3,medium,2016-05-22,2016-06-04,13,1.0399589518101422
FOODS_3_532,TX_2,FOODS_3,medium,2016-05-22,2016-06-04,13,1.8966687619198426
FOODS_3_539,TX_2,FOODS_3,low,2016-05-22,2016-06-04,13,0.408052689233013
FOODS_3_550,TX_2,FOODS_3,low,2016-05-22,2016-06-04,13,0.3009956731944939
FOODS_3_558,TX_2,FOODS_3,low,2016-05-22,2016-06-04,13,0.19542115752068562
FOODS_3_601,TX_2,FOODS_3,low,2016-05-22,2016-06-04,13,0.18563526546997686
FOODS_3_611,TX_2,FOODS_3,high,2016-05-22,2016-06-04,13,2.834020875102584
FOODS_3_616,TX_2,FOODS_3,medium,2016-05-22,2016-06-04,13,2.178043969096977
FOODS_3_635,TX_2,FOODS_3,high,2016-05-22,2016-06-04,13,0.0
FOODS_3_640,TX_2,FOODS_3,low,2016-05-22,2016-06-04,13,0.8963958486262813
FOODS_3_641,TX_2,FOODS_3,low,2016-05-22,2016-06-04,13,0.342090447798683
FOODS_3_648,TX_2,FOODS_3,medium,2016-05-22,2016-06-04,13,1.5788295317142238
FOODS_3_658,TX_2,FOODS_3,low,2016-05-22,2016-06-04,13,0.39968925441449954
FOODS_3_661,TX_2,FOODS_3,high,2016-05-22,2016-06-04,13,4.158579718366438
FOODS_3_666,TX_2,FOODS_3,medium,2016-05-22,2016-06-04,13,1.0722724535397934
FOODS_3_677,TX_2,FOODS_3,low,2016-05-22,2016-06-04,13,0.8211441889370423
FOODS_3_709,TX_2,FOODS_3,low,2016-05-22,2016-06-04,13,1.3661739648637512
FOODS_3_724,TX_2,FOODS_3,low,2016-05-22,2016-06-04,13,0.42050619424377145
FOODS_3_795,TX_2,FOODS_3,medium,2016-05-22,2016-06-04,13,2.256302505511747
FOODS_3_801,TX_2,FOODS_3,high,2016-05-22,2016-06-04,13,1.8989651612086837
FOODS_3_817,TX_2,FOODS_3,medium,2016-05-22,2016-06-04,13,0.5350858568789144
FOODS_1_017,WI_3,FOODS_1,low,2016-05-22,2016-06-04,13,0.9359494549745454
FOODS_1_020,WI_3,FOODS_1,medium,2016-05-22,2016-06-04,13,1.247938195942115
FOODS_1_042,WI_3,FOODS_1,high,2016-05-22,2016-06-04,13,2.26042010175126
FOODS_1_082,WI_3,FOODS_1,high,2016-05-22,2016-06-04,13,8.507504188572486
FOODS_1_086,WI_3,FOODS_1,high,2016-05-22,2016-06-04,13,2.069208164856722
FOODS_1_089,WI_3,FOODS_1,low,2016-05-22,2016-06-04,13,0.33361840212820676
FOODS_1_099,WI_3,FOODS_1,high,2016-05-22,2016-06-04,13,2.855683338308165
FOODS_1_112,WI_3,FOODS_1,medium,2016-05-22,2016-06-04,13,0.4442767237517522
FOODS_1_135,WI_3,FOODS_1,low,2016-05-22,2016-06-04,13,0.4839414559500084
FOODS_1_155,WI_3,FOODS_1,medium,2016-05-22,2016-06-04,13,1.0668980083764088
FOODS_1_156,WI_3,FOODS_1,low,2016-05-22,2016-06-04,13,0.6005010705035494
FOODS_1_172,WI_3,FOODS_1,high,2016-05-22,2016-06-04,13,2.9250238326442117
FOODS_1_175,WI_3,FOODS_1,medium,2016-05-22,2016-06-04,13,0.4089663944584165
FOODS_1_210,WI_3,FOODS_1,medium,2016-05-22,2016-06-04,13,2.3751213638529833
FOODS_1_214,WI_3,FOODS_1,low,2016-05-22,2016-06-04,13,0.5837513036560708
FOODS_2_021,WI_3,FOODS_2,high,2016-05-22,2016-06-04,13,5.855004987767532
FOODS_2_024,WI_3,FOODS_2,medium,2016-05-22,2016-06-04,13,0.5730716426845267
FOODS_2_028,WI_3,FOODS_2,low,2016-05-22,2016-06-04,13,0.7014477734171974
FOODS_2_040,WI_3,FOODS_2,low,2016-05-22,2016-06-04,13,0.6173878977414151
FOODS_2_059,WI_3,FOODS_2,high,2016-05-22,2016-06-04,13,2.9875625823668974
FOODS_2_072,WI_3,FOODS_2,medium,2016-05-22,2016-06-04,13,1.6226385295386192
FOODS_2_095,WI_3,FOODS_2,low,2016-05-22,2016-06-04,13,1.4079925476384096
FOODS_2_116,WI_3,FOODS_2,high,2016-05-22,2016-06-04,13,0.8949943177580905
FOODS_2_136,WI_3,FOODS_2,medium,2016-05-22,2016-06-04,13,2.627859864851101
FOODS_2_139,WI_3,FOODS_2,high,2016-05-22,2016-06-04,13,1.0891456056011868
FOODS_2_146,WI_3,FOODS_2,medium,2016-05-22,2016-06-04,13,0.8658341930656851
FOODS_2_150,WI_3,FOODS_2,high,2016-05-22,2016-06-04,13,1.382407972026633
FOODS_2_170,WI_3,FOODS_2,medium,2016-05-22,2016-06-04,13,1.5770118545153342
FOODS_2_178,WI_3,FOODS_2,low,2016-05-22,2016-06-04,13,1.1515807233610407
FOODS_2_180,WI_3,FOODS_2,low,2016-05-22,2016-06-04,13,1.1568356418918206
FOODS_2_184,WI_3,FOODS_2,high,2016-05-22,2016-06-04,13,0.7500784938947154
FOODS_2_209,WI_3,FOODS_2,low,2016-05-22,2016-06-04,13,0.9391386179897505
FOODS_2_218,WI_3,FOODS_2,low,2016-05-22,2016-06-04,13,0.3701002065539797
FOODS_2_251,WI_3,FOODS_2,medium,2016-05-22,2016-06-04,13,2.419147105321341
FOODS_2_301,WI_3,FOODS_2,low,2016-05-22,2016-06-04,13,1.0199576373181665
FOODS_2_302,WI_3,FOODS_2,medium,2016-05-22,2016-06-04,13,2.0217651917996116
FOODS_2_304,WI_3,FOODS_2,medium,2016-05-22,2016-06-04,13,1.6301327984130143
FOODS_2_322,WI_3,FOODS_2,high,2016-05-22,2016-06-04,13,4.598439852745922
FOODS_2_336,WI_3,FOODS_2,low,2016-05-22,2016-06-04,13,0.9161099757110219
FOODS_2_339,WI_3,FOODS_2,medium,2016-05-22,2016-06-04,13,2.232088075969283
FOODS_2_357,WI_3,FOODS_2,high,2016-05-22,2016-06-04,13,4.45136584505605
FOODS_2_360,WI_3,FOODS_2,high,2016-05-22,2016-06-04,13,18.336746085134966
FOODS_2_367,WI_3,FOODS_2,medium,2016-05-22,2016-06-04,13,0.47667485653979064
FOODS_3_026,WI_3,FOODS_3,high,2016-05-22,2016-06-04,13,2.0498182728732712
FOODS_3_048,WI_3,FOODS_3,medium,2016-05-22,2016-06-04,13,3.9889025167354437
FOODS_3_053,WI_3,FOODS_3,medium,2016-05-22,2016-06-04,13,0.5282533855861481
FOODS_3_068,WI_3,FOODS_3,low,2016-05-22,2016-06-04,13,0.22245491027019212
FOODS_3_074,WI_3,FOODS_3,medium,2016-05-22,2016-06-04,13,0.7979166832600034
FOODS_3_089,WI_3,FOODS_3,high,2016-05-22,2016-06-04,13,1.8104483327122305
FOODS_3_096,WI_3,FOODS_3,medium,2016-05-22,2016-06-04,13,0.5148000059955568
FOODS_3_099,WI_3,FOODS_3,high,2016-05-22,2016-06-04,13,10.102673165100422
FOODS_3_113,WI_3,FOODS_3,high,2016-05-22,2016-06-04,13,2.9435062811215476
FOODS_3_123,WI_3,FOODS_3,low,2016-05-22,2016-06-04,13,0.4390448483007471
FOODS_3_135,WI_3,FOODS_3,high,2016-05-22,2016-06-04,13,7.956967599950324
FOODS_3_179,WI_3,FOODS_3,low,2016-05-22,2016-06-04,13,0.24821398190798707
FOODS_3_187,WI_3,FOODS_3,medium,2016-05-22,2016-06-04,13,1.645115555841747
FOODS_3_223,WI_3,FOODS_3,low,2016-05-22,2016-06-04,13,1.1614792285850544
FOODS_3_240,WI_3,FOODS_3,low,2016-05-22,2016-06-04,13,0.3411080970830644
FOODS_3_249,WI_3,FOODS_3,medium,2016-05-22,2016-06-04,13,0.9367960312238736
FOODS_3_263,WI_3,FOODS_3,high,2016-05-22,2016-06-04,13,11.639704402686084
FOODS_3_276,WI_3,FOODS_3,high,2016-05-22,2016-06-04,13,0.0
FOODS_3_312,WI_3,FOODS_3,low,2016-05-22,2016-06-04,13,0.5565380212865844
FOODS_3_319,WI_3,FOODS_3,high,2016-05-22,2016-06-04,13,0.0
FOODS_3_321,WI_3,FOODS_3,high,2016-05-22,2016-06-04,13,5.354948057303299
FOODS_3_327,WI_3,FOODS_3,high,2016-05-22,2016-06-04,13,1.9388087749183605
FOODS_3_329,WI_3,FOODS_3,high,2016-05-22,2016-06-04,13,19.67604356924476
FOODS_3_340,WI_3,FOODS_3,low,2016-05-22,2016-06-04,13,0.5312854948607406
FOODS_3_354,WI_3,FOODS_3,low,2016-05-22,2016-06-04,13,0.5866160798857998
FOODS_3_360,WI_3,FOODS_3,medium,2016-05-22,2016-06-04,13,0.3286556409615648
FOODS_3_383,WI_3,FOODS_3,high,2016-05-22,2016-06-04,13,1.8602126168030282
FOODS_3_387,WI_3,FOODS_3,medium,2016-05-22,2016-06-04,13,1.0195558742036828
FOODS_3_432,WI_3,FOODS_3,high,2016-05-22,2016-06-04,13,0.9558513653014729
FOODS_3_467,WI_3,FOODS_3,medium,2016-05-22,2016-06-04,13,1.1349796223129993
FOODS_3_470,WI_3,FOODS_3,medium,2016-05-22,2016-06-04,13,1.0848797045841307
FOODS_3_479,WI_3,FOODS_3,medium,2016-05-22,2016-06-04,13,0.808028662614418
FOODS_3_480,WI_3,FOODS_3,medium,2016-05-22,2016-06-04,13,0.7290687590721655
FOODS_3_482,WI_3,FOODS_3,low,2016-05-22,2016-06-04,13,0.4188362462964408
FOODS_3_501,WI_3,FOODS_3,high,2016-05-22,2016-06-04,13,9.226357804353706
FOODS_3_511,WI_3,FOODS_3,high,2016-05-22,2016-06-04,13,8.268868692288663
FOODS_3_520,WI_3,FOODS_3,medium,2016-05-22,2016-06-04,13,0.6219236627083689
FOODS_3_532,WI_3,FOODS_3,medium,2016-05-22,2016-06-04,13,2.4130299265290396
FOODS_3_539,WI_3,FOODS_3,low,2016-05-22,2016-06-04,13,0.440760238354382
FOODS_3_550,WI_3,FOODS_3,low,2016-05-22,2016-06-04,13,0.4551155291060249
FOODS_3_558,WI_3,FOODS_3,low,2016-05-22,2016-06-04,13,0.39422672481270865
FOODS_3_601,WI_3,FOODS_3,low,2016-05-22,2016-06-04,13,0.3455938539355147
FOODS_3_611,WI_3,FOODS_3,high,2016-05-22,2016-06-04,13,0.6264154745771027
FOODS_3_616,WI_3,FOODS_3,medium,2016-05-22,2016-06-04,13,0.7471215953015878
FOODS_3_635,WI_3,FOODS_3,high,2016-05-22,2016-06-04,13,0.0
FOODS_3_640,WI_3,FOODS_3,low,2016-05-22,2016-06-04,13,1.415972982760633
FOODS_3_641,WI_3,FOODS_3,low,2016-05-22,2016-06-04,13,0.7316616637361436
FOODS_3_648,WI_3,FOODS_3,medium,2016-05-22,2016-06-04,13,0.9784758031135826
FOODS_3_658,WI_3,FOODS_3,low,2016-05-22,2016-06-04,13,0.4353229407681142
FOODS_3_661,WI_3,FOODS_3,high,2016-05-22,2016-06-04,13,3.378870990564251
FOODS_3_666,WI_3,FOODS_3,medium,2016-05-22,2016-06-04,13,0.9364421989726812
FOODS_3_677,WI_3,FOODS_3,low,2016-05-22,2016-06-04,13,0.27920303453219253
FOODS_3_709,WI_3,FOODS_3,low,2016-05-22,2016-06-04,13,1.3843738300142092
FOODS_3_724,WI_3,FOODS_3,low,2016-05-22,2016-06-04,13,0.18831365432465938
FOODS_3_795,WI_3,FOODS_3,medium,2016-05-22,2016-06-04,13,1.4815616675626564
FOODS_3_801,WI_3,FOODS_3,high,2016-05-22,2016-06-04,13,3.3214067324623895
FOODS_3_817,WI_3,FOODS_3,medium,2016-05-22,2016-06-04,13,0.2853959896206801
FOODS_1_017,CA_1,FOODS_1,low,2016-05-22,2016-06-05,14,1.4420137135017987
FOODS_1_020,CA_1,FOODS_1,medium,2016-05-22,2016-06-05,14,1.7269128243355365
FOODS_1_042,CA_1,FOODS_1,high,2016-05-22,2016-06-05,14,2.584798613527926
FOODS_1_082,CA_1,FOODS_1,high,2016-05-22,2016-06-05,14,8.270819082988682
FOODS_1_086,CA_1,FOODS_1,high,2016-05-22,2016-06-05,14,4.086692410648158
FOODS_1_089,CA_1,FOODS_1,low,2016-05-22,2016-06-05,14,0.6534767609692447
FOODS_1_099,CA_1,FOODS_1,high,2016-05-22,2016-06-05,14,7.518744936440335
FOODS_1_112,CA_1,FOODS_1,medium,2016-05-22,2016-06-05,14,1.7244917697470885
FOODS_1_135,CA_1,FOODS_1,low,2016-05-22,2016-06-05,14,1.5400443806827724
FOODS_1_155,CA_1,FOODS_1,medium,2016-05-22,2016-06-05,14,0.7384942745173365
FOODS_1_156,CA_1,FOODS_1,low,2016-05-22,2016-06-05,14,1.5597152999490382
FOODS_1_172,CA_1,FOODS_1,high,2016-05-22,2016-06-05,14,1.5665140082018802
FOODS_1_175,CA_1,FOODS_1,medium,2016-05-22,2016-06-05,14,1.6778052451943104
FOODS_1_210,CA_1,FOODS_1,medium,2016-05-22,2016-06-05,14,2.3786602465834767
FOODS_1_214,CA_1,FOODS_1,low,2016-05-22,2016-06-05,14,1.2375956317088488
FOODS_2_021,CA_1,FOODS_2,high,2016-05-22,2016-06-05,14,6.486925944293994
FOODS_2_024,CA_1,FOODS_2,medium,2016-05-22,2016-06-05,14,1.6289926831884816
FOODS_2_028,CA_1,FOODS_2,low,2016-05-22,2016-06-05,14,0.4837893715065559
FOODS_2_040,CA_1,FOODS_2,low,2016-05-22,2016-06-05,14,0.9469228878463761
FOODS_2_059,CA_1,FOODS_2,high,2016-05-22,2016-06-05,14,1.9238060292013899
FOODS_2_072,CA_1,FOODS_2,medium,2016-05-22,2016-06-05,14,0.7977244110031265
FOODS_2_095,CA_1,FOODS_2,low,2016-05-22,2016-06-05,14,0.850616571740175
FOODS_2_116,CA_1,FOODS_2,high,2016-05-22,2016-06-05,14,1.0337824192803473
FOODS_2_136,CA_1,FOODS_2,medium,2016-05-22,2016-06-05,14,0.5935806407778358
FOODS_2_139,CA_1,FOODS_2,high,2016-05-22,2016-06-05,14,1.5761463135214355
FOODS_2_146,CA_1,FOODS_2,medium,2016-05-22,2016-06-05,14,1.353498403416618
FOODS_2_150,CA_1,FOODS_2,high,2016-05-22,2016-06-05,14,2.5590507689876207
FOODS_2_170,CA_1,FOODS_2,medium,2016-05-22,2016-06-05,14,1.7042735279588273
FOODS_2_178,CA_1,FOODS_2,low,2016-05-22,2016-06-05,14,0.7109887662684777
FOODS_2_180,CA_1,FOODS_2,low,2016-05-22,2016-06-05,14,0.5674745477870059
FOODS_2_184,CA_1,FOODS_2,high,2016-05-22,2016-06-05,14,1.0775143782582024
FOODS_2_209,CA_1,FOODS_2,low,2016-05-22,2016-06-05,14,0.5466402874346054
FOODS_2_218,CA_1,FOODS_2,low,2016-05-22,2016-06-05,14,0.9811802130939951
FOODS_2_251,CA_1,FOODS_2,medium,2016-05-22,2016-06-05,14,0.6830631076165223
FOODS_2_301,CA_1,FOODS_2,low,2016-05-22,2016-06-05,14,0.9281622278980415
FOODS_2_302,CA_1,FOODS_2,medium,2016-05-22,2016-06-05,14,1.332202732704807
FOODS_2_304,CA_1,FOODS_2,medium,2016-05-22,2016-06-05,14,2.479839831689369
FOODS_2_322,CA_1,FOODS_2,high,2016-05-22,2016-06-05,14,0.7544685030097431
FOODS_2_336,CA_1,FOODS_2,low,2016-05-22,2016-06-05,14,0.4259244234001181
FOODS_2_339,CA_1,FOODS_2,medium,2016-05-22,2016-06-05,14,0.9326372869266862
FOODS_2_357,CA_1,FOODS_2,high,2016-05-22,2016-06-05,14,2.39950733291727
FOODS_2_360,CA_1,FOODS_2,high,2016-05-22,2016-06-05,14,11.496895872760849
FOODS_2_367,CA_1,FOODS_2,medium,2016-05-22,2016-06-05,14,0.578798563271685
FOODS_3_026,CA_1,FOODS_3,high,2016-05-22,2016-06-05,14,1.71957773671673
FOODS_3_048,CA_1,FOODS_3,medium,2016-05-22,2016-06-05,14,1.9882372780988626
FOODS_3_053,CA_1,FOODS_3,medium,2016-05-22,2016-06-05,14,3.469303682803182
FOODS_3_068,CA_1,FOODS_3,low,2016-05-22,2016-06-05,14,0.44331576207131285
FOODS_3_074,CA_1,FOODS_3,medium,2016-05-22,2016-06-05,14,1.8234740667564768
FOODS_3_089,CA_1,FOODS_3,high,2016-05-22,2016-06-05,14,0.8119590168708524
FOODS_3_096,CA_1,FOODS_3,medium,2016-05-22,2016-06-05,14,1.0625230229925047
FOODS_3_099,CA_1,FOODS_3,high,2016-05-22,2016-06-05,14,15.325599221790762
FOODS_3_113,CA_1,FOODS_3,high,2016-05-22,2016-06-05,14,4.118661237627587
FOODS_3_123,CA_1,FOODS_3,low,2016-05-22,2016-06-05,14,2.0884540598191177
FOODS_3_135,CA_1,FOODS_3,high,2016-05-22,2016-06-05,14,5.937686127286606
FOODS_3_179,CA_1,FOODS_3,low,2016-05-22,2016-06-05,14,0.9405388580094837
FOODS_3_187,CA_1,FOODS_3,medium,2016-05-22,2016-06-05,14,1.2536851106207874
FOODS_3_223,CA_1,FOODS_3,low,2016-05-22,2016-06-05,14,1.041405934024089
FOODS_3_240,CA_1,FOODS_3,low,2016-05-22,2016-06-05,14,0.7913170123243969
FOODS_3_249,CA_1,FOODS_3,medium,2016-05-22,2016-06-05,14,3.5826786708823657
FOODS_3_263,CA_1,FOODS_3,high,2016-05-22,2016-06-05,14,9.610958877184652
FOODS_3_276,CA_1,FOODS_3,high,2016-05-22,2016-06-05,14,0.0
FOODS_3_312,CA_1,FOODS_3,low,2016-05-22,2016-06-05,14,1.326501147873446
FOODS_3_319,CA_1,FOODS_3,high,2016-05-22,2016-06-05,14,0.0
FOODS_3_321,CA_1,FOODS_3,high,2016-05-22,2016-06-05,14,5.332974115116487
FOODS_3_327,CA_1,FOODS_3,high,2016-05-22,2016-06-05,14,2.4659504479667262
FOODS_3_329,CA_1,FOODS_3,high,2016-05-22,2016-06-05,14,18.872053085720545
FOODS_3_340,CA_1,FOODS_3,low,2016-05-22,2016-06-05,14,0.5660793653716795
FOODS_3_354,CA_1,FOODS_3,low,2016-05-22,2016-06-05,14,0.2271858759687568
FOODS_3_360,CA_1,FOODS_3,medium,2016-05-22,2016-06-05,14,0.33815264148951724
FOODS_3_383,CA_1,FOODS_3,high,2016-05-22,2016-06-05,14,3.9907871651771996
FOODS_3_387,CA_1,FOODS_3,medium,2016-05-22,2016-06-05,14,1.6248815530969214
FOODS_3_432,CA_1,FOODS_3,high,2016-05-22,2016-06-05,14,0.4894492074850057
FOODS_3_467,CA_1,FOODS_3,medium,2016-05-22,2016-06-05,14,1.3651893355043667
FOODS_3_470,CA_1,FOODS_3,medium,2016-05-22,2016-06-05,14,0.745485749869623
FOODS_3_479,CA_1,FOODS_3,medium,2016-05-22,2016-06-05,14,0.6669567734646773
FOODS_3_480,CA_1,FOODS_3,medium,2016-05-22,2016-06-05,14,1.2089367837052538
FOODS_3_482,CA_1,FOODS_3,low,2016-05-22,2016-06-05,14,2.4458955094138175
FOODS_3_501,CA_1,FOODS_3,high,2016-05-22,2016-06-05,14,23.596774484199624
FOODS_3_511,CA_1,FOODS_3,high,2016-05-22,2016-06-05,14,25.55355819189821
FOODS_3_520,CA_1,FOODS_3,medium,2016-05-22,2016-06-05,14,0.6558719051787116
FOODS_3_532,CA_1,FOODS_3,medium,2016-05-22,2016-06-05,14,1.8682301046299319
FOODS_3_539,CA_1,FOODS_3,low,2016-05-22,2016-06-05,14,0.6324881357088544
FOODS_3_550,CA_1,FOODS_3,low,2016-05-22,2016-06-05,14,0.3247790410419848
FOODS_3_558,CA_1,FOODS_3,low,2016-05-22,2016-06-05,14,0.641290806921707
FOODS_3_601,CA_1,FOODS_3,low,2016-05-22,2016-06-05,14,0.1425001663691667
FOODS_3_611,CA_1,FOODS_3,high,2016-05-22,2016-06-05,14,1.3736451155805305
FOODS_3_616,CA_1,FOODS_3,medium,2016-05-22,2016-06-05,14,1.1946399969558121
FOODS_3_635,CA_1,FOODS_3,high,2016-05-22,2016-06-05,14,0.0
FOODS_3_640,CA_1,FOODS_3,low,2016-05-22,2016-06-05,14,2.5518960405917075
FOODS_3_641,CA_1,FOODS_3,low,2016-05-22,2016-06-05,14,2.904192456361147
FOODS_3_648,CA_1,FOODS_3,medium,2016-05-22,2016-06-05,14,0.7469399105169876
FOODS_3_658,CA_1,FOODS_3,low,2016-05-22,2016-06-05,14,0.9438392178904815
FOODS_3_661,CA_1,FOODS_3,high,2016-05-22,2016-06-05,14,4.222956487144934
FOODS_3_666,CA_1,FOODS_3,medium,2016-05-22,2016-06-05,14,1.1216774859841123
FOODS_3_677,CA_1,FOODS_3,low,2016-05-22,2016-06-05,14,0.6715259522706941
FOODS_3_709,CA_1,FOODS_3,low,2016-05-22,2016-06-05,14,0.3771475876756942
FOODS_3_724,CA_1,FOODS_3,low,2016-05-22,2016-06-05,14,0.4615704522608618
FOODS_3_795,CA_1,FOODS_3,medium,2016-05-22,2016-06-05,14,3.3743620265608643
FOODS_3_801,CA_1,FOODS_3,high,2016-05-22,2016-06-05,14,1.7106474667205713
FOODS_3_817,CA_1,FOODS_3,medium,2016-05-22,2016-06-05,14,0.781771552199893
FOODS_1_017,TX_2,FOODS_1,low,2016-05-22,2016-06-05,14,0.395372618616659
FOODS_1_020,TX_2,FOODS_1,medium,2016-05-22,2016-06-05,14,0.6112521649042313
FOODS_1_042,TX_2,FOODS_1,high,2016-05-22,2016-06-05,14,5.0622326788350085
FOODS_1_082,TX_2,FOODS_1,high,2016-05-22,2016-06-05,14,2.230278726154227
FOODS_1_086,TX_2,FOODS_1,high,2016-05-22,2016-06-05,14,0.34312953049652917
FOODS_1_089,TX_2,FOODS_1,low,2016-05-22,2016-06-05,14,0.37459073831531114
FOODS_1_099,TX_2,FOODS_1,high,2016-05-22,2016-06-05,14,7.908585975489207
FOODS_1_112,TX_2,FOODS_1,medium,2016-05-22,2016-06-05,14,0.4872175758272984
FOODS_1_135,TX_2,FOODS_1,low,2016-05-22,2016-06-05,14,0.30008009514626377
FOODS_1_155,TX_2,FOODS_1,medium,2016-05-22,2016-06-05,14,1.5567342659456371
FOODS_1_156,TX_2,FOODS_1,low,2016-05-22,2016-06-05,14,0.3992907964784012
FOODS_1_172,TX_2,FOODS_1,high,2016-05-22,2016-06-05,14,3.3605320748028555
FOODS_1_175,TX_2,FOODS_1,medium,2016-05-22,2016-06-05,14,0.7017669537308862
FOODS_1_210,TX_2,FOODS_1,medium,2016-05-22,2016-06-05,14,4.916130558504787
FOODS_1_214,TX_2,FOODS_1,low,2016-05-22,2016-06-05,14,0.42294999527201543
FOODS_2_021,TX_2,FOODS_2,high,2016-05-22,2016-06-05,14,0.4624419454282667
FOODS_2_024,TX_2,FOODS_2,medium,2016-05-22,2016-06-05,14,0.17716756741003667
FOODS_2_028,TX_2,FOODS_2,low,2016-05-22,2016-06-05,14,0.9832284560933765
FOODS_2_040,TX_2,FOODS_2,low,2016-05-22,2016-06-05,14,0.06656595680059184
FOODS_2_059,TX_2,FOODS_2,high,2016-05-22,2016-06-05,14,1.6990006754947018
FOODS_2_072,TX_2,FOODS_2,medium,2016-05-22,2016-06-05,14,0.5480323714685509
FOODS_2_095,TX_2,FOODS_2,low,2016-05-22,2016-06-05,14,0.5032087996295646
FOODS_2_116,TX_2,FOODS_2,high,2016-05-22,2016-06-05,14,0.5978820620230142
FOODS_2_136,TX_2,FOODS_2,medium,2016-05-22,2016-06-05,14,0.5370023130814865
FOODS_2_139,TX_2,FOODS_2,high,2016-05-22,2016-06-05,14,1.495519222606353
FOODS_2_146,TX_2,FOODS_2,medium,2016-05-22,2016-06-05,14,0.9055483220295358
FOODS_2_150,TX_2,FOODS_2,high,2016-05-22,2016-06-05,14,1.1766661650296766
FOODS_2_170,TX_2,FOODS_2,medium,2016-05-22,2016-06-05,14,1.554621392047997
FOODS_2_178,TX_2,FOODS_2,low,2016-05-22,2016-06-05,14,0.4118194538847685
FOODS_2_180,TX_2,FOODS_2,low,2016-05-22,2016-06-05,14,2.430133716441831
FOODS_2_184,TX_2,FOODS_2,high,2016-05-22,2016-06-05,14,2.4446580226391568
FOODS_2_209,TX_2,FOODS_2,low,2016-05-22,2016-06-05,14,0.0
FOODS_2_218,TX_2,FOODS_2,low,2016-05-22,2016-06-05,14,0.010700263608172193
FOODS_2_251,TX_2,FOODS_2,medium,2016-05-22,2016-06-05,14,1.834909622013488
FOODS_2_301,TX_2,FOODS_2,low,2016-05-22,2016-06-05,14,1.3390880841752428
FOODS_2_302,TX_2,FOODS_2,medium,2016-05-22,2016-06-05,14,1.0478683054298508
FOODS_2_304,TX_2,FOODS_2,medium,2016-05-22,2016-06-05,14,1.946124115734791
FOODS_2_322,TX_2,FOODS_2,high,2016-05-22,2016-06-05,14,3.539069292584396
FOODS_2_336,TX_2,FOODS_2,low,2016-05-22,2016-06-05,14,0.38247652966587226
FOODS_2_339,TX_2,FOODS_2,medium,2016-05-22,2016-06-05,14,0.4942825948127156
FOODS_2_357,TX_2,FOODS_2,high,2016-05-22,2016-06-05,14,1.7269924660111953
FOODS_2_360,TX_2,FOODS_2,high,2016-05-22,2016-06-05,14,10.01216270350966
FOODS_2_367,TX_2,FOODS_2,medium,2016-05-22,2016-06-05,14,0.0
FOODS_3_026,TX_2,FOODS_3,high,2016-05-22,2016-06-05,14,1.5425621204348157
FOODS_3_048,TX_2,FOODS_3,medium,2016-05-22,2016-06-05,14,2.557979366777109
FOODS_3_053,TX_2,FOODS_3,medium,2016-05-22,2016-06-05,14,1.1512402234731218
FOODS_3_068,TX_2,FOODS_3,low,2016-05-22,2016-06-05,14,0.5400260364832395
FOODS_3_074,TX_2,FOODS_3,medium,2016-05-22,2016-06-05,14,1.3776414110761193
FOODS_3_089,TX_2,FOODS_3,high,2016-05-22,2016-06-05,14,0.8494010897041863
FOODS_3_096,TX_2,FOODS_3,medium,2016-05-22,2016-06-05,14,0.5592549527407468
FOODS_3_099,TX_2,FOODS_3,high,2016-05-22,2016-06-05,14,17.334669839602405
FOODS_3_113,TX_2,FOODS_3,high,2016-05-22,2016-06-05,14,0.7326640565606208
FOODS_3_123,TX_2,FOODS_3,low,2016-05-22,2016-06-05,14,0.46154966186459223
FOODS_3_135,TX_2,FOODS_3,high,2016-05-22,2016-06-05,14,14.129449183184944
FOODS_3_179,TX_2,FOODS_3,low,2016-05-22,2016-06-05,14,0.36999539064056775
FOODS_3_187,TX_2,FOODS_3,medium,2016-05-22,2016-06-05,14,1.0862910816659128
FOODS_3_223,TX_2,FOODS_3,low,2016-05-22,2016-06-05,14,0.31704816196782903
FOODS_3_240,TX_2,FOODS_3,low,2016-05-22,2016-06-05,14,0.14228661619370164
FOODS_3_249,TX_2,FOODS_3,medium,2016-05-22,2016-06-05,14,2.00289483181426
FOODS_3_263,TX_2,FOODS_3,high,2016-05-22,2016-06-05,14,15.121313734782188
FOODS_3_276,TX_2,FOODS_3,high,2016-05-22,2016-06-05,14,0.0
FOODS_3_312,TX_2,FOODS_3,low,2016-05-22,2016-06-05,14,0.7739866697408828
FOODS_3_319,TX_2,FOODS_3,high,2016-05-22,2016-06-05,14,0.0
FOODS_3_321,TX_2,FOODS_3,high,2016-05-22,2016-06-05,14,9.653879937399074
FOODS_3_327,TX_2,FOODS_3,high,2016-05-22,2016-06-05,14,4.280632937660743
FOODS_3_329,TX_2,FOODS_3,high,2016-05-22,2016-06-05,14,17.07978353315289
FOODS_3_340,TX_2,FOODS_3,low,2016-05-22,2016-06-05,14,0.7455227996219734
FOODS_3_354,TX_2,FOODS_3,low,2016-05-22,2016-06-05,14,0.7384740708811807
FOODS_3_360,TX_2,FOODS_3,medium,2016-05-22,2016-06-05,14,0.43466628012234504
FOODS_3_383,TX_2,FOODS_3,high,2016-05-22,2016-06-05,14,2.238977709938729
FOODS_3_387,TX_2,FOODS_3,medium,2016-05-22,2016-06-05,14,0.9938296907607278
FOODS_3_432,TX_2,FOODS_3,high,2016-05-22,2016-06-05,14,1.7762509916780231
FOODS_3_467,TX_2,FOODS_3,medium,2016-05-22,2016-06-05,14,0.7355016102519002
FOODS_3_470,TX_2,FOODS_3,medium,2016-05-22,2016-06-05,14,0.7184406220419062
FOODS_3_479,TX_2,FOODS_3,medium,2016-05-22,2016-06-05,14,0.895648438525081
FOODS_3_480,TX_2,FOODS_3,medium,2016-05-22,2016-06-05,14,0.7948509954076012
FOODS_3_482,TX_2,FOODS_3,low,2016-05-22,2016-06-05,14,1.0109143716653721
FOODS_3_501,TX_2,FOODS_3,high,2016-05-22,2016-06-05,14,13.447794853706137
FOODS_3_511,TX_2,FOODS_3,high,2016-05-22,2016-06-05,14,10.671951106881242
FOODS_3_520,TX_2,FOODS_3,medium,2016-05-22,2016-06-05,14,1.0771003429462185
FOODS_3_532,TX_2,FOODS_3,medium,2016-05-22,2016-06-05,14,1.9286926462741225
FOODS_3_539,TX_2,FOODS_3,low,2016-05-22,2016-06-05,14,0.42262599956276353
FOODS_3_550,TX_2,FOODS_3,low,2016-05-22,2016-06-05,14,0.3117455186657258
FOODS_3_558,TX_2,FOODS_3,low,2016-05-22,2016-06-05,14,0.20240048457499582
FOODS_3_601,TX_2,FOODS_3,low,2016-05-22,2016-06-05,14,0.1922650963796189
FOODS_3_611,TX_2,FOODS_3,high,2016-05-22,2016-06-05,14,2.899521620641962
FOODS_3_616,TX_2,FOODS_3,medium,2016-05-22,2016-06-05,14,2.2201169679932975
FOODS_3_635,TX_2,FOODS_3,high,2016-05-22,2016-06-05,14,0.0
FOODS_3_640,TX_2,FOODS_3,low,2016-05-22,2016-06-05,14,0.92840998607722
FOODS_3_641,TX_2,FOODS_3,low,2016-05-22,2016-06-05,14,0.35430796379149315
FOODS_3_648,TX_2,FOODS_3,medium,2016-05-22,2016-06-05,14,1.6352163007040175
FOODS_3_658,TX_2,FOODS_3,low,2016-05-22,2016-06-05,14,0.41396387064358875
FOODS_3_661,TX_2,FOODS_3,high,2016-05-22,2016-06-05,14,3.9499575654509544
FOODS_3_666,TX_2,FOODS_3,medium,2016-05-22,2016-06-05,14,0.8962821840233575
FOODS_3_677,TX_2,FOODS_3,low,2016-05-22,2016-06-05,14,0.8147564813990795
FOODS_3_709,TX_2,FOODS_3,low,2016-05-22,2016-06-05,14,1.4149658921803137
FOODS_3_724,TX_2,FOODS_3,low,2016-05-22,2016-06-05,14,0.4355242726096204
FOODS_3_795,TX_2,FOODS_3,medium,2016-05-22,2016-06-05,14,2.229741880708595
FOODS_3_801,TX_2,FOODS_3,high,2016-05-22,2016-06-05,14,1.9310710598232796
FOODS_3_817,TX_2,FOODS_3,medium,2016-05-22,2016-06-05,14,0.5541960660531614
FOODS_1_017,WI_3,FOODS_1,low,2016-05-22,2016-06-05,14,0.8265190783664934
FOODS_1_020,WI_3,FOODS_1,medium,2016-05-22,2016-06-05,14,1.1853645600829046
FOODS_1_042,WI_3,FOODS_1,high,2016-05-22,2016-06-05,14,2.1268636768138047
FOODS_1_082,WI_3,FOODS_1,high,2016-05-22,2016-06-05,14,8.632772195307217
FOODS_1_086,WI_3,FOODS_1,high,2016-05-22,2016-06-05,14,2.035965599315891
FOODS_1_089,WI_3,FOODS_1,low,2016-05-22,2016-06-05,14,0.34553334506135697
FOODS_1_099,WI_3,FOODS_1,high,2016-05-22,2016-06-05,14,2.7791006003905996
FOODS_1_112,WI_3,FOODS_1,medium,2016-05-22,2016-06-05,14,0.31728660674288617
FOODS_1_135,WI_3,FOODS_1,low,2016-05-22,2016-06-05,14,0.46551079366250875
FOODS_1_155,WI_3,FOODS_1,medium,2016-05-22,2016-06-05,14,1.1050015086755665
FOODS_1_156,WI_3,FOODS_1,low,2016-05-22,2016-06-05,14,0.5505189658786763
FOODS_1_172,WI_3,FOODS_1,high,2016-05-22,2016-06-05,14,2.7437746838100767
FOODS_1_175,WI_3,FOODS_1,medium,2016-05-22,2016-06-05,14,0.3878580514033599
FOODS_1_210,WI_3,FOODS_1,medium,2016-05-22,2016-06-05,14,2.424232841133447
FOODS_1_214,WI_3,FOODS_1,low,2016-05-22,2016-06-05,14,0.533170993072359
FOODS_2_021,WI_3,FOODS_2,high,2016-05-22,2016-06-05,14,5.956969451616373
FOODS_2_024,WI_3,FOODS_2,medium,2016-05-22,2016-06-05,14,0.593538487066117
FOODS_2_028,WI_3,FOODS_2,low,2016-05-22,2016-06-05,14,0.7264994796106687
FOODS_2_040,WI_3,FOODS_2,low,2016-05-22,2016-06-05,14,0.6394374655178942
FOODS_2_059,WI_3,FOODS_2,high,2016-05-22,2016-06-05,14,3.0228326745942864
FOODS_2_072,WI_3,FOODS_2,medium,2016-05-22,2016-06-05,14,1.5734470484507128
FOODS_2_095,WI_3,FOODS_2,low,2016-05-22,2016-06-05,14,1.31542085291121
FOODS_2_116,WI_3,FOODS_2,high,2016-05-22,2016-06-05,14,0.8912441148208794
FOODS_2_136,WI_3,FOODS_2,medium,2016-05-22,2016-06-05,14,2.507426288595783
FOODS_2_139,WI_3,FOODS_2,high,2016-05-22,2016-06-05,14,1.0923293772298008
FOODS_2_146,WI_3,FOODS_2,medium,2016-05-22,2016-06-05,14,0.8253282713894597
FOODS_2_150,WI_3,FOODS_2,high,2016-05-22,2016-06-05,14,1.4317796853132985
FOODS_2_170,WI_3,FOODS_2,medium,2016-05-22,2016-06-05,14,1.4904765636051678
FOODS_2_178,WI_3,FOODS_2,low,2016-05-22,2016-06-05,14,1.1927086063382206
FOODS_2_180,WI_3,FOODS_2,low,2016-05-22,2016-06-05,14,1.1624369148165283
FOODS_2_184,WI_3,FOODS_2,high,2016-05-22,2016-06-05,14,0.7411527258195267
FOODS_2_209,WI_3,FOODS_2,low,2016-05-22,2016-06-05,14,0.8655364257750987
FOODS_2_218,WI_3,FOODS_2,low,2016-05-22,2016-06-05,14,0.347603785359479
FOODS_2_251,WI_3,FOODS_2,medium,2016-05-22,2016-06-05,14,2.4341166447971037
FOODS_2_301,WI_3,FOODS_2,low,2016-05-22,2016-06-05,14,1.0206704100795296
FOODS_2_302,WI_3,FOODS_2,medium,2016-05-22,2016-06-05,14,2.0582568057924546
FOODS_2_304,WI_3,FOODS_2,medium,2016-05-22,2016-06-05,14,1.6526375412134793
FOODS_2_322,WI_3,FOODS_2,high,2016-05-22,2016-06-05,14,4.405526990343991
FOODS_2_336,WI_3,FOODS_2,low,2016-05-22,2016-06-05,14,0.9131139034149871
FOODS_2_339,WI_3,FOODS_2,medium,2016-05-22,2016-06-05,14,2.2760912215396147
FOODS_2_357,WI_3,FOODS_2,high,2016-05-22,2016-06-05,14,4.39605748237948
FOODS_2_360,WI_3,FOODS_2,high,2016-05-22,2016-06-05,14,18.38448701674693
FOODS_2_367,WI_3,FOODS_2,medium,2016-05-22,2016-06-05,14,0.45798467284478317
FOODS_3_026,WI_3,FOODS_3,high,2016-05-22,2016-06-05,14,2.0515974969044595
FOODS_3_048,WI_3,FOODS_3,medium,2016-05-22,2016-06-05,14,3.77422046376171
FOODS_3_053,WI_3,FOODS_3,medium,2016-05-22,2016-06-05,14,0.5471195779285105
FOODS_3_068,WI_3,FOODS_3,low,2016-05-22,2016-06-05,14,0.23039972849412757
FOODS_3_074,WI_3,FOODS_3,medium,2016-05-22,2016-06-05,14,0.7192708505192893
FOODS_3_089,WI_3,FOODS_3,high,2016-05-22,2016-06-05,14,1.7322500588805245
FOODS_3_096,WI_3,FOODS_3,medium,2016-05-22,2016-06-05,14,0.533185720495398
FOODS_3_099,WI_3,FOODS_3,high,2016-05-22,2016-06-05,14,9.99919720671115
FOODS_3_113,WI_3,FOODS_3,high,2016-05-22,2016-06-05,14,2.798631505447317
FOODS_3_123,WI_3,FOODS_3,low,2016-05-22,2016-06-05,14,0.45472502145434524
FOODS_3_135,WI_3,FOODS_3,high,2016-05-22,2016-06-05,14,7.991145014234263
FOODS_3_179,WI_3,FOODS_3,low,2016-05-22,2016-06-05,14,0.25707876697612947
FOODS_3_187,WI_3,FOODS_3,medium,2016-05-22,2016-06-05,14,1.5610125399789523
FOODS_3_223,WI_3,FOODS_3,low,2016-05-22,2016-06-05,14,1.0958177724630922
FOODS_3_240,WI_3,FOODS_3,low,2016-05-22,2016-06-05,14,0.35329052912174513
FOODS_3_249,WI_3,FOODS_3,medium,2016-05-22,2016-06-05,14,0.8988244609104404
FOODS_3_263,WI_3,FOODS_3,high,2016-05-22,2016-06-05,14,11.376836702782017
FOODS_3_276,WI_3,FOODS_3,high,2016-05-22,2016-06-05,14,0.0
FOODS_3_312,WI_3,FOODS_3,low,2016-05-22,2016-06-05,14,0.5764143791896766
FOODS_3_319,WI_3,FOODS_3,high,2016-05-22,2016-06-05,14,0.0
FOODS_3_321,WI_3,FOODS_3,high,2016-05-22,2016-06-05,14,5.046196202206987
FOODS_3_327,WI_3,FOODS_3,high,2016-05-22,2016-06-05,14,1.6866233740225876
FOODS_3_329,WI_3,FOODS_3,high,2016-05-22,2016-06-05,14,19.450187982432077
FOODS_3_340,WI_3,FOODS_3,low,2016-05-22,2016-06-05,14,0.5502599768200528
FOODS_3_354,WI_3,FOODS_3,low,2016-05-22,2016-06-05,14,0.6075666541674354
FOODS_3_360,WI_3,FOODS_3,medium,2016-05-22,2016-06-05,14,0.34039334242447783
FOODS_3_383,WI_3,FOODS_3,high,2016-05-22,2016-06-05,14,1.8909344959745644
FOODS_3_387,WI_3,FOODS_3,medium,2016-05-22,2016-06-05,14,1.0559685839966713
FOODS_3_432,WI_3,FOODS_3,high,2016-05-22,2016-06-05,14,0.9185603426336685
FOODS_3_467,WI_3,FOODS_3,medium,2016-05-22,2016-06-05,14,1.1040860373956065
FOODS_3_470,WI_3,FOODS_3,medium,2016-05-22,2016-06-05,14,1.1236254083192783
FOODS_3_479,WI_3,FOODS_3,medium,2016-05-22,2016-06-05,14,0.7297439719935045
FOODS_3_480,WI_3,FOODS_3,medium,2016-05-22,2016-06-05,14,0.7551069290390287
FOODS_3_482,WI_3,FOODS_3,low,2016-05-22,2016-06-05,14,0.4337946836641708
FOODS_3_501,WI_3,FOODS_3,high,2016-05-22,2016-06-05,14,9.091584868794907
FOODS_3_511,WI_3,FOODS_3,high,2016-05-22,2016-06-05,14,8.17132828844183
FOODS_3_520,WI_3,FOODS_3,medium,2016-05-22,2016-06-05,14,0.5727066506622391
FOODS_3_532,WI_3,FOODS_3,medium,2016-05-22,2016-06-05,14,2.427780995333648
FOODS_3_539,WI_3,FOODS_3,low,2016-05-22,2016-06-05,14,0.4565016754384671
FOODS_3_550,WI_3,FOODS_3,low,2016-05-22,2016-06-05,14,0.4713696551455257
FOODS_3_558,WI_3,FOODS_3,low,2016-05-22,2016-06-05,14,0.40830625069887677
FOODS_3_601,WI_3,FOODS_3,low,2016-05-22,2016-06-05,14,0.28650792014749743
FOODS_3_611,WI_3,FOODS_3,high,2016-05-22,2016-06-05,14,0.6130731700977134
FOODS_3_616,WI_3,FOODS_3,medium,2016-05-22,2016-06-05,14,0.7738045094195017
FOODS_3_635,WI_3,FOODS_3,high,2016-05-22,2016-06-05,14,0.0
FOODS_3_640,WI_3,FOODS_3,low,2016-05-22,2016-06-05,14,1.3594005892877987
FOODS_3_641,WI_3,FOODS_3,low,2016-05-22,2016-06-05,14,0.7220781517267202
FOODS_3_648,WI_3,FOODS_3,medium,2016-05-22,2016-06-05,14,0.7991356532247822
FOODS_3_658,WI_3,FOODS_3,low,2016-05-22,2016-06-05,14,0.45087018865268963
FOODS_3_661,WI_3,FOODS_3,high,2016-05-22,2016-06-05,14,3.428116383084403
FOODS_3_666,WI_3,FOODS_3,medium,2016-05-22,2016-06-05,14,0.9698865632217055
FOODS_3_677,WI_3,FOODS_3,low,2016-05-22,2016-06-05,14,0.2891745714797708
FOODS_3_709,WI_3,FOODS_3,low,2016-05-22,2016-06-05,14,1.290958609657574
FOODS_3_724,WI_3,FOODS_3,low,2016-05-22,2016-06-05,14,0.1950391419791115
FOODS_3_795,WI_3,FOODS_3,medium,2016-05-22,2016-06-05,14,1.5344745842613228
FOODS_3_801,WI_3,FOODS_3,high,2016-05-22,2016-06-05,14,3.225742687193189
FOODS_3_817,WI_3,FOODS_3,medium,2016-05-22,2016-06-05,14,0.2955887035357044
FOODS_1_017,CA_1,FOODS_1,low,2016-05-22,2016-06-06,15,1.4935142032697202
FOODS_1_020,CA_1,FOODS_1,medium,2016-05-22,2016-06-06,15,1.7885882823475199
FOODS_1_042,CA_1,FOODS_1,high,2016-05-22,2016-06-06,15,2.6771128497253516
FOODS_1_082,CA_1,FOODS_1,high,2016-05-22,2016-06-06,15,8.137634050238276
FOODS_1_086,CA_1,FOODS_1,high,2016-05-22,2016-06-06,15,4.232645711028449
FOODS_1_089,CA_1,FOODS_1,low,2016-05-22,2016-06-06,15,0.6768152167181463
FOODS_1_099,CA_1,FOODS_1,high,2016-05-22,2016-06-06,15,7.465842969884634
FOODS_1_112,CA_1,FOODS_1,medium,2016-05-22,2016-06-06,15,1.7860807615237704
FOODS_1_135,CA_1,FOODS_1,low,2016-05-22,2016-06-06,15,1.5593316799928714
FOODS_1_155,CA_1,FOODS_1,medium,2016-05-22,2016-06-06,15,0.7648690700358127
FOODS_1_156,CA_1,FOODS_1,low,2016-05-22,2016-06-06,15,1.5439908463757899
FOODS_1_172,CA_1,FOODS_1,high,2016-05-22,2016-06-06,15,1.5510323656376617
FOODS_1_175,CA_1,FOODS_1,medium,2016-05-22,2016-06-06,15,1.5948697182369642
FOODS_1_210,CA_1,FOODS_1,medium,2016-05-22,2016-06-06,15,2.3921838268186013
FOODS_1_214,CA_1,FOODS_1,low,2016-05-22,2016-06-06,15,1.210366904269879
FOODS_2_021,CA_1,FOODS_2,high,2016-05-22,2016-06-06,15,6.397173299447352
FOODS_2_024,CA_1,FOODS_2,medium,2016-05-22,2016-06-06,15,1.65145670758807
FOODS_2_028,CA_1,FOODS_2,low,2016-05-22,2016-06-06,15,0.5010675633460757
FOODS_2_040,CA_1,FOODS_2,low,2016-05-22,2016-06-06,15,0.9450272766980324
FOODS_2_059,CA_1,FOODS_2,high,2016-05-22,2016-06-06,15,1.8496562445300107
FOODS_2_072,CA_1,FOODS_2,medium,2016-05-22,2016-06-06,15,0.8262145685389525
FOODS_2_095,CA_1,FOODS_2,low,2016-05-22,2016-06-06,15,0.8452814493023242
FOODS_2_116,CA_1,FOODS_2,high,2016-05-22,2016-06-06,15,1.070703219968931
FOODS_2_136,CA_1,FOODS_2,medium,2016-05-22,2016-06-06,15,0.6147799493770443
FOODS_2_139,CA_1,FOODS_2,high,2016-05-22,2016-06-06,15,1.632437253290058
FOODS_2_146,CA_1,FOODS_2,medium,2016-05-22,2016-06-06,15,1.330409060681497
FOODS_2_150,CA_1,FOODS_2,high,2016-05-22,2016-06-06,15,2.507588296451464
FOODS_2_170,CA_1,FOODS_2,medium,2016-05-22,2016-06-06,15,1.7651404396716424
FOODS_2_178,CA_1,FOODS_2,low,2016-05-22,2016-06-06,15,0.7363812222066376
FOODS_2_180,CA_1,FOODS_2,low,2016-05-22,2016-06-06,15,0.4805986387793989
FOODS_2_184,CA_1,FOODS_2,high,2016-05-22,2016-06-06,15,1.1159970346245667
FOODS_2_209,CA_1,FOODS_2,low,2016-05-22,2016-06-06,15,0.4947345834144127
FOODS_2_218,CA_1,FOODS_2,low,2016-05-22,2016-06-06,15,0.9447937921330664
FOODS_2_251,CA_1,FOODS_2,medium,2016-05-22,2016-06-06,15,0.7074582186028266
FOODS_2_301,CA_1,FOODS_2,low,2016-05-22,2016-06-06,15,0.9613108788944001
FOODS_2_302,CA_1,FOODS_2,medium,2016-05-22,2016-06-06,15,1.3440671160156925
FOODS_2_304,CA_1,FOODS_2,medium,2016-05-22,2016-06-06,15,2.56840553996399
FOODS_2_322,CA_1,FOODS_2,high,2016-05-22,2016-06-06,15,0.7099852352600909
FOODS_2_336,CA_1,FOODS_2,low,2016-05-22,2016-06-06,15,0.4411360099501223
FOODS_2_339,CA_1,FOODS_2,medium,2016-05-22,2016-06-06,15,0.8945171900312107
FOODS_2_357,CA_1,FOODS_2,high,2016-05-22,2016-06-06,15,2.4137754519500296
FOODS_2_360,CA_1,FOODS_2,high,2016-05-22,2016-06-06,15,11.550356439645165
FOODS_2_367,CA_1,FOODS_2,medium,2016-05-22,2016-06-06,15,0.5994699405313881
FOODS_3_026,CA_1,FOODS_3,high,2016-05-22,2016-06-06,15,1.5667055130280418
FOODS_3_048,CA_1,FOODS_3,medium,2016-05-22,2016-06-06,15,1.952102895173822
FOODS_3_053,CA_1,FOODS_3,medium,2016-05-22,2016-06-06,15,3.521778814331867
FOODS_3_068,CA_1,FOODS_3,low,2016-05-22,2016-06-06,15,0.3520056107167169
FOODS_3_074,CA_1,FOODS_3,medium,2016-05-22,2016-06-06,15,1.8528838548549225
FOODS_3_089,CA_1,FOODS_3,high,2016-05-22,2016-06-06,15,0.8409575531876685
FOODS_3_096,CA_1,FOODS_3,medium,2016-05-22,2016-06-06,15,1.1004702738136656
FOODS_3_099,CA_1,FOODS_3,high,2016-05-22,2016-06-06,15,15.444370622569002
FOODS_3_113,CA_1,FOODS_3,high,2016-05-22,2016-06-06,15,4.051470567542859
FOODS_3_123,CA_1,FOODS_3,low,2016-05-22,2016-06-06,15,2.091613133384086
FOODS_3_135,CA_1,FOODS_3,high,2016-05-22,2016-06-06,15,5.864032060403985
FOODS_3_179,CA_1,FOODS_3,low,2016-05-22,2016-06-06,15,0.9027009600812511
FOODS_3_187,CA_1,FOODS_3,medium,2016-05-22,2016-06-06,15,1.2627452931429581
FOODS_3_223,CA_1,FOODS_3,low,2016-05-22,2016-06-06,15,1.0785990030963781
FOODS_3_240,CA_1,FOODS_3,low,2016-05-22,2016-06-06,15,0.8195783341931254
FOODS_3_249,CA_1,FOODS_3,medium,2016-05-22,2016-06-06,15,3.603488623413878
FOODS_3_263,CA_1,FOODS_3,high,2016-05-22,2016-06-06,15,9.23992169422696
FOODS_3_276,CA_1,FOODS_3,high,2016-05-22,2016-06-06,15,0.0
FOODS_3_312,CA_1,FOODS_3,low,2016-05-22,2016-06-06,15,1.2310190460117831
FOODS_3_319,CA_1,FOODS_3,high,2016-05-22,2016-06-06,15,0.0
FOODS_3_321,CA_1,FOODS_3,high,2016-05-22,2016-06-06,15,5.344866047799218
FOODS_3_327,CA_1,FOODS_3,high,2016-05-22,2016-06-06,15,2.4825915353941093
FOODS_3_329,CA_1,FOODS_3,high,2016-05-22,2016-06-06,15,18.938912124496277
FOODS_3_340,CA_1,FOODS_3,low,2016-05-22,2016-06-06,15,0.5505821998492395
FOODS_3_354,CA_1,FOODS_3,low,2016-05-22,2016-06-06,15,0.19958537153906958
FOODS_3_360,CA_1,FOODS_3,medium,2016-05-22,2016-06-06,15,0.2788009501141429
FOODS_3_383,CA_1,FOODS_3,high,2016-05-22,2016-06-06,15,3.9904581353620996
FOODS_3_387,CA_1,FOODS_3,medium,2016-05-22,2016-06-06,15,1.5043416085646686
FOODS_3_432,CA_1,FOODS_3,high,2016-05-22,2016-06-06,15,0.47121525060947017
FOODS_3_467,CA_1,FOODS_3,medium,2016-05-22,2016-06-06,15,1.4139460974866656
FOODS_3_470,CA_1,FOODS_3,medium,2016-05-22,2016-06-06,15,0.7363959552221095
FOODS_3_479,CA_1,FOODS_3,medium,2016-05-22,2016-06-06,15,0.6550623725169873
FOODS_3_480,CA_1,FOODS_3,medium,2016-05-22,2016-06-06,15,1.1806845259804415
FOODS_3_482,CA_1,FOODS_3,low,2016-05-22,2016-06-06,15,2.46182034903574
FOODS_3_501,CA_1,FOODS_3,high,2016-05-22,2016-06-06,15,23.903802144349612
FOODS_3_511,CA_1,FOODS_3,high,2016-05-22,2016-06-06,15,25.71618527018029
FOODS_3_520,CA_1,FOODS_3,medium,2016-05-22,2016-06-06,15,0.679295901792237
FOODS_3_532,CA_1,FOODS_3,medium,2016-05-22,2016-06-06,15,1.7563811797952866
FOODS_3_539,CA_1,FOODS_3,low,2016-05-22,2016-06-06,15,0.6193627119841707
FOODS_3_550,CA_1,FOODS_3,low,2016-05-22,2016-06-06,15,0.33637829250776996
FOODS_3_558,CA_1,FOODS_3,low,2016-05-22,2016-06-06,15,0.6641940500260537
FOODS_3_601,CA_1,FOODS_3,low,2016-05-22,2016-06-06,15,0.14758945802520837
FOODS_3_611,CA_1,FOODS_3,high,2016-05-22,2016-06-06,15,1.422703869708407
FOODS_3_616,CA_1,FOODS_3,medium,2016-05-22,2016-06-06,15,1.1301628539899482
FOODS_3_635,CA_1,FOODS_3,high,2016-05-22,2016-06-06,15,0.0
FOODS_3_640,CA_1,FOODS_3,low,2016-05-22,2016-06-06,15,2.500178042041412
FOODS_3_641,CA_1,FOODS_3,low,2016-05-22,2016-06-06,15,2.900770758374045
FOODS_3_648,CA_1,FOODS_3,medium,2016-05-22,2016-06-06,15,0.7021877644640229
FOODS_3_658,CA_1,FOODS_3,low,2016-05-22,2016-06-06,15,0.9418334756722845
FOODS_3_661,CA_1,FOODS_3,high,2016-05-22,2016-06-06,15,4.266633504542967
FOODS_3_666,CA_1,FOODS_3,medium,2016-05-22,2016-06-06,15,1.1617373961978306
FOODS_3_677,CA_1,FOODS_3,low,2016-05-22,2016-06-06,15,0.6955090219946475
FOODS_3_709,CA_1,FOODS_3,low,2016-05-22,2016-06-06,15,0.3906171443783975
FOODS_3_724,CA_1,FOODS_3,low,2016-05-22,2016-06-06,15,0.4423408255558926
FOODS_3_795,CA_1,FOODS_3,medium,2016-05-22,2016-06-06,15,3.4234463846523235
FOODS_3_801,CA_1,FOODS_3,high,2016-05-22,2016-06-06,15,1.7003134476748776
FOODS_3_817,CA_1,FOODS_3,medium,2016-05-22,2016-06-06,15,0.7025491076356035
FOODS_1_017,TX_2,FOODS_1,low,2016-05-22,2016-06-06,15,0.4094930692815396
FOODS_1_020,TX_2,FOODS_1,medium,2016-05-22,2016-06-06,15,0.6330825993650968
FOODS_1_042,TX_2,FOODS_1,high,2016-05-22,2016-06-06,15,5.064455274507687
FOODS_1_082,TX_2,FOODS_1,high,2016-05-22,2016-06-06,15,2.274217252088307
FOODS_1_086,TX_2,FOODS_1,high,2016-05-22,2016-06-06,15,0.355384156585691
FOODS_1_089,TX_2,FOODS_1,low,2016-05-22,2016-06-06,15,0.35225469325514364
FOODS_1_099,TX_2,FOODS_1,high,2016-05-22,2016-06-06,15,7.941035474613821
FOODS_1_112,TX_2,FOODS_1,medium,2016-05-22,2016-06-06,15,0.5046182035354162
FOODS_1_135,TX_2,FOODS_1,low,2016-05-22,2016-06-06,15,0.3107972414014875
FOODS_1_155,TX_2,FOODS_1,medium,2016-05-22,2016-06-06,15,1.5766176325865526
FOODS_1_156,TX_2,FOODS_1,low,2016-05-22,2016-06-06,15,0.3778368963526299
FOODS_1_172,TX_2,FOODS_1,high,2016-05-22,2016-06-06,15,3.4448367917601
FOODS_1_175,TX_2,FOODS_1,medium,2016-05-22,2016-06-06,15,0.6911157735069893
FOODS_1_210,TX_2,FOODS_1,medium,2016-05-22,2016-06-06,15,4.7345637927371
FOODS_1_214,TX_2,FOODS_1,low,2016-05-22,2016-06-06,15,0.4023410665317302
FOODS_2_021,TX_2,FOODS_2,high,2016-05-22,2016-06-06,15,0.478957729193562
FOODS_2_024,TX_2,FOODS_2,medium,2016-05-22,2016-06-06,15,0.18349498053182373
FOODS_2_028,TX_2,FOODS_2,low,2016-05-22,2016-06-06,15,1.0183437580967112
FOODS_2_040,TX_2,FOODS_2,low,2016-05-22,2016-06-06,15,0.06894331240061298
FOODS_2_059,TX_2,FOODS_2,high,2016-05-22,2016-06-06,15,1.6168221281909414
FOODS_2_072,TX_2,FOODS_2,medium,2016-05-22,2016-06-06,15,0.5676049561638563
FOODS_2_095,TX_2,FOODS_2,low,2016-05-22,2016-06-06,15,0.5211805424734777
FOODS_2_116,TX_2,FOODS_2,high,2016-05-22,2016-06-06,15,0.6192349928095504
FOODS_2_136,TX_2,FOODS_2,medium,2016-05-22,2016-06-06,15,0.41332382426296815
FOODS_2_139,TX_2,FOODS_2,high,2016-05-22,2016-06-06,15,1.5489306234137228
FOODS_2_146,TX_2,FOODS_2,medium,2016-05-22,2016-06-06,15,0.9021750478163051
FOODS_2_150,TX_2,FOODS_2,high,2016-05-22,2016-06-06,15,1.2186899566378795
FOODS_2_170,TX_2,FOODS_2,medium,2016-05-22,2016-06-06,15,1.5744292989068538
FOODS_2_178,TX_2,FOODS_2,low,2016-05-22,2016-06-06,15,0.4265272915235102
FOODS_2_180,TX_2,FOODS_2,low,2016-05-22,2016-06-06,15,2.2312099206004676
FOODS_2_184,TX_2,FOODS_2,high,2016-05-22,2016-06-06,15,2.496252952019127
FOODS_2_209,TX_2,FOODS_2,low,2016-05-22,2016-06-06,15,0.0
FOODS_2_218,TX_2,FOODS_2,low,2016-05-22,2016-06-06,15,0.011082415879892627
FOODS_2_251,TX_2,FOODS_2,medium,2016-05-22,2016-06-06,15,1.9004421085139698
FOODS_2_301,TX_2,FOODS_2,low,2016-05-22,2016-06-06,15,1.386912658610073
FOODS_2_302,TX_2,FOODS_2,medium,2016-05-22,2016-06-06,15,1.0495778877666313
FOODS_2_304,TX_2,FOODS_2,medium,2016-05-22,2016-06-06,15,1.9441999770110334
FOODS_2_322,TX_2,FOODS_2,high,2016-05-22,2016-06-06,15,3.629750338748124
FOODS_2_336,TX_2,FOODS_2,low,2016-05-22,2016-06-06,15,0.39613640572536774
FOODS_2_339,TX_2,FOODS_2,medium,2016-05-22,2016-06-06,15,0.5119355446274553
FOODS_2_357,TX_2,FOODS_2,high,2016-05-22,2016-06-06,15,1.7529564826544524
FOODS_2_360,TX_2,FOODS_2,high,2016-05-22,2016-06-06,15,10.26259708577786
FOODS_2_367,TX_2,FOODS_2,medium,2016-05-22,2016-06-06,15,0.0
FOODS_3_026,TX_2,FOODS_3,high,2016-05-22,2016-06-06,15,1.5619393390217735
FOODS_3_048,TX_2,FOODS_3,medium,2016-05-22,2016-06-06,15,2.6136214870191483
FOODS_3_053,TX_2,FOODS_3,medium,2016-05-22,2016-06-06,15,1.1209273743114474
FOODS_3_068,TX_2,FOODS_3,low,2016-05-22,2016-06-06,15,0.559312680643355
FOODS_3_074,TX_2,FOODS_3,medium,2016-05-22,2016-06-06,15,1.4268428900431231
FOODS_3_089,TX_2,FOODS_3,high,2016-05-22,2016-06-06,15,0.8797368429079072
FOODS_3_096,TX_2,FOODS_3,medium,2016-05-22,2016-06-06,15,0.5792283439100592
FOODS_3_099,TX_2,FOODS_3,high,2016-05-22,2016-06-06,15,17.346622333873917
FOODS_3_113,TX_2,FOODS_3,high,2016-05-22,2016-06-06,15,0.7588306300092142
FOODS_3_123,TX_2,FOODS_3,low,2016-05-22,2016-06-06,15,0.4066050069311848
FOODS_3_135,TX_2,FOODS_3,high,2016-05-22,2016-06-06,15,14.13407236829869
FOODS_3_179,TX_2,FOODS_3,low,2016-05-22,2016-06-06,15,0.38320951173487383
FOODS_3_187,TX_2,FOODS_3,medium,2016-05-22,2016-06-06,15,1.0179443345825523
FOODS_3_223,TX_2,FOODS_3,low,2016-05-22,2016-06-06,15,0.3283713106095372
FOODS_3_240,TX_2,FOODS_3,low,2016-05-22,2016-06-06,15,0.1473682810577624
FOODS_3_249,TX_2,FOODS_3,medium,2016-05-22,2016-06-06,15,2.074426790093341
FOODS_3_263,TX_2,FOODS_3,high,2016-05-22,2016-06-06,15,14.911360653881554
FOODS_3_276,TX_2,FOODS_3,high,2016-05-22,2016-06-06,15,0.0
FOODS_3_312,TX_2,FOODS_3,low,2016-05-22,2016-06-06,15,0.8016290508030571
FOODS_3_319,TX_2,FOODS_3,high,2016-05-22,2016-06-06,15,0.0
FOODS_3_321,TX_2,FOODS_3,high,2016-05-22,2016-06-06,15,9.498661363734756
FOODS_3_327,TX_2,FOODS_3,high,2016-05-22,2016-06-06,15,4.3620841140057705
FOODS_3_329,TX_2,FOODS_3,high,2016-05-22,2016-06-06,15,16.939775802194067
FOODS_3_340,TX_2,FOODS_3,low,2016-05-22,2016-06-06,15,0.6650057567513297
FOODS_3_354,TX_2,FOODS_3,low,2016-05-22,2016-06-06,15,0.6577052876983657
FOODS_3_360,TX_2,FOODS_3,medium,2016-05-22,2016-06-06,15,0.41447579012671454
FOODS_3_383,TX_2,FOODS_3,high,2016-05-22,2016-06-06,15,2.283226913865112
FOODS_3_387,TX_2,FOODS_3,medium,2016-05-22,2016-06-06,15,1.0293236082878967
FOODS_3_432,TX_2,FOODS_3,high,2016-05-22,2016-06-06,15,1.6968313842379528
FOODS_3_467,TX_2,FOODS_3,medium,2016-05-22,2016-06-06,15,0.7617695249037538
FOODS_3_470,TX_2,FOODS_3,medium,2016-05-22,2016-06-06,15,0.7440992156862601
FOODS_3_479,TX_2,FOODS_3,medium,2016-05-22,2016-06-06,15,0.9276358827581198
FOODS_3_480,TX_2,FOODS_3,medium,2016-05-22,2016-06-06,15,0.8232385309578726
FOODS_3_482,TX_2,FOODS_3,low,2016-05-22,2016-06-06,15,1.011304170653421
FOODS_3_501,TX_2,FOODS_3,high,2016-05-22,2016-06-06,15,13.285216098481355
FOODS_3_511,TX_2,FOODS_3,high,2016-05-22,2016-06-06,15,10.874520789269857
FOODS_3_520,TX_2,FOODS_3,medium,2016-05-22,2016-06-06,15,1.1155682123371549
FOODS_3_532,TX_2,FOODS_3,medium,2016-05-22,2016-06-06,15,1.9261459550696272
FOODS_3_539,TX_2,FOODS_3,low,2016-05-22,2016-06-06,15,0.43771978526143357
FOODS_3_550,TX_2,FOODS_3,low,2016-05-22,2016-06-06,15,0.3228792871895018
FOODS_3_558,TX_2,FOODS_3,low,2016-05-22,2016-06-06,15,0.2096290733098171
FOODS_3_601,TX_2,FOODS_3,low,2016-05-22,2016-06-06,15,0.19913170696460528
FOODS_3_611,TX_2,FOODS_3,high,2016-05-22,2016-06-06,15,3.003075964236317
FOODS_3_616,TX_2,FOODS_3,medium,2016-05-22,2016-06-06,15,2.1208354311359154
FOODS_3_635,TX_2,FOODS_3,high,2016-05-22,2016-06-06,15,0.0
FOODS_3_640,TX_2,FOODS_3,low,2016-05-22,2016-06-06,15,0.8901389141514064
FOODS_3_641,TX_2,FOODS_3,low,2016-05-22,2016-06-06,15,0.3312475339269036
FOODS_3_648,TX_2,FOODS_3,medium,2016-05-22,2016-06-06,15,1.5507597400148754
FOODS_3_658,TX_2,FOODS_3,low,2016-05-22,2016-06-06,15,0.39303400888085976
FOODS_3_661,TX_2,FOODS_3,high,2016-05-22,2016-06-06,15,3.769598907074202
FOODS_3_666,TX_2,FOODS_3,medium,2016-05-22,2016-06-06,15,0.9282922620241916
FOODS_3_677,TX_2,FOODS_3,low,2016-05-22,2016-06-06,15,0.8438549271633323
FOODS_3_709,TX_2,FOODS_3,low,2016-05-22,2016-06-06,15,1.4655003883296105
FOODS_3_724,TX_2,FOODS_3,low,2016-05-22,2016-06-06,15,0.4153644252028212
FOODS_3_795,TX_2,FOODS_3,medium,2016-05-22,2016-06-06,15,2.273661233591045
FOODS_3_801,TX_2,FOODS_3,high,2016-05-22,2016-06-06,15,2.000037883388397
FOODS_3_817,TX_2,FOODS_3,medium,2016-05-22,2016-06-06,15,0.5739887826979171
FOODS_1_017,WI_3,FOODS_1,low,2016-05-22,2016-06-06,15,0.8560376168795826
FOODS_1_020,WI_3,FOODS_1,medium,2016-05-22,2016-06-06,15,1.227699008657294
FOODS_1_042,WI_3,FOODS_1,high,2016-05-22,2016-06-06,15,2.2028230938428695
FOODS_1_082,WI_3,FOODS_1,high,2016-05-22,2016-06-06,15,8.762514059425332
FOODS_1_086,WI_3,FOODS_1,high,2016-05-22,2016-06-06,15,2.07296437072003
FOODS_1_089,WI_3,FOODS_1,low,2016-05-22,2016-06-06,15,0.3578738216706912
FOODS_1_099,WI_3,FOODS_1,high,2016-05-22,2016-06-06,15,2.7354970504045504
FOODS_1_112,WI_3,FOODS_1,medium,2016-05-22,2016-06-06,15,0.3286182712694178
FOODS_1_135,WI_3,FOODS_1,low,2016-05-22,2016-06-06,15,0.4464218934361698
FOODS_1_155,WI_3,FOODS_1,medium,2016-05-22,2016-06-06,15,1.1444658482711223
FOODS_1_156,WI_3,FOODS_1,low,2016-05-22,2016-06-06,15,0.5344660718029147
FOODS_1_172,WI_3,FOODS_1,high,2016-05-22,2016-06-06,15,2.7703380653747227
FOODS_1_175,WI_3,FOODS_1,medium,2016-05-22,2016-06-06,15,0.3659958389534799
FOODS_1_210,WI_3,FOODS_1,medium,2016-05-22,2016-06-06,15,2.3679554426024985
FOODS_1_214,WI_3,FOODS_1,low,2016-05-22,2016-06-06,15,0.5522128142535148
FOODS_2_021,WI_3,FOODS_2,high,2016-05-22,2016-06-06,15,5.776861217745529
FOODS_2_024,WI_3,FOODS_2,medium,2016-05-22,2016-06-06,15,0.6147362901756211
FOODS_2_028,WI_3,FOODS_2,low,2016-05-22,2016-06-06,15,0.7524458895967641
FOODS_2_040,WI_3,FOODS_2,low,2016-05-22,2016-06-06,15,0.6622745178578189
FOODS_2_059,WI_3,FOODS_2,high,2016-05-22,2016-06-06,15,2.987933841544083
FOODS_2_072,WI_3,FOODS_2,medium,2016-05-22,2016-06-06,15,1.5939273001810954
FOODS_2_095,WI_3,FOODS_2,low,2016-05-22,2016-06-06,15,1.3266858833723245
FOODS_2_116,WI_3,FOODS_2,high,2016-05-22,2016-06-06,15,0.923074261778768
FOODS_2_136,WI_3,FOODS_2,medium,2016-05-22,2016-06-06,15,2.5612629417599178
FOODS_2_139,WI_3,FOODS_2,high,2016-05-22,2016-06-06,15,1.095626854988008
FOODS_2_146,WI_3,FOODS_2,medium,2016-05-22,2016-06-06,15,0.783375709653369
FOODS_2_150,WI_3,FOODS_2,high,2016-05-22,2016-06-06,15,1.447200388360202
FOODS_2_170,WI_3,FOODS_2,medium,2016-05-22,2016-06-06,15,1.5437078694482096
FOODS_2_178,WI_3,FOODS_2,low,2016-05-22,2016-06-06,15,1.0924481994217285
FOODS_2_180,WI_3,FOODS_2,low,2016-05-22,2016-06-06,15,1.0968096617742618
FOODS_2_184,WI_3,FOODS_2,high,2016-05-22,2016-06-06,15,0.6961938945987958
FOODS_2_209,WI_3,FOODS_2,low,2016-05-22,2016-06-06,15,0.8607341552670664
FOODS_2_218,WI_3,FOODS_2,low,2016-05-22,2016-06-06,15,0.3600182062651746
FOODS_2_251,WI_3,FOODS_2,medium,2016-05-22,2016-06-06,15,2.521049382111286
FOODS_2_301,WI_3,FOODS_2,low,2016-05-22,2016-06-06,15,1.057122924725227
FOODS_2_302,WI_3,FOODS_2,medium,2016-05-22,2016-06-06,15,2.060337405999328
FOODS_2_304,WI_3,FOODS_2,medium,2016-05-22,2016-06-06,15,1.675946024828246
FOODS_2_322,WI_3,FOODS_2,high,2016-05-22,2016-06-06,15,4.4557243828562765
FOODS_2_336,WI_3,FOODS_2,low,2016-05-22,2016-06-06,15,0.8742965428226654
FOODS_2_339,WI_3,FOODS_2,medium,2016-05-22,2016-06-06,15,2.321665908023172
FOODS_2_357,WI_3,FOODS_2,high,2016-05-22,2016-06-06,15,4.553059535321603
FOODS_2_360,WI_3,FOODS_2,high,2016-05-22,2016-06-06,15,17.969647267345035
FOODS_2_367,WI_3,FOODS_2,medium,2016-05-22,2016-06-06,15,0.47434126830352547
FOODS_3_026,WI_3,FOODS_3,high,2016-05-22,2016-06-06,15,2.053440264651047
FOODS_3_048,WI_3,FOODS_3,medium,2016-05-22,2016-06-06,15,3.8375854803246283
FOODS_3_053,WI_3,FOODS_3,medium,2016-05-22,2016-06-06,15,0.5666595628545287
FOODS_3_068,WI_3,FOODS_3,low,2016-05-22,2016-06-06,15,0.202914004511775
FOODS_3_074,WI_3,FOODS_3,medium,2016-05-22,2016-06-06,15,0.7092448094664067
FOODS_3_089,WI_3,FOODS_3,high,2016-05-22,2016-06-06,15,1.6512589895548289
FOODS_3_096,WI_3,FOODS_3,medium,2016-05-22,2016-06-06,15,0.552228067655948
FOODS_3_099,WI_3,FOODS_3,high,2016-05-22,2016-06-06,15,10.034882821236549
FOODS_3_113,WI_3,FOODS_3,high,2016-05-22,2016-06-06,15,2.7200112020704355
FOODS_3_123,WI_3,FOODS_3,low,2016-05-22,2016-06-06,15,0.4709652007920004
FOODS_3_135,WI_3,FOODS_3,high,2016-05-22,2016-06-06,15,7.990828764742631
FOODS_3_179,WI_3,FOODS_3,low,2016-05-22,2016-06-06,15,0.2662601515109912
FOODS_3_187,WI_3,FOODS_3,medium,2016-05-22,2016-06-06,15,1.5453344164067722
FOODS_3_223,WI_3,FOODS_3,low,2016-05-22,2016-06-06,15,1.0992398357653455
FOODS_3_240,WI_3,FOODS_3,low,2016-05-22,2016-06-06,15,0.3301937623046647
FOODS_3_249,WI_3,FOODS_3,medium,2016-05-22,2016-06-06,15,0.895211048800099
FOODS_3_263,WI_3,FOODS_3,high,2016-05-22,2016-06-06,15,11.354580870738516
FOODS_3_276,WI_3,FOODS_3,high,2016-05-22,2016-06-06,15,0.0
FOODS_3_312,WI_3,FOODS_3,low,2016-05-22,2016-06-06,15,0.5970006070178792
FOODS_3_319,WI_3,FOODS_3,high,2016-05-22,2016-06-06,15,0.0
FOODS_3_321,WI_3,FOODS_3,high,2016-05-22,2016-06-06,15,5.047846066571523
FOODS_3_327,WI_3,FOODS_3,high,2016-05-22,2016-06-06,15,1.7468599230948227
FOODS_3_329,WI_3,FOODS_3,high,2016-05-22,2016-06-06,15,19.037694696090366
FOODS_3_340,WI_3,FOODS_3,low,2016-05-22,2016-06-06,15,0.5699121188493405
FOODS_3_354,WI_3,FOODS_3,low,2016-05-22,2016-06-06,15,0.6292654632448439
FOODS_3_360,WI_3,FOODS_3,medium,2016-05-22,2016-06-06,15,0.3525502475110663
FOODS_3_383,WI_3,FOODS_3,high,2016-05-22,2016-06-06,15,1.958467870830799
FOODS_3_387,WI_3,FOODS_3,medium,2016-05-22,2016-06-06,15,1.0222531762822669
FOODS_3_432,WI_3,FOODS_3,high,2016-05-22,2016-06-06,15,0.9513660691562993
FOODS_3_467,WI_3,FOODS_3,medium,2016-05-22,2016-06-06,15,1.1435176815883068
FOODS_3_470,WI_3,FOODS_3,medium,2016-05-22,2016-06-06,15,1.0923263157592524
FOODS_3_479,WI_3,FOODS_3,medium,2016-05-22,2016-06-06,15,0.7558062567075582
FOODS_3_480,WI_3,FOODS_3,medium,2016-05-22,2016-06-06,15,0.7463607479332798
FOODS_3_482,WI_3,FOODS_3,low,2016-05-22,2016-06-06,15,0.34214449379503414
FOODS_3_501,WI_3,FOODS_3,high,2016-05-22,2016-06-06,15,9.130570042680441
FOODS_3_511,WI_3,FOODS_3,high,2016-05-22,2016-06-06,15,8.10601858445761
FOODS_3_520,WI_3,FOODS_3,medium,2016-05-22,2016-06-06,15,0.5217318881858906
FOODS_3_532,WI_3,FOODS_3,medium,2016-05-22,2016-06-06,15,2.5144874594527074
FOODS_3_539,WI_3,FOODS_3,low,2016-05-22,2016-06-06,15,0.4728053067041266
FOODS_3_550,WI_3,FOODS_3,low,2016-05-22,2016-06-06,15,0.4524899999721516
FOODS_3_558,WI_3,FOODS_3,low,2016-05-22,2016-06-06,15,0.4228886167952652
FOODS_3_601,WI_3,FOODS_3,low,2016-05-22,2016-06-06,15,0.2967403458670509
FOODS_3_611,WI_3,FOODS_3,high,2016-05-22,2016-06-06,15,0.634968640458346
FOODS_3_616,WI_3,FOODS_3,medium,2016-05-22,2016-06-06,15,0.6585832418987697
FOODS_3_635,WI_3,FOODS_3,high,2016-05-22,2016-06-06,15,0.0
FOODS_3_640,WI_3,FOODS_3,low,2016-05-22,2016-06-06,15,1.3008077531909346
FOODS_3_641,WI_3,FOODS_3,low,2016-05-22,2016-06-06,15,0.7478666571455317
FOODS_3_648,WI_3,FOODS_3,medium,2016-05-22,2016-06-06,15,0.8276762122685245
FOODS_3_658,WI_3,FOODS_3,low,2016-05-22,2016-06-06,15,0.4669726953902857
FOODS_3_661,WI_3,FOODS_3,high,2016-05-22,2016-06-06,15,3.40769196819456
FOODS_3_666,WI_3,FOODS_3,medium,2016-05-22,2016-06-06,15,1.0045253690510518
FOODS_3_677,WI_3,FOODS_3,low,2016-05-22,2016-06-06,15,0.2995022347469055
FOODS_3_709,WI_3,FOODS_3,low,2016-05-22,2016-06-06,15,1.3370642742882015
FOODS_3_724,WI_3,FOODS_3,low,2016-05-22,2016-06-06,15,0.20200482562122266
FOODS_3_795,WI_3,FOODS_3,medium,2016-05-22,2016-06-06,15,1.553562962270656
FOODS_3_801,WI_3,FOODS_3,high,2016-05-22,2016-06-06,15,3.2695192117358025
FOODS_3_817,WI_3,FOODS_3,medium,2016-05-22,2016-06-06,15,0.2704311572334081
FOODS_1_017,CA_1,FOODS_1,low,2016-05-22,2016-06-07,16,1.5468539962436385
FOODS_1_020,CA_1,FOODS_1,medium,2016-05-22,2016-06-07,16,1.816752149574217
FOODS_1_042,CA_1,FOODS_1,high,2016-05-22,2016-06-07,16,2.7727240229298284
FOODS_1_082,CA_1,FOODS_1,high,2016-05-22,2016-06-07,16,8.142549552032502
FOODS_1_086,CA_1,FOODS_1,high,2016-05-22,2016-06-07,16,4.3838116292794655
FOODS_1_089,CA_1,FOODS_1,low,2016-05-22,2016-06-07,16,0.7009871887437944
FOODS_1_099,CA_1,FOODS_1,high,2016-05-22,2016-06-07,16,7.3039087902376565
FOODS_1_112,CA_1,FOODS_1,medium,2016-05-22,2016-06-07,16,1.8141550744353339
FOODS_1_135,CA_1,FOODS_1,low,2016-05-22,2016-06-07,16,1.2935935257069027
FOODS_1_155,CA_1,FOODS_1,medium,2016-05-22,2016-06-07,16,0.7921858225370918
FOODS_1_156,CA_1,FOODS_1,low,2016-05-22,2016-06-07,16,1.4205619480320681
FOODS_1_172,CA_1,FOODS_1,high,2016-05-22,2016-06-07,16,1.6064263786961495
FOODS_1_175,CA_1,FOODS_1,medium,2016-05-22,2016-06-07,16,1.5089722081739987
FOODS_1_210,CA_1,FOODS_1,medium,2016-05-22,2016-06-07,16,2.477618963490694
FOODS_1_214,CA_1,FOODS_1,low,2016-05-22,2016-06-07,16,1.2535942937080888
FOODS_2_021,CA_1,FOODS_2,high,2016-05-22,2016-06-07,16,6.5542152029990435
FOODS_2_024,CA_1,FOODS_2,medium,2016-05-22,2016-06-07,16,1.6747230185733584
FOODS_2_028,CA_1,FOODS_2,low,2016-05-22,2016-06-07,16,0.4832485477512927
FOODS_2_040,CA_1,FOODS_2,low,2016-05-22,2016-06-07,16,0.9073496794372479
FOODS_2_059,CA_1,FOODS_2,high,2016-05-22,2016-06-07,16,1.8442868246917965
FOODS_2_072,CA_1,FOODS_2,medium,2016-05-22,2016-06-07,16,0.7485793745582008
FOODS_2_095,CA_1,FOODS_2,low,2016-05-22,2016-06-07,16,0.8754700724916928
FOODS_2_116,CA_1,FOODS_2,high,2016-05-22,2016-06-07,16,1.1089426206821071
FOODS_2_136,CA_1,FOODS_2,medium,2016-05-22,2016-06-07,16,0.6367363761405102
FOODS_2_139,CA_1,FOODS_2,high,2016-05-22,2016-06-07,16,1.5478814409075599
FOODS_2_146,CA_1,FOODS_2,medium,2016-05-22,2016-06-07,16,1.3422093842772647
FOODS_2_150,CA_1,FOODS_2,high,2016-05-22,2016-06-07,16,2.454287878467588
FOODS_2_170,CA_1,FOODS_2,medium,2016-05-22,2016-06-07,16,1.7924668839456295
FOODS_2_178,CA_1,FOODS_2,low,2016-05-22,2016-06-07,16,0.7626805515711604
FOODS_2_180,CA_1,FOODS_2,low,2016-05-22,2016-06-07,16,0.42633430445009185
FOODS_2_184,CA_1,FOODS_2,high,2016-05-22,2016-06-07,16,1.1201397858611584
FOODS_2_209,CA_1,FOODS_2,low,2016-05-22,2016-06-07,16,0.44097510425064174
FOODS_2_218,CA_1,FOODS_2,low,2016-05-22,2016-06-07,16,0.9428221418521042
FOODS_2_251,CA_1,FOODS_2,medium,2016-05-22,2016-06-07,16,0.7327245835529277
FOODS_2_301,CA_1,FOODS_2,low,2016-05-22,2016-06-07,16,0.9956434102834859
FOODS_2_302,CA_1,FOODS_2,medium,2016-05-22,2016-06-07,16,1.3206409415876819
FOODS_2_304,CA_1,FOODS_2,medium,2016-05-22,2016-06-07,16,2.552991452105561
FOODS_2_322,CA_1,FOODS_2,high,2016-05-22,2016-06-07,16,0.7353418508050943
FOODS_2_336,CA_1,FOODS_2,low,2016-05-22,2016-06-07,16,0.456890867448341
FOODS_2_339,CA_1,FOODS_2,medium,2016-05-22,2016-06-07,16,0.8907499468180395
FOODS_2_357,CA_1,FOODS_2,high,2016-05-22,2016-06-07,16,2.285696003805388
FOODS_2_360,CA_1,FOODS_2,high,2016-05-22,2016-06-07,16,11.105726312489633
FOODS_2_367,CA_1,FOODS_2,medium,2016-05-22,2016-06-07,16,0.620879581264652
FOODS_3_026,CA_1,FOODS_3,high,2016-05-22,2016-06-07,16,1.6226592813504719
FOODS_3_048,CA_1,FOODS_3,medium,2016-05-22,2016-06-07,16,1.9146779985728872
FOODS_3_053,CA_1,FOODS_3,medium,2016-05-22,2016-06-07,16,3.611842343415148
FOODS_3_068,CA_1,FOODS_3,low,2016-05-22,2016-06-07,16,0.3645772396708854
FOODS_3_074,CA_1,FOODS_3,medium,2016-05-22,2016-06-07,16,1.8476297068140268
FOODS_3_089,CA_1,FOODS_3,high,2016-05-22,2016-06-07,16,0.8352774658015137
FOODS_3_096,CA_1,FOODS_3,medium,2016-05-22,2016-06-07,16,1.1040584978784393
FOODS_3_099,CA_1,FOODS_3,high,2016-05-22,2016-06-07,16,15.210241001946466
FOODS_3_113,CA_1,FOODS_3,high,2016-05-22,2016-06-07,16,4.196165944955104
FOODS_3_123,CA_1,FOODS_3,low,2016-05-22,2016-06-07,16,2.166313602433518
FOODS_3_135,CA_1,FOODS_3,high,2016-05-22,2016-06-07,16,5.966318919704128
FOODS_3_179,CA_1,FOODS_3,low,2016-05-22,2016-06-07,16,0.8992259943698672
FOODS_3_187,CA_1,FOODS_3,medium,2016-05-22,2016-06-07,16,1.2721290536123495
FOODS_3_223,CA_1,FOODS_3,low,2016-05-22,2016-06-07,16,1.1171203960641058
FOODS_3_240,CA_1,FOODS_3,low,2016-05-22,2016-06-07,16,0.848848988985737
FOODS_3_249,CA_1,FOODS_3,medium,2016-05-22,2016-06-07,16,3.7321846456786596
FOODS_3_263,CA_1,FOODS_3,high,2016-05-22,2016-06-07,16,9.319918897592208
FOODS_3_276,CA_1,FOODS_3,high,2016-05-22,2016-06-07,16,0.0
FOODS_3_312,CA_1,FOODS_3,low,2016-05-22,2016-06-07,16,1.2392697262264896
FOODS_3_319,CA_1,FOODS_3,high,2016-05-22,2016-06-07,16,0.0
FOODS_3_321,CA_1,FOODS_3,high,2016-05-22,2016-06-07,16,5.3571826923634775
FOODS_3_327,CA_1,FOODS_3,high,2016-05-22,2016-06-07,16,2.4641126616581843
FOODS_3_329,CA_1,FOODS_3,high,2016-05-22,2016-06-07,16,19.18673041465686
FOODS_3_340,CA_1,FOODS_3,low,2016-05-22,2016-06-07,16,0.5702458498438551
FOODS_3_354,CA_1,FOODS_3,low,2016-05-22,2016-06-07,16,0.17099913480832202
FOODS_3_360,CA_1,FOODS_3,medium,2016-05-22,2016-06-07,16,0.28875812690393365
FOODS_3_383,CA_1,FOODS_3,high,2016-05-22,2016-06-07,16,3.8472602116250316
FOODS_3_387,CA_1,FOODS_3,medium,2016-05-22,2016-06-07,16,1.5223538088705495
FOODS_3_432,CA_1,FOODS_3,high,2016-05-22,2016-06-07,16,0.4880443667026655
FOODS_3_467,CA_1,FOODS_3,medium,2016-05-22,2016-06-07,16,1.3930156009683323
FOODS_3_470,CA_1,FOODS_3,medium,2016-05-22,2016-06-07,16,0.7626958107657563
FOODS_3_479,CA_1,FOODS_3,medium,2016-05-22,2016-06-07,16,0.6784574572497368
FOODS_3_480,CA_1,FOODS_3,medium,2016-05-22,2016-06-07,16,1.1157089733368861
FOODS_3_482,CA_1,FOODS_3,low,2016-05-22,2016-06-07,16,2.4068853615013026
FOODS_3_501,CA_1,FOODS_3,high,2016-05-22,2016-06-07,16,23.757509363790668
FOODS_3_511,CA_1,FOODS_3,high,2016-05-22,2016-06-07,16,25.848906172686732
FOODS_3_520,CA_1,FOODS_3,medium,2016-05-22,2016-06-07,16,0.7035564697133884
FOODS_3_532,CA_1,FOODS_3,medium,2016-05-22,2016-06-07,16,1.7833947933594039
FOODS_3_539,CA_1,FOODS_3,low,2016-05-22,2016-06-07,16,0.6414828088407482
FOODS_3_550,CA_1,FOODS_3,low,2016-05-22,2016-06-07,16,0.3483918029544761
FOODS_3_558,CA_1,FOODS_3,low,2016-05-22,2016-06-07,16,0.6164866946698415
FOODS_3_601,CA_1,FOODS_3,low,2016-05-22,2016-06-07,16,0.15286051009753723
FOODS_3_611,CA_1,FOODS_3,high,2016-05-22,2016-06-07,16,1.4378004364837071
FOODS_3_616,CA_1,FOODS_3,medium,2016-05-22,2016-06-07,16,1.0990972416324465
FOODS_3_635,CA_1,FOODS_3,high,2016-05-22,2016-06-07,16,0.0
FOODS_3_640,CA_1,FOODS_3,low,2016-05-22,2016-06-07,16,2.5180415435428904
FOODS_3_641,CA_1,FOODS_3,low,2016-05-22,2016-06-07,16,3.004369714030261
FOODS_3_648,CA_1,FOODS_3,medium,2016-05-22,2016-06-07,16,0.7272658989091666
FOODS_3_658,CA_1,FOODS_3,low,2016-05-22,2016-06-07,16,0.9040418140891519
FOODS_3_661,CA_1,FOODS_3,high,2016-05-22,2016-06-07,16,4.24044184399093
FOODS_3_666,CA_1,FOODS_3,medium,2016-05-22,2016-06-07,16,1.1317994460620386
FOODS_3_677,CA_1,FOODS_3,low,2016-05-22,2016-06-07,16,0.7203486299230278
FOODS_3_709,CA_1,FOODS_3,low,2016-05-22,2016-06-07,16,0.40456775667762596
FOODS_3_724,CA_1,FOODS_3,low,2016-05-22,2016-06-07,16,0.4581387121828887
FOODS_3_795,CA_1,FOODS_3,medium,2016-05-22,2016-06-07,16,3.4028551841041925
FOODS_3_801,CA_1,FOODS_3,high,2016-05-22,2016-06-07,16,1.7253246422346946
FOODS_3_817,CA_1,FOODS_3,medium,2016-05-22,2016-06-07,16,0.7276401471940179
FOODS_1_017,TX_2,FOODS_1,low,2016-05-22,2016-06-07,16,0.42411782175588036
FOODS_1_020,TX_2,FOODS_1,medium,2016-05-22,2016-06-07,16,0.6556926921995644
FOODS_1_042,TX_2,FOODS_1,high,2016-05-22,2016-06-07,16,5.2453286771686765
FOODS_1_082,TX_2,FOODS_1,high,2016-05-22,2016-06-07,16,2.141153582520032
FOODS_1_086,TX_2,FOODS_1,high,2016-05-22,2016-06-07,16,0.29664787646375135
FOODS_1_089,TX_2,FOODS_1,low,2016-05-22,2016-06-07,16,0.36483521801425595
FOODS_1_099,TX_2,FOODS_1,high,2016-05-22,2016-06-07,16,8.046072455850029
FOODS_1_112,TX_2,FOODS_1,medium,2016-05-22,2016-06-07,16,0.5226402822331097
FOODS_1_135,TX_2,FOODS_1,low,2016-05-22,2016-06-07,16,0.32189714288011206
FOODS_1_155,TX_2,FOODS_1,medium,2016-05-22,2016-06-07,16,1.597211119464644
FOODS_1_156,TX_2,FOODS_1,low,2016-05-22,2016-06-07,16,0.3556167855080809
FOODS_1_172,TX_2,FOODS_1,high,2016-05-22,2016-06-07,16,3.3892952486086756
FOODS_1_175,TX_2,FOODS_1,medium,2016-05-22,2016-06-07,16,0.6800841939893817
FOODS_1_210,TX_2,FOODS_1,medium,2016-05-22,2016-06-07,16,4.760798213906282
FOODS_1_214,TX_2,FOODS_1,low,2016-05-22,2016-06-07,16,0.4167103903364349
FOODS_2_021,TX_2,FOODS_2,high,2016-05-22,2016-06-07,16,0.4960633623790463
FOODS_2_024,TX_2,FOODS_2,medium,2016-05-22,2016-06-07,16,0.19004837269367458
FOODS_2_028,TX_2,FOODS_2,low,2016-05-22,2016-06-07,16,1.018998892314451
FOODS_2_040,TX_2,FOODS_2,low,2016-05-22,2016-06-07,16,0.07140557355777773
FOODS_2_059,TX_2,FOODS_2,high,2016-05-22,2016-06-07,16,1.6745657756263321
FOODS_2_072,TX_2,FOODS_2,medium,2016-05-22,2016-06-07,16,0.5521622760268511
FOODS_2_095,TX_2,FOODS_2,low,2016-05-22,2016-06-07,16,0.504079847561816
FOODS_2_116,TX_2,FOODS_2,high,2016-05-22,2016-06-07,16,0.6056362425527485
FOODS_2_136,TX_2,FOODS_2,medium,2016-05-22,2016-06-07,16,0.3566568179866456
FOODS_2_139,TX_2,FOODS_2,high,2016-05-22,2016-06-07,16,1.6042495742499272
FOODS_2_146,TX_2,FOODS_2,medium,2016-05-22,2016-06-07,16,0.8986812995240301
FOODS_2_150,TX_2,FOODS_2,high,2016-05-22,2016-06-07,16,1.1193574550892322
FOODS_2_170,TX_2,FOODS_2,medium,2016-05-22,2016-06-07,16,1.380658916724956
FOODS_2_178,TX_2,FOODS_2,low,2016-05-22,2016-06-07,16,0.4417604090779213
FOODS_2_180,TX_2,FOODS_2,low,2016-05-22,2016-06-07,16,2.168038846336199
FOODS_2_184,TX_2,FOODS_2,high,2016-05-22,2016-06-07,16,2.442547700305524
FOODS_2_209,TX_2,FOODS_2,low,2016-05-22,2016-06-07,16,0.0
FOODS_2_218,TX_2,FOODS_2,low,2016-05-22,2016-06-07,16,0.011478216447031649
FOODS_2_251,TX_2,FOODS_2,medium,2016-05-22,2016-06-07,16,1.8254578981037546
FOODS_2_301,TX_2,FOODS_2,low,2016-05-22,2016-06-07,16,1.4364452535604324
FOODS_2_302,TX_2,FOODS_2,medium,2016-05-22,2016-06-07,16,0.979919955186868
FOODS_2_304,TX_2,FOODS_2,medium,2016-05-22,2016-06-07,16,1.8707785476185703
FOODS_2_322,TX_2,FOODS_2,high,2016-05-22,2016-06-07,16,3.473669993703414
FOODS_2_336,TX_2,FOODS_2,low,2016-05-22,2016-06-07,16,0.4102841345012737
FOODS_2_339,TX_2,FOODS_2,medium,2016-05-22,2016-06-07,16,0.5302189569355789
FOODS_2_357,TX_2,FOODS_2,high,2016-05-22,2016-06-07,16,1.7441334998921114
FOODS_2_360,TX_2,FOODS_2,high,2016-05-22,2016-06-07,16,10.093404124555644
FOODS_2_367,TX_2,FOODS_2,medium,2016-05-22,2016-06-07,16,0.0
FOODS_3_026,TX_2,FOODS_3,high,2016-05-22,2016-06-07,16,1.5462943154154085
FOODS_3_048,TX_2,FOODS_3,medium,2016-05-22,2016-06-07,16,2.5641079686984036
FOODS_3_053,TX_2,FOODS_3,medium,2016-05-22,2016-06-07,16,1.1252462091082847
FOODS_3_068,TX_2,FOODS_3,low,2016-05-22,2016-06-07,16,0.4721452763806178
FOODS_3_074,TX_2,FOODS_3,medium,2016-05-22,2016-06-07,16,1.4778015646875207
FOODS_3_089,TX_2,FOODS_3,high,2016-05-22,2016-06-07,16,0.9111560158689038
FOODS_3_096,TX_2,FOODS_3,medium,2016-05-22,2016-06-07,16,0.5642007847639897
FOODS_3_099,TX_2,FOODS_3,high,2016-05-22,2016-06-07,16,17.07328741722656
FOODS_3_113,TX_2,FOODS_3,high,2016-05-22,2016-06-07,16,0.7859317239381147
FOODS_3_123,TX_2,FOODS_3,low,2016-05-22,2016-06-07,16,0.42112661432158427
FOODS_3_135,TX_2,FOODS_3,high,2016-05-22,2016-06-07,16,14.281717810023645
FOODS_3_179,TX_2,FOODS_3,low,2016-05-22,2016-06-07,16,0.396895565725405
FOODS_3_187,TX_2,FOODS_3,medium,2016-05-22,2016-06-07,16,1.0185852036747862
FOODS_3_223,TX_2,FOODS_3,low,2016-05-22,2016-06-07,16,0.3400988574170207
FOODS_3_240,TX_2,FOODS_3,low,2016-05-22,2016-06-07,16,0.15263143395268247
FOODS_3_249,TX_2,FOODS_3,medium,2016-05-22,2016-06-07,16,2.077084889739532
FOODS_3_263,TX_2,FOODS_3,high,2016-05-22,2016-06-07,16,14.979623534377321
FOODS_3_276,TX_2,FOODS_3,high,2016-05-22,2016-06-07,16,0.0
FOODS_3_312,TX_2,FOODS_3,low,2016-05-22,2016-06-07,16,0.7588300883317378
FOODS_3_319,TX_2,FOODS_3,high,2016-05-22,2016-06-07,16,0.0
FOODS_3_321,TX_2,FOODS_3,high,2016-05-22,2016-06-07,16,9.48075641243957
FOODS_3_327,TX_2,FOODS_3,high,2016-05-22,2016-06-07,16,4.303587118077405
FOODS_3_329,TX_2,FOODS_3,high,2016-05-22,2016-06-07,16,16.937624937986715
FOODS_3_340,TX_2,FOODS_3,low,2016-05-22,2016-06-07,16,0.6530416766353058
FOODS_3_354,TX_2,FOODS_3,low,2016-05-22,2016-06-07,16,0.5740519051161642
FOODS_3_360,TX_2,FOODS_3,medium,2016-05-22,2016-06-07,16,0.39356421120266866
FOODS_3_383,TX_2,FOODS_3,high,2016-05-22,2016-06-07,16,2.3647707322174374
FOODS_3_387,TX_2,FOODS_3,medium,2016-05-22,2016-06-07,16,1.0303708800124645
FOODS_3_432,TX_2,FOODS_3,high,2016-05-22,2016-06-07,16,1.6860039336750225
FOODS_3_467,TX_2,FOODS_3,medium,2016-05-22,2016-06-07,16,0.7889755793646023
FOODS_3_470,TX_2,FOODS_3,medium,2016-05-22,2016-06-07,16,0.7349599019607692
FOODS_3_479,TX_2,FOODS_3,medium,2016-05-22,2016-06-07,16,0.960765735713767
FOODS_3_480,TX_2,FOODS_3,medium,2016-05-22,2016-06-07,16,0.8526399070635111
FOODS_3_482,TX_2,FOODS_3,low,2016-05-22,2016-06-07,16,1.0117078910339004
FOODS_3_501,TX_2,FOODS_3,high,2016-05-22,2016-06-07,16,13.223973816284259
FOODS_3_511,TX_2,FOODS_3,high,2016-05-22,2016-06-07,16,10.941467960315208
FOODS_3_520,TX_2,FOODS_3,medium,2016-05-22,2016-06-07,16,1.155409934206339
FOODS_3_532,TX_2,FOODS_3,medium,2016-05-22,2016-06-07,16,1.923508310607828
FOODS_3_539,TX_2,FOODS_3,low,2016-05-22,2016-06-07,16,0.4176383490207705
FOODS_3_550,TX_2,FOODS_3,low,2016-05-22,2016-06-07,16,0.3344106903034126
FOODS_3_558,TX_2,FOODS_3,low,2016-05-22,2016-06-07,16,0.21711582592802484
FOODS_3_601,TX_2,FOODS_3,low,2016-05-22,2016-06-07,16,0.1705292679276269
FOODS_3_611,TX_2,FOODS_3,high,2016-05-22,2016-06-07,16,2.9317572486733288
FOODS_3_616,TX_2,FOODS_3,medium,2016-05-22,2016-06-07,16,2.1965795536764836
FOODS_3_635,TX_2,FOODS_3,high,2016-05-22,2016-06-07,16,0.0
FOODS_3_640,TX_2,FOODS_3,low,2016-05-22,2016-06-07,16,0.8862153039425281
FOODS_3_641,TX_2,FOODS_3,low,2016-05-22,2016-06-07,16,0.3430778029957216
FOODS_3_648,TX_2,FOODS_3,medium,2016-05-22,2016-06-07,16,1.5704297307296924
FOODS_3_658,TX_2,FOODS_3,low,2016-05-22,2016-06-07,16,0.3713566520551762
FOODS_3_661,TX_2,FOODS_3,high,2016-05-22,2016-06-07,16,3.725656010898281
FOODS_3_666,TX_2,FOODS_3,medium,2016-05-22,2016-06-07,16,0.9614455570964842
FOODS_3_677,TX_2,FOODS_3,low,2016-05-22,2016-06-07,16,0.8739926031334513
FOODS_3_709,TX_2,FOODS_3,low,2016-05-22,2016-06-07,16,1.482125402198525
FOODS_3_724,TX_2,FOODS_3,low,2016-05-22,2016-06-07,16,0.3944845832457791
FOODS_3_795,TX_2,FOODS_3,medium,2016-05-22,2016-06-07,16,2.2477205633621535
FOODS_3_801,TX_2,FOODS_3,high,2016-05-22,2016-06-07,16,2.0000392363665536
FOODS_3_817,TX_2,FOODS_3,medium,2016-05-22,2016-06-07,16,0.5944883820799856
FOODS_1_017,WI_3,FOODS_1,low,2016-05-22,2016-06-07,16,0.8151818174824248
FOODS_1_020,WI_3,FOODS_1,medium,2016-05-22,2016-06-07,16,1.2358311161093403
FOODS_1_042,WI_3,FOODS_1,high,2016-05-22,2016-06-07,16,2.2100667757658288
FOODS_1_082,WI_3,FOODS_1,high,2016-05-22,2016-06-07,16,8.825460990119094
FOODS_1_086,WI_3,FOODS_1,high,2016-05-22,2016-06-07,16,2.111284526817174
FOODS_1_089,WI_3,FOODS_1,low,2016-05-22,2016-06-07,16,0.3706550295875016
FOODS_1_099,WI_3,FOODS_1,high,2016-05-22,2016-06-07,16,2.5831933736332844
FOODS_1_112,WI_3,FOODS_1,medium,2016-05-22,2016-06-07,16,0.3403546381004685
FOODS_1_135,WI_3,FOODS_1,low,2016-05-22,2016-06-07,16,0.46236553248746154
FOODS_1_155,WI_3,FOODS_1,medium,2016-05-22,2016-06-07,16,1.1853396285665199
FOODS_1_156,WI_3,FOODS_1,low,2016-05-22,2016-06-07,16,0.553554145795876
FOODS_1_172,WI_3,FOODS_1,high,2016-05-22,2016-06-07,16,2.7264215677095334
FOODS_1_175,WI_3,FOODS_1,medium,2016-05-22,2016-06-07,16,0.3790671189161042
FOODS_1_210,WI_3,FOODS_1,medium,2016-05-22,2016-06-07,16,2.3810967084097308
FOODS_1_214,WI_3,FOODS_1,low,2016-05-22,2016-06-07,16,0.5362204147625689
FOODS_2_021,WI_3,FOODS_2,high,2016-05-22,2016-06-07,16,5.804606261236442
FOODS_2_024,WI_3,FOODS_2,medium,2016-05-22,2016-06-07,16,0.5295483005390362
FOODS_2_028,WI_3,FOODS_2,low,2016-05-22,2016-06-07,16,0.7436046713680772
FOODS_2_040,WI_3,FOODS_2,low,2016-05-22,2016-06-07,16,0.6502128934955981
FOODS_2_059,WI_3,FOODS_2,high,2016-05-22,2016-06-07,16,2.9517886215992277
FOODS_2_072,WI_3,FOODS_2,medium,2016-05-22,2016-06-07,16,1.5794247037589917
FOODS_2_095,WI_3,FOODS_2,low,2016-05-22,2016-06-07,16,1.3740675220641934
FOODS_2_116,WI_3,FOODS_2,high,2016-05-22,2016-06-07,16,0.9203269139851524
FOODS_2_136,WI_3,FOODS_2,medium,2016-05-22,2016-06-07,16,2.617022332537058
FOODS_2_139,WI_3,FOODS_2,high,2016-05-22,2016-06-07,16,1.1347563855232938
FOODS_2_146,WI_3,FOODS_2,medium,2016-05-22,2016-06-07,16,0.775639127855275
FOODS_2_150,WI_3,FOODS_2,high,2016-05-22,2016-06-07,16,1.4988861165159233
FOODS_2_170,WI_3,FOODS_2,medium,2016-05-22,2016-06-07,16,1.527411721928503
FOODS_2_178,WI_3,FOODS_2,low,2016-05-22,2016-06-07,16,1.0600356351153615
FOODS_2_180,WI_3,FOODS_2,low,2016-05-22,2016-06-07,16,0.8859814354090566
FOODS_2_184,WI_3,FOODS_2,high,2016-05-22,2016-06-07,16,0.6853436765487527
FOODS_2_209,WI_3,FOODS_2,low,2016-05-22,2016-06-07,16,0.8200460893837473
FOODS_2_218,WI_3,FOODS_2,low,2016-05-22,2016-06-07,16,0.3728759993460738
FOODS_2_251,WI_3,FOODS_2,medium,2016-05-22,2016-06-07,16,2.4325154314724027
FOODS_2_301,WI_3,FOODS_2,low,2016-05-22,2016-06-07,16,1.094877314893985
FOODS_2_302,WI_3,FOODS_2,medium,2016-05-22,2016-06-07,16,2.026778027642161
FOODS_2_304,WI_3,FOODS_2,medium,2016-05-22,2016-06-07,16,1.735801240000684
FOODS_2_322,WI_3,FOODS_2,high,2016-05-22,2016-06-07,16,4.329143110815429
FOODS_2_336,WI_3,FOODS_2,low,2016-05-22,2016-06-07,16,0.9055214193520464
FOODS_2_339,WI_3,FOODS_2,medium,2016-05-22,2016-06-07,16,2.118868261881143
FOODS_2_357,WI_3,FOODS_2,high,2016-05-22,2016-06-07,16,4.32281166158309
FOODS_2_360,WI_3,FOODS_2,high,2016-05-22,2016-06-07,16,18.36142038403593
FOODS_2_367,WI_3,FOODS_2,medium,2016-05-22,2016-06-07,16,0.4912820278857941
FOODS_3_026,WI_3,FOODS_3,high,2016-05-22,2016-06-07,16,2.0910631312457273
FOODS_3_048,WI_3,FOODS_3,medium,2016-05-22,2016-06-07,16,3.9032135331933655
FOODS_3_053,WI_3,FOODS_3,medium,2016-05-22,2016-06-07,16,0.5868974043850476
FOODS_3_068,WI_3,FOODS_3,low,2016-05-22,2016-06-07,16,0.21016093324433838
FOODS_3_074,WI_3,FOODS_3,medium,2016-05-22,2016-06-07,16,0.6988606955187783
FOODS_3_089,WI_3,FOODS_3,high,2016-05-22,2016-06-07,16,1.6030896677532154
FOODS_3_096,WI_3,FOODS_3,medium,2016-05-22,2016-06-07,16,0.5719504986436605
FOODS_3_099,WI_3,FOODS_3,high,2016-05-22,2016-06-07,16,9.964700064852137
FOODS_3_113,WI_3,FOODS_3,high,2016-05-22,2016-06-07,16,2.817154459287237
FOODS_3_123,WI_3,FOODS_3,low,2016-05-22,2016-06-07,16,0.4163568151060004
FOODS_3_135,WI_3,FOODS_3,high,2016-05-22,2016-06-07,16,8.133358363483438
FOODS_3_179,WI_3,FOODS_3,low,2016-05-22,2016-06-07,16,0.27576944263638375
FOODS_3_187,WI_3,FOODS_3,medium,2016-05-22,2016-06-07,16,1.6005249312784426
FOODS_3_223,WI_3,FOODS_3,low,2016-05-22,2016-06-07,16,1.1027841156141078
FOODS_3_240,WI_3,FOODS_3,low,2016-05-22,2016-06-07,16,0.34198639667268843
FOODS_3_249,WI_3,FOODS_3,medium,2016-05-22,2016-06-07,16,0.8914685862572455
FOODS_3_263,WI_3,FOODS_3,high,2016-05-22,2016-06-07,16,11.331530187550609
FOODS_3_276,WI_3,FOODS_3,high,2016-05-22,2016-06-07,16,0.0
FOODS_3_312,WI_3,FOODS_3,low,2016-05-22,2016-06-07,16,0.6183220572685179
FOODS_3_319,WI_3,FOODS_3,high,2016-05-22,2016-06-07,16,0.0
FOODS_3_321,WI_3,FOODS_3,high,2016-05-22,2016-06-07,16,5.049554854663364
FOODS_3_327,WI_3,FOODS_3,high,2016-05-22,2016-06-07,16,1.8092477774910665
FOODS_3_329,WI_3,FOODS_3,high,2016-05-22,2016-06-07,16,19.11046950666502
FOODS_3_340,WI_3,FOODS_3,low,2016-05-22,2016-06-07,16,0.5188375516653883
FOODS_3_354,WI_3,FOODS_3,low,2016-05-22,2016-06-07,16,0.5445963726464454
FOODS_3_360,WI_3,FOODS_3,medium,2016-05-22,2016-06-07,16,0.3651413277793187
FOODS_3_383,WI_3,FOODS_3,high,2016-05-22,2016-06-07,16,1.9926988662176135
FOODS_3_387,WI_3,FOODS_3,medium,2016-05-22,2016-06-07,16,0.9516193611494906
FOODS_3_432,WI_3,FOODS_3,high,2016-05-22,2016-06-07,16,0.9496291430547388
FOODS_3_467,WI_3,FOODS_3,medium,2016-05-22,2016-06-07,16,1.1129290273593178
FOODS_3_470,WI_3,FOODS_3,medium,2016-05-22,2016-06-07,16,1.1313379698935115
FOODS_3_479,WI_3,FOODS_3,medium,2016-05-22,2016-06-07,16,0.7827993373042565
FOODS_3_480,WI_3,FOODS_3,medium,2016-05-22,2016-06-07,16,0.5944450603594682
FOODS_3_482,WI_3,FOODS_3,low,2016-05-22,2016-06-07,16,0.31864965428771397
FOODS_3_501,WI_3,FOODS_3,high,2016-05-22,2016-06-07,16,8.956661829919028
FOODS_3_511,WI_3,FOODS_3,high,2016-05-22,2016-06-07,16,8.252662105331096
FOODS_3_520,WI_3,FOODS_3,medium,2016-05-22,2016-06-07,16,0.5403651699068152
FOODS_3_532,WI_3,FOODS_3,medium,2016-05-22,2016-06-07,16,2.4614334401474474
FOODS_3_539,WI_3,FOODS_3,low,2016-05-22,2016-06-07,16,0.48969121051498826
FOODS_3_550,WI_3,FOODS_3,low,2016-05-22,2016-06-07,16,0.43293607139972856
FOODS_3_558,WI_3,FOODS_3,low,2016-05-22,2016-06-07,16,0.36656321025223904
FOODS_3_601,WI_3,FOODS_3,low,2016-05-22,2016-06-07,16,0.3073382153623027
FOODS_3_611,WI_3,FOODS_3,high,2016-05-22,2016-06-07,16,0.657646091903287
FOODS_3_616,WI_3,FOODS_3,medium,2016-05-22,2016-06-07,16,0.682104071966583
FOODS_3_635,WI_3,FOODS_3,high,2016-05-22,2016-06-07,16,0.0
FOODS_3_640,WI_3,FOODS_3,low,2016-05-22,2016-06-07,16,1.3472651729477536
FOODS_3_641,WI_3,FOODS_3,low,2016-05-22,2016-06-07,16,0.774576180615015
FOODS_3_648,WI_3,FOODS_3,medium,2016-05-22,2016-06-07,16,0.8572360769924002
FOODS_3_658,WI_3,FOODS_3,low,2016-05-22,2016-06-07,16,0.4836502916542244
FOODS_3_661,WI_3,FOODS_3,high,2016-05-22,2016-06-07,16,3.386538109915794
FOODS_3_666,WI_3,FOODS_3,medium,2016-05-22,2016-06-07,16,0.8261155608028752
FOODS_3_677,WI_3,FOODS_3,low,2016-05-22,2016-06-07,16,0.31019874313072354
FOODS_3_709,WI_3,FOODS_3,low,2016-05-22,2016-06-07,16,1.3491022840842088
FOODS_3_724,WI_3,FOODS_3,low,2016-05-22,2016-06-07,16,0.20921928367912343
FOODS_3_795,WI_3,FOODS_3,medium,2016-05-22,2016-06-07,16,1.5376187823517502
FOODS_3_801,WI_3,FOODS_3,high,2016-05-22,2016-06-07,16,3.279144897869224
FOODS_3_817,WI_3,FOODS_3,medium,2016-05-22,2016-06-07,16,0.280089412848887
FOODS_1_017,CA_1,FOODS_1,low,2016-05-22,2016-06-08,17,1.5663844961094828
FOODS_1_020,CA_1,FOODS_1,medium,2016-05-22,2016-06-08,17,1.8102075834875817
FOODS_1_042,CA_1,FOODS_1,high,2016-05-22,2016-06-08,17,2.8717498808916084
FOODS_1_082,CA_1,FOODS_1,high,2016-05-22,2016-06-08,17,8.004783464605088
FOODS_1_086,CA_1,FOODS_1,high,2016-05-22,2016-06-08,17,4.54037633032516
FOODS_1_089,CA_1,FOODS_1,low,2016-05-22,2016-06-08,17,0.7260224454846442
FOODS_1_099,CA_1,FOODS_1,high,2016-05-22,2016-06-08,17,7.243334104174715
FOODS_1_112,CA_1,FOODS_1,medium,2016-05-22,2016-06-08,17,1.8432320413794532
FOODS_1_135,CA_1,FOODS_1,low,2016-05-22,2016-06-08,17,1.3397932944821491
FOODS_1_155,CA_1,FOODS_1,medium,2016-05-22,2016-06-08,17,0.820478173341988
FOODS_1_156,CA_1,FOODS_1,low,2016-05-22,2016-06-08,17,1.4355820176046419
FOODS_1_172,CA_1,FOODS_1,high,2016-05-22,2016-06-08,17,1.6280844636495835
FOODS_1_175,CA_1,FOODS_1,medium,2016-05-22,2016-06-08,17,1.49143550132307
FOODS_1_210,CA_1,FOODS_1,medium,2016-05-22,2016-06-08,17,2.4946767836153616
FOODS_1_214,CA_1,FOODS_1,low,2016-05-22,2016-06-08,17,1.2269369470548064
FOODS_2_021,CA_1,FOODS_2,high,2016-05-22,2016-06-08,17,6.788294317391867
FOODS_2_024,CA_1,FOODS_2,medium,2016-05-22,2016-06-08,17,1.5202488406652641
FOODS_2_028,CA_1,FOODS_2,low,2016-05-22,2016-06-08,17,0.4290788530281246
FOODS_2_040,CA_1,FOODS_2,low,2016-05-22,2016-06-08,17,0.868326453702864
FOODS_2_059,CA_1,FOODS_2,high,2016-05-22,2016-06-08,17,1.8030113541450752
FOODS_2_072,CA_1,FOODS_2,medium,2016-05-22,2016-06-08,17,0.739600066506708
FOODS_2_095,CA_1,FOODS_2,low,2016-05-22,2016-06-08,17,0.8353082893663961
FOODS_2_116,CA_1,FOODS_2,high,2016-05-22,2016-06-08,17,1.1485477142778966
FOODS_2_136,CA_1,FOODS_2,medium,2016-05-22,2016-06-08,17,0.6237626752883856
FOODS_2_139,CA_1,FOODS_2,high,2016-05-22,2016-06-08,17,1.5674486352256871
FOODS_2_146,CA_1,FOODS_2,medium,2016-05-22,2016-06-08,17,1.318716862287167
FOODS_2_150,CA_1,FOODS_2,high,2016-05-22,2016-06-08,17,2.399083874127144
FOODS_2_170,CA_1,FOODS_2,medium,2016-05-22,2016-06-08,17,1.7136264155151164
FOODS_2_178,CA_1,FOODS_2,low,2016-05-22,2016-06-08,17,0.7899191426987019
FOODS_2_180,CA_1,FOODS_2,low,2016-05-22,2016-06-08,17,0.37013195818045225
FOODS_2_184,CA_1,FOODS_2,high,2016-05-22,2016-06-08,17,1.1244304924990571
FOODS_2_209,CA_1,FOODS_2,low,2016-05-22,2016-06-08,17,0.45672421511673605
FOODS_2_218,CA_1,FOODS_2,low,2016-05-22,2016-06-08,17,0.9407800754896795
FOODS_2_251,CA_1,FOODS_2,medium,2016-05-22,2016-06-08,17,0.7588933186798179
FOODS_2_301,CA_1,FOODS_2,low,2016-05-22,2016-06-08,17,0.9597735320793246
FOODS_2_302,CA_1,FOODS_2,medium,2016-05-22,2016-06-08,17,1.224949546644385
FOODS_2_304,CA_1,FOODS_2,medium,2016-05-22,2016-06-08,17,2.608455432537902
FOODS_2_322,CA_1,FOODS_2,high,2016-05-22,2016-06-08,17,0.6901754883338477
FOODS_2_336,CA_1,FOODS_2,low,2016-05-22,2016-06-08,17,0.4374941127143531
FOODS_2_339,CA_1,FOODS_2,medium,2016-05-22,2016-06-08,17,0.922562444918684
FOODS_2_357,CA_1,FOODS_2,high,2016-05-22,2016-06-08,17,2.331613718227009
FOODS_2_360,CA_1,FOODS_2,high,2016-05-22,2016-06-08,17,10.752359395078551
FOODS_2_367,CA_1,FOODS_2,medium,2016-05-22,2016-06-08,17,0.6430538520241038
FOODS_3_026,CA_1,FOODS_3,high,2016-05-22,2016-06-08,17,1.6448971128272745
FOODS_3_048,CA_1,FOODS_3,medium,2016-05-22,2016-06-08,17,1.983059355664776
FOODS_3_053,CA_1,FOODS_3,medium,2016-05-22,2016-06-08,17,3.633693855679975
FOODS_3_068,CA_1,FOODS_3,low,2016-05-22,2016-06-08,17,0.3775978553734169
FOODS_3_074,CA_1,FOODS_3,medium,2016-05-22,2016-06-08,17,1.8421879106288135
FOODS_3_089,CA_1,FOODS_3,high,2016-05-22,2016-06-08,17,0.8293945181515678
FOODS_3_096,CA_1,FOODS_3,medium,2016-05-22,2016-06-08,17,1.1077748728026695
FOODS_3_099,CA_1,FOODS_3,high,2016-05-22,2016-06-08,17,15.003463894873127
FOODS_3_113,CA_1,FOODS_3,high,2016-05-22,2016-06-08,17,4.238886157274929
FOODS_3_123,CA_1,FOODS_3,low,2016-05-22,2016-06-08,17,2.1722533739490006
FOODS_3_135,CA_1,FOODS_3,high,2016-05-22,2016-06-08,17,6.107973166836418
FOODS_3_179,CA_1,FOODS_3,low,2016-05-22,2016-06-08,17,0.9313412084545053
FOODS_3_187,CA_1,FOODS_3,medium,2016-05-22,2016-06-08,17,1.281847948384219
FOODS_3_223,CA_1,FOODS_3,low,2016-05-22,2016-06-08,17,1.1570175530663955
FOODS_3_240,CA_1,FOODS_3,low,2016-05-22,2016-06-08,17,0.8791650243066559
FOODS_3_249,CA_1,FOODS_3,medium,2016-05-22,2016-06-08,17,3.579762668738612
FOODS_3_263,CA_1,FOODS_3,high,2016-05-22,2016-06-08,17,9.117058858220501
FOODS_3_276,CA_1,FOODS_3,high,2016-05-22,2016-06-08,17,0.0
FOODS_3_312,CA_1,FOODS_3,low,2016-05-22,2016-06-08,17,1.212100787877436
FOODS_3_319,CA_1,FOODS_3,high,2016-05-22,2016-06-08,17,0.0
FOODS_3_321,CA_1,FOODS_3,high,2016-05-22,2016-06-08,17,5.3342249313764585
FOODS_3_327,CA_1,FOODS_3,high,2016-05-22,2016-06-08,17,2.3378309710031195
FOODS_3_329,CA_1,FOODS_3,high,2016-05-22,2016-06-08,17,19.550542215180318
FOODS_3_340,CA_1,FOODS_3,low,2016-05-22,2016-06-08,17,0.5906117730525643
FOODS_3_354,CA_1,FOODS_3,low,2016-05-22,2016-06-08,17,0.1771062467657621
FOODS_3_360,CA_1,FOODS_3,medium,2016-05-22,2016-06-08,17,0.2990709171505027
FOODS_3_383,CA_1,FOODS_3,high,2016-05-22,2016-06-08,17,3.948948076325926
FOODS_3_387,CA_1,FOODS_3,medium,2016-05-22,2016-06-08,17,1.5410093020444975
FOODS_3_432,CA_1,FOODS_3,high,2016-05-22,2016-06-08,17,0.5054745226563321
FOODS_3_467,CA_1,FOODS_3,medium,2016-05-22,2016-06-08,17,1.4070518724314869
FOODS_3_470,CA_1,FOODS_3,medium,2016-05-22,2016-06-08,17,0.7899349468645334
FOODS_3_479,CA_1,FOODS_3,medium,2016-05-22,2016-06-08,17,0.7026880807229418
FOODS_3_480,CA_1,FOODS_3,medium,2016-05-22,2016-06-08,17,1.1555557223846318
FOODS_3_482,CA_1,FOODS_3,low,2016-05-22,2016-06-08,17,2.349988410126348
FOODS_3_501,CA_1,FOODS_3,high,2016-05-22,2016-06-08,17,24.320277555354618
FOODS_3_511,CA_1,FOODS_3,high,2016-05-22,2016-06-08,17,25.522081393139832
FOODS_3_520,CA_1,FOODS_3,medium,2016-05-22,2016-06-08,17,0.7286834864888664
FOODS_3_532,CA_1,FOODS_3,medium,2016-05-22,2016-06-08,17,1.8113731788365257
FOODS_3_539,CA_1,FOODS_3,low,2016-05-22,2016-06-08,17,0.6643929091564892
FOODS_3_550,CA_1,FOODS_3,low,2016-05-22,2016-06-08,17,0.36083436734570734
FOODS_3_558,CA_1,FOODS_3,low,2016-05-22,2016-06-08,17,0.6027897909080501
FOODS_3_601,CA_1,FOODS_3,low,2016-05-22,2016-06-08,17,0.1583198140295921
FOODS_3_611,CA_1,FOODS_3,high,2016-05-22,2016-06-08,17,1.4177218806438394
FOODS_3_616,CA_1,FOODS_3,medium,2016-05-22,2016-06-08,17,1.138350714547891
FOODS_3_635,CA_1,FOODS_3,high,2016-05-22,2016-06-08,17,0.0
FOODS_3_640,CA_1,FOODS_3,low,2016-05-22,2016-06-08,17,2.5008287415265653
FOODS_3_641,CA_1,FOODS_3,low,2016-05-22,2016-06-08,17,2.9688114895313413
FOODS_3_648,CA_1,FOODS_3,medium,2016-05-22,2016-06-08,17,0.7532396810130653
FOODS_3_658,CA_1,FOODS_3,low,2016-05-22,2016-06-08,17,0.9363290217351928
FOODS_3_661,CA_1,FOODS_3,high,2016-05-22,2016-06-08,17,4.213314766990607
FOODS_3_666,CA_1,FOODS_3,medium,2016-05-22,2016-06-08,17,1.1007922834213972
FOODS_3_677,CA_1,FOODS_3,low,2016-05-22,2016-06-08,17,0.7103610809917074
FOODS_3_709,CA_1,FOODS_3,low,2016-05-22,2016-06-08,17,0.3833023194161126
FOODS_3_724,CA_1,FOODS_3,low,2016-05-22,2016-06-08,17,0.47450080904656333
FOODS_3_795,CA_1,FOODS_3,medium,2016-05-22,2016-06-08,17,3.4172428692507713
FOODS_3_801,CA_1,FOODS_3,high,2016-05-22,2016-06-08,17,1.7512290937430766
FOODS_3_817,CA_1,FOODS_3,medium,2016-05-22,2016-06-08,17,0.6821987238795185
FOODS_1_017,TX_2,FOODS_1,low,2016-05-22,2016-06-08,17,0.40355060110430463
FOODS_1_020,TX_2,FOODS_1,medium,2016-05-22,2016-06-08,17,0.679110288349549
FOODS_1_042,TX_2,FOODS_1,high,2016-05-22,2016-06-08,17,5.432661844210415
FOODS_1_082,TX_2,FOODS_1,high,2016-05-22,2016-06-08,17,2.1819090676100332
FOODS_1_086,TX_2,FOODS_1,high,2016-05-22,2016-06-08,17,0.3072424434803139
FOODS_1_089,TX_2,FOODS_1,low,2016-05-22,2016-06-08,17,0.37786504722905084
FOODS_1_099,TX_2,FOODS_1,high,2016-05-22,2016-06-08,17,8.154860757844673
FOODS_1_112,TX_2,FOODS_1,medium,2016-05-22,2016-06-08,17,0.541306006598578
FOODS_1_135,TX_2,FOODS_1,low,2016-05-22,2016-06-08,17,0.2619648979829731
FOODS_1_155,TX_2,FOODS_1,medium,2016-05-22,2016-06-08,17,1.6185400880169527
FOODS_1_156,TX_2,FOODS_1,low,2016-05-22,2016-06-08,17,0.3326030992762267
FOODS_1_172,TX_2,FOODS_1,high,2016-05-22,2016-06-08,17,3.510341507487557
FOODS_1_175,TX_2,FOODS_1,medium,2016-05-22,2016-06-08,17,0.5615157723461455
FOODS_1_210,TX_2,FOODS_1,medium,2016-05-22,2016-06-08,17,4.752255292974364
FOODS_1_214,TX_2,FOODS_1,low,2016-05-22,2016-06-08,17,0.3958786185627362
FOODS_2_021,TX_2,FOODS_2,high,2016-05-22,2016-06-08,17,0.4780656253211551
FOODS_2_024,TX_2,FOODS_2,medium,2016-05-22,2016-06-08,17,0.19683581457559152
FOODS_2_028,TX_2,FOODS_2,low,2016-05-22,2016-06-08,17,1.0553917098971097
FOODS_2_040,TX_2,FOODS_2,low,2016-05-22,2016-06-08,17,0.07395577261341264
FOODS_2_059,TX_2,FOODS_2,high,2016-05-22,2016-06-08,17,1.7343716961844151
FOODS_2_072,TX_2,FOODS_2,medium,2016-05-22,2016-06-08,17,0.5718823573135244
FOODS_2_095,TX_2,FOODS_2,low,2016-05-22,2016-06-08,17,0.5220826992604524
FOODS_2_116,TX_2,FOODS_2,high,2016-05-22,2016-06-08,17,0.5915518226439183
FOODS_2_136,TX_2,FOODS_2,medium,2016-05-22,2016-06-08,17,0.3693945614861687
FOODS_2_139,TX_2,FOODS_2,high,2016-05-22,2016-06-08,17,1.6258299161874243
FOODS_2_146,TX_2,FOODS_2,medium,2016-05-22,2016-06-08,17,0.9307770602213168
FOODS_2_150,TX_2,FOODS_2,high,2016-05-22,2016-06-08,17,1.1593345070567043
FOODS_2_170,TX_2,FOODS_2,medium,2016-05-22,2016-06-08,17,1.2871110208937042
FOODS_2_178,TX_2,FOODS_2,low,2016-05-22,2016-06-08,17,0.45753756654498995
FOODS_2_180,TX_2,FOODS_2,low,2016-05-22,2016-06-08,17,2.174040233705349
FOODS_2_184,TX_2,FOODS_2,high,2016-05-22,2016-06-08,17,2.386924403887864
FOODS_2_209,TX_2,FOODS_2,low,2016-05-22,2016-06-08,17,0.0
FOODS_2_218,TX_2,FOODS_2,low,2016-05-22,2016-06-08,17,0.011888152748711352
FOODS_2_251,TX_2,FOODS_2,medium,2016-05-22,2016-06-08,17,1.7835099658931741
FOODS_2_301,TX_2,FOODS_2,low,2016-05-22,2016-06-08,17,1.3806040126161623
FOODS_2_302,TX_2,FOODS_2,medium,2016-05-22,2016-06-08,17,0.9434885250149705
FOODS_2_304,TX_2,FOODS_2,medium,2016-05-22,2016-06-08,17,1.8304492100335192
FOODS_2_322,TX_2,FOODS_2,high,2016-05-22,2016-06-08,17,3.5620153506213934
FOODS_2_336,TX_2,FOODS_2,low,2016-05-22,2016-06-08,17,0.389222853590605
FOODS_2_339,TX_2,FOODS_2,medium,2016-05-22,2016-06-08,17,0.5491553482547066
FOODS_2_357,TX_2,FOODS_2,high,2016-05-22,2016-06-08,17,1.7707096963168298
FOODS_2_360,TX_2,FOODS_2,high,2016-05-22,2016-06-08,17,9.953882843289774
FOODS_2_367,TX_2,FOODS_2,medium,2016-05-22,2016-06-08,17,0.0
FOODS_3_026,TX_2,FOODS_3,high,2016-05-22,2016-06-08,17,1.5658048266802445
FOODS_3_048,TX_2,FOODS_3,medium,2016-05-22,2016-06-08,17,2.441397539009061
FOODS_3_053,TX_2,FOODS_3,medium,2016-05-22,2016-06-08,17,1.0225764308621519
FOODS_3_068,TX_2,FOODS_3,low,2016-05-22,2016-06-08,17,0.48900760767992557
FOODS_3_074,TX_2,FOODS_3,medium,2016-05-22,2016-06-08,17,1.4234373348549318
FOODS_3_089,TX_2,FOODS_3,high,2016-05-22,2016-06-08,17,0.9436973021499362
FOODS_3_096,TX_2,FOODS_3,medium,2016-05-22,2016-06-08,17,0.5843508127912751
FOODS_3_099,TX_2,FOODS_3,high,2016-05-22,2016-06-08,17,17.18304768212751
FOODS_3_113,TX_2,FOODS_3,high,2016-05-22,2016-06-08,17,0.8140007140787617
FOODS_3_123,TX_2,FOODS_3,low,2016-05-22,2016-06-08,17,0.4004525648330694
FOODS_3_135,TX_2,FOODS_3,high,2016-05-22,2016-06-08,17,14.256064874667345
FOODS_3_179,TX_2,FOODS_3,low,2016-05-22,2016-06-08,17,0.303927550215598
FOODS_3_187,TX_2,FOODS_3,medium,2016-05-22,2016-06-08,17,1.0549632466631718
FOODS_3_223,TX_2,FOODS_3,low,2016-05-22,2016-06-08,17,0.35224524518191425
FOODS_3_240,TX_2,FOODS_3,low,2016-05-22,2016-06-08,17,0.1580825565938497
FOODS_3_249,TX_2,FOODS_3,medium,2016-05-22,2016-06-08,17,2.0084093500873723
FOODS_3_263,TX_2,FOODS_3,high,2016-05-22,2016-06-08,17,14.978895803462226
FOODS_3_276,TX_2,FOODS_3,high,2016-05-22,2016-06-08,17,0.0
FOODS_3_312,TX_2,FOODS_3,low,2016-05-22,2016-06-08,17,0.7502168772007286
FOODS_3_319,TX_2,FOODS_3,high,2016-05-22,2016-06-08,17,0.0
FOODS_3_321,TX_2,FOODS_3,high,2016-05-22,2016-06-08,17,9.533640570026694
FOODS_3_327,TX_2,FOODS_3,high,2016-05-22,2016-06-08,17,4.421572372294455
FOODS_3_329,TX_2,FOODS_3,high,2016-05-22,2016-06-08,17,17.078254400057663
FOODS_3_340,TX_2,FOODS_3,low,2016-05-22,2016-06-08,17,0.6763645936579952
FOODS_3_354,TX_2,FOODS_3,low,2016-05-22,2016-06-08,17,0.594553758870313
FOODS_3_360,TX_2,FOODS_3,medium,2016-05-22,2016-06-08,17,0.4076200758884782
FOODS_3_383,TX_2,FOODS_3,high,2016-05-22,2016-06-08,17,2.342083972653775
FOODS_3_387,TX_2,FOODS_3,medium,2016-05-22,2016-06-08,17,1.0671698400129095
FOODS_3_432,TX_2,FOODS_3,high,2016-05-22,2016-06-08,17,1.7105040741634165
FOODS_3_467,TX_2,FOODS_3,medium,2016-05-22,2016-06-08,17,0.7814389929133381
FOODS_3_470,TX_2,FOODS_3,medium,2016-05-22,2016-06-08,17,0.6897798984593682
FOODS_3_479,TX_2,FOODS_3,medium,2016-05-22,2016-06-08,17,0.9950787977035443
FOODS_3_480,TX_2,FOODS_3,medium,2016-05-22,2016-06-08,17,0.8116627608872079
FOODS_3_482,TX_2,FOODS_3,low,2016-05-22,2016-06-08,17,1.0121260299993968
FOODS_3_501,TX_2,FOODS_3,high,2016-05-22,2016-06-08,17,13.44625859543727
FOODS_3_511,TX_2,FOODS_3,high,2016-05-22,2016-06-08,17,11.046520387469325
FOODS_3_520,TX_2,FOODS_3,medium,2016-05-22,2016-06-08,17,1.1609602889994226
FOODS_3_532,TX_2,FOODS_3,medium,2016-05-22,2016-06-08,17,1.8493478931295362
FOODS_3_539,TX_2,FOODS_3,low,2016-05-22,2016-06-08,17,0.3968397186286552
FOODS_3_550,TX_2,FOODS_3,low,2016-05-22,2016-06-08,17,0.27492535781424876
FOODS_3_558,TX_2,FOODS_3,low,2016-05-22,2016-06-08,17,0.22486996256831146
FOODS_3_601,TX_2,FOODS_3,low,2016-05-22,2016-06-08,17,0.17661959892504214
FOODS_3_611,TX_2,FOODS_3,high,2016-05-22,2016-06-08,17,2.929320007554519
FOODS_3_616,TX_2,FOODS_3,medium,2016-05-22,2016-06-08,17,2.2036002520220723
FOODS_3_635,TX_2,FOODS_3,high,2016-05-22,2016-06-08,17,0.0
FOODS_3_640,TX_2,FOODS_3,low,2016-05-22,2016-06-08,17,0.8464372790833327
FOODS_3_641,TX_2,FOODS_3,low,2016-05-22,2016-06-08,17,0.3196162959598546
FOODS_3_648,TX_2,FOODS_3,medium,2016-05-22,2016-06-08,17,1.6265165068271816
FOODS_3_658,TX_2,FOODS_3,low,2016-05-22,2016-06-08,17,0.38461938962857534
FOODS_3_661,TX_2,FOODS_3,high,2016-05-22,2016-06-08,17,3.787286582716077
FOODS_3_666,TX_2,FOODS_3,medium,2016-05-22,2016-06-08,17,0.9243543269927873
FOODS_3_677,TX_2,FOODS_3,low,2016-05-22,2016-06-08,17,0.8337780532453604
FOODS_3_709,TX_2,FOODS_3,low,2016-05-22,2016-06-08,17,1.5350584522770439
FOODS_3_724,TX_2,FOODS_3,low,2016-05-22,2016-06-08,17,0.40857331836169974
FOODS_3_795,TX_2,FOODS_3,medium,2016-05-22,2016-06-08,17,2.1137105834822307
FOODS_3_801,TX_2,FOODS_3,high,2016-05-22,2016-06-08,17,2.0714692090939306
FOODS_3_817,TX_2,FOODS_3,medium,2016-05-22,2016-06-08,17,0.580005824297128
FOODS_1_017,WI_3,FOODS_1,low,2016-05-22,2016-06-08,17,0.8442954538210828
FOODS_1_020,WI_3,FOODS_1,medium,2016-05-22,2016-06-08,17,1.2442536559703883
FOODS_1_042,WI_3,FOODS_1,high,2016-05-22,2016-06-08,17,2.2532834463288944
FOODS_1_082,WI_3,FOODS_1,high,2016-05-22,2016-06-08,17,8.783513168337633
FOODS_1_086,WI_3,FOODS_1,high,2016-05-22,2016-06-08,17,2.1509732599177873
FOODS_1_089,WI_3,FOODS_1,low,2016-05-22,2016-06-08,17,0.3838927092156267
FOODS_1_099,WI_3,FOODS_1,high,2016-05-22,2016-06-08,17,2.53259313697733
FOODS_1_112,WI_3,FOODS_1,medium,2016-05-22,2016-06-08,17,0.3525101608897709
FOODS_1_135,WI_3,FOODS_1,low,2016-05-22,2016-06-08,17,0.4788785872191566
FOODS_1_155,WI_3,FOODS_1,medium,2016-05-22,2016-06-08,17,1.191958901015324
FOODS_1_156,WI_3,FOODS_1,low,2016-05-22,2016-06-08,17,0.5733239367171572
FOODS_1_172,WI_3,FOODS_1,high,2016-05-22,2016-06-08,17,2.752365195127731
FOODS_1_175,WI_3,FOODS_1,medium,2016-05-22,2016-06-08,17,0.3926052303059651
FOODS_1_210,WI_3,FOODS_1,medium,2016-05-22,2016-06-08,17,2.394707305138649
FOODS_1_214,WI_3,FOODS_1,low,2016-05-22,2016-06-08,17,0.5196568581469464
FOODS_2_021,WI_3,FOODS_2,high,2016-05-22,2016-06-08,17,6.011913627709172
FOODS_2_024,WI_3,FOODS_2,medium,2016-05-22,2016-06-08,17,0.5484607398440018
FOODS_2_028,WI_3,FOODS_2,low,2016-05-22,2016-06-08,17,0.6987334096312229
FOODS_2_040,WI_3,FOODS_2,low,2016-05-22,2016-06-08,17,0.6377204968347266
FOODS_2_059,WI_3,FOODS_2,high,2016-05-22,2016-06-08,17,2.9500667866563433
FOODS_2_072,WI_3,FOODS_2,medium,2016-05-22,2016-06-08,17,1.635832728893241
FOODS_2_095,WI_3,FOODS_2,low,2016-05-22,2016-06-08,17,1.423141362137915
FOODS_2_116,WI_3,FOODS_2,high,2016-05-22,2016-06-08,17,0.9531957323417651
FOODS_2_136,WI_3,FOODS_2,medium,2016-05-22,2016-06-08,17,2.6033445586990958
FOODS_2_139,WI_3,FOODS_2,high,2016-05-22,2016-06-08,17,1.175283399291983
FOODS_2_146,WI_3,FOODS_2,medium,2016-05-22,2016-06-08,17,0.767626239564392
FOODS_2_150,WI_3,FOODS_2,high,2016-05-22,2016-06-08,17,1.4809891921057778
FOODS_2_170,WI_3,FOODS_2,medium,2016-05-22,2016-06-08,17,1.5105335691402353
FOODS_2_178,WI_3,FOODS_2,low,2016-05-22,2016-06-08,17,1.097894050655196
FOODS_2_180,WI_3,FOODS_2,low,2016-05-22,2016-06-08,17,0.8819093438165231
FOODS_2_184,WI_3,FOODS_2,high,2016-05-22,2016-06-08,17,0.7098202364254937
FOODS_2_209,WI_3,FOODS_2,low,2016-05-22,2016-06-08,17,0.7779048782903099
FOODS_2_218,WI_3,FOODS_2,low,2016-05-22,2016-06-08,17,0.3861929993227191
FOODS_2_251,WI_3,FOODS_2,medium,2016-05-22,2016-06-08,17,2.4836766968821316
FOODS_2_301,WI_3,FOODS_2,low,2016-05-22,2016-06-08,17,1.098265790425913
FOODS_2_302,WI_3,FOODS_2,medium,2016-05-22,2016-06-08,17,2.063448671486524
FOODS_2_304,WI_3,FOODS_2,medium,2016-05-22,2016-06-08,17,1.6549369985721363
FOODS_2_322,WI_3,FOODS_2,high,2016-05-22,2016-06-08,17,4.269469650487408
FOODS_2_336,WI_3,FOODS_2,low,2016-05-22,2016-06-08,17,0.937861470043191
FOODS_2_339,WI_3,FOODS_2,medium,2016-05-22,2016-06-08,17,2.1945421283768978
FOODS_2_357,WI_3,FOODS_2,high,2016-05-22,2016-06-08,17,4.2629120780682
FOODS_2_360,WI_3,FOODS_2,high,2016-05-22,2016-06-08,17,17.98147111203721
FOODS_2_367,WI_3,FOODS_2,medium,2016-05-22,2016-06-08,17,0.5088278145960012
FOODS_3_026,WI_3,FOODS_3,high,2016-05-22,2016-06-08,17,2.165743957361646
FOODS_3_048,WI_3,FOODS_3,medium,2016-05-22,2016-06-08,17,3.8640425879502716
FOODS_3_053,WI_3,FOODS_3,medium,2016-05-22,2016-06-08,17,0.6078580259702279
FOODS_3_068,WI_3,FOODS_3,low,2016-05-22,2016-06-08,17,0.21766668086020763
FOODS_3_074,WI_3,FOODS_3,medium,2016-05-22,2016-06-08,17,0.6881057203587347
FOODS_3_089,WI_3,FOODS_3,high,2016-05-22,2016-06-08,17,1.588914298744402
FOODS_3_096,WI_3,FOODS_3,medium,2016-05-22,2016-06-08,17,0.5566630164523626
FOODS_3_099,WI_3,FOODS_3,high,2016-05-22,2016-06-08,17,9.927725067168286
FOODS_3_113,WI_3,FOODS_3,high,2016-05-22,2016-06-08,17,2.9177671185474954
FOODS_3_123,WI_3,FOODS_3,low,2016-05-22,2016-06-08,17,0.35979812993121474
FOODS_3_135,WI_3,FOODS_3,high,2016-05-22,2016-06-08,17,8.245264019322132
FOODS_3_179,WI_3,FOODS_3,low,2016-05-22,2016-06-08,17,0.2856183513019689
FOODS_3_187,WI_3,FOODS_3,medium,2016-05-22,2016-06-08,17,1.6219722502526726
FOODS_3_223,WI_3,FOODS_3,low,2016-05-22,2016-06-08,17,0.9635978340288974
FOODS_3_240,WI_3,FOODS_3,low,2016-05-22,2016-06-08,17,0.3542001965538559
FOODS_3_249,WI_3,FOODS_3,medium,2016-05-22,2016-06-08,17,0.9233067500521471
FOODS_3_263,WI_3,FOODS_3,high,2016-05-22,2016-06-08,17,11.450513408534556
FOODS_3_276,WI_3,FOODS_3,high,2016-05-22,2016-06-08,17,0.0
FOODS_3_312,WI_3,FOODS_3,low,2016-05-22,2016-06-08,17,0.604690702170965
FOODS_3_319,WI_3,FOODS_3,high,2016-05-22,2016-06-08,17,0.0
FOODS_3_321,WI_3,FOODS_3,high,2016-05-22,2016-06-08,17,5.051324670901342
FOODS_3_327,WI_3,FOODS_3,high,2016-05-22,2016-06-08,17,1.8381494838300332
FOODS_3_329,WI_3,FOODS_3,high,2016-05-22,2016-06-08,17,19.22155770333163
FOODS_3_340,WI_3,FOODS_3,low,2016-05-22,2016-06-08,17,0.5373674642248665
FOODS_3_354,WI_3,FOODS_3,low,2016-05-22,2016-06-08,17,0.5640462430981042
FOODS_3_360,WI_3,FOODS_3,medium,2016-05-22,2016-06-08,17,0.3424678037714373
FOODS_3_383,WI_3,FOODS_3,high,2016-05-22,2016-06-08,17,2.0638666828682424
FOODS_3_387,WI_3,FOODS_3,medium,2016-05-22,2016-06-08,17,0.9498914811905438
FOODS_3_432,WI_3,FOODS_3,high,2016-05-22,2016-06-08,17,0.9478301838781222
FOODS_3_467,WI_3,FOODS_3,medium,2016-05-22,2016-06-08,17,1.1526764926221504
FOODS_3_470,WI_3,FOODS_3,medium,2016-05-22,2016-06-08,17,1.1360286116754226
FOODS_3_479,WI_3,FOODS_3,medium,2016-05-22,2016-06-08,17,0.8107564564936945
FOODS_3_480,WI_3,FOODS_3,medium,2016-05-22,2016-06-08,17,0.6156752410865921
FOODS_3_482,WI_3,FOODS_3,low,2016-05-22,2016-06-08,17,0.33002999908370373
FOODS_3_501,WI_3,FOODS_3,high,2016-05-22,2016-06-08,17,8.776542609558993
FOODS_3_511,WI_3,FOODS_3,high,2016-05-22,2016-06-08,17,8.333114323378636
FOODS_3_520,WI_3,FOODS_3,medium,2016-05-22,2016-06-08,17,0.4525210688320586
FOODS_3_532,WI_3,FOODS_3,medium,2016-05-22,2016-06-08,17,2.4064846344384274
FOODS_3_539,WI_3,FOODS_3,low,2016-05-22,2016-06-08,17,0.4714658966048093
FOODS_3_550,WI_3,FOODS_3,low,2016-05-22,2016-06-08,17,0.412683788235433
FOODS_3_558,WI_3,FOODS_3,low,2016-05-22,2016-06-08,17,0.37965475347553335
FOODS_3_601,WI_3,FOODS_3,low,2016-05-22,2016-06-08,17,0.31831458019667064
FOODS_3_611,WI_3,FOODS_3,high,2016-05-22,2016-06-08,17,0.6811334523284044
FOODS_3_616,WI_3,FOODS_3,medium,2016-05-22,2016-06-08,17,0.6707506459653896
FOODS_3_635,WI_3,FOODS_3,high,2016-05-22,2016-06-08,17,0.0
FOODS_3_640,WI_3,FOODS_3,low,2016-05-22,2016-06-08,17,1.323953214838745
FOODS_3_641,WI_3,FOODS_3,low,2016-05-22,2016-06-08,17,0.8022396156369799
FOODS_3_648,WI_3,FOODS_3,medium,2016-05-22,2016-06-08,17,0.8878516511707002
FOODS_3_658,WI_3,FOODS_3,low,2016-05-22,2016-06-08,17,0.5009235163561611
FOODS_3_661,WI_3,FOODS_3,high,2016-05-22,2016-06-08,17,3.4003430424127865
FOODS_3_666,WI_3,FOODS_3,medium,2016-05-22,2016-06-08,17,0.8556196879744066
FOODS_3_677,WI_3,FOODS_3,low,2016-05-22,2016-06-08,17,0.2855629839568209
FOODS_3_709,WI_3,FOODS_3,low,2016-05-22,2016-06-08,17,1.361570222801502
FOODS_3_724,WI_3,FOODS_3,low,2016-05-22,2016-06-08,17,0.21669140095337786
FOODS_3_795,WI_3,FOODS_3,medium,2016-05-22,2016-06-08,17,1.5925337388643133
FOODS_3_801,WI_3,FOODS_3,high,2016-05-22,2016-06-08,17,3.396257215650268
FOODS_3_817,WI_3,FOODS_3,medium,2016-05-22,2016-06-08,17,0.29009260616491866
FOODS_1_017,CA_1,FOODS_1,low,2016-05-22,2016-06-09,18,1.6223267995419643
FOODS_1_020,CA_1,FOODS_1,medium,2016-05-22,2016-06-09,18,1.8391435686121382
FOODS_1_042,CA_1,FOODS_1,high,2016-05-22,2016-06-09,18,2.974312376637737
FOODS_1_082,CA_1,FOODS_1,high,2016-05-22,2016-06-09,18,7.969240016912414
FOODS_1_086,CA_1,FOODS_1,high,2016-05-22,2016-06-09,18,4.702532627836773
FOODS_1_089,CA_1,FOODS_1,low,2016-05-22,2016-06-09,18,0.6805232471090958
FOODS_1_099,CA_1,FOODS_1,high,2016-05-22,2016-06-09,18,7.359167465038098
FOODS_1_112,CA_1,FOODS_1,medium,2016-05-22,2016-06-09,18,1.8733474714287188
FOODS_1_135,CA_1,FOODS_1,low,2016-05-22,2016-06-09,18,1.351928769285083
FOODS_1_155,CA_1,FOODS_1,medium,2016-05-22,2016-06-09,18,0.6712095366756304
FOODS_1_156,CA_1,FOODS_1,low,2016-05-22,2016-06-09,18,1.486852803947665
FOODS_1_172,CA_1,FOODS_1,high,2016-05-22,2016-06-09,18,1.6148017659227827
FOODS_1_175,CA_1,FOODS_1,medium,2016-05-22,2016-06-09,18,1.544701054941751
FOODS_1_210,CA_1,FOODS_1,medium,2016-05-22,2016-06-09,18,2.440915240173054
FOODS_1_214,CA_1,FOODS_1,low,2016-05-22,2016-06-09,18,1.2350418380210495
FOODS_2_021,CA_1,FOODS_2,high,2016-05-22,2016-06-09,18,6.959304828727291
FOODS_2_024,CA_1,FOODS_2,medium,2016-05-22,2016-06-09,18,1.5745434421175948
FOODS_2_028,CA_1,FOODS_2,low,2016-05-22,2016-06-09,18,0.33726024063627197
FOODS_2_040,CA_1,FOODS_2,low,2016-05-22,2016-06-09,18,0.8636238270493948
FOODS_2_059,CA_1,FOODS_2,high,2016-05-22,2016-06-09,18,1.831690331078828
FOODS_2_072,CA_1,FOODS_2,medium,2016-05-22,2016-06-09,18,0.7660143545962332
FOODS_2_095,CA_1,FOODS_2,low,2016-05-22,2016-06-09,18,0.8294264425580531
FOODS_2_116,CA_1,FOODS_2,high,2016-05-22,2016-06-09,18,1.1895672755021072
FOODS_2_136,CA_1,FOODS_2,medium,2016-05-22,2016-06-09,18,0.6460399136915422
FOODS_2_139,CA_1,FOODS_2,high,2016-05-22,2016-06-09,18,1.5877146579123187
FOODS_2_146,CA_1,FOODS_2,medium,2016-05-22,2016-06-09,18,1.3300996073688516
FOODS_2_150,CA_1,FOODS_2,high,2016-05-22,2016-06-09,18,2.4847654410602567
FOODS_2_170,CA_1,FOODS_2,medium,2016-05-22,2016-06-09,18,1.703398787497799
FOODS_2_178,CA_1,FOODS_2,low,2016-05-22,2016-06-09,18,0.8181305406522269
FOODS_2_180,CA_1,FOODS_2,low,2016-05-22,2016-06-09,18,0.3476366709726113
FOODS_2_184,CA_1,FOODS_2,high,2016-05-22,2016-06-09,18,1.1288744386597378
FOODS_2_209,CA_1,FOODS_2,low,2016-05-22,2016-06-09,18,0.4373215085137624
FOODS_2_218,CA_1,FOODS_2,low,2016-05-22,2016-06-09,18,0.9743793639000252
FOODS_2_251,CA_1,FOODS_2,medium,2016-05-22,2016-06-09,18,0.7859966514898113
FOODS_2_301,CA_1,FOODS_2,low,2016-05-22,2016-06-09,18,0.9940511582250148
FOODS_2_302,CA_1,FOODS_2,medium,2016-05-22,2016-06-09,18,1.2686977447388268
FOODS_2_304,CA_1,FOODS_2,medium,2016-05-22,2016-06-09,18,2.5944716979856848
FOODS_2_322,CA_1,FOODS_2,high,2016-05-22,2016-06-09,18,0.7148246129171995
FOODS_2_336,CA_1,FOODS_2,low,2016-05-22,2016-06-09,18,0.45311890245415143
FOODS_2_339,CA_1,FOODS_2,medium,2016-05-22,2016-06-09,18,0.9555111036657797
FOODS_2_357,CA_1,FOODS_2,high,2016-05-22,2016-06-09,18,2.4148856367351166
FOODS_2_360,CA_1,FOODS_2,high,2016-05-22,2016-06-09,18,10.779229373474212
FOODS_2_367,CA_1,FOODS_2,medium,2016-05-22,2016-06-09,18,0.6660200610249646
FOODS_3_026,CA_1,FOODS_3,high,2016-05-22,2016-06-09,18,1.703643438285391
FOODS_3_048,CA_1,FOODS_3,medium,2016-05-22,2016-06-09,18,1.9824543326528037
FOODS_3_053,CA_1,FOODS_3,medium,2016-05-22,2016-06-09,18,3.620611493382831
FOODS_3_068,CA_1,FOODS_3,low,2016-05-22,2016-06-09,18,0.39108349306532464
FOODS_3_074,CA_1,FOODS_3,medium,2016-05-22,2016-06-09,18,1.8008374788655566
FOODS_3_089,CA_1,FOODS_3,high,2016-05-22,2016-06-09,18,0.8590157509426953
FOODS_3_096,CA_1,FOODS_3,medium,2016-05-22,2016-06-09,18,1.1116239754027648
FOODS_3_099,CA_1,FOODS_3,high,2016-05-22,2016-06-09,18,15.039301891118596
FOODS_3_113,CA_1,FOODS_3,high,2016-05-22,2016-06-09,18,4.140274948606177
FOODS_3_123,CA_1,FOODS_3,low,2016-05-22,2016-06-09,18,2.2498338515900365
FOODS_3_135,CA_1,FOODS_3,high,2016-05-22,2016-06-09,18,6.183257922794861
FOODS_3_179,CA_1,FOODS_3,low,2016-05-22,2016-06-09,18,0.9646033944707375
FOODS_3_187,CA_1,FOODS_3,medium,2016-05-22,2016-06-09,18,1.2919139465407983
FOODS_3_223,CA_1,FOODS_3,low,2016-05-22,2016-06-09,18,1.1983396085330524
FOODS_3_240,CA_1,FOODS_3,low,2016-05-22,2016-06-09,18,0.9105637751747507
FOODS_3_249,CA_1,FOODS_3,medium,2016-05-22,2016-06-09,18,3.493325621193562
FOODS_3_263,CA_1,FOODS_3,high,2016-05-22,2016-06-09,18,9.299810960299805
FOODS_3_276,CA_1,FOODS_3,high,2016-05-22,2016-06-09,18,0.0
FOODS_3_312,CA_1,FOODS_3,low,2016-05-22,2016-06-09,18,1.2553901017302016
FOODS_3_319,CA_1,FOODS_3,high,2016-05-22,2016-06-09,18,0.0
FOODS_3_321,CA_1,FOODS_3,high,2016-05-22,2016-06-09,18,5.346161536068474
FOODS_3_327,CA_1,FOODS_3,high,2016-05-22,2016-06-09,18,2.3141820771103743
FOODS_3_329,CA_1,FOODS_3,high,2016-05-22,2016-06-09,18,19.71306158000819
FOODS_3_340,CA_1,FOODS_3,low,2016-05-22,2016-06-09,18,0.6117050506615843
FOODS_3_354,CA_1,FOODS_3,low,2016-05-22,2016-06-09,18,0.18343146986453934
FOODS_3_360,CA_1,FOODS_3,medium,2016-05-22,2016-06-09,18,0.3097520213344493
FOODS_3_383,CA_1,FOODS_3,high,2016-05-22,2016-06-09,18,4.018553364766137
FOODS_3_387,CA_1,FOODS_3,medium,2016-05-22,2016-06-09,18,1.5603310628318015
FOODS_3_432,CA_1,FOODS_3,high,2016-05-22,2016-06-09,18,0.4878128984654868
FOODS_3_467,CA_1,FOODS_3,medium,2016-05-22,2016-06-09,18,1.42158943930404
FOODS_3_470,CA_1,FOODS_3,medium,2016-05-22,2016-06-09,18,0.8181469092525523
FOODS_3_479,CA_1,FOODS_3,medium,2016-05-22,2016-06-09,18,0.727784083605904
FOODS_3_480,CA_1,FOODS_3,medium,2016-05-22,2016-06-09,18,1.1968255696126544
FOODS_3_482,CA_1,FOODS_3,low,2016-05-22,2016-06-09,18,2.326773710488004
FOODS_3_501,CA_1,FOODS_3,high,2016-05-22,2016-06-09,18,24.546001753760148
FOODS_3_511,CA_1,FOODS_3,high,2016-05-22,2016-06-09,18,25.862155728609114
FOODS_3_520,CA_1,FOODS_3,medium,2016-05-22,2016-06-09,18,0.6832793252920402
FOODS_3_532,CA_1,FOODS_3,medium,2016-05-22,2016-06-09,18,1.8403507923664015
FOODS_3_539,CA_1,FOODS_3,low,2016-05-22,2016-06-09,18,0.6524069416263638
FOODS_3_550,CA_1,FOODS_3,low,2016-05-22,2016-06-09,18,0.37372130903662554
FOODS_3_558,CA_1,FOODS_3,low,2016-05-22,2016-06-09,18,0.6243179977261948
FOODS_3_601,CA_1,FOODS_3,low,2016-05-22,2016-06-09,18,0.16397409310207753
FOODS_3_611,CA_1,FOODS_3,high,2016-05-22,2016-06-09,18,1.4326405192382623
FOODS_3_616,CA_1,FOODS_3,medium,2016-05-22,2016-06-09,18,1.1432918114960302
FOODS_3_635,CA_1,FOODS_3,high,2016-05-22,2016-06-09,18,0.0
FOODS_3_640,CA_1,FOODS_3,low,2016-05-22,2016-06-09,18,2.4472869108667994
FOODS_3_641,CA_1,FOODS_3,low,2016-05-22,2016-06-09,18,2.931983328443175
FOODS_3_648,CA_1,FOODS_3,medium,2016-05-22,2016-06-09,18,0.7801410981921035
FOODS_3_658,CA_1,FOODS_3,low,2016-05-22,2016-06-09,18,0.9697693439400211
FOODS_3_661,CA_1,FOODS_3,high,2016-05-22,2016-06-09,18,4.256647437240271
FOODS_3_666,CA_1,FOODS_3,medium,2016-05-22,2016-06-09,18,1.1043920078293044
FOODS_3_677,CA_1,FOODS_3,low,2016-05-22,2016-06-09,18,0.6643025481699825
FOODS_3_709,CA_1,FOODS_3,low,2016-05-22,2016-06-09,18,0.36127740225240235
FOODS_3_724,CA_1,FOODS_3,low,2016-05-22,2016-06-09,18,0.491447266512512
FOODS_3_795,CA_1,FOODS_3,medium,2016-05-22,2016-06-09,18,3.539287257438299
FOODS_3_801,CA_1,FOODS_3,high,2016-05-22,2016-06-09,18,1.6709158470910435
FOODS_3_817,CA_1,FOODS_3,medium,2016-05-22,2016-06-09,18,0.7065629640180731
FOODS_1_017,TX_2,FOODS_1,low,2016-05-22,2016-06-09,18,0.4179631225723156
FOODS_1_020,TX_2,FOODS_1,medium,2016-05-22,2016-06-09,18,0.6676499415048899
FOODS_1_042,TX_2,FOODS_1,high,2016-05-22,2016-06-09,18,5.626685481503644
FOODS_1_082,TX_2,FOODS_1,high,2016-05-22,2016-06-09,18,2.259834391453249
FOODS_1_086,TX_2,FOODS_1,high,2016-05-22,2016-06-09,18,0.3182153878903251
FOODS_1_089,TX_2,FOODS_1,low,2016-05-22,2016-06-09,18,0.39136022748723126
FOODS_1_099,TX_2,FOODS_1,high,2016-05-22,2016-06-09,18,8.231820070624838
FOODS_1_112,TX_2,FOODS_1,medium,2016-05-22,2016-06-09,18,0.5606383639770985
FOODS_1_135,TX_2,FOODS_1,low,2016-05-22,2016-06-09,18,0.2713207871966507
FOODS_1_155,TX_2,FOODS_1,medium,2016-05-22,2016-06-09,18,1.676345091160415
FOODS_1_156,TX_2,FOODS_1,low,2016-05-22,2016-06-09,18,0.34448178139323476
FOODS_1_172,TX_2,FOODS_1,high,2016-05-22,2016-06-09,18,3.564282275612112
FOODS_1_175,TX_2,FOODS_1,medium,2016-05-22,2016-06-09,18,0.5815699070727934
FOODS_1_210,TX_2,FOODS_1,medium,2016-05-22,2016-06-09,18,4.850550124866305
FOODS_1_214,TX_2,FOODS_1,low,2016-05-22,2016-06-09,18,0.3385885692256911
FOODS_2_021,TX_2,FOODS_2,high,2016-05-22,2016-06-09,18,0.4951393976540535
FOODS_2_024,TX_2,FOODS_2,medium,2016-05-22,2016-06-09,18,0.16815137938186261
FOODS_2_028,TX_2,FOODS_2,low,2016-05-22,2016-06-09,18,1.0930842709648638
FOODS_2_040,TX_2,FOODS_2,low,2016-05-22,2016-06-09,18,0.0765970502067488
FOODS_2_059,TX_2,FOODS_2,high,2016-05-22,2016-06-09,18,1.7963135424767158
FOODS_2_072,TX_2,FOODS_2,medium,2016-05-22,2016-06-09,18,0.5565924415032931
FOODS_2_095,TX_2,FOODS_2,low,2016-05-22,2016-06-09,18,0.50501422423404
FOODS_2_116,TX_2,FOODS_2,high,2016-05-22,2016-06-09,18,0.6126786734526296
FOODS_2_136,TX_2,FOODS_2,medium,2016-05-22,2016-06-09,18,0.38258722439638904
FOODS_2_139,TX_2,FOODS_2,high,2016-05-22,2016-06-09,18,1.5410381274798328
FOODS_2_146,TX_2,FOODS_2,medium,2016-05-22,2016-06-09,18,0.9283048123720781
FOODS_2_150,TX_2,FOODS_2,high,2016-05-22,2016-06-09,18,1.1650250251658725
FOODS_2_170,TX_2,FOODS_2,medium,2016-05-22,2016-06-09,18,1.3330792716399082
FOODS_2_178,TX_2,FOODS_2,low,2016-05-22,2016-06-09,18,0.4381639082073111
FOODS_2_180,TX_2,FOODS_2,low,2016-05-22,2016-06-09,18,2.2516845277662543
FOODS_2_184,TX_2,FOODS_2,high,2016-05-22,2016-06-09,18,2.43645741831243
FOODS_2_209,TX_2,FOODS_2,low,2016-05-22,2016-06-09,18,0.0
FOODS_2_218,TX_2,FOODS_2,low,2016-05-22,2016-06-09,18,0.0123127296325939
FOODS_2_251,TX_2,FOODS_2,medium,2016-05-22,2016-06-09,18,1.5972067503893592
FOODS_2_301,TX_2,FOODS_2,low,2016-05-22,2016-06-09,18,1.4299112987810254
FOODS_2_302,TX_2,FOODS_2,medium,2016-05-22,2016-06-09,18,0.9414702580512193
FOODS_2_304,TX_2,FOODS_2,medium,2016-05-22,2016-06-09,18,1.860108110391859
FOODS_2_322,TX_2,FOODS_2,high,2016-05-22,2016-06-09,18,3.5820873274293
FOODS_2_336,TX_2,FOODS_2,low,2016-05-22,2016-06-09,18,0.40312366979026937
FOODS_2_339,TX_2,FOODS_2,medium,2016-05-22,2016-06-09,18,0.5687680392638034
FOODS_2_357,TX_2,FOODS_2,high,2016-05-22,2016-06-09,18,1.8339493283281452
FOODS_2_360,TX_2,FOODS_2,high,2016-05-22,2016-06-09,18,10.130807230550122
FOODS_2_367,TX_2,FOODS_2,medium,2016-05-22,2016-06-09,18,0.0
FOODS_3_026,TX_2,FOODS_3,high,2016-05-22,2016-06-09,18,1.5860121419188242
FOODS_3_048,TX_2,FOODS_3,medium,2016-05-22,2016-06-09,18,2.5285903082593855
FOODS_3_053,TX_2,FOODS_3,medium,2016-05-22,2016-06-09,18,0.987668446250086
FOODS_3_068,TX_2,FOODS_3,low,2016-05-22,2016-06-09,18,0.5064721650970658
FOODS_3_074,TX_2,FOODS_3,medium,2016-05-22,2016-06-09,18,1.4385600968140366
FOODS_3_089,TX_2,FOODS_3,high,2016-05-22,2016-06-09,18,0.9416864915124339
FOODS_3_096,TX_2,FOODS_3,medium,2016-05-22,2016-06-09,18,0.6052204846766778
FOODS_3_099,TX_2,FOODS_3,high,2016-05-22,2016-06-09,18,17.118156527917773
FOODS_3_113,TX_2,FOODS_3,high,2016-05-22,2016-06-09,18,0.8430721681530032
FOODS_3_123,TX_2,FOODS_3,low,2016-05-22,2016-06-09,18,0.4147544421485362
FOODS_3_135,TX_2,FOODS_3,high,2016-05-22,2016-06-09,18,14.122352905905464
FOODS_3_179,TX_2,FOODS_3,low,2016-05-22,2016-06-09,18,0.3147821055804408
FOODS_3_187,TX_2,FOODS_3,medium,2016-05-22,2016-06-09,18,1.0212119340439991
FOODS_3_223,TX_2,FOODS_3,low,2016-05-22,2016-06-09,18,0.36482543250983973
FOODS_3_240,TX_2,FOODS_3,low,2016-05-22,2016-06-09,18,0.16372836218648718
FOODS_3_249,TX_2,FOODS_3,medium,2016-05-22,2016-06-09,18,1.9372811125904923
FOODS_3_263,TX_2,FOODS_3,high,2016-05-22,2016-06-09,18,14.728142082157307
FOODS_3_276,TX_2,FOODS_3,high,2016-05-22,2016-06-09,18,0.0
FOODS_3_312,TX_2,FOODS_3,low,2016-05-22,2016-06-09,18,0.7770103371007545
FOODS_3_319,TX_2,FOODS_3,high,2016-05-22,2016-06-09,18,0.0
FOODS_3_321,TX_2,FOODS_3,high,2016-05-22,2016-06-09,18,9.445556304670506
FOODS_3_327,TX_2,FOODS_3,high,2016-05-22,2016-06-09,18,4.400914242733542
FOODS_3_329,TX_2,FOODS_3,high,2016-05-22,2016-06-09,18,17.25962062863115
FOODS_3_340,TX_2,FOODS_3,low,2016-05-22,2016-06-09,18,0.7005204720029238
FOODS_3_354,TX_2,FOODS_3,low,2016-05-22,2016-06-09,18,0.6157878216871099
FOODS_3_360,TX_2,FOODS_3,medium,2016-05-22,2016-06-09,18,0.42217793574163803
FOODS_3_383,TX_2,FOODS_3,high,2016-05-22,2016-06-09,18,2.3543012573914095
FOODS_3_387,TX_2,FOODS_3,medium,2016-05-22,2016-06-09,18,1.1052830485847993
FOODS_3_432,TX_2,FOODS_3,high,2016-05-22,2016-06-09,18,1.7715935053835385
FOODS_3_467,TX_2,FOODS_3,medium,2016-05-22,2016-06-09,18,0.7736332426602431
FOODS_3_470,TX_2,FOODS_3,medium,2016-05-22,2016-06-09,18,0.6787006091186314
FOODS_3_479,TX_2,FOODS_3,medium,2016-05-22,2016-06-09,18,1.0306173261929568
FOODS_3_480,TX_2,FOODS_3,medium,2016-05-22,2016-06-09,18,0.8406507166331796
FOODS_3_482,TX_2,FOODS_3,low,2016-05-22,2016-06-09,18,0.9768448167850894
FOODS_3_501,TX_2,FOODS_3,high,2016-05-22,2016-06-09,18,13.747910688131457
FOODS_3_511,TX_2,FOODS_3,high,2016-05-22,2016-06-09,18,11.01246754416466
FOODS_3_520,TX_2,FOODS_3,medium,2016-05-22,2016-06-09,18,1.1309945850351162
FOODS_3_532,TX_2,FOODS_3,medium,2016-05-22,2016-06-09,18,1.8082531750270194
FOODS_3_539,TX_2,FOODS_3,low,2016-05-22,2016-06-09,18,0.37529828000824994
FOODS_3_550,TX_2,FOODS_3,low,2016-05-22,2016-06-09,18,0.28474412059332904
FOODS_3_558,TX_2,FOODS_3,low,2016-05-22,2016-06-09,18,0.23290103266003687
FOODS_3_601,TX_2,FOODS_3,low,2016-05-22,2016-06-09,18,0.18292744174379363
FOODS_3_611,TX_2,FOODS_3,high,2016-05-22,2016-06-09,18,2.891081436395752
FOODS_3_616,TX_2,FOODS_3,medium,2016-05-22,2016-06-09,18,2.2823002610228604
FOODS_3_635,TX_2,FOODS_3,high,2016-05-22,2016-06-09,18,0.0
FOODS_3_640,TX_2,FOODS_3,low,2016-05-22,2016-06-09,18,0.8766671819077375
FOODS_3_641,TX_2,FOODS_3,low,2016-05-22,2016-06-09,18,0.33103116367270646
FOODS_3_648,TX_2,FOODS_3,medium,2016-05-22,2016-06-09,18,1.6846063820710093
FOODS_3_658,TX_2,FOODS_3,low,2016-05-22,2016-06-09,18,0.3983557964010244
FOODS_3_661,TX_2,FOODS_3,high,2016-05-22,2016-06-09,18,3.743975389241651
FOODS_3_666,TX_2,FOODS_3,medium,2016-05-22,2016-06-09,18,0.957366981528244
FOODS_3_677,TX_2,FOODS_3,low,2016-05-22,2016-06-09,18,0.863555840861266
FOODS_3_709,TX_2,FOODS_3,low,2016-05-22,2016-06-09,18,1.4827391112869386
FOODS_3_724,TX_2,FOODS_3,low,2016-05-22,2016-06-09,18,0.4231652225889034
FOODS_3_795,TX_2,FOODS_3,medium,2016-05-22,2016-06-09,18,2.117771675749453
FOODS_3_801,TX_2,FOODS_3,high,2016-05-22,2016-06-09,18,2.0740216808472853
FOODS_3_817,TX_2,FOODS_3,medium,2016-05-22,2016-06-09,18,0.6007203180220254
FOODS_1_017,WI_3,FOODS_1,low,2016-05-22,2016-06-09,18,0.8744488628861216
FOODS_1_020,WI_3,FOODS_1,medium,2016-05-22,2016-06-09,18,1.2886912865407594
FOODS_1_042,WI_3,FOODS_1,high,2016-05-22,2016-06-09,18,2.119472140840641
FOODS_1_082,WI_3,FOODS_1,high,2016-05-22,2016-06-09,18,8.847210067206834
FOODS_1_086,WI_3,FOODS_1,high,2016-05-22,2016-06-09,18,2.192079447771994
FOODS_1_089,WI_3,FOODS_1,low,2016-05-22,2016-06-09,18,0.39760316311618477
FOODS_1_099,WI_3,FOODS_1,high,2016-05-22,2016-06-09,18,2.6230428918693773
FOODS_1_112,WI_3,FOODS_1,medium,2016-05-22,2016-06-09,18,0.36509980949297705
FOODS_1_135,WI_3,FOODS_1,low,2016-05-22,2016-06-09,18,0.46026710819126937
FOODS_1_155,WI_3,FOODS_1,medium,2016-05-22,2016-06-09,18,1.2345288617658714
FOODS_1_156,WI_3,FOODS_1,low,2016-05-22,2016-06-09,18,0.5580855058856271
FOODS_1_172,WI_3,FOODS_1,high,2016-05-22,2016-06-09,18,2.8149496663822933
FOODS_1_175,WI_3,FOODS_1,medium,2016-05-22,2016-06-09,18,0.37091255995974953
FOODS_1_210,WI_3,FOODS_1,medium,2016-05-22,2016-06-09,18,2.3016611374650298
FOODS_1_214,WI_3,FOODS_1,low,2016-05-22,2016-06-09,18,0.5025017459379088
FOODS_2_021,WI_3,FOODS_2,high,2016-05-22,2016-06-09,18,6.155196257270213
FOODS_2_024,WI_3,FOODS_2,medium,2016-05-22,2016-06-09,18,0.5680486234098591
FOODS_2_028,WI_3,FOODS_2,low,2016-05-22,2016-06-09,18,0.7236881742609095
FOODS_2_040,WI_3,FOODS_2,low,2016-05-22,2016-06-09,18,0.6604962288645383
FOODS_2_059,WI_3,FOODS_2,high,2016-05-22,2016-06-09,18,2.9482834576083556
FOODS_2_072,WI_3,FOODS_2,medium,2016-05-22,2016-06-09,18,1.3728267549251425
FOODS_2_095,WI_3,FOODS_2,low,2016-05-22,2016-06-09,18,1.3668249822142688
FOODS_2_116,WI_3,FOODS_2,high,2016-05-22,2016-06-09,18,0.9158098656396852
FOODS_2_136,WI_3,FOODS_2,medium,2016-05-22,2016-06-09,18,2.5534640072240635
FOODS_2_139,WI_3,FOODS_2,high,2016-05-22,2016-06-09,18,1.0386863778381252
FOODS_2_146,WI_3,FOODS_2,medium,2016-05-22,2016-06-09,18,0.7950414624059775
FOODS_2_150,WI_3,FOODS_2,high,2016-05-22,2016-06-09,18,1.4624530918238414
FOODS_2_170,WI_3,FOODS_2,medium,2016-05-22,2016-06-09,18,1.528766910895244
FOODS_2_178,WI_3,FOODS_2,low,2016-05-22,2016-06-09,18,1.13710455246431
FOODS_2_180,WI_3,FOODS_2,low,2016-05-22,2016-06-09,18,0.9134061060956846
FOODS_2_184,WI_3,FOODS_2,high,2016-05-22,2016-06-09,18,0.7351709591549757
FOODS_2_209,WI_3,FOODS_2,low,2016-05-22,2016-06-09,18,0.8056871953721066
FOODS_2_218,WI_3,FOODS_2,low,2016-05-22,2016-06-09,18,0.3999856064413877
FOODS_2_251,WI_3,FOODS_2,medium,2016-05-22,2016-06-09,18,2.5009508646279213
FOODS_2_301,WI_3,FOODS_2,low,2016-05-22,2016-06-09,18,1.0660609972268384
FOODS_2_302,WI_3,FOODS_2,medium,2016-05-22,2016-06-09,18,2.0657146954681855
FOODS_2_304,WI_3,FOODS_2,medium,2016-05-22,2016-06-09,18,1.6426133199497126
FOODS_2_322,WI_3,FOODS_2,high,2016-05-22,2016-06-09,18,3.993379280861958
FOODS_2_336,WI_3,FOODS_2,low,2016-05-22,2016-06-09,18,0.9713565225447333
FOODS_2_339,WI_3,FOODS_2,medium,2016-05-22,2016-06-09,18,2.201490061533215
FOODS_2_357,WI_3,FOODS_2,high,2016-05-22,2016-06-09,18,4.30801608085635
FOODS_2_360,WI_3,FOODS_2,high,2016-05-22,2016-06-09,18,17.659380794609966
FOODS_2_367,WI_3,FOODS_2,medium,2016-05-22,2016-06-09,18,0.49128595083157256
FOODS_3_026,WI_3,FOODS_3,high,2016-05-22,2016-06-09,18,2.171663384410276
FOODS_3_048,WI_3,FOODS_3,medium,2016-05-22,2016-06-09,18,3.930615537519923
FOODS_3_053,WI_3,FOODS_3,medium,2016-05-22,2016-06-09,18,0.5581386697548788
FOODS_3_068,WI_3,FOODS_3,low,2016-05-22,2016-06-09,18,0.22544049089092932
FOODS_3_074,WI_3,FOODS_3,medium,2016-05-22,2016-06-09,18,0.712680924657261
FOODS_3_089,WI_3,FOODS_3,high,2016-05-22,2016-06-09,18,1.5385183808424163
FOODS_3_096,WI_3,FOODS_3,medium,2016-05-22,2016-06-09,18,0.5765438384685184
FOODS_3_099,WI_3,FOODS_3,high,2016-05-22,2016-06-09,18,9.853715248138583
FOODS_3_113,WI_3,FOODS_3,high,2016-05-22,2016-06-09,18,3.0219730870670496
FOODS_3_123,WI_3,FOODS_3,low,2016-05-22,2016-06-09,18,0.37264806314304383
FOODS_3_135,WI_3,FOODS_3,high,2016-05-22,2016-06-09,18,8.254023448583636
FOODS_3_179,WI_3,FOODS_3,low,2016-05-22,2016-06-09,18,0.2958190067056106
FOODS_3_187,WI_3,FOODS_3,medium,2016-05-22,2016-06-09,18,1.644185544904554
FOODS_3_223,WI_3,FOODS_3,low,2016-05-22,2016-06-09,18,0.9622977566727864
FOODS_3_240,WI_3,FOODS_3,low,2016-05-22,2016-06-09,18,0.36685020357363646
FOODS_3_249,WI_3,FOODS_3,medium,2016-05-22,2016-06-09,18,0.9205677054111524
FOODS_3_263,WI_3,FOODS_3,high,2016-05-22,2016-06-09,18,11.573746030267932
FOODS_3_276,WI_3,FOODS_3,high,2016-05-22,2016-06-09,18,0.0
FOODS_3_312,WI_3,FOODS_3,low,2016-05-22,2016-06-09,18,0.5905725129627851
FOODS_3_319,WI_3,FOODS_3,high,2016-05-22,2016-06-09,18,0.0
FOODS_3_321,WI_3,FOODS_3,high,2016-05-22,2016-06-09,18,5.196014837719247
FOODS_3_327,WI_3,FOODS_3,high,2016-05-22,2016-06-09,18,1.86808339396682
FOODS_3_329,WI_3,FOODS_3,high,2016-05-22,2016-06-09,18,19.586613335593473
FOODS_3_340,WI_3,FOODS_3,low,2016-05-22,2016-06-09,18,0.5565591593757545
FOODS_3_354,WI_3,FOODS_3,low,2016-05-22,2016-06-09,18,0.512762180351608
FOODS_3_360,WI_3,FOODS_3,medium,2016-05-22,2016-06-09,18,0.31898451104898856
FOODS_3_383,WI_3,FOODS_3,high,2016-05-22,2016-06-09,18,2.1375762072563944
FOODS_3_387,WI_3,FOODS_3,medium,2016-05-22,2016-06-09,18,0.9123876055187775
FOODS_3_432,WI_3,FOODS_3,high,2016-05-22,2016-06-09,18,0.9816812618737695
FOODS_3_467,WI_3,FOODS_3,medium,2016-05-22,2016-06-09,18,1.122414938787227
FOODS_3_470,WI_3,FOODS_3,medium,2016-05-22,2016-06-09,18,1.1766010620924021
FOODS_3_479,WI_3,FOODS_3,medium,2016-05-22,2016-06-09,18,0.6968549013684694
FOODS_3_480,WI_3,FOODS_3,medium,2016-05-22,2016-06-09,18,0.6376636425539705
FOODS_3_482,WI_3,FOODS_3,low,2016-05-22,2016-06-09,18,0.3418167847652646
FOODS_3_501,WI_3,FOODS_3,high,2016-05-22,2016-06-09,18,8.911419131328957
FOODS_3_511,WI_3,FOODS_3,high,2016-05-22,2016-06-09,18,8.237868406356442
FOODS_3_520,WI_3,FOODS_3,medium,2016-05-22,2016-06-09,18,0.4686825355760607
FOODS_3_532,WI_3,FOODS_3,medium,2016-05-22,2016-06-09,18,2.421001942811228
FOODS_3_539,WI_3,FOODS_3,low,2016-05-22,2016-06-09,18,0.48830396434069534
FOODS_3_550,WI_3,FOODS_3,low,2016-05-22,2016-06-09,18,0.4274224949581272
FOODS_3_558,WI_3,FOODS_3,low,2016-05-22,2016-06-09,18,0.35749956609965944
FOODS_3_601,WI_3,FOODS_3,low,2016-05-22,2016-06-09,18,0.3296829580608374
FOODS_3_611,WI_3,FOODS_3,high,2016-05-22,2016-06-09,18,0.669745361340133
FOODS_3_616,WI_3,FOODS_3,medium,2016-05-22,2016-06-09,18,0.6589917404641535
FOODS_3_635,WI_3,FOODS_3,high,2016-05-22,2016-06-09,18,0.0
FOODS_3_640,WI_3,FOODS_3,low,2016-05-22,2016-06-09,18,1.2640944010829855
FOODS_3_641,WI_3,FOODS_3,low,2016-05-22,2016-06-09,18,0.8308910304811576
FOODS_3_648,WI_3,FOODS_3,medium,2016-05-22,2016-06-09,18,0.9195606387125109
FOODS_3_658,WI_3,FOODS_3,low,2016-05-22,2016-06-09,18,0.5188136419403098
FOODS_3_661,WI_3,FOODS_3,high,2016-05-22,2016-06-09,18,3.343212436784672
FOODS_3_666,WI_3,FOODS_3,medium,2016-05-22,2016-06-09,18,0.8861775339734926
FOODS_3_677,WI_3,FOODS_3,low,2016-05-22,2016-06-09,18,0.29576166195527875
FOODS_3_709,WI_3,FOODS_3,low,2016-05-22,2016-06-09,18,1.3387691593301272
FOODS_3_724,WI_3,FOODS_3,low,2016-05-22,2016-06-09,18,0.22443037955885567
FOODS_3_795,WI_3,FOODS_3,medium,2016-05-22,2016-06-09,18,1.613695658109467
FOODS_3_801,WI_3,FOODS_3,high,2016-05-22,2016-06-09,18,3.410409259066349
FOODS_3_817,WI_3,FOODS_3,medium,2016-05-22,2016-06-09,18,0.30045305638509434
FOODS_1_017,CA_1,FOODS_1,low,2016-05-22,2016-06-10,19,1.50169561381132
FOODS_1_020,CA_1,FOODS_1,medium,2016-05-22,2016-06-10,19,1.7976844103482859
FOODS_1_042,CA_1,FOODS_1,high,2016-05-22,2016-06-10,19,3.0805378186605137
FOODS_1_082,CA_1,FOODS_1,high,2016-05-22,2016-06-10,19,8.110998588945
FOODS_1_086,CA_1,FOODS_1,high,2016-05-22,2016-06-10,19,4.870480221688086
FOODS_1_089,CA_1,FOODS_1,low,2016-05-22,2016-06-10,19,0.7048276487915635
FOODS_1_099,CA_1,FOODS_1,high,2016-05-22,2016-06-10,19,7.300566303075173
FOODS_1_112,CA_1,FOODS_1,medium,2016-05-22,2016-06-10,19,1.8331098811226016
FOODS_1_135,CA_1,FOODS_1,low,2016-05-22,2016-06-10,19,1.400211939616693
FOODS_1_155,CA_1,FOODS_1,medium,2016-05-22,2016-06-10,19,0.6594670201283315
FOODS_1_156,CA_1,FOODS_1,low,2016-05-22,2016-06-10,19,1.5399546898029386
FOODS_1_172,CA_1,FOODS_1,high,2016-05-22,2016-06-10,19,1.6010446861343106
FOODS_1_175,CA_1,FOODS_1,medium,2016-05-22,2016-06-10,19,1.4927260926182424
FOODS_1_210,CA_1,FOODS_1,medium,2016-05-22,2016-06-10,19,2.4923764987506623
FOODS_1_214,CA_1,FOODS_1,low,2016-05-22,2016-06-10,19,1.1720076179503727
FOODS_2_021,CA_1,FOODS_2,high,2016-05-22,2016-06-10,19,7.100708572610407
FOODS_2_024,CA_1,FOODS_2,medium,2016-05-22,2016-06-10,19,1.5950628507646518
FOODS_2_028,CA_1,FOODS_2,low,2016-05-22,2016-06-10,19,0.34930524923042455
FOODS_2_040,CA_1,FOODS_2,low,2016-05-22,2016-06-10,19,0.8230389637297303
FOODS_2_059,CA_1,FOODS_2,high,2016-05-22,2016-06-10,19,1.8256792714745003
FOODS_2_072,CA_1,FOODS_2,medium,2016-05-22,2016-06-10,19,0.7576577244032415
FOODS_2_095,CA_1,FOODS_2,low,2016-05-22,2016-06-10,19,0.859048815506555
FOODS_2_116,CA_1,FOODS_2,high,2016-05-22,2016-06-10,19,1.1963375353414683
FOODS_2_136,CA_1,FOODS_2,medium,2016-05-22,2016-06-10,19,0.6333984820376688
FOODS_2_139,CA_1,FOODS_2,high,2016-05-22,2016-06-10,19,1.6087044671234731
FOODS_2_146,CA_1,FOODS_2,medium,2016-05-22,2016-06-10,19,1.377603164774882
FOODS_2_150,CA_1,FOODS_2,high,2016-05-22,2016-06-10,19,2.5020784925266946
FOODS_2_170,CA_1,FOODS_2,medium,2016-05-22,2016-06-10,19,1.7642344584798635
FOODS_2_178,CA_1,FOODS_2,low,2016-05-22,2016-06-10,19,0.8473494885326635
FOODS_2_180,CA_1,FOODS_2,low,2016-05-22,2016-06-10,19,0.36005226636449034
FOODS_2_184,CA_1,FOODS_2,high,2016-05-22,2016-06-10,19,1.1334770971833
FOODS_2_209,CA_1,FOODS_2,low,2016-05-22,2016-06-10,19,0.4529401338178252
FOODS_2_218,CA_1,FOODS_2,low,2016-05-22,2016-06-10,19,1.0091786268964547
FOODS_2_251,CA_1,FOODS_2,medium,2016-05-22,2016-06-10,19,0.8140679604715902
FOODS_2_301,CA_1,FOODS_2,low,2016-05-22,2016-06-10,19,0.9938386995901939
FOODS_2_302,CA_1,FOODS_2,medium,2016-05-22,2016-06-10,19,1.3140083784794994
FOODS_2_304,CA_1,FOODS_2,medium,2016-05-22,2016-06-10,19,2.6157028300566014
FOODS_2_322,CA_1,FOODS_2,high,2016-05-22,2016-06-10,19,0.6689254919499564
FOODS_2_336,CA_1,FOODS_2,low,2016-05-22,2016-06-10,19,0.4693017203989426
FOODS_2_339,CA_1,FOODS_2,medium,2016-05-22,2016-06-10,19,0.9896365002252719
FOODS_2_357,CA_1,FOODS_2,high,2016-05-22,2016-06-10,19,2.5011315523327995
FOODS_2_360,CA_1,FOODS_2,high,2016-05-22,2016-06-10,19,10.949916136812577
FOODS_2_367,CA_1,FOODS_2,medium,2016-05-22,2016-06-10,19,0.6898064917758563
FOODS_3_026,CA_1,FOODS_3,high,2016-05-22,2016-06-10,19,1.7644878467955836
FOODS_3_048,CA_1,FOODS_3,medium,2016-05-22,2016-06-10,19,2.0532562731046897
FOODS_3_053,CA_1,FOODS_3,medium,2016-05-22,2016-06-10,19,3.428490475289361
FOODS_3_068,CA_1,FOODS_3,low,2016-05-22,2016-06-10,19,0.4050507606748006
FOODS_3_074,CA_1,FOODS_3,medium,2016-05-22,2016-06-10,19,1.7937245316821837
FOODS_3_089,CA_1,FOODS_3,high,2016-05-22,2016-06-10,19,0.8896948849049345
FOODS_3_096,CA_1,FOODS_3,medium,2016-05-22,2016-06-10,19,1.1156105459528634
FOODS_3_099,CA_1,FOODS_3,high,2016-05-22,2016-06-10,19,15.18356267294426
FOODS_3_113,CA_1,FOODS_3,high,2016-05-22,2016-06-10,19,4.18099905391354
FOODS_3_123,CA_1,FOODS_3,low,2016-05-22,2016-06-10,19,2.2230422034325374
FOODS_3_135,CA_1,FOODS_3,high,2016-05-22,2016-06-10,19,6.189802848608964
FOODS_3_179,CA_1,FOODS_3,low,2016-05-22,2016-06-10,19,0.9990535157018356
FOODS_3_187,CA_1,FOODS_3,medium,2016-05-22,2016-06-10,19,1.3023394446315408
FOODS_3_223,CA_1,FOODS_3,low,2016-05-22,2016-06-10,19,1.2054231659806613
FOODS_3_240,CA_1,FOODS_3,low,2016-05-22,2016-06-10,19,0.9430839100024204
FOODS_3_249,CA_1,FOODS_3,medium,2016-05-22,2016-06-10,19,3.582372964807618
FOODS_3_263,CA_1,FOODS_3,high,2016-05-22,2016-06-10,19,9.346232780310512
FOODS_3_276,CA_1,FOODS_3,high,2016-05-22,2016-06-10,19,0.0
FOODS_3_312,CA_1,FOODS_3,low,2016-05-22,2016-06-10,19,1.2645111767919948
FOODS_3_319,CA_1,FOODS_3,high,2016-05-22,2016-06-10,19,0.0
FOODS_3_321,CA_1,FOODS_3,high,2016-05-22,2016-06-10,19,5.537095876642349
FOODS_3_327,CA_1,FOODS_3,high,2016-05-22,2016-06-10,19,2.2539742941500305
FOODS_3_329,CA_1,FOODS_3,high,2016-05-22,2016-06-10,19,19.881385207865627
FOODS_3_340,CA_1,FOODS_3,low,2016-05-22,2016-06-10,19,0.5978373738994982
FOODS_3_354,CA_1,FOODS_3,low,2016-05-22,2016-06-10,19,0.18998259378827287
FOODS_3_360,CA_1,FOODS_3,medium,2016-05-22,2016-06-10,19,0.2851003078106796
FOODS_3_383,CA_1,FOODS_3,high,2016-05-22,2016-06-10,19,3.983501699222071
FOODS_3_387,CA_1,FOODS_3,medium,2016-05-22,2016-06-10,19,1.5446286007900798
FOODS_3_432,CA_1,FOODS_3,high,2016-05-22,2016-06-10,19,0.5052347876963971
FOODS_3_467,CA_1,FOODS_3,medium,2016-05-22,2016-06-10,19,1.4009319192791845
FOODS_3_470,CA_1,FOODS_3,medium,2016-05-22,2016-06-10,19,0.8473664417258578
FOODS_3_479,CA_1,FOODS_3,medium,2016-05-22,2016-06-10,19,0.7537763723061149
FOODS_3_480,CA_1,FOODS_3,medium,2016-05-22,2016-06-10,19,1.2395693399559635
FOODS_3_482,CA_1,FOODS_3,low,2016-05-22,2016-06-10,19,2.409872771576861
FOODS_3_501,CA_1,FOODS_3,high,2016-05-22,2016-06-10,19,24.67264467353729
FOODS_3_511,CA_1,FOODS_3,high,2016-05-22,2016-06-10,19,26.035804147488005
FOODS_3_520,CA_1,FOODS_3,medium,2016-05-22,2016-06-10,19,0.7076821583381846
FOODS_3_532,CA_1,FOODS_3,medium,2016-05-22,2016-06-10,19,1.8703633206652017
FOODS_3_539,CA_1,FOODS_3,low,2016-05-22,2016-06-10,19,0.6757071895415911
FOODS_3_550,CA_1,FOODS_3,low,2016-05-22,2016-06-10,19,0.3870684986450764
FOODS_3_558,CA_1,FOODS_3,low,2016-05-22,2016-06-10,19,0.6466150690735589
FOODS_3_601,CA_1,FOODS_3,low,2016-05-22,2016-06-10,19,0.16983031071286606
FOODS_3_611,CA_1,FOODS_3,high,2016-05-22,2016-06-10,19,1.4480919663539145
FOODS_3_616,CA_1,FOODS_3,medium,2016-05-22,2016-06-10,19,1.1841236619066025
FOODS_3_635,CA_1,FOODS_3,high,2016-05-22,2016-06-10,19,0.0
FOODS_3_640,CA_1,FOODS_3,low,2016-05-22,2016-06-10,19,2.498975729112042
FOODS_3_641,CA_1,FOODS_3,low,2016-05-22,2016-06-10,19,3.036697018744718
FOODS_3_648,CA_1,FOODS_3,medium,2016-05-22,2016-06-10,19,0.8080032802703927
FOODS_3_658,CA_1,FOODS_3,low,2016-05-22,2016-06-10,19,0.8972611062235935
FOODS_3_661,CA_1,FOODS_3,high,2016-05-22,2016-06-10,19,4.301527702855995
FOODS_3_666,CA_1,FOODS_3,medium,2016-05-22,2016-06-10,19,1.1438345795374938
FOODS_3_677,CA_1,FOODS_3,low,2016-05-22,2016-06-10,19,0.6880276391760533
FOODS_3_709,CA_1,FOODS_3,low,2016-05-22,2016-06-10,19,0.3741801666185595
FOODS_3_724,CA_1,FOODS_3,low,2016-05-22,2016-06-10,19,0.5089989546022446
FOODS_3_795,CA_1,FOODS_3,medium,2016-05-22,2016-06-10,19,3.522833230918238
FOODS_3_801,CA_1,FOODS_3,high,2016-05-22,2016-06-10,19,1.6948771273442953
FOODS_3_817,CA_1,FOODS_3,medium,2016-05-22,2016-06-10,19,0.6603687841615756
FOODS_1_017,TX_2,FOODS_1,low,2016-05-22,2016-06-10,19,0.4328903769498983
FOODS_1_020,TX_2,FOODS_1,medium,2016-05-22,2016-06-10,19,0.6200660108443502
FOODS_1_042,TX_2,FOODS_1,high,2016-05-22,2016-06-10,19,5.506209962985915
FOODS_1_082,TX_2,FOODS_1,high,2016-05-22,2016-06-10,19,2.2691141911480077
FOODS_1_086,TX_2,FOODS_1,high,2016-05-22,2016-06-10,19,0.32958022317212243
FOODS_1_089,TX_2,FOODS_1,low,2016-05-22,2016-06-10,19,0.405337378468918
FOODS_1_099,TX_2,FOODS_1,high,2016-05-22,2016-06-10,19,7.990099358861441
FOODS_1_112,TX_2,FOODS_1,medium,2016-05-22,2016-06-10,19,0.5806611626905663
FOODS_1_135,TX_2,FOODS_1,low,2016-05-22,2016-06-10,19,0.2810108153108168
FOODS_1_155,TX_2,FOODS_1,medium,2016-05-22,2016-06-10,19,1.7362145587018585
FOODS_1_156,TX_2,FOODS_1,low,2016-05-22,2016-06-10,19,0.35678470215727887
FOODS_1_172,TX_2,FOODS_1,high,2016-05-22,2016-06-10,19,3.548720928312545
FOODS_1_175,TX_2,FOODS_1,medium,2016-05-22,2016-06-10,19,0.6023402608968219
FOODS_1_210,TX_2,FOODS_1,medium,2016-05-22,2016-06-10,19,4.666641200754389
FOODS_1_214,TX_2,FOODS_1,low,2016-05-22,2016-06-10,19,0.35068101812660846
FOODS_2_021,TX_2,FOODS_2,high,2016-05-22,2016-06-10,19,0.5128229475702698
FOODS_2_024,TX_2,FOODS_2,medium,2016-05-22,2016-06-10,19,0.17415678578835772
FOODS_2_028,TX_2,FOODS_2,low,2016-05-22,2016-06-10,19,1.1321229949278946
FOODS_2_040,TX_2,FOODS_2,low,2016-05-22,2016-06-10,19,0.07933265914270413
FOODS_2_059,TX_2,FOODS_2,high,2016-05-22,2016-06-10,19,1.8604675975651703
FOODS_2_072,TX_2,FOODS_2,medium,2016-05-22,2016-06-10,19,0.5407564572712679
FOODS_2_095,TX_2,FOODS_2,low,2016-05-22,2016-06-10,19,0.5230504465281128
FOODS_2_116,TX_2,FOODS_2,high,2016-05-22,2016-06-10,19,0.6345600546473664
FOODS_2_136,TX_2,FOODS_2,medium,2016-05-22,2016-06-10,19,0.3962510538391171
FOODS_2_139,TX_2,FOODS_2,high,2016-05-22,2016-06-10,19,1.5603609177469695
FOODS_2_146,TX_2,FOODS_2,medium,2016-05-22,2016-06-10,19,0.9257442699567954
FOODS_2_150,TX_2,FOODS_2,high,2016-05-22,2016-06-10,19,1.170918776064654
FOODS_2_170,TX_2,FOODS_2,medium,2016-05-22,2016-06-10,19,1.3806892456270476
FOODS_2_178,TX_2,FOODS_2,low,2016-05-22,2016-06-10,19,0.4538126192147151
FOODS_2_180,TX_2,FOODS_2,low,2016-05-22,2016-06-10,19,2.153530403757906
FOODS_2_184,TX_2,FOODS_2,high,2016-05-22,2016-06-10,19,2.45204518325216
FOODS_2_209,TX_2,FOODS_2,low,2016-05-22,2016-06-10,19,0.0
FOODS_2_218,TX_2,FOODS_2,low,2016-05-22,2016-06-10,19,0.01275246997661511
FOODS_2_251,TX_2,FOODS_2,medium,2016-05-22,2016-06-10,19,1.582821277188979
FOODS_2_301,TX_2,FOODS_2,low,2016-05-22,2016-06-10,19,1.4809795594517763
FOODS_2_302,TX_2,FOODS_2,medium,2016-05-22,2016-06-10,19,0.9393799101244771
FOODS_2_304,TX_2,FOODS_2,medium,2016-05-22,2016-06-10,19,1.8551119714772824
FOODS_2_322,TX_2,FOODS_2,high,2016-05-22,2016-06-10,19,3.460019017694633
FOODS_2_336,TX_2,FOODS_2,low,2016-05-22,2016-06-10,19,0.38180665799706465
FOODS_2_339,TX_2,FOODS_2,medium,2016-05-22,2016-06-10,19,0.5890811835232249
FOODS_2_357,TX_2,FOODS_2,high,2016-05-22,2016-06-10,19,1.828018947197007
FOODS_2_360,TX_2,FOODS_2,high,2016-05-22,2016-06-10,19,10.206907488784054
FOODS_2_367,TX_2,FOODS_2,medium,2016-05-22,2016-06-10,19,0.0
FOODS_3_026,TX_2,FOODS_3,high,2016-05-22,2016-06-10,19,1.5712268612730682
FOODS_3_048,TX_2,FOODS_3,medium,2016-05-22,2016-06-10,19,2.5474685335543628
FOODS_3_053,TX_2,FOODS_3,medium,2016-05-22,2016-06-10,19,1.0229423193304463
FOODS_3_068,TX_2,FOODS_3,low,2016-05-22,2016-06-10,19,0.5245604567076753
FOODS_3_074,TX_2,FOODS_3,medium,2016-05-22,2016-06-10,19,1.4542229574145382
FOODS_3_089,TX_2,FOODS_3,high,2016-05-22,2016-06-10,19,0.9753181519235923
FOODS_3_096,TX_2,FOODS_3,medium,2016-05-22,2016-06-10,19,0.6268355019865591
FOODS_3_099,TX_2,FOODS_3,high,2016-05-22,2016-06-10,19,17.300947832486266
FOODS_3_113,TX_2,FOODS_3,high,2016-05-22,2016-06-10,19,0.873181888444182
FOODS_3_123,TX_2,FOODS_3,low,2016-05-22,2016-06-10,19,0.4295671007966982
FOODS_3_135,TX_2,FOODS_3,high,2016-05-22,2016-06-10,19,13.84100836683066
FOODS_3_179,TX_2,FOODS_3,low,2016-05-22,2016-06-10,19,0.3260243236368851
FOODS_3_187,TX_2,FOODS_3,medium,2016-05-22,2016-06-10,19,1.021969503116999
FOODS_3_223,TX_2,FOODS_3,low,2016-05-22,2016-06-10,19,0.377854912242334
FOODS_3_240,TX_2,FOODS_3,low,2016-05-22,2016-06-10,19,0.16957580369314743
FOODS_3_249,TX_2,FOODS_3,medium,2016-05-22,2016-06-10,19,1.935041152325867
FOODS_3_263,TX_2,FOODS_3,high,2016-05-22,2016-06-10,19,14.861290013662927
FOODS_3_276,TX_2,FOODS_3,high,2016-05-22,2016-06-10,19,0.0
FOODS_3_312,TX_2,FOODS_3,low,2016-05-22,2016-06-10,19,0.6976178491400671
FOODS_3_319,TX_2,FOODS_3,high,2016-05-22,2016-06-10,19,0.0
FOODS_3_321,TX_2,FOODS_3,high,2016-05-22,2016-06-10,19,9.282897601265883
FOODS_3_327,TX_2,FOODS_3,high,2016-05-22,2016-06-10,19,4.272375465688312
FOODS_3_329,TX_2,FOODS_3,high,2016-05-22,2016-06-10,19,17.69746422251084
FOODS_3_340,TX_2,FOODS_3,low,2016-05-22,2016-06-10,19,0.6898247745744568
FOODS_3_354,TX_2,FOODS_3,low,2016-05-22,2016-06-10,19,0.637780243890221
FOODS_3_360,TX_2,FOODS_3,medium,2016-05-22,2016-06-10,19,0.4372557191609823
FOODS_3_383,TX_2,FOODS_3,high,2016-05-22,2016-06-10,19,2.402669159441103
FOODS_3_387,TX_2,FOODS_3,medium,2016-05-22,2016-06-10,19,1.1090431574628279
FOODS_3_432,TX_2,FOODS_3,high,2016-05-22,2016-06-10,19,1.834864702004379
FOODS_3_467,TX_2,FOODS_3,medium,2016-05-22,2016-06-10,19,0.7655487156123947
FOODS_3_470,TX_2,FOODS_3,medium,2016-05-22,2016-06-10,19,0.7029399165871538
FOODS_3_479,TX_2,FOODS_3,medium,2016-05-22,2016-06-10,19,0.9959965164141337
FOODS_3_480,TX_2,FOODS_3,medium,2016-05-22,2016-06-10,19,0.7992453850843645
FOODS_3_482,TX_2,FOODS_3,low,2016-05-22,2016-06-10,19,1.0117321316702712
FOODS_3_501,TX_2,FOODS_3,high,2016-05-22,2016-06-10,19,13.381764641279009
FOODS_3_511,TX_2,FOODS_3,high,2016-05-22,2016-06-10,19,11.084341385027683
FOODS_3_520,TX_2,FOODS_3,medium,2016-05-22,2016-06-10,19,1.1356729630720848
FOODS_3_532,TX_2,FOODS_3,medium,2016-05-22,2016-06-10,19,1.8371193598494133
FOODS_3_539,TX_2,FOODS_3,low,2016-05-22,2016-06-10,19,0.3529875042942589
FOODS_3_550,TX_2,FOODS_3,low,2016-05-22,2016-06-10,19,0.2949135534716622
FOODS_3_558,TX_2,FOODS_3,low,2016-05-22,2016-06-10,19,0.24121892668360959
FOODS_3_601,TX_2,FOODS_3,low,2016-05-22,2016-06-10,19,0.15374627894892914
FOODS_3_611,TX_2,FOODS_3,high,2016-05-22,2016-06-10,19,2.7800486305527436
FOODS_3_616,TX_2,FOODS_3,medium,2016-05-22,2016-06-10,19,2.2923824132022483
FOODS_3_635,TX_2,FOODS_3,high,2016-05-22,2016-06-10,19,0.0
FOODS_3_640,TX_2,FOODS_3,low,2016-05-22,2016-06-10,19,0.7651195812615853
FOODS_3_641,TX_2,FOODS_3,low,2016-05-22,2016-06-10,19,0.342853705232446
FOODS_3_648,TX_2,FOODS_3,medium,2016-05-22,2016-06-10,19,1.673342324287831
FOODS_3_658,TX_2,FOODS_3,low,2016-05-22,2016-06-10,19,0.4125827891296326
FOODS_3_661,TX_2,FOODS_3,high,2016-05-22,2016-06-10,19,3.6991173674288524
FOODS_3_666,TX_2,FOODS_3,medium,2016-05-22,2016-06-10,19,0.9558443737256813
FOODS_3_677,TX_2,FOODS_3,low,2016-05-22,2016-06-10,19,0.8943971208920256
FOODS_3_709,TX_2,FOODS_3,low,2016-05-22,2016-06-10,19,1.4285512224043289
FOODS_3_724,TX_2,FOODS_3,low,2016-05-22,2016-06-10,19,0.4382782662527927
FOODS_3_795,TX_2,FOODS_3,medium,2016-05-22,2016-06-10,19,2.193406378454791
FOODS_3_801,TX_2,FOODS_3,high,2016-05-22,2016-06-10,19,2.0052367408775456
FOODS_3_817,TX_2,FOODS_3,medium,2016-05-22,2016-06-10,19,0.6221746150942403
FOODS_1_017,WI_3,FOODS_1,low,2016-05-22,2016-06-10,19,0.8342506079891974
FOODS_1_020,WI_3,FOODS_1,medium,2016-05-22,2016-06-10,19,1.3347159753457862
FOODS_1_042,WI_3,FOODS_1,high,2016-05-22,2016-06-10,19,2.195167574442092
FOODS_1_082,WI_3,FOODS_1,high,2016-05-22,2016-06-10,19,8.877467569607079
FOODS_1_086,WI_3,FOODS_1,high,2016-05-22,2016-06-10,19,2.2703679994781365
FOODS_1_089,WI_3,FOODS_1,low,2016-05-22,2016-06-10,19,0.4118032760846199
FOODS_1_099,WI_3,FOODS_1,high,2016-05-22,2016-06-10,19,2.5738658522932836
FOODS_1_112,WI_3,FOODS_1,medium,2016-05-22,2016-06-10,19,0.3424248026891548
FOODS_1_135,WI_3,FOODS_1,low,2016-05-22,2016-06-10,19,0.40527664776952904
FOODS_1_155,WI_3,FOODS_1,medium,2016-05-22,2016-06-10,19,1.2071906068289382
FOODS_1_156,WI_3,FOODS_1,low,2016-05-22,2016-06-10,19,0.5780171310958282
FOODS_1_172,WI_3,FOODS_1,high,2016-05-22,2016-06-10,19,2.7726264401816607
FOODS_1_175,WI_3,FOODS_1,medium,2016-05-22,2016-06-10,19,0.3841594371011693
FOODS_1_210,WI_3,FOODS_1,medium,2016-05-22,2016-06-10,19,2.3481490352316383
FOODS_1_214,WI_3,FOODS_1,low,2016-05-22,2016-06-10,19,0.48473395114997697
FOODS_2_021,WI_3,FOODS_2,high,2016-05-22,2016-06-10,19,5.8035961236012925
FOODS_2_024,WI_3,FOODS_2,medium,2016-05-22,2016-06-10,19,0.5883360742459253
FOODS_2_028,WI_3,FOODS_2,low,2016-05-22,2016-06-10,19,0.7138198947702276
FOODS_2_040,WI_3,FOODS_2,low,2016-05-22,2016-06-10,19,0.6840853798954146
FOODS_2_059,WI_3,FOODS_2,high,2016-05-22,2016-06-10,19,2.9464364382372255
FOODS_2_072,WI_3,FOODS_2,medium,2016-05-22,2016-06-10,19,1.3504277104581834
FOODS_2_095,WI_3,FOODS_2,low,2016-05-22,2016-06-10,19,1.4156401601504929
FOODS_2_116,WI_3,FOODS_2,high,2016-05-22,2016-06-10,19,0.9485173608411025
FOODS_2_136,WI_3,FOODS_2,medium,2016-05-22,2016-06-10,19,2.608944864624923
FOODS_2_139,WI_3,FOODS_2,high,2016-05-22,2016-06-10,19,1.0757823199037726
FOODS_2_146,WI_3,FOODS_2,medium,2016-05-22,2016-06-10,19,0.7877215146347625
FOODS_2_150,WI_3,FOODS_2,high,2016-05-22,2016-06-10,19,1.4789692736746929
FOODS_2_170,WI_3,FOODS_2,medium,2016-05-22,2016-06-10,19,1.583365729141502
FOODS_2_178,WI_3,FOODS_2,low,2016-05-22,2016-06-10,19,1.106286857909464
FOODS_2_180,WI_3,FOODS_2,low,2016-05-22,2016-06-10,19,0.9103134670276735
FOODS_2_184,WI_3,FOODS_2,high,2016-05-22,2016-06-10,19,0.7614270648390818
FOODS_2_209,WI_3,FOODS_2,low,2016-05-22,2016-06-10,19,0.8344617380639675
FOODS_2_218,WI_3,FOODS_2,low,2016-05-22,2016-06-10,19,0.41427080667143723
FOODS_2_251,WI_3,FOODS_2,medium,2016-05-22,2016-06-10,19,2.411699109793205
FOODS_2_301,WI_3,FOODS_2,low,2016-05-22,2016-06-10,19,1.0684203185563683
FOODS_2_302,WI_3,FOODS_2,medium,2016-05-22,2016-06-10,19,2.0680616488777637
FOODS_2_304,WI_3,FOODS_2,medium,2016-05-22,2016-06-10,19,1.6655637956622023
FOODS_2_322,WI_3,FOODS_2,high,2016-05-22,2016-06-10,19,4.064571398035599
FOODS_2_336,WI_3,FOODS_2,low,2016-05-22,2016-06-10,19,0.9346192554927596
FOODS_2_339,WI_3,FOODS_2,medium,2016-05-22,2016-06-10,19,2.244400420873687
FOODS_2_357,WI_3,FOODS_2,high,2016-05-22,2016-06-10,19,4.319016655172648
FOODS_2_360,WI_3,FOODS_2,high,2016-05-22,2016-06-10,19,17.647215822988894
FOODS_2_367,WI_3,FOODS_2,medium,2016-05-22,2016-06-10,19,0.47311759193270014
FOODS_3_026,WI_3,FOODS_3,high,2016-05-22,2016-06-10,19,2.2135085052820718
FOODS_3_048,WI_3,FOODS_3,medium,2016-05-22,2016-06-10,19,3.928137521002778
FOODS_3_053,WI_3,FOODS_3,medium,2016-05-22,2016-06-10,19,0.5066436222461245
FOODS_3_068,WI_3,FOODS_3,low,2016-05-22,2016-06-10,19,0.2334919369941768
FOODS_3_074,WI_3,FOODS_3,medium,2016-05-22,2016-06-10,19,0.7381338148235917
FOODS_3_089,WI_3,FOODS_3,high,2016-05-22,2016-06-10,19,1.5934654658725027
FOODS_3_096,WI_3,FOODS_3,medium,2016-05-22,2016-06-10,19,0.5614204041281083
FOODS_3_099,WI_3,FOODS_3,high,2016-05-22,2016-06-10,19,9.77706222128639
FOODS_3_113,WI_3,FOODS_3,high,2016-05-22,2016-06-10,19,3.1299006973194445
FOODS_3_123,WI_3,FOODS_3,low,2016-05-22,2016-06-10,19,0.35024263682672396
FOODS_3_135,WI_3,FOODS_3,high,2016-05-22,2016-06-10,19,8.19166714317591
FOODS_3_179,WI_3,FOODS_3,low,2016-05-22,2016-06-10,19,0.19924111408795395
FOODS_3_187,WI_3,FOODS_3,medium,2016-05-22,2016-06-10,19,1.6671921715082878
FOODS_3_223,WI_3,FOODS_3,low,2016-05-22,2016-06-10,19,0.9609512479825287
FOODS_3_240,WI_3,FOODS_3,low,2016-05-22,2016-06-10,19,0.3799519965584092
FOODS_3_249,WI_3,FOODS_3,medium,2016-05-22,2016-06-10,19,0.8463022663186935
FOODS_3_263,WI_3,FOODS_3,high,2016-05-22,2016-06-10,19,11.451379817063216
FOODS_3_276,WI_3,FOODS_3,high,2016-05-22,2016-06-10,19,0.0
FOODS_3_312,WI_3,FOODS_3,low,2016-05-22,2016-06-10,19,0.575950102711456
FOODS_3_319,WI_3,FOODS_3,high,2016-05-22,2016-06-10,19,0.0
FOODS_3_321,WI_3,FOODS_3,high,2016-05-22,2016-06-10,19,5.238729653352077
FOODS_3_327,WI_3,FOODS_3,high,2016-05-22,2016-06-10,19,1.8990863723227778
FOODS_3_329,WI_3,FOODS_3,high,2016-05-22,2016-06-10,19,19.82184952615038
FOODS_3_340,WI_3,FOODS_3,low,2016-05-22,2016-06-10,19,0.5407219864963172
FOODS_3_354,WI_3,FOODS_3,low,2016-05-22,2016-06-10,19,0.5310751153641654
FOODS_3_360,WI_3,FOODS_3,medium,2016-05-22,2016-06-10,19,0.33037681501502386
FOODS_3_383,WI_3,FOODS_3,high,2016-05-22,2016-06-10,19,2.0710610718012656
FOODS_3_387,WI_3,FOODS_3,medium,2016-05-22,2016-06-10,19,0.9449728771444483
FOODS_3_432,WI_3,FOODS_3,high,2016-05-22,2016-06-10,19,1.0167413069406899
FOODS_3_467,WI_3,FOODS_3,medium,2016-05-22,2016-06-10,19,1.1625011866010568
FOODS_3_470,WI_3,FOODS_3,medium,2016-05-22,2016-06-10,19,1.1471939571671308
FOODS_3_479,WI_3,FOODS_3,medium,2016-05-22,2016-06-10,19,0.7217425764173432
FOODS_3_480,WI_3,FOODS_3,medium,2016-05-22,2016-06-10,19,0.5175802012166122
FOODS_3_482,WI_3,FOODS_3,low,2016-05-22,2016-06-10,19,0.35402452707830967
FOODS_3_501,WI_3,FOODS_3,high,2016-05-22,2016-06-10,19,8.83682695744785
FOODS_3_511,WI_3,FOODS_3,high,2016-05-22,2016-06-10,19,8.139220849440603
FOODS_3_520,WI_3,FOODS_3,medium,2016-05-22,2016-06-10,19,0.48542119756092006
FOODS_3_532,WI_3,FOODS_3,medium,2016-05-22,2016-06-10,19,2.4003234407687724
FOODS_3_539,WI_3,FOODS_3,low,2016-05-22,2016-06-10,19,0.5057433916385772
FOODS_3_550,WI_3,FOODS_3,low,2016-05-22,2016-06-10,19,0.4426875840637745
FOODS_3_558,WI_3,FOODS_3,low,2016-05-22,2016-06-10,19,0.37026740774607597
FOODS_3_601,WI_3,FOODS_3,low,2016-05-22,2016-06-10,19,0.341457349420153
FOODS_3_611,WI_3,FOODS_3,high,2016-05-22,2016-06-10,19,0.5865219813879949
FOODS_3_616,WI_3,FOODS_3,medium,2016-05-22,2016-06-10,19,0.6468128740521587
FOODS_3_635,WI_3,FOODS_3,high,2016-05-22,2016-06-10,19,0.0
FOODS_3_640,WI_3,FOODS_3,low,2016-05-22,2016-06-10,19,1.2378120582645207
FOODS_3_641,WI_3,FOODS_3,low,2016-05-22,2016-06-10,19,0.6105657101411991
FOODS_3_648,WI_3,FOODS_3,medium,2016-05-22,2016-06-10,19,0.9524020900951007
FOODS_3_658,WI_3,FOODS_3,low,2016-05-22,2016-06-10,19,0.5373427005810351
FOODS_3_661,WI_3,FOODS_3,high,2016-05-22,2016-06-10,19,3.3554700238126958
FOODS_3_666,WI_3,FOODS_3,medium,2016-05-22,2016-06-10,19,0.9178267316154028
FOODS_3_677,WI_3,FOODS_3,low,2016-05-22,2016-06-10,19,0.30632457845368155
FOODS_3_709,WI_3,FOODS_3,low,2016-05-22,2016-06-10,19,1.3865823435919176
FOODS_3_724,WI_3,FOODS_3,low,2016-05-22,2016-06-10,19,0.19673146454310048
FOODS_3_795,WI_3,FOODS_3,medium,2016-05-22,2016-06-10,19,1.635613360184805
FOODS_3_801,WI_3,FOODS_3,high,2016-05-22,2016-06-10,19,3.3536381611758617
FOODS_3_817,WI_3,FOODS_3,medium,2016-05-22,2016-06-10,19,0.27546923697027625
FOODS_1_017,CA_1,FOODS_1,low,2016-05-22,2016-06-11,20,1.5553276000188674
FOODS_1_020,CA_1,FOODS_1,medium,2016-05-22,2016-06-11,20,1.754744567860725
FOODS_1_042,CA_1,FOODS_1,high,2016-05-22,2016-06-11,20,3.0834141693269608
FOODS_1_082,CA_1,FOODS_1,high,2016-05-22,2016-06-11,20,8.043534252835894
FOODS_1_086,CA_1,FOODS_1,high,2016-05-22,2016-06-11,20,4.72299737246266
FOODS_1_089,CA_1,FOODS_1,low,2016-05-22,2016-06-11,20,0.7300000648198336
FOODS_1_099,CA_1,FOODS_1,high,2016-05-22,2016-06-11,20,7.132729385327858
FOODS_1_112,CA_1,FOODS_1,medium,2016-05-22,2016-06-11,20,1.8271495197341232
FOODS_1_135,CA_1,FOODS_1,low,2016-05-22,2016-06-11,20,1.450219508888718
FOODS_1_155,CA_1,FOODS_1,medium,2016-05-22,2016-06-11,20,0.611590842275772
FOODS_1_156,CA_1,FOODS_1,low,2016-05-22,2016-06-11,20,1.5235245001530437
FOODS_1_172,CA_1,FOODS_1,high,2016-05-22,2016-06-11,20,1.622510567781965
FOODS_1_175,CA_1,FOODS_1,medium,2016-05-22,2016-06-11,20,1.510323453068894
FOODS_1_210,CA_1,FOODS_1,medium,2016-05-22,2016-06-11,20,2.474247087991757
FOODS_1_214,CA_1,FOODS_1,low,2016-05-22,2016-06-11,20,1.1781507471628863
FOODS_2_021,CA_1,FOODS_2,high,2016-05-22,2016-06-11,20,7.318591021632208
FOODS_2_024,CA_1,FOODS_2,medium,2016-05-22,2016-06-11,20,1.6163150954348178
FOODS_2_028,CA_1,FOODS_2,low,2016-05-22,2016-06-11,20,0.3617804367029397
FOODS_2_040,CA_1,FOODS_2,low,2016-05-22,2016-06-11,20,0.816718926720078
FOODS_2_059,CA_1,FOODS_2,high,2016-05-22,2016-06-11,20,1.8908821025985898
FOODS_2_072,CA_1,FOODS_2,medium,2016-05-22,2016-06-11,20,0.7847169288462145
FOODS_2_095,CA_1,FOODS_2,low,2016-05-22,2016-06-11,20,0.8897291303460749
FOODS_2_116,CA_1,FOODS_2,high,2016-05-22,2016-06-11,20,1.096206733032235
FOODS_2_136,CA_1,FOODS_2,medium,2016-05-22,2016-06-11,20,0.6560198563961569
FOODS_2_139,CA_1,FOODS_2,high,2016-05-22,2016-06-11,20,1.5590153409493117
FOODS_2_146,CA_1,FOODS_2,medium,2016-05-22,2016-06-11,20,1.355374706373985
FOODS_2_150,CA_1,FOODS_2,high,2016-05-22,2016-06-11,20,2.4842955815455054
FOODS_2_170,CA_1,FOODS_2,medium,2016-05-22,2016-06-11,20,1.7915285462827157
FOODS_2_178,CA_1,FOODS_2,low,2016-05-22,2016-06-11,20,0.877611970265973
FOODS_2_180,CA_1,FOODS_2,low,2016-05-22,2016-06-11,20,0.3729112758775077
FOODS_2_184,CA_1,FOODS_2,high,2016-05-22,2016-06-11,20,1.1382441363684177
FOODS_2_209,CA_1,FOODS_2,low,2016-05-22,2016-06-11,20,0.4691165671684619
FOODS_2_218,CA_1,FOODS_2,low,2016-05-22,2016-06-11,20,0.9737921492856136
FOODS_2_251,CA_1,FOODS_2,medium,2016-05-22,2016-06-11,20,0.8074275304884327
FOODS_2_301,CA_1,FOODS_2,low,2016-05-22,2016-06-11,20,0.9936186531469863
FOODS_2_302,CA_1,FOODS_2,medium,2016-05-22,2016-06-11,20,1.28950867771091
FOODS_2_304,CA_1,FOODS_2,medium,2016-05-22,2016-06-11,20,2.637692216844338
FOODS_2_322,CA_1,FOODS_2,high,2016-05-22,2016-06-11,20,0.6928156880910262
FOODS_2_336,CA_1,FOODS_2,low,2016-05-22,2016-06-11,20,0.48606249612747626
FOODS_2_339,CA_1,FOODS_2,medium,2016-05-22,2016-06-11,20,0.9892663752333174
FOODS_2_357,CA_1,FOODS_2,high,2016-05-22,2016-06-11,20,2.5904576792018275
FOODS_2_360,CA_1,FOODS_2,high,2016-05-22,2016-06-11,20,11.269555998841598
FOODS_2_367,CA_1,FOODS_2,medium,2016-05-22,2016-06-11,20,0.7144424379107083
FOODS_3_026,CA_1,FOODS_3,high,2016-05-22,2016-06-11,20,1.6132195556097115
FOODS_3_048,CA_1,FOODS_3,medium,2016-05-22,2016-06-11,20,1.9123011400012857
FOODS_3_053,CA_1,FOODS_3,medium,2016-05-22,2016-06-11,20,3.4080794208354086
FOODS_3_068,CA_1,FOODS_3,low,2016-05-22,2016-06-11,20,0.4195168592703292
FOODS_3_074,CA_1,FOODS_3,medium,2016-05-22,2016-06-11,20,1.7506432649565475
FOODS_3_089,CA_1,FOODS_3,high,2016-05-22,2016-06-11,20,0.9214697022229679
FOODS_3_096,CA_1,FOODS_3,medium,2016-05-22,2016-06-11,20,1.1197394940226084
FOODS_3_099,CA_1,FOODS_3,high,2016-05-22,2016-06-11,20,15.404404196977982
FOODS_3_113,CA_1,FOODS_3,high,2016-05-22,2016-06-11,20,4.223177591553309
FOODS_3_123,CA_1,FOODS_3,low,2016-05-22,2016-06-11,20,2.3024365678408425
FOODS_3_135,CA_1,FOODS_3,high,2016-05-22,2016-06-11,20,6.268010093202141
FOODS_3_179,CA_1,FOODS_3,low,2016-05-22,2016-06-11,20,1.0347339984054724
FOODS_3_187,CA_1,FOODS_3,medium,2016-05-22,2016-06-11,20,1.241708710511239
FOODS_3_223,CA_1,FOODS_3,low,2016-05-22,2016-06-11,20,1.2127597076228278
FOODS_3_240,CA_1,FOODS_3,low,2016-05-22,2016-06-11,20,0.9767654782167927
FOODS_3_249,CA_1,FOODS_3,medium,2016-05-22,2016-06-11,20,3.6388862849793187
FOODS_3_263,CA_1,FOODS_3,high,2016-05-22,2016-06-11,20,9.251455379607316
FOODS_3_276,CA_1,FOODS_3,high,2016-05-22,2016-06-11,20,0.0
FOODS_3_312,CA_1,FOODS_3,low,2016-05-22,2016-06-11,20,1.23824371882028
FOODS_3_319,CA_1,FOODS_3,high,2016-05-22,2016-06-11,20,0.0
FOODS_3_321,CA_1,FOODS_3,high,2016-05-22,2016-06-11,20,5.341992157951004
FOODS_3_327,CA_1,FOODS_3,high,2016-05-22,2016-06-11,20,2.33447337608396
FOODS_3_329,CA_1,FOODS_3,high,2016-05-22,2016-06-11,20,19.841434679575112
FOODS_3_340,CA_1,FOODS_3,low,2016-05-22,2016-06-11,20,0.6191887086816231
FOODS_3_354,CA_1,FOODS_3,low,2016-05-22,2016-06-11,20,0.19676768642356832
FOODS_3_360,CA_1,FOODS_3,medium,2016-05-22,2016-06-11,20,0.2595681759467753
FOODS_3_383,CA_1,FOODS_3,high,2016-05-22,2016-06-11,20,4.018626759908574
FOODS_3_387,CA_1,FOODS_3,medium,2016-05-22,2016-06-11,20,1.599793907961154
FOODS_3_432,CA_1,FOODS_3,high,2016-05-22,2016-06-11,20,0.5232788872569827
FOODS_3_467,CA_1,FOODS_3,medium,2016-05-22,2016-06-11,20,1.3438223449677267
FOODS_3_470,CA_1,FOODS_3,medium,2016-05-22,2016-06-11,20,0.8776295289303526
FOODS_3_479,CA_1,FOODS_3,medium,2016-05-22,2016-06-11,20,0.7449826713170475
FOODS_3_480,CA_1,FOODS_3,medium,2016-05-22,2016-06-11,20,1.2838396735258193
FOODS_3_482,CA_1,FOODS_3,low,2016-05-22,2016-06-11,20,2.424511084847463
FOODS_3_501,CA_1,FOODS_3,high,2016-05-22,2016-06-11,20,24.4466676975922
FOODS_3_511,CA_1,FOODS_3,high,2016-05-22,2016-06-11,20,26.35851143846972
FOODS_3_520,CA_1,FOODS_3,medium,2016-05-22,2016-06-11,20,0.6972422354216912
FOODS_3_532,CA_1,FOODS_3,medium,2016-05-22,2016-06-11,20,1.8657334392603873
FOODS_3_539,CA_1,FOODS_3,low,2016-05-22,2016-06-11,20,0.6641253034537907
FOODS_3_550,CA_1,FOODS_3,low,2016-05-22,2016-06-11,20,0.2937495164538291
FOODS_3_558,CA_1,FOODS_3,low,2016-05-22,2016-06-11,20,0.6697084643976146
FOODS_3_601,CA_1,FOODS_3,low,2016-05-22,2016-06-11,20,0.1758956789526113
FOODS_3_611,CA_1,FOODS_3,high,2016-05-22,2016-06-11,20,1.4640952508665543
FOODS_3_616,CA_1,FOODS_3,medium,2016-05-22,2016-06-11,20,1.2264137926889813
FOODS_3_635,CA_1,FOODS_3,high,2016-05-22,2016-06-11,20,0.0
FOODS_3_640,CA_1,FOODS_3,low,2016-05-22,2016-06-11,20,2.4096534337231867
FOODS_3_641,CA_1,FOODS_3,low,2016-05-22,2016-06-11,20,3.109436197985601
FOODS_3_648,CA_1,FOODS_3,medium,2016-05-22,2016-06-11,20,0.8368605402800495
FOODS_3_658,CA_1,FOODS_3,low,2016-05-22,2016-06-11,20,0.8935918600172933
FOODS_3_661,CA_1,FOODS_3,high,2016-05-22,2016-06-11,20,4.312296549386566
FOODS_3_666,CA_1,FOODS_3,medium,2016-05-22,2016-06-11,20,1.1846858145209758
FOODS_3_677,CA_1,FOODS_3,low,2016-05-22,2016-06-11,20,0.6768857691466265
FOODS_3_709,CA_1,FOODS_3,low,2016-05-22,2016-06-11,20,0.38754374399779384
FOODS_3_724,CA_1,FOODS_3,low,2016-05-22,2016-06-11,20,0.527177488695182
FOODS_3_795,CA_1,FOODS_3,medium,2016-05-22,2016-06-11,20,3.541505846308176
FOODS_3_801,CA_1,FOODS_3,high,2016-05-22,2016-06-11,20,1.7196941676065916
FOODS_3_817,CA_1,FOODS_3,medium,2016-05-22,2016-06-11,20,0.6839533835959174
FOODS_1_017,TX_2,FOODS_1,low,2016-05-22,2016-06-11,20,0.41263646184096603
FOODS_1_020,TX_2,FOODS_1,medium,2016-05-22,2016-06-11,20,0.6422112255173628
FOODS_1_042,TX_2,FOODS_1,high,2016-05-22,2016-06-11,20,5.488574604521128
FOODS_1_082,TX_2,FOODS_1,high,2016-05-22,2016-06-11,20,2.243011126546151
FOODS_1_086,TX_2,FOODS_1,high,2016-05-22,2016-06-11,20,0.34135094542826966
FOODS_1_089,TX_2,FOODS_1,low,2016-05-22,2016-06-11,20,0.4198137134142365
FOODS_1_099,TX_2,FOODS_1,high,2016-05-22,2016-06-11,20,7.882602907392206
FOODS_1_112,TX_2,FOODS_1,medium,2016-05-22,2016-06-11,20,0.6013990613580866
FOODS_1_135,TX_2,FOODS_1,low,2016-05-22,2016-06-11,20,0.255332630143346
FOODS_1_155,TX_2,FOODS_1,medium,2016-05-22,2016-06-11,20,1.6196507929412107
FOODS_1_156,TX_2,FOODS_1,low,2016-05-22,2016-06-11,20,0.3695270129486103
FOODS_1_172,TX_2,FOODS_1,high,2016-05-22,2016-06-11,20,3.6397466757522787
FOODS_1_175,TX_2,FOODS_1,medium,2016-05-22,2016-06-11,20,0.6238524130717081
FOODS_1_210,TX_2,FOODS_1,medium,2016-05-22,2016-06-11,20,4.690449815067045
FOODS_1_214,TX_2,FOODS_1,low,2016-05-22,2016-06-11,20,0.36320534020255885
FOODS_2_021,TX_2,FOODS_2,high,2016-05-22,2016-06-11,20,0.5311380528406364
FOODS_2_024,TX_2,FOODS_2,medium,2016-05-22,2016-06-11,20,0.18037667099508478
FOODS_2_028,TX_2,FOODS_2,low,2016-05-22,2016-06-11,20,1.1725559590324626
FOODS_2_040,TX_2,FOODS_2,low,2016-05-22,2016-06-11,20,0.08216596839780069
FOODS_2_059,TX_2,FOODS_2,high,2016-05-22,2016-06-11,20,1.9269128689067834
FOODS_2_072,TX_2,FOODS_2,medium,2016-05-22,2016-06-11,20,0.48864061645952733
FOODS_2_095,TX_2,FOODS_2,low,2016-05-22,2016-06-11,20,0.5060165339041168
FOODS_2_116,TX_2,FOODS_2,high,2016-05-22,2016-06-11,20,0.6572229137419152
FOODS_2_136,TX_2,FOODS_2,medium,2016-05-22,2016-06-11,20,0.41040287719051427
FOODS_2_139,TX_2,FOODS_2,high,2016-05-22,2016-06-11,20,1.5089452362379328
FOODS_2_146,TX_2,FOODS_2,medium,2016-05-22,2016-06-11,20,0.9230922795981096
FOODS_2_150,TX_2,FOODS_2,high,2016-05-22,2016-06-11,20,1.1413087323526772
FOODS_2_170,TX_2,FOODS_2,medium,2016-05-22,2016-06-11,20,1.4299995758280135
FOODS_2_178,TX_2,FOODS_2,low,2016-05-22,2016-06-11,20,0.47002021275809774
FOODS_2_180,TX_2,FOODS_2,low,2016-05-22,2016-06-11,20,2.230442203892117
FOODS_2_184,TX_2,FOODS_2,high,2016-05-22,2016-06-11,20,2.4324753683683085
FOODS_2_209,TX_2,FOODS_2,low,2016-05-22,2016-06-11,20,0.0
FOODS_2_218,TX_2,FOODS_2,low,2016-05-22,2016-06-11,20,0.013207915332922796
FOODS_2_251,TX_2,FOODS_2,medium,2016-05-22,2016-06-11,20,1.603636322802871
FOODS_2_301,TX_2,FOODS_2,low,2016-05-22,2016-06-11,20,1.4624431151464825
FOODS_2_302,TX_2,FOODS_2,medium,2016-05-22,2016-06-11,20,0.9015006212003512
FOODS_2_304,TX_2,FOODS_2,medium,2016-05-22,2016-06-11,20,1.814223113315757
FOODS_2_322,TX_2,FOODS_2,high,2016-05-22,2016-06-11,20,3.440733982612298
FOODS_2_336,TX_2,FOODS_2,low,2016-05-22,2016-06-11,20,0.3954426100683884
FOODS_2_339,TX_2,FOODS_2,medium,2016-05-22,2016-06-11,20,0.6101197972204828
FOODS_2_357,TX_2,FOODS_2,high,2016-05-22,2016-06-11,20,1.8575910524540429
FOODS_2_360,TX_2,FOODS_2,high,2016-05-22,2016-06-11,20,10.107154184812059
FOODS_2_367,TX_2,FOODS_2,medium,2016-05-22,2016-06-11,20,0.0
FOODS_3_026,TX_2,FOODS_3,high,2016-05-22,2016-06-11,20,1.4844849634613921
FOODS_3_048,TX_2,FOODS_3,medium,2016-05-22,2016-06-11,20,2.531306695467019
FOODS_3_053,TX_2,FOODS_3,medium,2016-05-22,2016-06-11,20,0.9880474021636766
FOODS_3_068,TX_2,FOODS_3,low,2016-05-22,2016-06-11,20,0.5432947587329494
FOODS_3_074,TX_2,FOODS_3,medium,2016-05-22,2016-06-11,20,1.5061594916079142
FOODS_3_089,TX_2,FOODS_3,high,2016-05-22,2016-06-11,20,0.9030080859208632
FOODS_3_096,TX_2,FOODS_3,medium,2016-05-22,2016-06-11,20,0.6492224842003649
FOODS_3_099,TX_2,FOODS_3,high,2016-05-22,2016-06-11,20,17.490267397932204
FOODS_3_113,TX_2,FOODS_3,high,2016-05-22,2016-06-11,20,0.904366955888617
FOODS_3_123,TX_2,FOODS_3,low,2016-05-22,2016-06-11,20,0.44490878296800884
FOODS_3_135,TX_2,FOODS_3,high,2016-05-22,2016-06-11,20,13.549615808503182
FOODS_3_179,TX_2,FOODS_3,low,2016-05-22,2016-06-11,20,0.33766804948105955
FOODS_3_187,TX_2,FOODS_3,medium,2016-05-22,2016-06-11,20,1.0227541282283206
FOODS_3_223,TX_2,FOODS_3,low,2016-05-22,2016-06-11,20,0.3913497305367031
FOODS_3_240,TX_2,FOODS_3,low,2016-05-22,2016-06-11,20,0.17563208239647413
FOODS_3_249,TX_2,FOODS_3,medium,2016-05-22,2016-06-11,20,2.0041497649089335
FOODS_3_263,TX_2,FOODS_3,high,2016-05-22,2016-06-11,20,14.892050371293745
FOODS_3_276,TX_2,FOODS_3,high,2016-05-22,2016-06-11,20,0.0
FOODS_3_312,TX_2,FOODS_3,low,2016-05-22,2016-06-11,20,0.7225327723236409
FOODS_3_319,TX_2,FOODS_3,high,2016-05-22,2016-06-11,20,0.0
FOODS_3_321,TX_2,FOODS_3,high,2016-05-22,2016-06-11,20,9.257286801311093
FOODS_3_327,TX_2,FOODS_3,high,2016-05-22,2016-06-11,20,4.06781744660575
FOODS_3_329,TX_2,FOODS_3,high,2016-05-22,2016-06-11,20,17.75808794474337
FOODS_3_340,TX_2,FOODS_3,low,2016-05-22,2016-06-11,20,0.6787470879521157
FOODS_3_354,TX_2,FOODS_3,low,2016-05-22,2016-06-11,20,0.6248438240291574
FOODS_3_360,TX_2,FOODS_3,medium,2016-05-22,2016-06-11,20,0.4528719948453031
FOODS_3_383,TX_2,FOODS_3,high,2016-05-22,2016-06-11,20,2.3099073437068562
FOODS_3_387,TX_2,FOODS_3,medium,2016-05-22,2016-06-11,20,1.1129375559436432
FOODS_3_432,TX_2,FOODS_3,high,2016-05-22,2016-06-11,20,1.8289670127902498
FOODS_3_467,TX_2,FOODS_3,medium,2016-05-22,2016-06-11,20,0.79288974116998
FOODS_3_470,TX_2,FOODS_3,medium,2016-05-22,2016-06-11,20,0.5851877707509808
FOODS_3_479,TX_2,FOODS_3,medium,2016-05-22,2016-06-11,20,0.9958535348574956
FOODS_3_480,TX_2,FOODS_3,medium,2016-05-22,2016-06-11,20,0.8277898631230919
FOODS_3_482,TX_2,FOODS_3,low,2016-05-22,2016-06-11,20,1.0478654220870667
FOODS_3_501,TX_2,FOODS_3,high,2016-05-22,2016-06-11,20,13.538256235610405
FOODS_3_511,TX_2,FOODS_3,high,2016-05-22,2016-06-11,20,11.123067863064383
FOODS_3_520,TX_2,FOODS_3,medium,2016-05-22,2016-06-11,20,1.1762327117532307
FOODS_3_532,TX_2,FOODS_3,medium,2016-05-22,2016-06-11,20,1.6884450512726061
FOODS_3_539,TX_2,FOODS_3,low,2016-05-22,2016-06-11,20,0.3655942008761967
FOODS_3_550,TX_2,FOODS_3,low,2016-05-22,2016-06-11,20,0.30544618038136445
FOODS_3_558,TX_2,FOODS_3,low,2016-05-22,2016-06-11,20,0.17840531692230993
FOODS_3_601,TX_2,FOODS_3,low,2016-05-22,2016-06-11,20,0.15923721748281944
FOODS_3_611,TX_2,FOODS_3,high,2016-05-22,2016-06-11,20,2.629336081643913
FOODS_3_616,TX_2,FOODS_3,medium,2016-05-22,2016-06-11,20,2.195681785102329
FOODS_3_635,TX_2,FOODS_3,high,2016-05-22,2016-06-11,20,0.0
FOODS_3_640,TX_2,FOODS_3,low,2016-05-22,2016-06-11,20,0.7924452805923562
FOODS_3_641,TX_2,FOODS_3,low,2016-05-22,2016-06-11,20,0.3550984804193192
FOODS_3_648,TX_2,FOODS_3,medium,2016-05-22,2016-06-11,20,1.554533121583825
FOODS_3_658,TX_2,FOODS_3,low,2016-05-22,2016-06-11,20,0.427317888741405
FOODS_3_661,TX_2,FOODS_3,high,2016-05-22,2016-06-11,20,3.6526572734084546
FOODS_3_666,TX_2,FOODS_3,medium,2016-05-22,2016-06-11,20,0.954267387073027
FOODS_3_677,TX_2,FOODS_3,low,2016-05-22,2016-06-11,20,0.8549113037810266
FOODS_3_709,TX_2,FOODS_3,low,2016-05-22,2016-06-11,20,1.408142337490198
FOODS_3_724,TX_2,FOODS_3,low,2016-05-22,2016-06-11,20,0.41821677576182104
FOODS_3_795,TX_2,FOODS_3,medium,2016-05-22,2016-06-11,20,2.236028034828176
FOODS_3_801,TX_2,FOODS_3,high,2016-05-22,2016-06-11,20,2.0411380530517436
FOODS_3_817,TX_2,FOODS_3,medium,2016-05-22,2016-06-11,20,0.5729665656333205
FOODS_1_017,WI_3,FOODS_1,low,2016-05-22,2016-06-11,20,0.8283309868459543
FOODS_1_020,WI_3,FOODS_1,medium,2016-05-22,2016-06-11,20,1.3109558316081358
FOODS_1_042,WI_3,FOODS_1,high,2016-05-22,2016-06-11,20,2.237852130672167
FOODS_1_082,WI_3,FOODS_1,high,2016-05-22,2016-06-11,20,8.730234268521617
FOODS_1_086,WI_3,FOODS_1,high,2016-05-22,2016-06-11,20,2.3157382851737838
FOODS_1_089,WI_3,FOODS_1,low,2016-05-22,2016-06-11,20,0.39079625023049924
FOODS_1_099,WI_3,FOODS_1,high,2016-05-22,2016-06-11,20,2.6300753470180434
FOODS_1_112,WI_3,FOODS_1,medium,2016-05-22,2016-06-11,20,0.35465425992805316
FOODS_1_135,WI_3,FOODS_1,low,2016-05-22,2016-06-11,20,0.41975081376129797
FOODS_1_155,WI_3,FOODS_1,medium,2016-05-22,2016-06-11,20,1.2503045570728288
FOODS_1_156,WI_3,FOODS_1,low,2016-05-22,2016-06-11,20,0.5986606000635363
FOODS_1_172,WI_3,FOODS_1,high,2016-05-22,2016-06-11,20,2.728791670188149
FOODS_1_175,WI_3,FOODS_1,medium,2016-05-22,2016-06-11,20,0.39787941699763957
FOODS_1_210,WI_3,FOODS_1,medium,2016-05-22,2016-06-11,20,2.3248686436327684
FOODS_1_214,WI_3,FOODS_1,low,2016-05-22,2016-06-11,20,0.5020458779767618
FOODS_2_021,WI_3,FOODS_2,high,2016-05-22,2016-06-11,20,5.903724556587052
FOODS_2_024,WI_3,FOODS_2,medium,2016-05-22,2016-06-11,20,0.5379195054689941
FOODS_2_028,WI_3,FOODS_2,low,2016-05-22,2016-06-11,20,0.7035991767263071
FOODS_2_040,WI_3,FOODS_2,low,2016-05-22,2016-06-11,20,0.7085170006059652
FOODS_2_059,WI_3,FOODS_2,high,2016-05-22,2016-06-11,20,3.0159520253171266
FOODS_2_072,WI_3,FOODS_2,medium,2016-05-22,2016-06-11,20,1.3629429858316902
FOODS_2_095,WI_3,FOODS_2,low,2016-05-22,2016-06-11,20,1.3590558801558676
FOODS_2_116,WI_3,FOODS_2,high,2016-05-22,2016-06-11,20,0.8395358380139991
FOODS_2_136,WI_3,FOODS_2,medium,2016-05-22,2016-06-11,20,2.66640718121867
FOODS_2_139,WI_3,FOODS_2,high,2016-05-22,2016-06-11,20,1.0784888313289074
FOODS_2_146,WI_3,FOODS_2,medium,2016-05-22,2016-06-11,20,0.7801401401574324
FOODS_2_150,WI_3,FOODS_2,high,2016-05-22,2016-06-11,20,1.4246467477345033
FOODS_2_170,WI_3,FOODS_2,medium,2016-05-22,2016-06-11,20,1.6042002194679845
FOODS_2_178,WI_3,FOODS_2,low,2016-05-22,2016-06-11,20,1.1100828171205162
FOODS_2_180,WI_3,FOODS_2,low,2016-05-22,2016-06-11,20,0.8713960908500902
FOODS_2_184,WI_3,FOODS_2,high,2016-05-22,2016-06-11,20,0.7886208885833349
FOODS_2_209,WI_3,FOODS_2,low,2016-05-22,2016-06-11,20,0.8285496572805379
FOODS_2_218,WI_3,FOODS_2,low,2016-05-22,2016-06-11,20,0.39335190690970295
FOODS_2_251,WI_3,FOODS_2,medium,2016-05-22,2016-06-11,20,2.462116935142962
FOODS_2_301,WI_3,FOODS_2,low,2016-05-22,2016-06-11,20,1.0351496156476672
FOODS_2_302,WI_3,FOODS_2,medium,2016-05-22,2016-06-11,20,2.0347781363376845
FOODS_2_304,WI_3,FOODS_2,medium,2016-05-22,2016-06-11,20,1.5821910740787095
FOODS_2_322,WI_3,FOODS_2,high,2016-05-22,2016-06-11,20,4.209734662251157
FOODS_2_336,WI_3,FOODS_2,low,2016-05-22,2016-06-11,20,0.8608556574746438
FOODS_2_339,WI_3,FOODS_2,medium,2016-05-22,2016-06-11,20,2.253129007333462
FOODS_2_357,WI_3,FOODS_2,high,2016-05-22,2016-06-11,20,4.294695821428815
FOODS_2_360,WI_3,FOODS_2,high,2016-05-22,2016-06-11,20,18.063187816667067
FOODS_2_367,WI_3,FOODS_2,medium,2016-05-22,2016-06-11,20,0.49001464878743944
FOODS_3_026,WI_3,FOODS_3,high,2016-05-22,2016-06-11,20,2.2568480947564318
FOODS_3_048,WI_3,FOODS_3,medium,2016-05-22,2016-06-11,20,4.068428146752877
FOODS_3_053,WI_3,FOODS_3,medium,2016-05-22,2016-06-11,20,0.5247380373263433
FOODS_3_068,WI_3,FOODS_3,low,2016-05-22,2016-06-11,20,0.24183093474396886
FOODS_3_074,WI_3,FOODS_3,medium,2016-05-22,2016-06-11,20,0.7644957367815771
FOODS_3_089,WI_3,FOODS_3,high,2016-05-22,2016-06-11,20,1.650374946796521
FOODS_3_096,WI_3,FOODS_3,medium,2016-05-22,2016-06-11,20,0.5457568471326837
FOODS_3_099,WI_3,FOODS_3,high,2016-05-22,2016-06-11,20,9.733385872046616
FOODS_3_113,WI_3,FOODS_3,high,2016-05-22,2016-06-11,20,3.1345400079379955
FOODS_3_123,WI_3,FOODS_3,low,2016-05-22,2016-06-11,20,0.3627513024276784
FOODS_3_135,WI_3,FOODS_3,high,2016-05-22,2016-06-11,20,8.269940969717906
FOODS_3_179,WI_3,FOODS_3,low,2016-05-22,2016-06-11,20,0.20635686816252372
FOODS_3_187,WI_3,FOODS_3,medium,2016-05-22,2016-06-11,20,1.619591891919298
FOODS_3_223,WI_3,FOODS_3,low,2016-05-22,2016-06-11,20,0.9952709354104762
FOODS_3_240,WI_3,FOODS_3,low,2016-05-22,2016-06-11,20,0.3935217107212095
FOODS_3_249,WI_3,FOODS_3,medium,2016-05-22,2016-06-11,20,0.8765273472586469
FOODS_3_263,WI_3,FOODS_3,high,2016-05-22,2016-06-11,20,11.43178623910119
FOODS_3_276,WI_3,FOODS_3,high,2016-05-22,2016-06-11,20,0.0
FOODS_3_312,WI_3,FOODS_3,low,2016-05-22,2016-06-11,20,0.5965197492368652
FOODS_3_319,WI_3,FOODS_3,high,2016-05-22,2016-06-11,20,0.0
FOODS_3_321,WI_3,FOODS_3,high,2016-05-22,2016-06-11,20,5.28296999811465
FOODS_3_327,WI_3,FOODS_3,high,2016-05-22,2016-06-11,20,1.8954823141914485
FOODS_3_329,WI_3,FOODS_3,high,2016-05-22,2016-06-11,20,19.63691558065575
FOODS_3_340,WI_3,FOODS_3,low,2016-05-22,2016-06-11,20,0.4886049145854714
FOODS_3_354,WI_3,FOODS_3,low,2016-05-22,2016-06-11,20,0.4428992266271713
FOODS_3_360,WI_3,FOODS_3,medium,2016-05-22,2016-06-11,20,0.34217598697984614
FOODS_3_383,WI_3,FOODS_3,high,2016-05-22,2016-06-11,20,2.0735989672227393
FOODS_3_387,WI_3,FOODS_3,medium,2016-05-22,2016-06-11,20,0.94300762275675
FOODS_3_432,WI_3,FOODS_3,high,2016-05-22,2016-06-11,20,0.8387677821885716
FOODS_3_467,WI_3,FOODS_3,medium,2016-05-22,2016-06-11,20,1.1683048004082373
FOODS_3_470,WI_3,FOODS_3,medium,2016-05-22,2016-06-11,20,1.152450884208814
FOODS_3_479,WI_3,FOODS_3,medium,2016-05-22,2016-06-11,20,0.7475190970036769
FOODS_3_480,WI_3,FOODS_3,medium,2016-05-22,2016-06-11,20,0.5360652084029198
FOODS_3_482,WI_3,FOODS_3,low,2016-05-22,2016-06-11,20,0.36666826018824933
FOODS_3_501,WI_3,FOODS_3,high,2016-05-22,2016-06-11,20,9.045285063070986
FOODS_3_511,WI_3,FOODS_3,high,2016-05-22,2016-06-11,20,8.21562159406348
FOODS_3_520,WI_3,FOODS_3,medium,2016-05-22,2016-06-11,20,0.5027576689023815
FOODS_3_532,WI_3,FOODS_3,medium,2016-05-22,2016-06-11,20,2.4503349922247994
FOODS_3_539,WI_3,FOODS_3,low,2016-05-22,2016-06-11,20,0.5238056556256693
FOODS_3_550,WI_3,FOODS_3,low,2016-05-22,2016-06-11,20,0.4584978549231951
FOODS_3_558,WI_3,FOODS_3,low,2016-05-22,2016-06-11,20,0.3477769580227214
FOODS_3_601,WI_3,FOODS_3,low,2016-05-22,2016-06-11,20,0.3536522547565871
FOODS_3_611,WI_3,FOODS_3,high,2016-05-22,2016-06-11,20,0.5717549092947091
FOODS_3_616,WI_3,FOODS_3,medium,2016-05-22,2016-06-11,20,0.6699133338397358
FOODS_3_635,WI_3,FOODS_3,high,2016-05-22,2016-06-11,20,0.0
FOODS_3_640,WI_3,FOODS_3,low,2016-05-22,2016-06-11,20,1.282019631773968
FOODS_3_641,WI_3,FOODS_3,low,2016-05-22,2016-06-11,20,0.6323716283605275
FOODS_3_648,WI_3,FOODS_3,medium,2016-05-22,2016-06-11,20,0.98641645045564
FOODS_3_658,WI_3,FOODS_3,low,2016-05-22,2016-06-11,20,0.5208192256017864
FOODS_3_661,WI_3,FOODS_3,high,2016-05-22,2016-06-11,20,3.2610225246631495
FOODS_3_666,WI_3,FOODS_3,medium,2016-05-22,2016-06-11,20,0.9148919720302388
FOODS_3_677,WI_3,FOODS_3,low,2016-05-22,2016-06-11,20,0.31726474196988447
FOODS_3_709,WI_3,FOODS_3,low,2016-05-22,2016-06-11,20,1.3289602844344859
FOODS_3_724,WI_3,FOODS_3,low,2016-05-22,2016-06-11,20,0.20375758827678267
FOODS_3_795,WI_3,FOODS_3,medium,2016-05-22,2016-06-11,20,1.6225995516199763
FOODS_3_801,WI_3,FOODS_3,high,2016-05-22,2016-06-11,20,3.3305538097892855
FOODS_3_817,WI_3,FOODS_3,medium,2016-05-22,2016-06-11,20,0.24959313829064328
FOODS_1_017,CA_1,FOODS_1,low,2016-05-22,2016-06-12,21,1.57516072859097
FOODS_1_020,CA_1,FOODS_1,medium,2016-05-22,2016-06-12,21,1.7459854452843224
FOODS_1_042,CA_1,FOODS_1,high,2016-05-22,2016-06-12,21,3.1221075325172096
FOODS_1_082,CA_1,FOODS_1,high,2016-05-22,2016-06-12,21,7.759374761865746
FOODS_1_086,CA_1,FOODS_1,high,2016-05-22,2016-06-12,21,4.7845329929077565
FOODS_1_089,CA_1,FOODS_1,low,2016-05-22,2016-06-12,21,0.6132143528491134
FOODS_1_099,CA_1,FOODS_1,high,2016-05-22,2016-06-12,21,7.030326863375282
FOODS_1_112,CA_1,FOODS_1,medium,2016-05-22,2016-06-12,21,1.8924048597246277
FOODS_1_135,CA_1,FOODS_1,low,2016-05-22,2016-06-12,21,1.3948702056347435
FOODS_1_155,CA_1,FOODS_1,medium,2016-05-22,2016-06-12,21,0.4905762294999066
FOODS_1_156,CA_1,FOODS_1,low,2016-05-22,2016-06-12,21,1.435078946587081
FOODS_1_172,CA_1,FOODS_1,high,2016-05-22,2016-06-12,21,1.537600230917035
FOODS_1_175,CA_1,FOODS_1,medium,2016-05-22,2016-06-12,21,1.528549290678497
FOODS_1_210,CA_1,FOODS_1,medium,2016-05-22,2016-06-12,21,2.491184483991463
FOODS_1_214,CA_1,FOODS_1,low,2016-05-22,2016-06-12,21,1.1487989881329894
FOODS_2_021,CA_1,FOODS_2,high,2016-05-22,2016-06-12,21,7.258540700976217
FOODS_2_024,CA_1,FOODS_2,medium,2016-05-22,2016-06-12,21,1.6383263488432043
FOODS_2_028,CA_1,FOODS_2,low,2016-05-22,2016-06-12,21,0.3032725951566161
FOODS_2_040,CA_1,FOODS_2,low,2016-05-22,2016-06-12,21,0.8458874598172235
FOODS_2_059,CA_1,FOODS_2,high,2016-05-22,2016-06-12,21,1.9584136062628248
FOODS_2_072,CA_1,FOODS_2,medium,2016-05-22,2016-06-12,21,0.7770282477335793
FOODS_2_095,CA_1,FOODS_2,low,2016-05-22,2016-06-12,21,0.8857908850012917
FOODS_2_116,CA_1,FOODS_2,high,2016-05-22,2016-06-12,21,1.1353569734976718
FOODS_2_136,CA_1,FOODS_2,medium,2016-05-22,2016-06-12,21,0.6794491369817338
FOODS_2_139,CA_1,FOODS_2,high,2016-05-22,2016-06-12,21,1.61469446026893
FOODS_2_146,CA_1,FOODS_2,medium,2016-05-22,2016-06-12,21,1.3323523744587704
FOODS_2_150,CA_1,FOODS_2,high,2016-05-22,2016-06-12,21,2.5015918523149874
FOODS_2_170,CA_1,FOODS_2,medium,2016-05-22,2016-06-12,21,1.7840831372213837
FOODS_2_178,CA_1,FOODS_2,low,2016-05-22,2016-06-12,21,0.8732409692040434
FOODS_2_180,CA_1,FOODS_2,low,2016-05-22,2016-06-12,21,0.38622953573027585
FOODS_2_184,CA_1,FOODS_2,high,2016-05-22,2016-06-12,21,1.143181426953004
FOODS_2_209,CA_1,FOODS_2,low,2016-05-22,2016-06-12,21,0.45015644456733556
FOODS_2_218,CA_1,FOODS_2,low,2016-05-22,2016-06-12,21,1.0085704403315285
FOODS_2_251,CA_1,FOODS_2,medium,2016-05-22,2016-06-12,21,0.7291213708630196
FOODS_2_301,CA_1,FOODS_2,low,2016-05-22,2016-06-12,21,0.9933907479022359
FOODS_2_302,CA_1,FOODS_2,medium,2016-05-22,2016-06-12,21,1.3355625590577282
FOODS_2_304,CA_1,FOODS_2,medium,2016-05-22,2016-06-12,21,2.553324081731635
FOODS_2_322,CA_1,FOODS_2,high,2016-05-22,2016-06-12,21,0.6461305340942772
FOODS_2_336,CA_1,FOODS_2,low,2016-05-22,2016-06-12,21,0.5034218709891718
FOODS_2_339,CA_1,FOODS_2,medium,2016-05-22,2016-06-12,21,0.9888830314916504
FOODS_2_357,CA_1,FOODS_2,high,2016-05-22,2016-06-12,21,2.57583116774475
FOODS_2_360,CA_1,FOODS_2,high,2016-05-22,2016-06-12,21,11.100611570228798
FOODS_2_367,CA_1,FOODS_2,medium,2016-05-22,2016-06-12,21,0.7042439535503763
FOODS_3_026,CA_1,FOODS_3,high,2016-05-22,2016-06-12,21,1.5636916825957725
FOODS_3_048,CA_1,FOODS_3,medium,2016-05-22,2016-06-12,21,1.9805976092870456
FOODS_3_053,CA_1,FOODS_3,medium,2016-05-22,2016-06-12,21,3.386939400150959
FOODS_3_068,CA_1,FOODS_3,low,2016-05-22,2016-06-12,21,0.43449960424426953
FOODS_3_074,CA_1,FOODS_3,medium,2016-05-22,2016-06-12,21,1.8131662387049958
FOODS_3_089,CA_1,FOODS_3,high,2016-05-22,2016-06-12,21,0.8829507630166453
FOODS_3_096,CA_1,FOODS_3,medium,2016-05-22,2016-06-12,21,1.0883016188091301
FOODS_3_099,CA_1,FOODS_3,high,2016-05-22,2016-06-12,21,15.34741863258434
FOODS_3_113,CA_1,FOODS_3,high,2016-05-22,2016-06-12,21,4.159719648394499
FOODS_3_123,CA_1,FOODS_3,low,2016-05-22,2016-06-12,21,1.8489521595494438
FOODS_3_135,CA_1,FOODS_3,high,2016-05-22,2016-06-12,21,6.349010453673647
FOODS_3_179,CA_1,FOODS_3,low,2016-05-22,2016-06-12,21,1.0716887840628107
FOODS_3_187,CA_1,FOODS_3,medium,2016-05-22,2016-06-12,21,1.250341164458069
FOODS_3_223,CA_1,FOODS_3,low,2016-05-22,2016-06-12,21,1.1846439828950717
FOODS_3_240,CA_1,FOODS_3,low,2016-05-22,2016-06-12,21,0.9759356738673924
FOODS_3_249,CA_1,FOODS_3,medium,2016-05-22,2016-06-12,21,3.590275080871437
FOODS_3_263,CA_1,FOODS_3,high,2016-05-22,2016-06-12,21,9.331864500307576
FOODS_3_276,CA_1,FOODS_3,high,2016-05-22,2016-06-12,21,0.0
FOODS_3_312,CA_1,FOODS_3,low,2016-05-22,2016-06-12,21,1.2467524230638614
FOODS_3_319,CA_1,FOODS_3,high,2016-05-22,2016-06-12,21,0.0
FOODS_3_321,CA_1,FOODS_3,high,2016-05-22,2016-06-12,21,5.354206163592112
FOODS_3_327,CA_1,FOODS_3,high,2016-05-22,2016-06-12,21,2.3821331395155307
FOODS_3_329,CA_1,FOODS_3,high,2016-05-22,2016-06-12,21,19.7643430609885
FOODS_3_340,CA_1,FOODS_3,low,2016-05-22,2016-06-12,21,0.6413025911345382
FOODS_3_354,CA_1,FOODS_3,low,2016-05-22,2016-06-12,21,0.2037951037958386
FOODS_3_360,CA_1,FOODS_3,medium,2016-05-22,2016-06-12,21,0.26883846794487437
FOODS_3_383,CA_1,FOODS_3,high,2016-05-22,2016-06-12,21,3.840720572762451
FOODS_3_387,CA_1,FOODS_3,medium,2016-05-22,2016-06-12,21,1.621215118959767
FOODS_3_432,CA_1,FOODS_3,high,2016-05-22,2016-06-12,21,0.5419674189447321
FOODS_3_467,CA_1,FOODS_3,medium,2016-05-22,2016-06-12,21,1.2489588572880026
FOODS_3_470,CA_1,FOODS_3,medium,2016-05-22,2016-06-12,21,0.9089734406778652
FOODS_3_479,CA_1,FOODS_3,medium,2016-05-22,2016-06-12,21,0.7715891952926562
FOODS_3_480,CA_1,FOODS_3,medium,2016-05-22,2016-06-12,21,1.2582625190088843
FOODS_3_482,CA_1,FOODS_3,low,2016-05-22,2016-06-12,21,2.3325293378777303
FOODS_3_501,CA_1,FOODS_3,high,2016-05-22,2016-06-12,21,24.391191543934777
FOODS_3_511,CA_1,FOODS_3,high,2016-05-22,2016-06-12,21,25.90702970412935
FOODS_3_520,CA_1,FOODS_3,medium,2016-05-22,2016-06-12,21,0.6507151724010373
FOODS_3_532,CA_1,FOODS_3,medium,2016-05-22,2016-06-12,21,1.8252239192339725
FOODS_3_539,CA_1,FOODS_3,low,2016-05-22,2016-06-12,21,0.6878440642914262
FOODS_3_550,CA_1,FOODS_3,low,2016-05-22,2016-06-12,21,0.26852628489860875
FOODS_3_558,CA_1,FOODS_3,low,2016-05-22,2016-06-12,21,0.622198052411815
FOODS_3_601,CA_1,FOODS_3,low,2016-05-22,2016-06-12,21,0.14646338177234744
FOODS_3_611,CA_1,FOODS_3,high,2016-05-22,2016-06-12,21,1.5163843669689314
FOODS_3_616,CA_1,FOODS_3,medium,2016-05-22,2016-06-12,21,1.2702142852850162
FOODS_3_635,CA_1,FOODS_3,high,2016-05-22,2016-06-12,21,0.0
FOODS_3_640,CA_1,FOODS_3,low,2016-05-22,2016-06-12,21,2.424283913499015
FOODS_3_641,CA_1,FOODS_3,low,2016-05-22,2016-06-12,21,3.006201776485086
FOODS_3_648,CA_1,FOODS_3,medium,2016-05-22,2016-06-12,21,0.831034131004337
FOODS_3_658,CA_1,FOODS_3,low,2016-05-22,2016-06-12,21,0.8540772835893392
FOODS_3_661,CA_1,FOODS_3,high,2016-05-22,2016-06-12,21,4.35916428329323
FOODS_3_666,CA_1,FOODS_3,medium,2016-05-22,2016-06-12,21,1.2269960221824394
FOODS_3_677,CA_1,FOODS_3,low,2016-05-22,2016-06-12,21,0.7010602609018631
FOODS_3_709,CA_1,FOODS_3,low,2016-05-22,2016-06-12,21,0.36567030628342934
FOODS_3_724,CA_1,FOODS_3,low,2016-05-22,2016-06-12,21,0.40314811329143846
FOODS_3_795,CA_1,FOODS_3,medium,2016-05-22,2016-06-12,21,3.5251310551048953
FOODS_3_801,CA_1,FOODS_3,high,2016-05-22,2016-06-12,21,1.7096832450211128
FOODS_3_817,CA_1,FOODS_3,medium,2016-05-22,2016-06-12,21,0.6726660044386288
FOODS_1_017,TX_2,FOODS_1,low,2016-05-22,2016-06-12,21,0.3916591926210006
FOODS_1_020,TX_2,FOODS_1,medium,2016-05-22,2016-06-12,21,0.6294330550001258
FOODS_1_042,TX_2,FOODS_1,high,2016-05-22,2016-06-12,21,5.363166554682595
FOODS_1_082,TX_2,FOODS_1,high,2016-05-22,2016-06-12,21,2.2874043810656564
FOODS_1_086,TX_2,FOODS_1,high,2016-05-22,2016-06-12,21,0.3178277649078507
FOODS_1_089,TX_2,FOODS_1,low,2016-05-22,2016-06-12,21,0.39909277460760206
FOODS_1_099,TX_2,FOODS_1,high,2016-05-22,2016-06-12,21,8.021267296941927
FOODS_1_112,TX_2,FOODS_1,medium,2016-05-22,2016-06-12,21,0.5871633135494468
FOODS_1_135,TX_2,FOODS_1,low,2016-05-22,2016-06-12,21,0.2644516526484655
FOODS_1_155,TX_2,FOODS_1,medium,2016-05-22,2016-06-12,21,1.5346383212605395
FOODS_1_156,TX_2,FOODS_1,low,2016-05-22,2016-06-12,21,0.34701012055391783
FOODS_1_172,TX_2,FOODS_1,high,2016-05-22,2016-06-12,21,3.7340233427434315
FOODS_1_175,TX_2,FOODS_1,medium,2016-05-22,2016-06-12,21,0.5389899992528407
FOODS_1_210,TX_2,FOODS_1,medium,2016-05-22,2016-06-12,21,4.679394451319439
FOODS_1_214,TX_2,FOODS_1,low,2016-05-22,2016-06-12,21,0.34046267378122164
FOODS_2_021,TX_2,FOODS_2,high,2016-05-22,2016-06-12,21,0.5501072690135164
FOODS_2_024,TX_2,FOODS_2,medium,2016-05-22,2016-06-12,21,0.18681869495919498
FOODS_2_028,TX_2,FOODS_2,low,2016-05-22,2016-06-12,21,1.214432957569336
FOODS_2_040,TX_2,FOODS_2,low,2016-05-22,2016-06-12,21,0.08510046726915073
FOODS_2_059,TX_2,FOODS_2,high,2016-05-22,2016-06-12,21,1.9957311856534543
FOODS_2_072,TX_2,FOODS_2,medium,2016-05-22,2016-06-12,21,0.5060920670473676
FOODS_2_095,TX_2,FOODS_2,low,2016-05-22,2016-06-12,21,0.5240885529721211
FOODS_2_116,TX_2,FOODS_2,high,2016-05-22,2016-06-12,21,0.6806951606612693
FOODS_2_136,TX_2,FOODS_2,medium,2016-05-22,2016-06-12,21,0.38934583709017534
FOODS_2_139,TX_2,FOODS_2,high,2016-05-22,2016-06-12,21,1.5628361375321447
FOODS_2_146,TX_2,FOODS_2,medium,2016-05-22,2016-06-12,21,0.9560598610123278
FOODS_2_150,TX_2,FOODS_2,high,2016-05-22,2016-06-12,21,1.1463554727938443
FOODS_2_170,TX_2,FOODS_2,medium,2016-05-22,2016-06-12,21,1.4810709892504426
FOODS_2_178,TX_2,FOODS_2,low,2016-05-22,2016-06-12,21,0.4510923632137441
FOODS_2_180,TX_2,FOODS_2,low,2016-05-22,2016-06-12,21,2.1672437111739784
FOODS_2_184,TX_2,FOODS_2,high,2016-05-22,2016-06-12,21,2.3764923458100333
FOODS_2_209,TX_2,FOODS_2,low,2016-05-22,2016-06-12,21,0.0
FOODS_2_218,TX_2,FOODS_2,low,2016-05-22,2016-06-12,21,0.013679626594812894
FOODS_2_251,TX_2,FOODS_2,medium,2016-05-22,2016-06-12,21,1.553766191474402
FOODS_2_301,TX_2,FOODS_2,low,2016-05-22,2016-06-12,21,1.514673226401714
FOODS_2_302,TX_2,FOODS_2,medium,2016-05-22,2016-06-12,21,0.8979827862432211
FOODS_2_304,TX_2,FOODS_2,medium,2016-05-22,2016-06-12,21,1.7718739387913196
FOODS_2_322,TX_2,FOODS_2,high,2016-05-22,2016-06-12,21,3.4921887677055947
FOODS_2_336,TX_2,FOODS_2,low,2016-05-22,2016-06-12,21,0.33813698899940237
FOODS_2_339,TX_2,FOODS_2,medium,2016-05-22,2016-06-12,21,0.5961955042640715
FOODS_2_357,TX_2,FOODS_2,high,2016-05-22,2016-06-12,21,1.8167907328988302
FOODS_2_360,TX_2,FOODS_2,high,2016-05-22,2016-06-12,21,10.396695405698201
FOODS_2_367,TX_2,FOODS_2,medium,2016-05-22,2016-06-12,21,0.0
FOODS_3_026,TX_2,FOODS_3,high,2016-05-22,2016-06-12,21,1.5017879978707274
FOODS_3_048,TX_2,FOODS_3,medium,2016-05-22,2016-06-12,21,2.6217105060194124
FOODS_3_053,TX_2,FOODS_3,medium,2016-05-22,2016-06-12,21,1.023334809383808
FOODS_3_068,TX_2,FOODS_3,low,2016-05-22,2016-06-12,21,0.5626981429734119
FOODS_3_074,TX_2,FOODS_3,medium,2016-05-22,2016-06-12,21,1.4885223305939113
FOODS_3_089,TX_2,FOODS_3,high,2016-05-22,2016-06-12,21,0.8638298032751799
FOODS_3_096,TX_2,FOODS_3,medium,2016-05-22,2016-06-12,21,0.6366947157789493
FOODS_3_099,TX_2,FOODS_3,high,2016-05-22,2016-06-12,21,17.54349123357264
FOODS_3_113,TX_2,FOODS_3,high,2016-05-22,2016-06-12,21,0.9366657757417818
FOODS_3_123,TX_2,FOODS_3,low,2016-05-22,2016-06-12,21,0.4250840966454377
FOODS_3_135,TX_2,FOODS_3,high,2016-05-22,2016-06-12,21,13.247816373092581
FOODS_3_179,TX_2,FOODS_3,low,2016-05-22,2016-06-12,21,0.314013336962526
FOODS_3_187,TX_2,FOODS_3,medium,2016-05-22,2016-06-12,21,1.059281061379332
FOODS_3_223,TX_2,FOODS_3,low,2016-05-22,2016-06-12,21,0.3696122209130139
FOODS_3_240,TX_2,FOODS_3,low,2016-05-22,2016-06-12,21,0.18190465676777676
FOODS_3_249,TX_2,FOODS_3,medium,2016-05-22,2016-06-12,21,2.0042979707985387
FOODS_3_263,TX_2,FOODS_3,high,2016-05-22,2016-06-12,21,14.923909313125664
FOODS_3_276,TX_2,FOODS_3,high,2016-05-22,2016-06-12,21,0.0
FOODS_3_312,TX_2,FOODS_3,low,2016-05-22,2016-06-12,21,0.7126232284780568
FOODS_3_319,TX_2,FOODS_3,high,2016-05-22,2016-06-12,21,0.0
FOODS_3_321,TX_2,FOODS_3,high,2016-05-22,2016-06-12,21,9.230761329929345
FOODS_3_327,TX_2,FOODS_3,high,2016-05-22,2016-06-12,21,3.998810926841671
FOODS_3_329,TX_2,FOODS_3,high,2016-05-22,2016-06-12,21,17.963733942769917
FOODS_3_340,TX_2,FOODS_3,low,2016-05-22,2016-06-12,21,0.702988055378977
FOODS_3_354,TX_2,FOODS_3,low,2016-05-22,2016-06-12,21,0.5757311034587703
FOODS_3_360,TX_2,FOODS_3,medium,2016-05-22,2016-06-12,21,0.4690459946612068
FOODS_3_383,TX_2,FOODS_3,high,2016-05-22,2016-06-12,21,2.1781183202678154
FOODS_3_387,TX_2,FOODS_3,medium,2016-05-22,2016-06-12,21,1.1169710400844874
FOODS_3_432,TX_2,FOODS_3,high,2016-05-22,2016-06-12,21,1.7871444061041868
FOODS_3_467,TX_2,FOODS_3,medium,2016-05-22,2016-06-12,21,0.7854929462117648
FOODS_3_470,TX_2,FOODS_3,medium,2016-05-22,2016-06-12,21,0.6060873339920873
FOODS_3_479,TX_2,FOODS_3,medium,2016-05-22,2016-06-12,21,1.0314197325309775
FOODS_3_480,TX_2,FOODS_3,medium,2016-05-22,2016-06-12,21,0.8573537868060593
FOODS_3_482,TX_2,FOODS_3,low,2016-05-22,2016-06-12,21,1.049574901447319
FOODS_3_501,TX_2,FOODS_3,high,2016-05-22,2016-06-12,21,13.843193958310774
FOODS_3_511,TX_2,FOODS_3,high,2016-05-22,2016-06-12,21,11.127463143888113
FOODS_3_520,TX_2,FOODS_3,medium,2016-05-22,2016-06-12,21,1.2182410228872744
FOODS_3_532,TX_2,FOODS_3,medium,2016-05-22,2016-06-12,21,1.7487466602466277
FOODS_3_539,TX_2,FOODS_3,low,2016-05-22,2016-06-12,21,0.34293685090748954
FOODS_3_550,TX_2,FOODS_3,low,2016-05-22,2016-06-12,21,0.3163549725378418
FOODS_3_558,TX_2,FOODS_3,low,2016-05-22,2016-06-12,21,0.18477693538382103
FOODS_3_601,TX_2,FOODS_3,low,2016-05-22,2016-06-12,21,0.1649242609643487
FOODS_3_611,TX_2,FOODS_3,high,2016-05-22,2016-06-12,21,2.5803837988454807
FOODS_3_616,TX_2,FOODS_3,medium,2016-05-22,2016-06-12,21,2.23838470599884
FOODS_3_635,TX_2,FOODS_3,high,2016-05-22,2016-06-12,21,0.0
FOODS_3_640,TX_2,FOODS_3,low,2016-05-22,2016-06-12,21,0.7850326120420832
FOODS_3_641,TX_2,FOODS_3,low,2016-05-22,2016-06-12,21,0.3677805690057233
FOODS_3_648,TX_2,FOODS_3,medium,2016-05-22,2016-06-12,21,1.4671950187832472
FOODS_3_658,TX_2,FOODS_3,low,2016-05-22,2016-06-12,21,0.44257924191074094
FOODS_3_661,TX_2,FOODS_3,high,2016-05-22,2016-06-12,21,3.7473950331730426
FOODS_3_666,TX_2,FOODS_3,medium,2016-05-22,2016-06-12,21,0.9883483651827781
FOODS_3_677,TX_2,FOODS_3,low,2016-05-22,2016-06-12,21,0.849729564630349
FOODS_3_709,TX_2,FOODS_3,low,2016-05-22,2016-06-12,21,1.422718849543419
FOODS_3_724,TX_2,FOODS_3,low,2016-05-22,2016-06-12,21,0.39743880346760035
FOODS_3_795,TX_2,FOODS_3,medium,2016-05-22,2016-06-12,21,2.3158861789291825
FOODS_3_801,TX_2,FOODS_3,high,2016-05-22,2016-06-12,21,2.042607269232163
FOODS_3_817,TX_2,FOODS_3,medium,2016-05-22,2016-06-12,21,0.5934296572630818
FOODS_1_017,WI_3,FOODS_1,low,2016-05-22,2016-06-12,21,0.8579142363761669
FOODS_1_020,WI_3,FOODS_1,medium,2016-05-22,2016-06-12,21,1.2863471113084264
FOODS_1_042,WI_3,FOODS_1,high,2016-05-22,2016-06-12,21,2.0320611353390303
FOODS_1_082,WI_3,FOODS_1,high,2016-05-22,2016-06-12,21,8.292028349540248
FOODS_1_086,WI_3,FOODS_1,high,2016-05-22,2016-06-12,21,2.1841575096442765
FOODS_1_089,WI_3,FOODS_1,low,2016-05-22,2016-06-12,21,0.4047532591673027
FOODS_1_099,WI_3,FOODS_1,high,2016-05-22,2016-06-12,21,2.6882923236972593
FOODS_1_112,WI_3,FOODS_1,medium,2016-05-22,2016-06-12,21,0.36732048349691215
FOODS_1_135,WI_3,FOODS_1,low,2016-05-22,2016-06-12,21,0.3633133428242014
FOODS_1_155,WI_3,FOODS_1,medium,2016-05-22,2016-06-12,21,1.2949582912540014
FOODS_1_156,WI_3,FOODS_1,low,2016-05-22,2016-06-12,21,0.6200413357800911
FOODS_1_172,WI_3,FOODS_1,high,2016-05-22,2016-06-12,21,2.7548199441234393
FOODS_1_175,WI_3,FOODS_1,medium,2016-05-22,2016-06-12,21,0.37637511046184097
FOODS_1_210,WI_3,FOODS_1,medium,2016-05-22,2016-06-12,21,2.3364710951910808
FOODS_1_214,WI_3,FOODS_1,low,2016-05-22,2016-06-12,21,0.5199760879045033
FOODS_2_021,WI_3,FOODS_2,high,2016-05-22,2016-06-12,21,6.0431432907508755
FOODS_2_024,WI_3,FOODS_2,medium,2016-05-22,2016-06-12,21,0.5214166306643152
FOODS_2_028,WI_3,FOODS_2,low,2016-05-22,2016-06-12,21,0.6930134330379609
FOODS_2_040,WI_3,FOODS_2,low,2016-05-22,2016-06-12,21,0.7338211791990353
FOODS_2_059,WI_3,FOODS_2,high,2016-05-22,2016-06-12,21,2.945093169078452
FOODS_2_072,WI_3,FOODS_2,medium,2016-05-22,2016-06-12,21,1.3044766638971075
FOODS_2_095,WI_3,FOODS_2,low,2016-05-22,2016-06-12,21,1.3361650187328629
FOODS_2_116,WI_3,FOODS_2,high,2016-05-22,2016-06-12,21,0.8695192608002131
FOODS_2_136,WI_3,FOODS_2,medium,2016-05-22,2016-06-12,21,2.4402074376907654
FOODS_2_139,WI_3,FOODS_2,high,2016-05-22,2016-06-12,21,1.117006289590654
FOODS_2_146,WI_3,FOODS_2,medium,2016-05-22,2016-06-12,21,0.8080022880201978
FOODS_2_150,WI_3,FOODS_2,high,2016-05-22,2016-06-12,21,1.4040984172964497
FOODS_2_170,WI_3,FOODS_2,medium,2016-05-22,2016-06-12,21,1.625778798734698
FOODS_2_178,WI_3,FOODS_2,low,2016-05-22,2016-06-12,21,1.1140143463033918
FOODS_2_180,WI_3,FOODS_2,low,2016-05-22,2016-06-12,21,0.8310888083804506
FOODS_2_184,WI_3,FOODS_2,high,2016-05-22,2016-06-12,21,0.7810716346041683
FOODS_2_209,WI_3,FOODS_2,low,2016-05-22,2016-06-12,21,0.8581407164691284
FOODS_2_218,WI_3,FOODS_2,low,2016-05-22,2016-06-12,21,0.40740018929933525
FOODS_2_251,WI_3,FOODS_2,medium,2016-05-22,2016-06-12,21,2.5500496828266392
FOODS_2_301,WI_3,FOODS_2,low,2016-05-22,2016-06-12,21,1.0364049590636555
FOODS_2_302,WI_3,FOODS_2,medium,2016-05-22,2016-06-12,21,2.0003059269211727
FOODS_2_304,WI_3,FOODS_2,medium,2016-05-22,2016-06-12,21,1.4958407552958062
FOODS_2_322,WI_3,FOODS_2,high,2016-05-22,2016-06-12,21,4.1457966144744125
FOODS_2_336,WI_3,FOODS_2,low,2016-05-22,2016-06-12,21,0.855886216670167
FOODS_2_339,WI_3,FOODS_2,medium,2016-05-22,2016-06-12,21,2.2264550433096573
FOODS_2_357,WI_3,FOODS_2,high,2016-05-22,2016-06-12,21,4.340934957908415
FOODS_2_360,WI_3,FOODS_2,high,2016-05-22,2016-06-12,21,17.958301667262322
FOODS_2_367,WI_3,FOODS_2,medium,2016-05-22,2016-06-12,21,0.47180088624413374
FOODS_3_026,WI_3,FOODS_3,high,2016-05-22,2016-06-12,21,2.194592669569161
FOODS_3_048,WI_3,FOODS_3,medium,2016-05-22,2016-06-12,21,3.9637291519940514
FOODS_3_053,WI_3,FOODS_3,medium,2016-05-22,2016-06-12,21,0.5434786815165699
FOODS_3_068,WI_3,FOODS_3,low,2016-05-22,2016-06-12,21,0.25046775384196773
FOODS_3_074,WI_3,FOODS_3,medium,2016-05-22,2016-06-12,21,0.6846562988094905
FOODS_3_089,WI_3,FOODS_3,high,2016-05-22,2016-06-12,21,1.7093169091821105
FOODS_3_096,WI_3,FOODS_3,medium,2016-05-22,2016-06-12,21,0.565248163101708
FOODS_3_099,WI_3,FOODS_3,high,2016-05-22,2016-06-12,21,9.652435367476853
FOODS_3_113,WI_3,FOODS_3,high,2016-05-22,2016-06-12,21,3.175059293935781
FOODS_3_123,WI_3,FOODS_3,low,2016-05-22,2016-06-12,21,0.3757067060858098
FOODS_3_135,WI_3,FOODS_3,high,2016-05-22,2016-06-12,21,8.101010290064975
FOODS_3_179,WI_3,FOODS_3,low,2016-05-22,2016-06-12,21,0.21372675631118526
FOODS_3_187,WI_3,FOODS_3,medium,2016-05-22,2016-06-12,21,1.6417201737735587
FOODS_3_223,WI_3,FOODS_3,low,2016-05-22,2016-06-12,21,0.959387754532279
FOODS_3_240,WI_3,FOODS_3,low,2016-05-22,2016-06-12,21,0.40757605753268134
FOODS_3_249,WI_3,FOODS_3,medium,2016-05-22,2016-06-12,21,0.9078318953750272
FOODS_3_263,WI_3,FOODS_3,high,2016-05-22,2016-06-12,21,11.232921461926233
FOODS_3_276,WI_3,FOODS_3,high,2016-05-22,2016-06-12,21,0.0
FOODS_3_312,WI_3,FOODS_3,low,2016-05-22,2016-06-12,21,0.6178240259953246
FOODS_3_319,WI_3,FOODS_3,high,2016-05-22,2016-06-12,21,0.0
FOODS_3_321,WI_3,FOODS_3,high,2016-05-22,2016-06-12,21,5.328790355190173
FOODS_3_327,WI_3,FOODS_3,high,2016-05-22,2016-06-12,21,1.963178111126857
FOODS_3_329,WI_3,FOODS_3,high,2016-05-22,2016-06-12,21,19.409662565679177
FOODS_3_340,WI_3,FOODS_3,low,2016-05-22,2016-06-12,21,0.4703408043920953
FOODS_3_354,WI_3,FOODS_3,low,2016-05-22,2016-06-12,21,0.4587170561495703
FOODS_3_360,WI_3,FOODS_3,medium,2016-05-22,2016-06-12,21,0.3543965579434122
FOODS_3_383,WI_3,FOODS_3,high,2016-05-22,2016-06-12,21,2.14765607319498
FOODS_3_387,WI_3,FOODS_3,medium,2016-05-22,2016-06-12,21,0.9409721807123482
FOODS_3_432,WI_3,FOODS_3,high,2016-05-22,2016-06-12,21,0.8330094886953063
FOODS_3_467,WI_3,FOODS_3,medium,2016-05-22,2016-06-12,21,1.138601400422817
FOODS_3_470,WI_3,FOODS_3,medium,2016-05-22,2016-06-12,21,1.1578955586448427
FOODS_3_479,WI_3,FOODS_3,medium,2016-05-22,2016-06-12,21,0.7385019218966654
FOODS_3_480,WI_3,FOODS_3,medium,2016-05-22,2016-06-12,21,0.5552103944173098
FOODS_3_482,WI_3,FOODS_3,low,2016-05-22,2016-06-12,21,0.37976355519497246
FOODS_3_501,WI_3,FOODS_3,high,2016-05-22,2016-06-12,21,9.118330958180666
FOODS_3_511,WI_3,FOODS_3,high,2016-05-22,2016-06-12,21,8.00903665099432
FOODS_3_520,WI_3,FOODS_3,medium,2016-05-22,2016-06-12,21,0.5207132999346094
FOODS_3_532,WI_3,FOODS_3,medium,2016-05-22,2016-06-12,21,2.3949898133756853
FOODS_3_539,WI_3,FOODS_3,low,2016-05-22,2016-06-12,21,0.3996558576123003
FOODS_3_550,WI_3,FOODS_3,low,2016-05-22,2016-06-12,21,0.4748727783133092
FOODS_3_558,WI_3,FOODS_3,low,2016-05-22,2016-06-12,21,0.36019756366639005
FOODS_3_601,WI_3,FOODS_3,low,2016-05-22,2016-06-12,21,0.3662826924264652
FOODS_3_611,WI_3,FOODS_3,high,2016-05-22,2016-06-12,21,0.5921747274838057
FOODS_3_616,WI_3,FOODS_3,medium,2016-05-22,2016-06-12,21,0.6581245243340123
FOODS_3_635,WI_3,FOODS_3,high,2016-05-22,2016-06-12,21,0.0
FOODS_3_640,WI_3,FOODS_3,low,2016-05-22,2016-06-12,21,1.2563774757658954
FOODS_3_641,WI_3,FOODS_3,low,2016-05-22,2016-06-12,21,0.6549563293734036
FOODS_3_648,WI_3,FOODS_3,medium,2016-05-22,2016-06-12,21,1.0216456094004844
FOODS_3_658,WI_3,FOODS_3,low,2016-05-22,2016-06-12,21,0.5037056265161358
FOODS_3_661,WI_3,FOODS_3,high,2016-05-22,2016-06-12,21,3.270344757686833
FOODS_3_666,WI_3,FOODS_3,medium,2016-05-22,2016-06-12,21,0.9475666853170331
FOODS_3_677,WI_3,FOODS_3,low,2016-05-22,2016-06-12,21,0.328595625611666
FOODS_3_709,WI_3,FOODS_3,low,2016-05-22,2016-06-12,21,1.3764231517357175
FOODS_3_724,WI_3,FOODS_3,low,2016-05-22,2016-06-12,21,0.21103464500095345
FOODS_3_795,WI_3,FOODS_3,medium,2016-05-22,2016-06-12,21,1.609120964177833
FOODS_3_801,WI_3,FOODS_3,high,2016-05-22,2016-06-12,21,3.235216445853188
FOODS_3_817,WI_3,FOODS_3,medium,2016-05-22,2016-06-12,21,0.25850717894388053
FOODS_1_017,CA_1,FOODS_1,low,2016-05-22,2016-06-13,22,1.6314164688977901
FOODS_1_020,CA_1,FOODS_1,medium,2016-05-22,2016-06-13,22,1.7369134969016196
FOODS_1_042,CA_1,FOODS_1,high,2016-05-22,2016-06-13,22,3.0193256586785386
FOODS_1_082,CA_1,FOODS_1,high,2016-05-22,2016-06-13,22,7.643638146218095
FOODS_1_086,CA_1,FOODS_1,high,2016-05-22,2016-06-13,22,4.955409171225891
FOODS_1_089,CA_1,FOODS_1,low,2016-05-22,2016-06-13,22,0.5994005797365817
FOODS_1_099,CA_1,FOODS_1,high,2016-05-22,2016-06-13,22,6.745695679924398
FOODS_1_112,CA_1,FOODS_1,medium,2016-05-22,2016-06-13,22,1.8885621761433644
FOODS_1_135,CA_1,FOODS_1,low,2016-05-22,2016-06-13,22,1.2661155701216986
FOODS_1_155,CA_1,FOODS_1,medium,2016-05-22,2016-06-13,22,0.47238252341061754
FOODS_1_156,CA_1,FOODS_1,low,2016-05-22,2016-06-13,22,1.4863317661080482
FOODS_1_172,CA_1,FOODS_1,high,2016-05-22,2016-06-13,22,1.5568002391640718
FOODS_1_175,CA_1,FOODS_1,medium,2016-05-22,2016-06-13,22,1.3688546224884437
FOODS_1_210,CA_1,FOODS_1,medium,2016-05-22,2016-06-13,22,2.401583929848301
FOODS_1_214,CA_1,FOODS_1,low,2016-05-22,2016-06-13,22,1.1541132377091674
FOODS_2_021,CA_1,FOODS_2,high,2016-05-22,2016-06-13,22,7.053488583153937
FOODS_2_024,CA_1,FOODS_2,medium,2016-05-22,2016-06-13,22,1.589695147016176
FOODS_2_028,CA_1,FOODS_2,low,2016-05-22,2016-06-13,22,0.31410375926935236
FOODS_2_040,CA_1,FOODS_2,low,2016-05-22,2016-06-13,22,0.8403834405249814
FOODS_2_059,CA_1,FOODS_2,high,2016-05-22,2016-06-13,22,1.9212140922007828
FOODS_2_072,CA_1,FOODS_2,medium,2016-05-22,2016-06-13,22,0.7333506851526358
FOODS_2_095,CA_1,FOODS_2,low,2016-05-22,2016-06-13,22,0.8459977023227665
FOODS_2_116,CA_1,FOODS_2,high,2016-05-22,2016-06-13,22,1.104476865408303
FOODS_2_136,CA_1,FOODS_2,medium,2016-05-22,2016-06-13,22,0.7037151775882243
FOODS_2_139,CA_1,FOODS_2,high,2016-05-22,2016-06-13,22,1.6723621195642486
FOODS_2_146,CA_1,FOODS_2,medium,2016-05-22,2016-06-13,22,1.272793530689441
FOODS_2_150,CA_1,FOODS_2,high,2016-05-22,2016-06-13,22,2.4480772756119507
FOODS_2_170,CA_1,FOODS_2,medium,2016-05-22,2016-06-13,22,1.8478003921221478
FOODS_2_178,CA_1,FOODS_2,low,2016-05-22,2016-06-13,22,0.9044281466756164
FOODS_2_180,CA_1,FOODS_2,low,2016-05-22,2016-06-13,22,0.40002344772064286
FOODS_2_184,CA_1,FOODS_2,high,2016-05-22,2016-06-13,22,1.112580763629897
FOODS_2_209,CA_1,FOODS_2,low,2016-05-22,2016-06-13,22,0.4305191747304546
FOODS_2_218,CA_1,FOODS_2,low,2016-05-22,2016-06-13,22,0.9731622417719403
FOODS_2_251,CA_1,FOODS_2,medium,2016-05-22,2016-06-13,22,0.7551614198224132
FOODS_2_301,CA_1,FOODS_2,low,2016-05-22,2016-06-13,22,0.9931547031844586
FOODS_2_302,CA_1,FOODS_2,medium,2016-05-22,2016-06-13,22,1.2404040790240756
FOODS_2_304,CA_1,FOODS_2,medium,2016-05-22,2016-06-13,22,2.465942798936336
FOODS_2_322,CA_1,FOODS_2,high,2016-05-22,2016-06-13,22,0.6334923388833585
FOODS_2_336,CA_1,FOODS_2,low,2016-05-22,2016-06-13,22,0.5214012235244994
FOODS_2_339,CA_1,FOODS_2,medium,2016-05-22,2016-06-13,22,0.9884859969020664
FOODS_2_357,CA_1,FOODS_2,high,2016-05-22,2016-06-13,22,2.596396566592777
FOODS_2_360,CA_1,FOODS_2,high,2016-05-22,2016-06-13,22,11.21134769773697
FOODS_2_367,CA_1,FOODS_2,medium,2016-05-22,2016-06-13,22,0.6579669518914611
FOODS_3_026,CA_1,FOODS_3,high,2016-05-22,2016-06-13,22,1.6195378141170504
FOODS_3_048,CA_1,FOODS_3,medium,2016-05-22,2016-06-13,22,1.979904666761583
FOODS_3_053,CA_1,FOODS_3,medium,2016-05-22,2016-06-13,22,3.043615807299208
FOODS_3_068,CA_1,FOODS_3,low,2016-05-22,2016-06-13,22,0.4143031615387077
FOODS_3_074,CA_1,FOODS_3,medium,2016-05-22,2016-06-13,22,1.73506503294446
FOODS_3_089,CA_1,FOODS_3,high,2016-05-22,2016-06-13,22,0.8787704331243826
FOODS_3_096,CA_1,FOODS_3,medium,2016-05-22,2016-06-13,22,1.127169533766599
FOODS_3_099,CA_1,FOODS_3,high,2016-05-22,2016-06-13,22,15.359826440890924
FOODS_3_113,CA_1,FOODS_3,high,2016-05-22,2016-06-13,22,4.093995350122874
FOODS_3_123,CA_1,FOODS_3,low,2016-05-22,2016-06-13,22,1.7721290223904957
FOODS_3_135,CA_1,FOODS_3,high,2016-05-22,2016-06-13,22,6.218617969876277
FOODS_3_179,CA_1,FOODS_3,low,2016-05-22,2016-06-13,22,1.038534812065054
FOODS_3_187,CA_1,FOODS_3,medium,2016-05-22,2016-06-13,22,1.223567634617286
FOODS_3_223,CA_1,FOODS_3,low,2016-05-22,2016-06-13,22,1.19123841085561
FOODS_3_240,CA_1,FOODS_3,low,2016-05-22,2016-06-13,22,1.0107905193626565
FOODS_3_249,CA_1,FOODS_3,medium,2016-05-22,2016-06-13,22,3.432784905188275
FOODS_3_263,CA_1,FOODS_3,high,2016-05-22,2016-06-13,22,8.950859661032847
FOODS_3_276,CA_1,FOODS_3,high,2016-05-22,2016-06-13,22,0.0
FOODS_3_312,CA_1,FOODS_3,low,2016-05-22,2016-06-13,22,1.2555650096018565
FOODS_3_319,CA_1,FOODS_3,high,2016-05-22,2016-06-13,22,0.0
FOODS_3_321,CA_1,FOODS_3,high,2016-05-22,2016-06-13,22,5.402570669434687
FOODS_3_327,CA_1,FOODS_3,high,2016-05-22,2016-06-13,22,2.360066465926799
FOODS_3_329,CA_1,FOODS_3,high,2016-05-22,2016-06-13,22,19.11306959888095
FOODS_3_340,CA_1,FOODS_3,low,2016-05-22,2016-06-13,22,0.664206255103629
FOODS_3_354,CA_1,FOODS_3,low,2016-05-22,2016-06-13,22,0.2110735003599757
FOODS_3_360,CA_1,FOODS_3,medium,2016-05-22,2016-06-13,22,0.2784398418000485
FOODS_3_383,CA_1,FOODS_3,high,2016-05-22,2016-06-13,22,3.6921748789325384
FOODS_3_387,CA_1,FOODS_3,medium,2016-05-22,2016-06-13,22,1.5719728017797585
FOODS_3_432,CA_1,FOODS_3,high,2016-05-22,2016-06-13,22,0.5256091124784724
FOODS_3_467,CA_1,FOODS_3,medium,2016-05-22,2016-06-13,22,1.2221359593340024
FOODS_3_470,CA_1,FOODS_3,medium,2016-05-22,2016-06-13,22,0.7985796349877889
FOODS_3_479,CA_1,FOODS_3,medium,2016-05-22,2016-06-13,22,0.6205745236959654
FOODS_3_480,CA_1,FOODS_3,medium,2016-05-22,2016-06-13,22,1.267486180402059
FOODS_3_482,CA_1,FOODS_3,low,2016-05-22,2016-06-13,22,2.3444053856590776
FOODS_3_501,CA_1,FOODS_3,high,2016-05-22,2016-06-13,22,23.619448384789585
FOODS_3_511,CA_1,FOODS_3,high,2016-05-22,2016-06-13,22,25.439423622133976
FOODS_3_520,CA_1,FOODS_3,medium,2016-05-22,2016-06-13,22,0.6382407142725028
FOODS_3_532,CA_1,FOODS_3,medium,2016-05-22,2016-06-13,22,1.783267630635186
FOODS_3_539,CA_1,FOODS_3,low,2016-05-22,2016-06-13,22,0.7124099237304057
FOODS_3_550,CA_1,FOODS_3,low,2016-05-22,2016-06-13,22,0.24240222364498765
FOODS_3_558,CA_1,FOODS_3,low,2016-05-22,2016-06-13,22,0.6087051257122369
FOODS_3_601,CA_1,FOODS_3,low,2016-05-22,2016-06-13,22,0.15169421683564557
FOODS_3_611,CA_1,FOODS_3,high,2016-05-22,2016-06-13,22,1.5348266657892502
FOODS_3_616,CA_1,FOODS_3,medium,2016-05-22,2016-06-13,22,1.2798647954737667
FOODS_3_635,CA_1,FOODS_3,high,2016-05-22,2016-06-13,22,0.0
FOODS_3_640,CA_1,FOODS_3,low,2016-05-22,2016-06-13,22,2.4394369104096936
FOODS_3_641,CA_1,FOODS_3,low,2016-05-22,2016-06-13,22,2.8635661256452676
FOODS_3_648,CA_1,FOODS_3,medium,2016-05-22,2016-06-13,22,0.8607139213973491
FOODS_3_658,CA_1,FOODS_3,low,2016-05-22,2016-06-13,22,0.88458004371753
FOODS_3_661,CA_1,FOODS_3,high,2016-05-22,2016-06-13,22,4.300563007696558
FOODS_3_666,CA_1,FOODS_3,medium,2016-05-22,2016-06-13,22,1.2351030229746693
FOODS_3_677,CA_1,FOODS_3,low,2016-05-22,2016-06-13,22,0.6903838416483582
FOODS_3_709,CA_1,FOODS_3,low,2016-05-22,2016-06-13,22,0.37872996007926607
FOODS_3_724,CA_1,FOODS_3,low,2016-05-22,2016-06-13,22,0.41754626019470414
FOODS_3_795,CA_1,FOODS_3,medium,2016-05-22,2016-06-13,22,3.436742878501499
FOODS_3_801,CA_1,FOODS_3,high,2016-05-22,2016-06-13,22,1.592171932343295
FOODS_3_817,CA_1,FOODS_3,medium,2016-05-22,2016-06-13,22,0.6609755045971513
FOODS_1_017,TX_2,FOODS_1,low,2016-05-22,2016-06-13,22,0.40564702092889343
FOODS_1_020,TX_2,FOODS_1,medium,2016-05-22,2016-06-13,22,0.6161985212501301
FOODS_1_042,TX_2,FOODS_1,high,2016-05-22,2016-06-13,22,5.518993931635545
FOODS_1_082,TX_2,FOODS_1,high,2016-05-22,2016-06-13,22,2.1548116803894297
FOODS_1_086,TX_2,FOODS_1,high,2016-05-22,2016-06-13,22,0.2577501850831311
FOODS_1_089,TX_2,FOODS_1,low,2016-05-22,2016-06-13,22,0.413346087986445
FOODS_1_099,TX_2,FOODS_1,high,2016-05-22,2016-06-13,22,7.914883986118425
FOODS_1_112,TX_2,FOODS_1,medium,2016-05-22,2016-06-13,22,0.536704860461927
FOODS_1_135,TX_2,FOODS_1,low,2016-05-22,2016-06-13,22,0.2738963545287678
FOODS_1_155,TX_2,FOODS_1,medium,2016-05-22,2016-06-13,22,1.58944683273413
FOODS_1_156,TX_2,FOODS_1,low,2016-05-22,2016-06-13,22,0.3594033391451291
FOODS_1_172,TX_2,FOODS_1,high,2016-05-22,2016-06-13,22,3.72452417641284
FOODS_1_175,TX_2,FOODS_1,medium,2016-05-22,2016-06-13,22,0.5582396420832993
FOODS_1_210,TX_2,FOODS_1,medium,2016-05-22,2016-06-13,22,4.596515681723703
FOODS_1_214,TX_2,FOODS_1,low,2016-05-22,2016-06-13,22,0.35262205498769383
FOODS_2_021,TX_2,FOODS_2,high,2016-05-22,2016-06-13,22,0.5697539571925704
FOODS_2_024,TX_2,FOODS_2,medium,2016-05-22,2016-06-13,22,0.19349079120773768
FOODS_2_028,TX_2,FOODS_2,low,2016-05-22,2016-06-13,22,1.2578055631968126
FOODS_2_040,TX_2,FOODS_2,low,2016-05-22,2016-06-13,22,0.08813976967162039
FOODS_2_059,TX_2,FOODS_2,high,2016-05-22,2016-06-13,22,1.888435870855363
FOODS_2_072,TX_2,FOODS_2,medium,2016-05-22,2016-06-13,22,0.5241667837276308
FOODS_2_095,TX_2,FOODS_2,low,2016-05-22,2016-06-13,22,0.5070917155782683
FOODS_2_116,TX_2,FOODS_2,high,2016-05-22,2016-06-13,22,0.6335771306848861
FOODS_2_136,TX_2,FOODS_2,medium,2016-05-22,2016-06-13,22,0.40325104555768165
FOODS_2_139,TX_2,FOODS_2,high,2016-05-22,2016-06-13,22,1.5472231424440068
FOODS_2_146,TX_2,FOODS_2,medium,2016-05-22,2016-06-13,22,0.9544905703341966
FOODS_2_150,TX_2,FOODS_2,high,2016-05-22,2016-06-13,22,1.0801538825364814
FOODS_2_170,TX_2,FOODS_2,medium,2016-05-22,2016-06-13,22,1.4625378102951014
FOODS_2_178,TX_2,FOODS_2,low,2016-05-22,2016-06-13,22,0.39577423332852063
FOODS_2_180,TX_2,FOODS_2,low,2016-05-22,2016-06-13,22,2.0660738437159063
FOODS_2_184,TX_2,FOODS_2,high,2016-05-22,2016-06-13,22,2.389938501017535
FOODS_2_209,TX_2,FOODS_2,low,2016-05-22,2016-06-13,22,0.0
FOODS_2_218,TX_2,FOODS_2,low,2016-05-22,2016-06-13,22,0.014168184687484783
FOODS_2_251,TX_2,FOODS_2,medium,2016-05-22,2016-06-13,22,1.5021149840270593
FOODS_2_301,TX_2,FOODS_2,low,2016-05-22,2016-06-13,22,1.533054413058918
FOODS_2_302,TX_2,FOODS_2,medium,2016-05-22,2016-06-13,22,0.9300536000376217
FOODS_2_304,TX_2,FOODS_2,medium,2016-05-22,2016-06-13,22,1.763726579462438
FOODS_2_322,TX_2,FOODS_2,high,2016-05-22,2016-06-13,22,3.438338366552223
FOODS_2_336,TX_2,FOODS_2,low,2016-05-22,2016-06-13,22,0.35021331003509515
FOODS_2_339,TX_2,FOODS_2,medium,2016-05-22,2016-06-13,22,0.6174882008449313
FOODS_2_357,TX_2,FOODS_2,high,2016-05-22,2016-06-13,22,1.8102475447880741
FOODS_2_360,TX_2,FOODS_2,high,2016-05-22,2016-06-13,22,10.41086309875885
FOODS_2_367,TX_2,FOODS_2,medium,2016-05-22,2016-06-13,22,0.0
FOODS_3_026,TX_2,FOODS_3,high,2016-05-22,2016-06-13,22,1.5197089977946818
FOODS_3_048,TX_2,FOODS_3,medium,2016-05-22,2016-06-13,22,2.429628738377249
FOODS_3_053,TX_2,FOODS_3,medium,2016-05-22,2016-06-13,22,0.9884539097189439
FOODS_3_068,TX_2,FOODS_3,low,2016-05-22,2016-06-13,22,0.5827945052224622
FOODS_3_074,TX_2,FOODS_3,medium,2016-05-22,2016-06-13,22,1.4702552709722652
FOODS_3_089,TX_2,FOODS_3,high,2016-05-22,2016-06-13,22,0.8589665819635791
FOODS_3_096,TX_2,FOODS_3,medium,2016-05-22,2016-06-13,22,0.6594338127710547
FOODS_3_099,TX_2,FOODS_3,high,2016-05-22,2016-06-13,22,17.17004449191452
FOODS_3_113,TX_2,FOODS_3,high,2016-05-22,2016-06-13,22,0.970118124875417
FOODS_3_123,TX_2,FOODS_3,low,2016-05-22,2016-06-13,22,0.44026567152563195
FOODS_3_135,TX_2,FOODS_3,high,2016-05-22,2016-06-13,22,13.292381243560174
FOODS_3_179,TX_2,FOODS_3,low,2016-05-22,2016-06-13,22,0.3252280989969019
FOODS_3_187,TX_2,FOODS_3,medium,2016-05-22,2016-06-13,22,1.0971125278571654
FOODS_3_223,TX_2,FOODS_3,low,2016-05-22,2016-06-13,22,0.31138408594562167
FOODS_3_240,TX_2,FOODS_3,low,2016-05-22,2016-06-13,22,0.18840125165234026
FOODS_3_249,TX_2,FOODS_3,medium,2016-05-22,2016-06-13,22,1.9330228983270579
FOODS_3_263,TX_2,FOODS_3,high,2016-05-22,2016-06-13,22,14.81404893145158
FOODS_3_276,TX_2,FOODS_3,high,2016-05-22,2016-06-13,22,0.0
FOODS_3_312,TX_2,FOODS_3,low,2016-05-22,2016-06-13,22,0.7023597723522732
FOODS_3_319,TX_2,FOODS_3,high,2016-05-22,2016-06-13,22,0.0
FOODS_3_321,TX_2,FOODS_3,high,2016-05-22,2016-06-13,22,9.203288520283964
FOODS_3_327,TX_2,FOODS_3,high,2016-05-22,2016-06-13,22,4.1416256028003025
FOODS_3_329,TX_2,FOODS_3,high,2016-05-22,2016-06-13,22,17.53386729786884
FOODS_3_340,TX_2,FOODS_3,low,2016-05-22,2016-06-13,22,0.6923804859282263
FOODS_3_354,TX_2,FOODS_3,low,2016-05-22,2016-06-13,22,0.5962929285822979
FOODS_3_360,TX_2,FOODS_3,medium,2016-05-22,2016-06-13,22,0.4500833516133928
FOODS_3_383,TX_2,FOODS_3,high,2016-05-22,2016-06-13,22,2.2559082602773803
FOODS_3_387,TX_2,FOODS_3,medium,2016-05-22,2016-06-13,22,1.1211485772303622
FOODS_3_432,TX_2,FOODS_3,high,2016-05-22,2016-06-13,22,1.7081138491793368
FOODS_3_467,TX_2,FOODS_3,medium,2016-05-22,2016-06-13,22,0.7421176942907566
FOODS_3_470,TX_2,FOODS_3,medium,2016-05-22,2016-06-13,22,0.6277333102060904
FOODS_3_479,TX_2,FOODS_3,medium,2016-05-22,2016-06-13,22,1.068256151549941
FOODS_3_480,TX_2,FOODS_3,medium,2016-05-22,2016-06-13,22,0.8165449934777043
FOODS_3_482,TX_2,FOODS_3,low,2016-05-22,2016-06-13,22,0.9799168622132947
FOODS_3_501,TX_2,FOODS_3,high,2016-05-22,2016-06-13,22,13.337593742536159
FOODS_3_511,TX_2,FOODS_3,high,2016-05-22,2016-06-13,22,10.632015399026974
FOODS_3_520,TX_2,FOODS_3,medium,2016-05-22,2016-06-13,22,1.1546067737046772
FOODS_3_532,TX_2,FOODS_3,medium,2016-05-22,2016-06-13,22,1.7754876123982934
FOODS_3_539,TX_2,FOODS_3,low,2016-05-22,2016-06-13,22,0.355184595582757
FOODS_3_550,TX_2,FOODS_3,low,2016-05-22,2016-06-13,22,0.32765336441419324
FOODS_3_558,TX_2,FOODS_3,low,2016-05-22,2016-06-13,22,0.19137611164752893
FOODS_3_601,TX_2,FOODS_3,low,2016-05-22,2016-06-13,22,0.13510012742736116
FOODS_3_611,TX_2,FOODS_3,high,2016-05-22,2016-06-13,22,2.6011117916613906
FOODS_3_616,TX_2,FOODS_3,medium,2016-05-22,2016-06-13,22,2.3183270169273706
FOODS_3_635,TX_2,FOODS_3,high,2016-05-22,2016-06-13,22,0.0
FOODS_3_640,TX_2,FOODS_3,low,2016-05-22,2016-06-13,22,0.7773552053293006
FOODS_3_641,TX_2,FOODS_3,low,2016-05-22,2016-06-13,22,0.3452013036130706
FOODS_3_648,TX_2,FOODS_3,medium,2016-05-22,2016-06-13,22,1.3410234123112201
FOODS_3_658,TX_2,FOODS_3,low,2016-05-22,2016-06-13,22,0.4583856434075531
FOODS_3_661,TX_2,FOODS_3,high,2016-05-22,2016-06-13,22,3.88123057007208
FOODS_3_666,TX_2,FOODS_3,medium,2016-05-22,2016-06-13,22,1.023646521082163
FOODS_3_677,TX_2,FOODS_3,low,2016-05-22,2016-06-13,22,0.8086484776528614
FOODS_3_709,TX_2,FOODS_3,low,2016-05-22,2016-06-13,22,1.4378159513128275
FOODS_3_724,TX_2,FOODS_3,low,2016-05-22,2016-06-13,22,0.41163304644858606
FOODS_3_795,TX_2,FOODS_3,medium,2016-05-22,2016-06-13,22,2.327167828176653
FOODS_3_801,TX_2,FOODS_3,high,2016-05-22,2016-06-13,22,1.9369861002761688
FOODS_3_817,TX_2,FOODS_3,medium,2016-05-22,2016-06-13,22,0.6146235735939063
FOODS_1_017,WI_3,FOODS_1,low,2016-05-22,2016-06-13,22,0.8885540305324586
FOODS_1_020,WI_3,FOODS_1,medium,2016-05-22,2016-06-13,22,1.26085950814087
FOODS_1_042,WI_3,FOODS_1,high,2016-05-22,2016-06-13,22,2.0332061758868525
FOODS_1_082,WI_3,FOODS_1,high,2016-05-22,2016-06-13,22,8.409600790595258
FOODS_1_086,WI_3,FOODS_1,high,2016-05-22,2016-06-13,22,2.190734563560144
FOODS_1_089,WI_3,FOODS_1,low,2016-05-22,2016-06-13,22,0.4192087327089921
FOODS_1_099,WI_3,FOODS_1,high,2016-05-22,2016-06-13,22,2.641445620972162
FOODS_1_112,WI_3,FOODS_1,medium,2016-05-22,2016-06-13,22,0.3447247864789447
FOODS_1_135,WI_3,FOODS_1,low,2016-05-22,2016-06-13,22,0.37628881935363717
FOODS_1_155,WI_3,FOODS_1,medium,2016-05-22,2016-06-13,22,1.2697782302273584
FOODS_1_156,WI_3,FOODS_1,low,2016-05-22,2016-06-13,22,0.6421856692008087
FOODS_1_172,WI_3,FOODS_1,high,2016-05-22,2016-06-13,22,2.781777799270705
FOODS_1_175,WI_3,FOODS_1,medium,2016-05-22,2016-06-13,22,0.3541027929783353
FOODS_1_210,WI_3,FOODS_1,medium,2016-05-22,2016-06-13,22,2.2056307771621912
FOODS_1_214,WI_3,FOODS_1,low,2016-05-22,2016-06-13,22,0.3956895196153784
FOODS_2_021,WI_3,FOODS_2,high,2016-05-22,2016-06-13,22,5.93754126542055
FOODS_2_024,WI_3,FOODS_2,medium,2016-05-22,2016-06-13,22,0.5400386531880409
FOODS_2_028,WI_3,FOODS_2,low,2016-05-22,2016-06-13,22,0.6820496270750309
FOODS_2_040,WI_3,FOODS_2,low,2016-05-22,2016-06-13,22,0.7243147927418583
FOODS_2_059,WI_3,FOODS_2,high,2016-05-22,2016-06-13,22,2.8717036394026825
FOODS_2_072,WI_3,FOODS_2,medium,2016-05-22,2016-06-13,22,1.351065116179147
FOODS_2_095,WI_3,FOODS_2,low,2016-05-22,2016-06-13,22,1.3124566265447508
FOODS_2_116,WI_3,FOODS_2,high,2016-05-22,2016-06-13,22,0.9005735201145065
FOODS_2_136,WI_3,FOODS_2,medium,2016-05-22,2016-06-13,22,2.3487862747511494
FOODS_2_139,WI_3,FOODS_2,high,2016-05-22,2016-06-13,22,1.0854707999331774
FOODS_2_146,WI_3,FOODS_2,medium,2016-05-22,2016-06-13,22,0.7297166554494906
FOODS_2_150,WI_3,FOODS_2,high,2016-05-22,2016-06-13,22,1.3828162179141803
FOODS_2_170,WI_3,FOODS_2,medium,2016-05-22,2016-06-13,22,1.5766994701180805
FOODS_2_178,WI_3,FOODS_2,low,2016-05-22,2016-06-13,22,1.082372001528513
FOODS_2_180,WI_3,FOODS_2,low,2016-05-22,2016-06-13,22,0.8607705515368952
FOODS_2_184,WI_3,FOODS_2,high,2016-05-22,2016-06-13,22,0.77325276441146
FOODS_2_209,WI_3,FOODS_2,low,2016-05-22,2016-06-13,22,0.7816457420573115
FOODS_2_218,WI_3,FOODS_2,low,2016-05-22,2016-06-13,22,0.3505216246314543
FOODS_2_251,WI_3,FOODS_2,medium,2016-05-22,2016-06-13,22,2.3911228857847333
FOODS_2_301,WI_3,FOODS_2,low,2016-05-22,2016-06-13,22,1.0377051361730716
FOODS_2_302,WI_3,FOODS_2,medium,2016-05-22,2016-06-13,22,1.8574597100255004
FOODS_2_304,WI_3,FOODS_2,medium,2016-05-22,2016-06-13,22,1.5492636394135137
FOODS_2_322,WI_3,FOODS_2,high,2016-05-22,2016-06-13,22,4.04386077927707
FOODS_2_336,WI_3,FOODS_2,low,2016-05-22,2016-06-13,22,0.7793107244083871
FOODS_2_339,WI_3,FOODS_2,medium,2016-05-22,2016-06-13,22,2.2345427234278596
FOODS_2_357,WI_3,FOODS_2,high,2016-05-22,2016-06-13,22,4.353111206405145
FOODS_2_360,WI_3,FOODS_2,high,2016-05-22,2016-06-13,22,17.171098155378832
FOODS_2_367,WI_3,FOODS_2,medium,2016-05-22,2016-06-13,22,0.4886509178957099
FOODS_3_026,WI_3,FOODS_3,high,2016-05-22,2016-06-13,22,1.9515424077680603
FOODS_3_048,WI_3,FOODS_3,medium,2016-05-22,2016-06-13,22,3.926719478850981
FOODS_3_053,WI_3,FOODS_3,medium,2016-05-22,2016-06-13,22,0.5271743487135903
FOODS_3_068,WI_3,FOODS_3,low,2016-05-22,2016-06-13,22,0.25941303076489514
FOODS_3_074,WI_3,FOODS_3,medium,2016-05-22,2016-06-13,22,0.6733940237669724
FOODS_3_089,WI_3,FOODS_3,high,2016-05-22,2016-06-13,22,1.7703639416529005
FOODS_3_096,WI_3,FOODS_3,medium,2016-05-22,2016-06-13,22,0.5854355974981976
FOODS_3_099,WI_3,FOODS_3,high,2016-05-22,2016-06-13,22,9.461450916315313
FOODS_3_113,WI_3,FOODS_3,high,2016-05-22,2016-06-13,22,2.96702569729063
FOODS_3_123,WI_3,FOODS_3,low,2016-05-22,2016-06-13,22,0.38912480273173156
FOODS_3_135,WI_3,FOODS_3,high,2016-05-22,2016-06-13,22,8.033189228995868
FOODS_3_179,WI_3,FOODS_3,low,2016-05-22,2016-06-13,22,0.22135985475087042
FOODS_3_187,WI_3,FOODS_3,medium,2016-05-22,2016-06-13,22,1.6646387514083287
FOODS_3_223,WI_3,FOODS_3,low,2016-05-22,2016-06-13,22,0.9222230314798605
FOODS_3_240,WI_3,FOODS_3,low,2016-05-22,2016-06-13,22,0.42213234530170557
FOODS_3_249,WI_3,FOODS_3,medium,2016-05-22,2016-06-13,22,0.9402544630669923
FOODS_3_263,WI_3,FOODS_3,high,2016-05-22,2016-06-13,22,10.884097228423599
FOODS_3_276,WI_3,FOODS_3,high,2016-05-22,2016-06-13,22,0.0
FOODS_3_312,WI_3,FOODS_3,low,2016-05-22,2016-06-13,22,0.6398891697808721
FOODS_3_319,WI_3,FOODS_3,high,2016-05-22,2016-06-13,22,0.0
FOODS_3_321,WI_3,FOODS_3,high,2016-05-22,2016-06-13,22,5.411961439304107
FOODS_3_327,WI_3,FOODS_3,high,2016-05-22,2016-06-13,22,1.854720186524245
FOODS_3_329,WI_3,FOODS_3,high,2016-05-22,2016-06-13,22,19.460007657310573
FOODS_3_340,WI_3,FOODS_3,low,2016-05-22,2016-06-13,22,0.4871386902632416
FOODS_3_354,WI_3,FOODS_3,low,2016-05-22,2016-06-13,22,0.47509980815491204
FOODS_3_360,WI_3,FOODS_3,medium,2016-05-22,2016-06-13,22,0.29562500644139117
FOODS_3_383,WI_3,FOODS_3,high,2016-05-22,2016-06-13,22,2.0815009329519434
FOODS_3_387,WI_3,FOODS_3,medium,2016-05-22,2016-06-13,22,0.9745783300235035
FOODS_3_432,WI_3,FOODS_3,high,2016-05-22,2016-06-13,22,0.7913312561487101
FOODS_3_467,WI_3,FOODS_3,medium,2016-05-22,2016-06-13,22,1.1435514504379178
FOODS_3_470,WI_3,FOODS_3,medium,2016-05-22,2016-06-13,22,1.1992489714535874
FOODS_3_479,WI_3,FOODS_3,medium,2016-05-22,2016-06-13,22,0.764876990535832
FOODS_3_480,WI_3,FOODS_3,medium,2016-05-22,2016-06-13,22,0.5750393370750707
FOODS_3_482,WI_3,FOODS_3,low,2016-05-22,2016-06-13,22,0.3933265393090786
FOODS_3_501,WI_3,FOODS_3,high,2016-05-22,2016-06-13,22,8.979699920972832
FOODS_3_511,WI_3,FOODS_3,high,2016-05-22,2016-06-13,22,7.93793081710126
FOODS_3_520,WI_3,FOODS_3,medium,2016-05-22,2016-06-13,22,0.5035959177894168
FOODS_3_532,WI_3,FOODS_3,medium,2016-05-22,2016-06-13,22,2.409096592424817
FOODS_3_539,WI_3,FOODS_3,low,2016-05-22,2016-06-13,22,0.3782149953841682
FOODS_3_550,WI_3,FOODS_3,low,2016-05-22,2016-06-13,22,0.42040394896735594
FOODS_3_558,WI_3,FOODS_3,low,2016-05-22,2016-06-13,22,0.37306176236876115
FOODS_3_601,WI_3,FOODS_3,low,2016-05-22,2016-06-13,22,0.34364993144169614
FOODS_3_611,WI_3,FOODS_3,high,2016-05-22,2016-06-13,22,0.6133238248939417
FOODS_3_616,WI_3,FOODS_3,medium,2016-05-22,2016-06-13,22,0.6816289716316556
FOODS_3_635,WI_3,FOODS_3,high,2016-05-22,2016-06-13,22,0.0
FOODS_3_640,WI_3,FOODS_3,low,2016-05-22,2016-06-13,22,1.265533814186106
FOODS_3_641,WI_3,FOODS_3,low,2016-05-22,2016-06-13,22,0.6783476268510251
FOODS_3_648,WI_3,FOODS_3,medium,2016-05-22,2016-06-13,22,1.0581329525933587
FOODS_3_658,WI_3,FOODS_3,low,2016-05-22,2016-06-13,22,0.5216951131774263
FOODS_3_661,WI_3,FOODS_3,high,2016-05-22,2016-06-13,22,3.3871427847470774
FOODS_3_666,WI_3,FOODS_3,medium,2016-05-22,2016-06-13,22,0.9099797812212127
FOODS_3_677,WI_3,FOODS_3,low,2016-05-22,2016-06-13,22,0.34033118366922555
FOODS_3_709,WI_3,FOODS_3,low,2016-05-22,2016-06-13,22,1.3898668357262787
FOODS_3_724,WI_3,FOODS_3,low,2016-05-22,2016-06-13,22,0.21857159660813033
FOODS_3_795,WI_3,FOODS_3,medium,2016-05-22,2016-06-13,22,1.4880181414698985
FOODS_3_801,WI_3,FOODS_3,high,2016-05-22,2016-06-13,22,3.1721884617765155
FOODS_3_817,WI_3,FOODS_3,medium,2016-05-22,2016-06-13,22,0.26773957819187627
FOODS_1_017,CA_1,FOODS_1,low,2016-05-22,2016-06-14,23,1.5825384856441398
FOODS_1_020,CA_1,FOODS_1,medium,2016-05-22,2016-06-14,23,1.7989461217909632
FOODS_1_042,CA_1,FOODS_1,high,2016-05-22,2016-06-14,23,3.0200158607742003
FOODS_1_082,CA_1,FOODS_1,high,2016-05-22,2016-06-14,23,7.773768080011599
FOODS_1_086,CA_1,FOODS_1,high,2016-05-22,2016-06-14,23,4.810959498769671
FOODS_1_089,CA_1,FOODS_1,low,2016-05-22,2016-06-14,23,0.5493791718700309
FOODS_1_099,CA_1,FOODS_1,high,2016-05-22,2016-06-14,23,6.772327668493127
FOODS_1_112,CA_1,FOODS_1,medium,2016-05-22,2016-06-14,23,1.9202965395770561
FOODS_1_135,CA_1,FOODS_1,low,2016-05-22,2016-06-14,23,1.2399054119117594
FOODS_1_155,CA_1,FOODS_1,medium,2016-05-22,2016-06-14,23,0.48925332781813957
FOODS_1_156,CA_1,FOODS_1,low,2016-05-22,2016-06-14,23,1.432272186326193
FOODS_1_172,CA_1,FOODS_1,high,2016-05-22,2016-06-14,23,1.5409716762770742
FOODS_1_175,CA_1,FOODS_1,medium,2016-05-22,2016-06-14,23,1.3463137161487448
FOODS_1_210,CA_1,FOODS_1,medium,2016-05-22,2016-06-14,23,2.4516404987714546
FOODS_1_214,CA_1,FOODS_1,low,2016-05-22,2016-06-14,23,1.1953315676273522
FOODS_2_021,CA_1,FOODS_2,high,2016-05-22,2016-06-14,23,7.2339703182665795
FOODS_2_024,CA_1,FOODS_2,medium,2016-05-22,2016-06-14,23,1.5036128308381822
FOODS_2_028,CA_1,FOODS_2,low,2016-05-22,2016-06-14,23,0.3253217506718292
FOODS_2_040,CA_1,FOODS_2,low,2016-05-22,2016-06-14,23,0.8346828491151593
FOODS_2_059,CA_1,FOODS_2,high,2016-05-22,2016-06-14,23,1.9541145954936678
FOODS_2_072,CA_1,FOODS_2,medium,2016-05-22,2016-06-14,23,0.7595417810509443
FOODS_2_095,CA_1,FOODS_2,low,2016-05-22,2016-06-14,23,0.8762119059771509
FOODS_2_116,CA_1,FOODS_2,high,2016-05-22,2016-06-14,23,1.1439224677443138
FOODS_2_136,CA_1,FOODS_2,medium,2016-05-22,2016-06-14,23,0.7288478625020895
FOODS_2_139,CA_1,FOODS_2,high,2016-05-22,2016-06-14,23,1.6963750524058288
FOODS_2_146,CA_1,FOODS_2,medium,2016-05-22,2016-06-14,23,1.2825361567854923
FOODS_2_150,CA_1,FOODS_2,high,2016-05-22,2016-06-14,23,2.392651464026663
FOODS_2_170,CA_1,FOODS_2,medium,2016-05-22,2016-06-14,23,1.6637932632693675
FOODS_2_178,CA_1,FOODS_2,low,2016-05-22,2016-06-14,23,0.8653005804854599
FOODS_2_180,CA_1,FOODS_2,low,2016-05-22,2016-06-14,23,0.4143099994249516
FOODS_2_184,CA_1,FOODS_2,high,2016-05-22,2016-06-14,23,1.1523157909023933
FOODS_2_209,CA_1,FOODS_2,low,2016-05-22,2016-06-14,23,0.4458948595422566
FOODS_2_218,CA_1,FOODS_2,low,2016-05-22,2016-06-14,23,0.9364894646923666
FOODS_2_251,CA_1,FOODS_2,medium,2016-05-22,2016-06-14,23,0.7821314705303566
FOODS_2_301,CA_1,FOODS_2,low,2016-05-22,2016-06-14,23,1.0286245140124748
FOODS_2_302,CA_1,FOODS_2,medium,2016-05-22,2016-06-14,23,1.248989938989221
FOODS_2_304,CA_1,FOODS_2,medium,2016-05-22,2016-06-14,23,2.5182978988983478
FOODS_2_322,CA_1,FOODS_2,high,2016-05-22,2016-06-14,23,0.6561170652720499
FOODS_2_336,CA_1,FOODS_2,low,2016-05-22,2016-06-14,23,0.46859412436466014
FOODS_2_339,CA_1,FOODS_2,medium,2016-05-22,2016-06-14,23,1.0237890682199973
FOODS_2_357,CA_1,FOODS_2,high,2016-05-22,2016-06-14,23,2.653410729685376
FOODS_2_360,CA_1,FOODS_2,high,2016-05-22,2016-06-14,23,11.290324401227577
FOODS_2_367,CA_1,FOODS_2,medium,2016-05-22,2016-06-14,23,0.6814657716018704
FOODS_3_026,CA_1,FOODS_3,high,2016-05-22,2016-06-14,23,1.6773784503355162
FOODS_3_048,CA_1,FOODS_3,medium,2016-05-22,2016-06-14,23,2.0506155477173538
FOODS_3_053,CA_1,FOODS_3,medium,2016-05-22,2016-06-14,23,3.1166020861313224
FOODS_3_068,CA_1,FOODS_3,low,2016-05-22,2016-06-14,23,0.42909970302223305
FOODS_3_074,CA_1,FOODS_3,medium,2016-05-22,2016-06-14,23,1.6898887841210477
FOODS_3_089,CA_1,FOODS_3,high,2016-05-22,2016-06-14,23,0.9101550914502534
FOODS_3_096,CA_1,FOODS_3,medium,2016-05-22,2016-06-14,23,1.095997017115406
FOODS_3_099,CA_1,FOODS_3,high,2016-05-22,2016-06-14,23,15.33696309949417
FOODS_3_113,CA_1,FOODS_3,high,2016-05-22,2016-06-14,23,4.025923755484405
FOODS_3_123,CA_1,FOODS_3,low,2016-05-22,2016-06-14,23,1.7282764874758703
FOODS_3_135,CA_1,FOODS_3,high,2016-05-22,2016-06-14,23,6.190711468800429
FOODS_3_179,CA_1,FOODS_3,low,2016-05-22,2016-06-14,23,0.8970539124959488
FOODS_3_187,CA_1,FOODS_3,medium,2016-05-22,2016-06-14,23,1.2315521929964746
FOODS_3_223,CA_1,FOODS_3,low,2016-05-22,2016-06-14,23,1.2337826398147391
FOODS_3_240,CA_1,FOODS_3,low,2016-05-22,2016-06-14,23,1.0468901807684656
FOODS_3_249,CA_1,FOODS_3,medium,2016-05-22,2016-06-14,23,3.376812937516427
FOODS_3_263,CA_1,FOODS_3,high,2016-05-22,2016-06-14,23,9.127676077498306
FOODS_3_276,CA_1,FOODS_3,high,2016-05-22,2016-06-14,23,0.0
FOODS_3_312,CA_1,FOODS_3,low,2016-05-22,2016-06-14,23,1.2289780456590658
FOODS_3_319,CA_1,FOODS_3,high,2016-05-22,2016-06-14,23,0.0
FOODS_3_321,CA_1,FOODS_3,high,2016-05-22,2016-06-14,23,5.274091050485926
FOODS_3_327,CA_1,FOODS_3,high,2016-05-22,2016-06-14,23,2.3372116968527563
FOODS_3_329,CA_1,FOODS_3,high,2016-05-22,2016-06-14,23,19.117107798840987
FOODS_3_340,CA_1,FOODS_3,low,2016-05-22,2016-06-14,23,0.65221362135733
FOODS_3_354,CA_1,FOODS_3,low,2016-05-22,2016-06-14,23,0.21861183965854633
FOODS_3_360,CA_1,FOODS_3,medium,2016-05-22,2016-06-14,23,0.25266983615005023
FOODS_3_383,CA_1,FOODS_3,high,2016-05-22,2016-06-14,23,3.824038267465844
FOODS_3_387,CA_1,FOODS_3,medium,2016-05-22,2016-06-14,23,1.5566861161290357
FOODS_3_432,CA_1,FOODS_3,high,2016-05-22,2016-06-14,23,0.4729522950669894
FOODS_3_467,CA_1,FOODS_3,medium,2016-05-22,2016-06-14,23,1.1586408150245027
FOODS_3_470,CA_1,FOODS_3,medium,2016-05-22,2016-06-14,23,0.68424319338021
FOODS_3_479,CA_1,FOODS_3,medium,2016-05-22,2016-06-14,23,0.6070236138279642
FOODS_3_480,CA_1,FOODS_3,medium,2016-05-22,2016-06-14,23,1.2413249725592752
FOODS_3_482,CA_1,FOODS_3,low,2016-05-22,2016-06-14,23,2.39241986371833
FOODS_3_501,CA_1,FOODS_3,high,2016-05-22,2016-06-14,23,23.963000112817788
FOODS_3_511,CA_1,FOODS_3,high,2016-05-22,2016-06-14,23,25.562260180067334
FOODS_3_520,CA_1,FOODS_3,medium,2016-05-22,2016-06-14,23,0.6253207397822351
FOODS_3_532,CA_1,FOODS_3,medium,2016-05-22,2016-06-14,23,1.8112414745864425
FOODS_3_539,CA_1,FOODS_3,low,2016-05-22,2016-06-14,23,0.7378531352922056
FOODS_3_550,CA_1,FOODS_3,low,2016-05-22,2016-06-14,23,0.2510594459180229
FOODS_3_558,CA_1,FOODS_3,low,2016-05-22,2016-06-14,23,0.630444594487674
FOODS_3_601,CA_1,FOODS_3,low,2016-05-22,2016-06-14,23,0.1571118674369186
FOODS_3_611,CA_1,FOODS_3,high,2016-05-22,2016-06-14,23,1.5896419038531522
FOODS_3_616,CA_1,FOODS_3,medium,2016-05-22,2016-06-14,23,1.2898599667406871
FOODS_3_635,CA_1,FOODS_3,high,2016-05-22,2016-06-14,23,0.0
FOODS_3_640,CA_1,FOODS_3,low,2016-05-22,2016-06-14,23,2.4194168000671827
FOODS_3_641,CA_1,FOODS_3,low,2016-05-22,2016-06-14,23,2.9301220587040264
FOODS_3_648,CA_1,FOODS_3,medium,2016-05-22,2016-06-14,23,0.6057394185901116
FOODS_3_658,CA_1,FOODS_3,low,2016-05-22,2016-06-14,23,0.9161721881360132
FOODS_3_661,CA_1,FOODS_3,high,2016-05-22,2016-06-14,23,4.311297400828578
FOODS_3_666,CA_1,FOODS_3,medium,2016-05-22,2016-06-14,23,1.2792138452237647
FOODS_3_677,CA_1,FOODS_3,low,2016-05-22,2016-06-14,23,0.6793261217072282
FOODS_3_709,CA_1,FOODS_3,low,2016-05-22,2016-06-14,23,0.39225603008209703
FOODS_3_724,CA_1,FOODS_3,low,2016-05-22,2016-06-14,23,0.4324586266302293
FOODS_3_795,CA_1,FOODS_3,medium,2016-05-22,2016-06-14,23,3.416626552733695
FOODS_3_801,CA_1,FOODS_3,high,2016-05-22,2016-06-14,23,1.6133209299269844
FOODS_3_817,CA_1,FOODS_3,medium,2016-05-22,2016-06-14,23,0.6845817726184781
FOODS_1_017,TX_2,FOODS_1,low,2016-05-22,2016-06-14,23,0.4201344145334968
FOODS_1_020,TX_2,FOODS_1,medium,2016-05-22,2016-06-14,23,0.5667770398662062
FOODS_1_042,TX_2,FOODS_1,high,2016-05-22,2016-06-14,23,5.60895800062253
FOODS_1_082,TX_2,FOODS_1,high,2016-05-22,2016-06-14,23,2.1603406689747664
FOODS_1_086,TX_2,FOODS_1,high,2016-05-22,2016-06-14,23,0.2669555488361
FOODS_1_089,TX_2,FOODS_1,low,2016-05-22,2016-06-14,23,0.35667987684310376
FOODS_1_099,TX_2,FOODS_1,high,2016-05-22,2016-06-14,23,7.87612984276551
FOODS_1_112,TX_2,FOODS_1,medium,2016-05-22,2016-06-14,23,0.5201586054784245
FOODS_1_135,TX_2,FOODS_1,low,2016-05-22,2016-06-14,23,0.28367836719050954
FOODS_1_155,TX_2,FOODS_1,medium,2016-05-22,2016-06-14,23,1.6104985053317777
FOODS_1_156,TX_2,FOODS_1,low,2016-05-22,2016-06-14,23,0.3008106012574551
FOODS_1_172,TX_2,FOODS_1,high,2016-05-22,2016-06-14,23,3.857542896999013
FOODS_1_175,TX_2,FOODS_1,medium,2016-05-22,2016-06-14,23,0.5781767721577029
FOODS_1_210,TX_2,FOODS_1,medium,2016-05-22,2016-06-14,23,4.653534098928122
FOODS_1_214,TX_2,FOODS_1,low,2016-05-22,2016-06-14,23,0.36521569980868296
FOODS_2_021,TX_2,FOODS_2,high,2016-05-22,2016-06-14,23,0.5901023128065909
FOODS_2_024,TX_2,FOODS_2,medium,2016-05-22,2016-06-14,23,0.200401176608014
FOODS_2_028,TX_2,FOODS_2,low,2016-05-22,2016-06-14,23,1.088441476168127
FOODS_2_040,TX_2,FOODS_2,low,2016-05-22,2016-06-14,23,0.09128761858846397
FOODS_2_059,TX_2,FOODS_2,high,2016-05-22,2016-06-14,23,1.7415942948144831
FOODS_2_072,TX_2,FOODS_2,medium,2016-05-22,2016-06-14,23,0.4714584545750462
FOODS_2_095,TX_2,FOODS_2,low,2016-05-22,2016-06-14,23,0.4894878482774921
FOODS_2_116,TX_2,FOODS_2,high,2016-05-22,2016-06-14,23,0.5847763139236319
FOODS_2_136,TX_2,FOODS_2,medium,2016-05-22,2016-06-14,23,0.41765286861331313
FOODS_2_139,TX_2,FOODS_2,high,2016-05-22,2016-06-14,23,1.602481111817007
FOODS_2_146,TX_2,FOODS_2,medium,2016-05-22,2016-06-14,23,0.9528652335604179
FOODS_2_150,TX_2,FOODS_2,high,2016-05-22,2016-06-14,23,1.0830165211984986
FOODS_2_170,TX_2,FOODS_2,medium,2016-05-22,2016-06-14,23,1.4433427320913548
FOODS_2_178,TX_2,FOODS_2,low,2016-05-22,2016-06-14,23,0.40990902737596774
FOODS_2_180,TX_2,FOODS_2,low,2016-05-22,2016-06-14,23,2.1398621952771886
FOODS_2_184,TX_2,FOODS_2,high,2016-05-22,2016-06-14,23,2.4395791617681613
FOODS_2_209,TX_2,FOODS_2,low,2016-05-22,2016-06-14,23,0.0
FOODS_2_218,TX_2,FOODS_2,low,2016-05-22,2016-06-14,23,0.014674191283466382
FOODS_2_251,TX_2,FOODS_2,medium,2016-05-22,2016-06-14,23,1.5557619477423112
FOODS_2_301,TX_2,FOODS_2,low,2016-05-22,2016-06-14,23,1.587806356382451
FOODS_2_302,TX_2,FOODS_2,medium,2016-05-22,2016-06-14,23,0.9275555143246798
FOODS_2_304,TX_2,FOODS_2,medium,2016-05-22,2016-06-14,23,1.7552882430146683
FOODS_2_322,TX_2,FOODS_2,high,2016-05-22,2016-06-14,23,3.3111361653576594
FOODS_2_336,TX_2,FOODS_2,low,2016-05-22,2016-06-14,23,0.36272092825063434
FOODS_2_339,TX_2,FOODS_2,medium,2016-05-22,2016-06-14,23,0.6038270651608216
FOODS_2_357,TX_2,FOODS_2,high,2016-05-22,2016-06-14,23,1.8748992428162197
FOODS_2_360,TX_2,FOODS_2,high,2016-05-22,2016-06-14,23,10.461251066571666
FOODS_2_367,TX_2,FOODS_2,medium,2016-05-22,2016-06-14,23,0.0
FOODS_3_026,TX_2,FOODS_3,high,2016-05-22,2016-06-14,23,1.5025557477159206
FOODS_3_048,TX_2,FOODS_3,medium,2016-05-22,2016-06-14,23,2.4449726218907215
FOODS_3_053,TX_2,FOODS_3,medium,2016-05-22,2016-06-14,23,0.9523272636374776
FOODS_3_068,TX_2,FOODS_3,low,2016-05-22,2016-06-14,23,0.6036085946946931
FOODS_3_074,TX_2,FOODS_3,medium,2016-05-22,2016-06-14,23,1.4513358163641321
FOODS_3_089,TX_2,FOODS_3,high,2016-05-22,2016-06-14,23,0.8182153884622784
FOODS_3_096,TX_2,FOODS_3,medium,2016-05-22,2016-06-14,23,0.6472707346557353
FOODS_3_099,TX_2,FOODS_3,high,2016-05-22,2016-06-14,23,17.21183179519718
FOODS_3_113,TX_2,FOODS_3,high,2016-05-22,2016-06-14,23,0.8261937721923961
FOODS_3_123,TX_2,FOODS_3,low,2016-05-22,2016-06-14,23,0.4559894455086902
FOODS_3_135,TX_2,FOODS_3,high,2016-05-22,2016-06-14,23,13.659966287973036
FOODS_3_179,TX_2,FOODS_3,low,2016-05-22,2016-06-14,23,0.3368433882467913
FOODS_3_187,TX_2,FOODS_3,medium,2016-05-22,2016-06-14,23,1.1362951181377783
FOODS_3_223,TX_2,FOODS_3,low,2016-05-22,2016-06-14,23,0.3225049461579652
FOODS_3_240,TX_2,FOODS_3,low,2016-05-22,2016-06-14,23,0.195129867782781
FOODS_3_249,TX_2,FOODS_3,medium,2016-05-22,2016-06-14,23,1.9663451446958813
FOODS_3_263,TX_2,FOODS_3,high,2016-05-22,2016-06-14,23,14.878836393289136
FOODS_3_276,TX_2,FOODS_3,high,2016-05-22,2016-06-14,23,0.0
FOODS_3_312,TX_2,FOODS_3,low,2016-05-22,2016-06-14,23,0.727444049936283
FOODS_3_319,TX_2,FOODS_3,high,2016-05-22,2016-06-14,23,0.0
FOODS_3_321,TX_2,FOODS_3,high,2016-05-22,2016-06-14,23,9.21054882457982
FOODS_3_327,TX_2,FOODS_3,high,2016-05-22,2016-06-14,23,4.218112231471742
FOODS_3_329,TX_2,FOODS_3,high,2016-05-22,2016-06-14,23,17.33864827279273
FOODS_3_340,TX_2,FOODS_3,low,2016-05-22,2016-06-14,23,0.6813940747113773
FOODS_3_354,TX_2,FOODS_3,low,2016-05-22,2016-06-14,23,0.6175891046030941
FOODS_3_360,TX_2,FOODS_3,medium,2016-05-22,2016-06-14,23,0.4661577570281568
FOODS_3_383,TX_2,FOODS_3,high,2016-05-22,2016-06-14,23,2.336476412430144
FOODS_3_387,TX_2,FOODS_3,medium,2016-05-22,2016-06-14,23,1.1254753121314462
FOODS_3_432,TX_2,FOODS_3,high,2016-05-22,2016-06-14,23,1.7691179152214558
FOODS_3_467,TX_2,FOODS_3,medium,2016-05-22,2016-06-14,23,0.7329076119439978
FOODS_3_470,TX_2,FOODS_3,medium,2016-05-22,2016-06-14,23,0.650152356999165
FOODS_3_479,TX_2,FOODS_3,medium,2016-05-22,2016-06-14,23,1.1064081569624389
FOODS_3_480,TX_2,FOODS_3,medium,2016-05-22,2016-06-14,23,0.8099930289590509
FOODS_3_482,TX_2,FOODS_3,low,2016-05-22,2016-06-14,23,0.9791996072923409
FOODS_3_501,TX_2,FOODS_3,high,2016-05-22,2016-06-14,23,13.563936376198166
FOODS_3_511,TX_2,FOODS_3,high,2016-05-22,2016-06-14,23,10.440301663277936
FOODS_3_520,TX_2,FOODS_3,medium,2016-05-22,2016-06-14,23,1.1244141584798442
FOODS_3_532,TX_2,FOODS_3,medium,2016-05-22,2016-06-14,23,1.7674693128410897
FOODS_3_539,TX_2,FOODS_3,low,2016-05-22,2016-06-14,23,0.3678697597107126
FOODS_3_550,TX_2,FOODS_3,low,2016-05-22,2016-06-14,23,0.3393552702861287
FOODS_3_558,TX_2,FOODS_3,low,2016-05-22,2016-06-14,23,0.1982109727777978
FOODS_3_601,TX_2,FOODS_3,low,2016-05-22,2016-06-14,23,0.13992513197833834
FOODS_3_611,TX_2,FOODS_3,high,2016-05-22,2016-06-14,23,2.6582943556492973
FOODS_3_616,TX_2,FOODS_3,medium,2016-05-22,2016-06-14,23,2.2939815532462053
FOODS_3_635,TX_2,FOODS_3,high,2016-05-22,2016-06-14,23,0.0
FOODS_3_640,TX_2,FOODS_3,low,2016-05-22,2016-06-14,23,0.8051178912339184
FOODS_3_641,TX_2,FOODS_3,low,2016-05-22,2016-06-14,23,0.3575299215992517
FOODS_3_648,TX_2,FOODS_3,medium,2016-05-22,2016-06-14,23,1.38891710560805
FOODS_3_658,TX_2,FOODS_3,low,2016-05-22,2016-06-14,23,0.43904227352925146
FOODS_3_661,TX_2,FOODS_3,high,2016-05-22,2016-06-14,23,3.6984173761460823
FOODS_3_666,TX_2,FOODS_3,medium,2016-05-22,2016-06-14,23,1.0244910396922402
FOODS_3_677,TX_2,FOODS_3,low,2016-05-22,2016-06-14,23,0.8375287804261778
FOODS_3_709,TX_2,FOODS_3,low,2016-05-22,2016-06-14,23,1.346309378145428
FOODS_3_724,TX_2,FOODS_3,low,2016-05-22,2016-06-14,23,0.42633422667889276
FOODS_3_795,TX_2,FOODS_3,medium,2016-05-22,2016-06-14,23,2.1959952506115337
FOODS_3_801,TX_2,FOODS_3,high,2016-05-22,2016-06-14,23,2.006164175286032
FOODS_3_817,TX_2,FOODS_3,medium,2016-05-22,2016-06-14,23,0.6365744155079743
FOODS_1_017,WI_3,FOODS_1,low,2016-05-22,2016-06-14,23,0.8845738173371893
FOODS_1_020,WI_3,FOODS_1,medium,2016-05-22,2016-06-14,23,1.3058902048601868
FOODS_1_042,WI_3,FOODS_1,high,2016-05-22,2016-06-14,23,2.105820682168526
FOODS_1_082,WI_3,FOODS_1,high,2016-05-22,2016-06-14,23,8.388515104545087
FOODS_1_086,WI_3,FOODS_1,high,2016-05-22,2016-06-14,23,2.1618322265444347
FOODS_1_089,WI_3,FOODS_1,low,2016-05-22,2016-06-14,23,0.4341804731628846
FOODS_1_099,WI_3,FOODS_1,high,2016-05-22,2016-06-14,23,2.6286401074354537
FOODS_1_112,WI_3,FOODS_1,medium,2016-05-22,2016-06-14,23,0.32132210028176417
FOODS_1_135,WI_3,FOODS_1,low,2016-05-22,2016-06-14,23,0.38972770575912424
FOODS_1_155,WI_3,FOODS_1,medium,2016-05-22,2016-06-14,23,1.2794131670211926
FOODS_1_156,WI_3,FOODS_1,low,2016-05-22,2016-06-14,23,0.6651208716722661
FOODS_1_172,WI_3,FOODS_1,high,2016-05-22,2016-06-14,23,2.809698434958944
FOODS_1_175,WI_3,FOODS_1,medium,2016-05-22,2016-06-14,23,0.3310350355847044
FOODS_1_210,WI_3,FOODS_1,medium,2016-05-22,2016-06-14,23,2.248689019203698
FOODS_1_214,WI_3,FOODS_1,low,2016-05-22,2016-06-14,23,0.40982128817307056
FOODS_2_021,WI_3,FOODS_2,high,2016-05-22,2016-06-14,23,5.792453453471285
FOODS_2_024,WI_3,FOODS_2,medium,2016-05-22,2016-06-14,23,0.5593257479447565
FOODS_2_028,WI_3,FOODS_2,low,2016-05-22,2016-06-14,23,0.6706942566134249
FOODS_2_040,WI_3,FOODS_2,low,2016-05-22,2016-06-14,23,0.7501831781969246
FOODS_2_059,WI_3,FOODS_2,high,2016-05-22,2016-06-14,23,2.902835912238493
FOODS_2_072,WI_3,FOODS_2,medium,2016-05-22,2016-06-14,23,1.3993174417569738
FOODS_2_095,WI_3,FOODS_2,low,2016-05-22,2016-06-14,23,1.2521872203499205
FOODS_2_116,WI_3,FOODS_2,high,2016-05-22,2016-06-14,23,0.8613082886900246
FOODS_2_136,WI_3,FOODS_2,medium,2016-05-22,2016-06-14,23,2.3969572131351193
FOODS_2_139,WI_3,FOODS_2,high,2016-05-22,2016-06-14,23,1.1242376142165051
FOODS_2_146,WI_3,FOODS_2,medium,2016-05-22,2016-06-14,23,0.7557779645726866
FOODS_2_150,WI_3,FOODS_2,high,2016-05-22,2016-06-14,23,1.3607739399825438
FOODS_2_170,WI_3,FOODS_2,medium,2016-05-22,2016-06-14,23,1.525867308336583
FOODS_2_178,WI_3,FOODS_2,low,2016-05-22,2016-06-14,23,1.1210281444402455
FOODS_2_180,WI_3,FOODS_2,low,2016-05-22,2016-06-14,23,0.8557980712346415
FOODS_2_184,WI_3,FOODS_2,high,2016-05-22,2016-06-14,23,0.7651546488547263
FOODS_2_209,WI_3,FOODS_2,low,2016-05-22,2016-06-14,23,0.7381330899879298
FOODS_2_218,WI_3,FOODS_2,low,2016-05-22,2016-06-14,23,0.36304025408257773
FOODS_2_251,WI_3,FOODS_2,medium,2016-05-22,2016-06-14,23,2.333662988848474
FOODS_2_301,WI_3,FOODS_2,low,2016-05-22,2016-06-14,23,0.9676231767506813
FOODS_2_302,WI_3,FOODS_2,medium,2016-05-22,2016-06-14,23,1.8880832710978397
FOODS_2_304,WI_3,FOODS_2,medium,2016-05-22,2016-06-14,23,1.604594483678282
FOODS_2_322,WI_3,FOODS_2,high,2016-05-22,2016-06-14,23,4.081141521394107
FOODS_2_336,WI_3,FOODS_2,low,2016-05-22,2016-06-14,23,0.8071432502801151
FOODS_2_339,WI_3,FOODS_2,medium,2016-05-22,2016-06-14,23,2.2786335349788542
FOODS_2_357,WI_3,FOODS_2,high,2016-05-22,2016-06-14,23,4.115722320919613
FOODS_2_360,WI_3,FOODS_2,high,2016-05-22,2016-06-14,23,17.03435166092808
FOODS_2_367,WI_3,FOODS_2,medium,2016-05-22,2016-06-14,23,0.5061027363919852
FOODS_3_026,WI_3,FOODS_3,high,2016-05-22,2016-06-14,23,1.9855260651883475
FOODS_3_048,WI_3,FOODS_3,medium,2016-05-22,2016-06-14,23,3.8526737459528024
FOODS_3_053,WI_3,FOODS_3,medium,2016-05-22,2016-06-14,23,0.5102877183105041
FOODS_3_068,WI_3,FOODS_3,low,2016-05-22,2016-06-14,23,0.2686777818636414
FOODS_3_074,WI_3,FOODS_3,medium,2016-05-22,2016-06-14,23,0.6617295246157929
FOODS_3_089,WI_3,FOODS_3,high,2016-05-22,2016-06-14,23,1.8335912252833613
FOODS_3_096,WI_3,FOODS_3,medium,2016-05-22,2016-06-14,23,0.6063440116945618
FOODS_3_099,WI_3,FOODS_3,high,2016-05-22,2016-06-14,23,9.477931306183716
FOODS_3_113,WI_3,FOODS_3,high,2016-05-22,2016-06-14,23,3.03727661505101
FOODS_3_123,WI_3,FOODS_3,low,2016-05-22,2016-06-14,23,0.40302211711500757
FOODS_3_135,WI_3,FOODS_3,high,2016-05-22,2016-06-14,23,7.998660272888577
FOODS_3_179,WI_3,FOODS_3,low,2016-05-22,2016-06-14,23,0.22926556384911584
FOODS_3_187,WI_3,FOODS_3,medium,2016-05-22,2016-06-14,23,1.7240901353871974
FOODS_3_223,WI_3,FOODS_3,low,2016-05-22,2016-06-14,23,0.955159568318427
FOODS_3_240,WI_3,FOODS_3,low,2016-05-22,2016-06-14,23,0.40149421477676656
FOODS_3_249,WI_3,FOODS_3,medium,2016-05-22,2016-06-14,23,0.9738349796050992
FOODS_3_263,WI_3,FOODS_3,high,2016-05-22,2016-06-14,23,10.951386415153012
FOODS_3_276,WI_3,FOODS_3,high,2016-05-22,2016-06-14,23,0.0
FOODS_3_312,WI_3,FOODS_3,low,2016-05-22,2016-06-14,23,0.5913137829873316
FOODS_3_319,WI_3,FOODS_3,high,2016-05-22,2016-06-14,23,0.0
FOODS_3_321,WI_3,FOODS_3,high,2016-05-22,2016-06-14,23,5.462388633564967
FOODS_3_327,WI_3,FOODS_3,high,2016-05-22,2016-06-14,23,1.849531621757254
FOODS_3_329,WI_3,FOODS_3,high,2016-05-22,2016-06-14,23,19.297865073643095
FOODS_3_340,WI_3,FOODS_3,low,2016-05-22,2016-06-14,23,0.4688222149155002
FOODS_3_354,WI_3,FOODS_3,low,2016-05-22,2016-06-14,23,0.4920676584461589
FOODS_3_360,WI_3,FOODS_3,medium,2016-05-22,2016-06-14,23,0.3061830423857265
FOODS_3_383,WI_3,FOODS_3,high,2016-05-22,2016-06-14,23,2.08441168055737
FOODS_3_387,WI_3,FOODS_3,medium,2016-05-22,2016-06-14,23,0.9736704132386286
FOODS_3_432,WI_3,FOODS_3,high,2016-05-22,2016-06-14,23,0.8195930867254496
FOODS_3_467,WI_3,FOODS_3,medium,2016-05-22,2016-06-14,23,1.1843925736678433
FOODS_3_470,WI_3,FOODS_3,medium,2016-05-22,2016-06-14,23,1.1706507204340728
FOODS_3_479,WI_3,FOODS_3,medium,2016-05-22,2016-06-14,23,0.7921940259121119
FOODS_3_480,WI_3,FOODS_3,medium,2016-05-22,2016-06-14,23,0.5955764562563234
FOODS_3_482,WI_3,FOODS_3,low,2016-05-22,2016-06-14,23,0.37165962999868857
FOODS_3_501,WI_3,FOODS_3,high,2016-05-22,2016-06-14,23,9.228974918150433
FOODS_3_511,WI_3,FOODS_3,high,2016-05-22,2016-06-14,23,8.042856917712019
FOODS_3_520,WI_3,FOODS_3,medium,2016-05-22,2016-06-14,23,0.521581486281896
FOODS_3_532,WI_3,FOODS_3,medium,2016-05-22,2016-06-14,23,2.316564327868561
FOODS_3_539,WI_3,FOODS_3,low,2016-05-22,2016-06-14,23,0.3917226737907456
FOODS_3_550,WI_3,FOODS_3,low,2016-05-22,2016-06-14,23,0.36398980428761857
FOODS_3_558,WI_3,FOODS_3,low,2016-05-22,2016-06-14,23,0.38638539673907407
FOODS_3_601,WI_3,FOODS_3,low,2016-05-22,2016-06-14,23,0.32020885756461387
FOODS_3_611,WI_3,FOODS_3,high,2016-05-22,2016-06-14,23,0.6352282472115823
FOODS_3_616,WI_3,FOODS_3,medium,2016-05-22,2016-06-14,23,0.7059728634756433
FOODS_3_635,WI_3,FOODS_3,high,2016-05-22,2016-06-14,23,0.0
FOODS_3_640,WI_3,FOODS_3,low,2016-05-22,2016-06-14,23,1.3107314504070384
FOODS_3_641,WI_3,FOODS_3,low,2016-05-22,2016-06-14,23,0.7025743278099903
FOODS_3_648,WI_3,FOODS_3,medium,2016-05-22,2016-06-14,23,1.0959234151859787
FOODS_3_658,WI_3,FOODS_3,low,2016-05-22,2016-06-14,23,0.39746993864804864
FOODS_3_661,WI_3,FOODS_3,high,2016-05-22,2016-06-14,23,3.365255027059473
FOODS_3_666,WI_3,FOODS_3,medium,2016-05-22,2016-06-14,23,0.9067647734076847
FOODS_3_677,WI_3,FOODS_3,low,2016-05-22,2016-06-14,23,0.2453430116574121
FOODS_3_709,WI_3,FOODS_3,low,2016-05-22,2016-06-14,23,1.4037906512879315
FOODS_3_724,WI_3,FOODS_3,low,2016-05-22,2016-06-14,23,0.19066343934413507
FOODS_3_795,WI_3,FOODS_3,medium,2016-05-22,2016-06-14,23,1.5411616465223952
FOODS_3_801,WI_3,FOODS_3,high,2016-05-22,2016-06-14,23,3.14262376398282
FOODS_3_817,WI_3,FOODS_3,medium,2016-05-22,2016-06-14,23,0.2415874202701576
FOODS_1_017,CA_1,FOODS_1,low,2016-05-22,2016-06-15,24,1.5676291458457163
FOODS_1_020,CA_1,FOODS_1,medium,2016-05-22,2016-06-15,24,1.827479911854926
FOODS_1_042,CA_1,FOODS_1,high,2016-05-22,2016-06-15,24,3.1278735700875635
FOODS_1_082,CA_1,FOODS_1,high,2016-05-22,2016-06-15,24,7.801402654297727
FOODS_1_086,CA_1,FOODS_1,high,2016-05-22,2016-06-15,24,4.661350909440017
FOODS_1_089,CA_1,FOODS_1,low,2016-05-22,2016-06-15,24,0.5689998565796749
FOODS_1_099,CA_1,FOODS_1,high,2016-05-22,2016-06-15,24,6.442767942367881
FOODS_1_112,CA_1,FOODS_1,medium,2016-05-22,2016-06-15,24,1.917449987419094
FOODS_1_135,CA_1,FOODS_1,low,2016-05-22,2016-06-15,24,1.2841877480514647
FOODS_1_155,CA_1,FOODS_1,medium,2016-05-22,2016-06-15,24,0.5067266609545017
FOODS_1_156,CA_1,FOODS_1,low,2016-05-22,2016-06-15,24,1.4834247644092713
FOODS_1_172,CA_1,FOODS_1,high,2016-05-22,2016-06-15,24,1.524577807572684
FOODS_1_175,CA_1,FOODS_1,medium,2016-05-22,2016-06-15,24,1.394396348868343
FOODS_1_210,CA_1,FOODS_1,medium,2016-05-22,2016-06-15,24,2.4320562308704354
FOODS_1_214,CA_1,FOODS_1,low,2016-05-22,2016-06-15,24,1.1665934093283286
FOODS_2_021,CA_1,FOODS_2,high,2016-05-22,2016-06-15,24,7.206612115347528
FOODS_2_024,CA_1,FOODS_2,medium,2016-05-22,2016-06-15,24,1.5573132890824029
FOODS_2_028,CA_1,FOODS_2,low,2016-05-22,2016-06-15,24,0.3369403846243945
FOODS_2_040,CA_1,FOODS_2,low,2016-05-22,2016-06-15,24,0.8287786651549863
FOODS_2_059,CA_1,FOODS_2,high,2016-05-22,2016-06-15,24,1.9524758310470136
FOODS_2_072,CA_1,FOODS_2,medium,2016-05-22,2016-06-15,24,0.786668273231335
FOODS_2_095,CA_1,FOODS_2,low,2016-05-22,2016-06-15,24,0.9075051883334779
FOODS_2_116,CA_1,FOODS_2,high,2016-05-22,2016-06-15,24,1.1490625558780392
FOODS_2_136,CA_1,FOODS_2,medium,2016-05-22,2016-06-15,24,0.6477352861628785
FOODS_2_139,CA_1,FOODS_2,high,2016-05-22,2016-06-15,24,1.6855313042774653
FOODS_2_146,CA_1,FOODS_2,medium,2016-05-22,2016-06-15,24,1.3283410195278313
FOODS_2_150,CA_1,FOODS_2,high,2016-05-22,2016-06-15,24,2.406674730599044
FOODS_2_170,CA_1,FOODS_2,medium,2016-05-22,2016-06-15,24,1.651785879814702
FOODS_2_178,CA_1,FOODS_2,low,2016-05-22,2016-06-15,24,0.8962041726456549
FOODS_2_180,CA_1,FOODS_2,low,2016-05-22,2016-06-15,24,0.4291067851186998
FOODS_2_184,CA_1,FOODS_2,high,2016-05-22,2016-06-15,24,1.122041354863193
FOODS_2_209,CA_1,FOODS_2,low,2016-05-22,2016-06-15,24,0.46181967595448004
FOODS_2_218,CA_1,FOODS_2,low,2016-05-22,2016-06-15,24,0.898506945574237
FOODS_2_251,CA_1,FOODS_2,medium,2016-05-22,2016-06-15,24,0.7743504516207266
FOODS_2_301,CA_1,FOODS_2,low,2016-05-22,2016-06-15,24,0.9939325323700633
FOODS_2_302,CA_1,FOODS_2,medium,2016-05-22,2016-06-15,24,1.2578824368102646
FOODS_2_304,CA_1,FOODS_2,medium,2016-05-22,2016-06-15,24,2.4653799667161467
FOODS_2_322,CA_1,FOODS_2,high,2016-05-22,2016-06-15,24,0.6795498176031946
FOODS_2_336,CA_1,FOODS_2,low,2016-05-22,2016-06-15,24,0.48532962880625513
FOODS_2_339,CA_1,FOODS_2,medium,2016-05-22,2016-06-15,24,1.0246386777992829
FOODS_2_357,CA_1,FOODS_2,high,2016-05-22,2016-06-15,24,2.6053182557455683
FOODS_2_360,CA_1,FOODS_2,high,2016-05-22,2016-06-15,24,11.514978844128562
FOODS_2_367,CA_1,FOODS_2,medium,2016-05-22,2016-06-15,24,0.7058038348733658
FOODS_3_026,CA_1,FOODS_3,high,2016-05-22,2016-06-15,24,1.5944276807046422
FOODS_3_048,CA_1,FOODS_3,medium,2016-05-22,2016-06-15,24,2.052423245850117
FOODS_3_053,CA_1,FOODS_3,medium,2016-05-22,2016-06-15,24,3.192195017778869
FOODS_3_068,CA_1,FOODS_3,low,2016-05-22,2016-06-15,24,0.4444246924158842
FOODS_3_074,CA_1,FOODS_3,medium,2016-05-22,2016-06-15,24,1.714527669268228
FOODS_3_089,CA_1,FOODS_3,high,2016-05-22,2016-06-15,24,0.9426606304306197
FOODS_3_096,CA_1,FOODS_3,medium,2016-05-22,2016-06-15,24,1.1351397677266708
FOODS_3_099,CA_1,FOODS_3,high,2016-05-22,2016-06-15,24,15.31328321019039
FOODS_3_113,CA_1,FOODS_3,high,2016-05-22,2016-06-15,24,3.8125638896088483
FOODS_3_123,CA_1,FOODS_3,low,2016-05-22,2016-06-15,24,1.7900006477428654
FOODS_3_135,CA_1,FOODS_3,high,2016-05-22,2016-06-15,24,6.1618083069718725
FOODS_3_179,CA_1,FOODS_3,low,2016-05-22,2016-06-15,24,0.9290915522279469
FOODS_3_187,CA_1,FOODS_3,medium,2016-05-22,2016-06-15,24,1.2755361998892059
FOODS_3_223,CA_1,FOODS_3,low,2016-05-22,2016-06-15,24,1.170703448379551
FOODS_3_240,CA_1,FOODS_3,low,2016-05-22,2016-06-15,24,0.8342791157959109
FOODS_3_249,CA_1,FOODS_3,medium,2016-05-22,2016-06-15,24,3.3902705424277286
FOODS_3_263,CA_1,FOODS_3,high,2016-05-22,2016-06-15,24,9.203664508837532
FOODS_3_276,CA_1,FOODS_3,high,2016-05-22,2016-06-15,24,0.0
FOODS_3_312,CA_1,FOODS_3,low,2016-05-22,2016-06-15,24,1.2728701187183182
FOODS_3_319,CA_1,FOODS_3,high,2016-05-22,2016-06-15,24,0.0
FOODS_3_321,CA_1,FOODS_3,high,2016-05-22,2016-06-15,24,5.319594302288995
FOODS_3_327,CA_1,FOODS_3,high,2016-05-22,2016-06-15,24,2.3492549717403546
FOODS_3_329,CA_1,FOODS_3,high,2016-05-22,2016-06-15,24,19.08557593451388
FOODS_3_340,CA_1,FOODS_3,low,2016-05-22,2016-06-15,24,0.6397926792629489
FOODS_3_354,CA_1,FOODS_3,low,2016-05-22,2016-06-15,24,0.22641940536063723
FOODS_3_360,CA_1,FOODS_3,medium,2016-05-22,2016-06-15,24,0.2616937588696949
FOODS_3_383,CA_1,FOODS_3,high,2016-05-22,2016-06-15,24,3.8891824913039095
FOODS_3_387,CA_1,FOODS_3,medium,2016-05-22,2016-06-15,24,1.5765677631336443
FOODS_3_432,CA_1,FOODS_3,high,2016-05-22,2016-06-15,24,0.489843448462239
FOODS_3_467,CA_1,FOODS_3,medium,2016-05-22,2016-06-15,24,1.2000208441325206
FOODS_3_470,CA_1,FOODS_3,medium,2016-05-22,2016-06-15,24,0.7086804502866462
FOODS_3_479,CA_1,FOODS_3,medium,2016-05-22,2016-06-15,24,0.6287030286075342
FOODS_3_480,CA_1,FOODS_3,medium,2016-05-22,2016-06-15,24,1.1785151501506779
FOODS_3_482,CA_1,FOODS_3,low,2016-05-22,2016-06-15,24,2.4064348588511275
FOODS_3_501,CA_1,FOODS_3,high,2016-05-22,2016-06-15,24,23.99739297398985
FOODS_3_511,CA_1,FOODS_3,high,2016-05-22,2016-06-15,24,25.796626615069737
FOODS_3_520,CA_1,FOODS_3,medium,2016-05-22,2016-06-15,24,0.6476536233458864
FOODS_3_532,CA_1,FOODS_3,medium,2016-05-22,2016-06-15,24,1.8402143843931016
FOODS_3_539,CA_1,FOODS_3,low,2016-05-22,2016-06-15,24,0.7642050329812132
FOODS_3_550,CA_1,FOODS_3,low,2016-05-22,2016-06-15,24,0.26002585470080947
FOODS_3_558,CA_1,FOODS_3,low,2016-05-22,2016-06-15,24,0.6172461871479482
FOODS_3_601,CA_1,FOODS_3,low,2016-05-22,2016-06-15,24,0.16272300555966565
FOODS_3_611,CA_1,FOODS_3,high,2016-05-22,2016-06-15,24,1.610700543276479
FOODS_3_616,CA_1,FOODS_3,medium,2016-05-22,2016-06-15,24,1.085926394124283
FOODS_3_635,CA_1,FOODS_3,high,2016-05-22,2016-06-15,24,0.0
FOODS_3_640,CA_1,FOODS_3,low,2016-05-22,2016-06-15,24,2.4701102572124394
FOODS_3_641,CA_1,FOODS_3,low,2016-05-22,2016-06-15,24,2.9276264179434563
FOODS_3_648,CA_1,FOODS_3,medium,2016-05-22,2016-06-15,24,0.6273729692540442
FOODS_3_658,CA_1,FOODS_3,low,2016-05-22,2016-06-15,24,0.9488926234265851
FOODS_3_661,CA_1,FOODS_3,high,2016-05-22,2016-06-15,24,4.322415165143885
FOODS_3_666,CA_1,FOODS_3,medium,2016-05-22,2016-06-15,24,1.2891857682674706
FOODS_3_677,CA_1,FOODS_3,low,2016-05-22,2016-06-15,24,0.7035877689110579
FOODS_3_709,CA_1,FOODS_3,low,2016-05-22,2016-06-15,24,0.40626517401360046
FOODS_3_724,CA_1,FOODS_3,low,2016-05-22,2016-06-15,24,0.44790357758130883
FOODS_3_795,CA_1,FOODS_3,medium,2016-05-22,2016-06-15,24,3.46722035818847
FOODS_3_801,CA_1,FOODS_3,high,2016-05-22,2016-06-15,24,1.528082391710091
FOODS_3_817,CA_1,FOODS_3,medium,2016-05-22,2016-06-15,24,0.7090311216405666
FOODS_1_017,TX_2,FOODS_1,low,2016-05-22,2016-06-15,24,0.4351392150525503
FOODS_1_020,TX_2,FOODS_1,medium,2016-05-22,2016-06-15,24,0.5870190770042851
FOODS_1_042,TX_2,FOODS_1,high,2016-05-22,2016-06-15,24,5.523563643501906
FOODS_1_082,TX_2,FOODS_1,high,2016-05-22,2016-06-15,24,2.2374956928667227
FOODS_1_086,TX_2,FOODS_1,high,2016-05-22,2016-06-15,24,0.27648967558024645
FOODS_1_089,TX_2,FOODS_1,low,2016-05-22,2016-06-15,24,0.36941844387321465
FOODS_1_099,TX_2,FOODS_1,high,2016-05-22,2016-06-15,24,7.907420194292851
FOODS_1_112,TX_2,FOODS_1,medium,2016-05-22,2016-06-15,24,0.5387356985312254
FOODS_1_135,TX_2,FOODS_1,low,2016-05-22,2016-06-15,24,0.2938097374473134
FOODS_1_155,TX_2,FOODS_1,medium,2016-05-22,2016-06-15,24,1.525159166236484
FOODS_1_156,TX_2,FOODS_1,low,2016-05-22,2016-06-15,24,0.3115538370166499
FOODS_1_172,TX_2,FOODS_1,high,2016-05-22,2016-06-15,24,3.959598000463263
FOODS_1_175,TX_2,FOODS_1,medium,2016-05-22,2016-06-15,24,0.5631116568776208
FOODS_1_210,TX_2,FOODS_1,medium,2016-05-22,2016-06-15,24,4.67687460246127
FOODS_1_214,TX_2,FOODS_1,low,2016-05-22,2016-06-15,24,0.37825911765899306
FOODS_2_021,TX_2,FOODS_2,high,2016-05-22,2016-06-15,24,0.6111773954068261
FOODS_2_024,TX_2,FOODS_2,medium,2016-05-22,2016-06-15,24,0.20755836148687165
FOODS_2_028,TX_2,FOODS_2,low,2016-05-22,2016-06-15,24,1.1273143860312744
FOODS_2_040,TX_2,FOODS_2,low,2016-05-22,2016-06-15,24,0.0945478906809091
FOODS_2_059,TX_2,FOODS_2,high,2016-05-22,2016-06-15,24,1.7323655196292862
FOODS_2_072,TX_2,FOODS_2,medium,2016-05-22,2016-06-15,24,0.4168676850955836
FOODS_2_095,TX_2,FOODS_2,low,2016-05-22,2016-06-15,24,0.47125527143025964
FOODS_2_116,TX_2,FOODS_2,high,2016-05-22,2016-06-15,24,0.6056611822780474
FOODS_2_136,TX_2,FOODS_2,medium,2016-05-22,2016-06-15,24,0.43256904249235995
FOODS_2_139,TX_2,FOODS_2,high,2016-05-22,2016-06-15,24,1.6239982943819002
FOODS_2_146,TX_2,FOODS_2,medium,2016-05-22,2016-06-15,24,0.8440389919018613
FOODS_2_150,TX_2,FOODS_2,high,2016-05-22,2016-06-15,24,1.1216956826698736
FOODS_2_170,TX_2,FOODS_2,medium,2016-05-22,2016-06-15,24,1.4591764010946178
FOODS_2_178,TX_2,FOODS_2,low,2016-05-22,2016-06-15,24,0.4245486354965381
FOODS_2_180,TX_2,FOODS_2,low,2016-05-22,2016-06-15,24,2.1805715593942314
FOODS_2_184,TX_2,FOODS_2,high,2016-05-22,2016-06-15,24,2.4909927032598813
FOODS_2_209,TX_2,FOODS_2,low,2016-05-22,2016-06-15,24,0.0
FOODS_2_218,TX_2,FOODS_2,low,2016-05-22,2016-06-15,24,0.015198269543590182
FOODS_2_251,TX_2,FOODS_2,medium,2016-05-22,2016-06-15,24,1.5756105887331082
FOODS_2_301,TX_2,FOODS_2,low,2016-05-22,2016-06-15,24,1.6445137262532528
FOODS_2_302,TX_2,FOODS_2,medium,2016-05-22,2016-06-15,24,0.9249682112648469
FOODS_2_304,TX_2,FOODS_2,medium,2016-05-22,2016-06-15,24,1.8179771088366208
FOODS_2_322,TX_2,FOODS_2,high,2016-05-22,2016-06-15,24,3.2151053141204327
FOODS_2_336,TX_2,FOODS_2,low,2016-05-22,2016-06-15,24,0.3756752471167285
FOODS_2_339,TX_2,FOODS_2,medium,2016-05-22,2016-06-15,24,0.6253923174879938
FOODS_2_357,TX_2,FOODS_2,high,2016-05-22,2016-06-15,24,1.9418599300596562
FOODS_2_360,TX_2,FOODS_2,high,2016-05-22,2016-06-15,24,10.549152890377798
FOODS_2_367,TX_2,FOODS_2,medium,2016-05-22,2016-06-15,24,0.0
FOODS_3_026,TX_2,FOODS_3,high,2016-05-22,2016-06-15,24,1.5205041672772033
FOODS_3_048,TX_2,FOODS_3,medium,2016-05-22,2016-06-15,24,2.353721644101104
FOODS_3_053,TX_2,FOODS_3,medium,2016-05-22,2016-06-15,24,0.9863389516245303
FOODS_3_068,TX_2,FOODS_3,low,2016-05-22,2016-06-15,24,0.625166044505218
FOODS_3_074,TX_2,FOODS_3,medium,2016-05-22,2016-06-15,24,1.4317406669485655
FOODS_3_089,TX_2,FOODS_3,high,2016-05-22,2016-06-15,24,0.7760087951930741
FOODS_3_096,TX_2,FOODS_3,medium,2016-05-22,2016-06-15,24,0.6703875466077258
FOODS_3_099,TX_2,FOODS_3,high,2016-05-22,2016-06-15,24,17.07654007359708
FOODS_3_113,TX_2,FOODS_3,high,2016-05-22,2016-06-15,24,0.8199864069135531
FOODS_3_123,TX_2,FOODS_3,low,2016-05-22,2016-06-15,24,0.4722747828482863
FOODS_3_135,TX_2,FOODS_3,high,2016-05-22,2016-06-15,24,13.71925079825779
FOODS_3_179,TX_2,FOODS_3,low,2016-05-22,2016-06-15,24,0.31315922354131953
FOODS_3_187,TX_2,FOODS_3,medium,2016-05-22,2016-06-15,24,1.176877086642699
FOODS_3_223,TX_2,FOODS_3,low,2016-05-22,2016-06-15,24,0.3340229799493212
FOODS_3_240,TX_2,FOODS_3,low,2016-05-22,2016-06-15,24,0.1306702202035946
FOODS_3_249,TX_2,FOODS_3,medium,2016-05-22,2016-06-15,24,1.9651431855778771
FOODS_3_263,TX_2,FOODS_3,high,2016-05-22,2016-06-15,24,14.910223407335177
FOODS_3_276,TX_2,FOODS_3,high,2016-05-22,2016-06-15,24,0.0
FOODS_3_312,TX_2,FOODS_3,low,2016-05-22,2016-06-15,24,0.7534241945768646
FOODS_3_319,TX_2,FOODS_3,high,2016-05-22,2016-06-15,24,0.0
FOODS_3_321,TX_2,FOODS_3,high,2016-05-22,2016-06-15,24,9.360925568314814
FOODS_3_327,TX_2,FOODS_3,high,2016-05-22,2016-06-15,24,4.261616239738589
FOODS_3_329,TX_2,FOODS_3,high,2016-05-22,2016-06-15,24,17.100742853963897
FOODS_3_340,TX_2,FOODS_3,low,2016-05-22,2016-06-15,24,0.6700152916653549
FOODS_3_354,TX_2,FOODS_3,low,2016-05-22,2016-06-15,24,0.639645858338919
FOODS_3_360,TX_2,FOODS_3,medium,2016-05-22,2016-06-15,24,0.48280624835059094
FOODS_3_383,TX_2,FOODS_3,high,2016-05-22,2016-06-15,24,2.419921998588363
FOODS_3_387,TX_2,FOODS_3,medium,2016-05-22,2016-06-15,24,1.1656708589932838
FOODS_3_432,TX_2,FOODS_3,high,2016-05-22,2016-06-15,24,1.760872126479365
FOODS_3_467,TX_2,FOODS_3,medium,2016-05-22,2016-06-15,24,0.6876543123705691
FOODS_3_470,TX_2,FOODS_3,medium,2016-05-22,2016-06-15,24,0.6733720840348493
FOODS_3_479,TX_2,FOODS_3,medium,2016-05-22,2016-06-15,24,1.1459227339968119
FOODS_3_480,TX_2,FOODS_3,medium,2016-05-22,2016-06-15,24,0.8389213514218741
FOODS_3_482,TX_2,FOODS_3,low,2016-05-22,2016-06-15,24,0.9070281646956387
FOODS_3_501,TX_2,FOODS_3,high,2016-05-22,2016-06-15,24,13.476934103919529
FOODS_3_511,TX_2,FOODS_3,high,2016-05-22,2016-06-15,24,10.27745529410929
FOODS_3_520,TX_2,FOODS_3,medium,2016-05-22,2016-06-15,24,1.128857521282696
FOODS_3_532,TX_2,FOODS_3,medium,2016-05-22,2016-06-15,24,1.7948789311568427
FOODS_3_539,TX_2,FOODS_3,low,2016-05-22,2016-06-15,24,0.38100796541466664
FOODS_3_550,TX_2,FOODS_3,low,2016-05-22,2016-06-15,24,0.31576081565349046
FOODS_3_558,TX_2,FOODS_3,low,2016-05-22,2016-06-15,24,0.20528993609129056
FOODS_3_601,TX_2,FOODS_3,low,2016-05-22,2016-06-15,24,0.14492245812042187
FOODS_3_611,TX_2,FOODS_3,high,2016-05-22,2016-06-15,24,2.6818048683510582
FOODS_3_616,TX_2,FOODS_3,medium,2016-05-22,2016-06-15,24,2.3401951801478553
FOODS_3_635,TX_2,FOODS_3,high,2016-05-22,2016-06-15,24,0.0
FOODS_3_640,TX_2,FOODS_3,low,2016-05-22,2016-06-15,24,0.8338721016351298
FOODS_3_641,TX_2,FOODS_3,low,2016-05-22,2016-06-15,24,0.37029884737065355
FOODS_3_648,TX_2,FOODS_3,medium,2016-05-22,2016-06-15,24,1.4385212879511944
FOODS_3_658,TX_2,FOODS_3,low,2016-05-22,2016-06-15,24,0.419008069012439
FOODS_3_661,TX_2,FOODS_3,high,2016-05-22,2016-06-15,24,3.651932282437014
FOODS_3_666,TX_2,FOODS_3,medium,2016-05-22,2016-06-15,24,1.0253657196812487
FOODS_3_677,TX_2,FOODS_3,low,2016-05-22,2016-06-15,24,0.8674405225842557
FOODS_3_709,TX_2,FOODS_3,low,2016-05-22,2016-06-15,24,1.2872489987934792
FOODS_3_724,TX_2,FOODS_3,low,2016-05-22,2016-06-15,24,0.44156044906028175
FOODS_3_795,TX_2,FOODS_3,medium,2016-05-22,2016-06-15,24,2.2029950809905174
FOODS_3_801,TX_2,FOODS_3,high,2016-05-22,2016-06-15,24,2.0063843244033905
FOODS_3_817,TX_2,FOODS_3,medium,2016-05-22,2016-06-15,24,0.6593092160618307
FOODS_1_017,WI_3,FOODS_1,low,2016-05-22,2016-06-15,24,0.8804514536706602
FOODS_1_020,WI_3,FOODS_1,medium,2016-05-22,2016-06-15,24,1.281100569319479
FOODS_1_042,WI_3,FOODS_1,high,2016-05-22,2016-06-15,24,2.181028563674545
FOODS_1_082,WI_3,FOODS_1,high,2016-05-22,2016-06-15,24,8.330962072564555
FOODS_1_086,WI_3,FOODS_1,high,2016-05-22,2016-06-15,24,2.09618337749245
FOODS_1_089,WI_3,FOODS_1,low,2016-05-22,2016-06-15,24,0.413972632918702
FOODS_1_099,WI_3,FOODS_1,high,2016-05-22,2016-06-15,24,2.5796629684152914
FOODS_1_112,WI_3,FOODS_1,medium,2016-05-22,2016-06-15,24,0.3327978895775415
FOODS_1_135,WI_3,FOODS_1,low,2016-05-22,2016-06-15,24,0.4036465523933787
FOODS_1_155,WI_3,FOODS_1,medium,2016-05-22,2016-06-15,24,1.1822493515576638
FOODS_1_156,WI_3,FOODS_1,low,2016-05-22,2016-06-15,24,0.6888751885177041
FOODS_1_172,WI_3,FOODS_1,high,2016-05-22,2016-06-15,24,2.767187664778907
FOODS_1_175,WI_3,FOODS_1,medium,2016-05-22,2016-06-15,24,0.34285771542701526
FOODS_1_210,WI_3,FOODS_1,medium,2016-05-22,2016-06-15,24,2.3289993413181156
FOODS_1_214,WI_3,FOODS_1,low,2016-05-22,2016-06-15,24,0.42445776275068015
FOODS_2_021,WI_3,FOODS_2,high,2016-05-22,2016-06-15,24,5.785041076809544
FOODS_2_024,WI_3,FOODS_2,medium,2016-05-22,2016-06-15,24,0.5793016675142122
FOODS_2_028,WI_3,FOODS_2,low,2016-05-22,2016-06-15,24,0.6589333372067614
FOODS_2_040,WI_3,FOODS_2,low,2016-05-22,2016-06-15,24,0.7412611488468147
FOODS_2_059,WI_3,FOODS_2,high,2016-05-22,2016-06-15,24,2.89936576624701
FOODS_2_072,WI_3,FOODS_2,medium,2016-05-22,2016-06-15,24,1.4492930646768656
FOODS_2_095,WI_3,FOODS_2,low,2016-05-22,2016-06-15,24,1.261193906790989
FOODS_2_116,WI_3,FOODS_2,high,2016-05-22,2016-06-15,24,0.8920692990003828
FOODS_2_136,WI_3,FOODS_2,medium,2016-05-22,2016-06-15,24,2.411134256461374
FOODS_2_139,WI_3,FOODS_2,high,2016-05-22,2016-06-15,24,1.1286746718670946
FOODS_2_146,WI_3,FOODS_2,medium,2016-05-22,2016-06-15,24,0.7470557490217112
FOODS_2_150,WI_3,FOODS_2,high,2016-05-22,2016-06-15,24,1.3022301521247777
FOODS_2_170,WI_3,FOODS_2,medium,2016-05-22,2016-06-15,24,1.5446482836343183
FOODS_2_178,WI_3,FOODS_2,low,2016-05-22,2016-06-15,24,1.1253505781702544
FOODS_2_180,WI_3,FOODS_2,low,2016-05-22,2016-06-15,24,0.8506480023501644
FOODS_2_184,WI_3,FOODS_2,high,2016-05-22,2016-06-15,24,0.7210530291709665
FOODS_2_209,WI_3,FOODS_2,low,2016-05-22,2016-06-15,24,0.7644949860589272
FOODS_2_218,WI_3,FOODS_2,low,2016-05-22,2016-06-15,24,0.3760059774426697
FOODS_2_251,WI_3,FOODS_2,medium,2016-05-22,2016-06-15,24,2.309865238450205
FOODS_2_301,WI_3,FOODS_2,low,2016-05-22,2016-06-15,24,1.00218114734892
FOODS_2_302,WI_3,FOODS_2,medium,2016-05-22,2016-06-15,24,1.8840862450656197
FOODS_2_304,WI_3,FOODS_2,medium,2016-05-22,2016-06-15,24,1.6261871438096491
FOODS_2_322,WI_3,FOODS_2,high,2016-05-22,2016-06-15,24,4.048325147158183
FOODS_2_336,WI_3,FOODS_2,low,2016-05-22,2016-06-15,24,0.764541223504405
FOODS_2_339,WI_3,FOODS_2,medium,2016-05-22,2016-06-15,24,2.3242990183709558
FOODS_2_357,WI_3,FOODS_2,high,2016-05-22,2016-06-15,24,4.2627124038096005
FOODS_2_360,WI_3,FOODS_2,high,2016-05-22,2016-06-15,24,17.178435648818372
FOODS_2_367,WI_3,FOODS_2,medium,2016-05-22,2016-06-15,24,0.5241778341202704
FOODS_3_026,WI_3,FOODS_3,high,2016-05-22,2016-06-15,24,1.8064377103736462
FOODS_3_048,WI_3,FOODS_3,medium,2016-05-22,2016-06-15,24,3.847412094022545
FOODS_3_053,WI_3,FOODS_3,medium,2016-05-22,2016-06-15,24,0.5285122796787365
FOODS_3_068,WI_3,FOODS_3,low,2016-05-22,2016-06-15,24,0.2782734169302
FOODS_3_074,WI_3,FOODS_3,medium,2016-05-22,2016-06-15,24,0.6853627219234999
FOODS_3_089,WI_3,FOODS_3,high,2016-05-22,2016-06-15,24,1.8990766261863385
FOODS_3_096,WI_3,FOODS_3,medium,2016-05-22,2016-06-15,24,0.6279991549693674
FOODS_3_099,WI_3,FOODS_3,high,2016-05-22,2016-06-15,24,9.637857424261707
FOODS_3_113,WI_3,FOODS_3,high,2016-05-22,2016-06-15,24,3.110036494159974
FOODS_3_123,WI_3,FOODS_3,low,2016-05-22,2016-06-15,24,0.3817014784405436
FOODS_3_135,WI_3,FOODS_3,high,2016-05-22,2016-06-15,24,8.212898139777453
FOODS_3_179,WI_3,FOODS_3,low,2016-05-22,2016-06-15,24,0.23745361970086992
FOODS_3_187,WI_3,FOODS_3,medium,2016-05-22,2016-06-15,24,1.6428076402224545
FOODS_3_223,WI_3,FOODS_3,low,2016-05-22,2016-06-15,24,0.989272410044085
FOODS_3_240,WI_3,FOODS_3,low,2016-05-22,2016-06-15,24,0.41583329387593676
FOODS_3_249,WI_3,FOODS_3,medium,2016-05-22,2016-06-15,24,1.0086148003052813
FOODS_3_263,WI_3,FOODS_3,high,2016-05-22,2016-06-15,24,11.12822164426562
FOODS_3_276,WI_3,FOODS_3,high,2016-05-22,2016-06-15,24,0.0
FOODS_3_312,WI_3,FOODS_3,low,2016-05-22,2016-06-15,24,0.5767178466654507
FOODS_3_319,WI_3,FOODS_3,high,2016-05-22,2016-06-15,24,0.0
FOODS_3_321,WI_3,FOODS_3,high,2016-05-22,2016-06-15,24,5.51461679904943
FOODS_3_327,WI_3,FOODS_3,high,2016-05-22,2016-06-15,24,1.9155863225342986
FOODS_3_329,WI_3,FOODS_3,high,2016-05-22,2016-06-15,24,19.308503111987495
FOODS_3_340,WI_3,FOODS_3,low,2016-05-22,2016-06-15,24,0.4855658654481966
FOODS_3_354,WI_3,FOODS_3,low,2016-05-22,2016-06-15,24,0.5096415033906646
FOODS_3_360,WI_3,FOODS_3,medium,2016-05-22,2016-06-15,24,0.31711815104235963
FOODS_3_383,WI_3,FOODS_3,high,2016-05-22,2016-06-15,24,2.0874263834344187
FOODS_3_387,WI_3,FOODS_3,medium,2016-05-22,2016-06-15,24,0.9013014994257225
FOODS_3_432,WI_3,FOODS_3,high,2016-05-22,2016-06-15,24,0.8131499826799302
FOODS_3_467,WI_3,FOODS_3,medium,2016-05-22,2016-06-15,24,1.0838351655845522
FOODS_3_470,WI_3,FOODS_3,medium,2016-05-22,2016-06-15,24,1.1053168175924324
FOODS_3_479,WI_3,FOODS_3,medium,2016-05-22,2016-06-15,24,0.8204866696946872
FOODS_3_480,WI_3,FOODS_3,medium,2016-05-22,2016-06-15,24,0.5811327582654778
FOODS_3_482,WI_3,FOODS_3,low,2016-05-22,2016-06-15,24,0.38493318821292755
FOODS_3_501,WI_3,FOODS_3,high,2016-05-22,2016-06-15,24,9.451438308084377
FOODS_3_511,WI_3,FOODS_3,high,2016-05-22,2016-06-15,24,8.187244664773162
FOODS_3_520,WI_3,FOODS_3,medium,2016-05-22,2016-06-15,24,0.5402093965062494
FOODS_3_532,WI_3,FOODS_3,medium,2016-05-22,2016-06-15,24,2.3635844824352943
FOODS_3_539,WI_3,FOODS_3,low,2016-05-22,2016-06-15,24,0.4057127692832723
FOODS_3_550,WI_3,FOODS_3,low,2016-05-22,2016-06-15,24,0.3769894401550335
FOODS_3_558,WI_3,FOODS_3,low,2016-05-22,2016-06-15,24,0.400184875194041
FOODS_3_601,WI_3,FOODS_3,low,2016-05-22,2016-06-15,24,0.3316448881919215
FOODS_3_611,WI_3,FOODS_3,high,2016-05-22,2016-06-15,24,0.6222006846119962
FOODS_3_616,WI_3,FOODS_3,medium,2016-05-22,2016-06-15,24,0.7311861800283449
FOODS_3_635,WI_3,FOODS_3,high,2016-05-22,2016-06-15,24,0.0
FOODS_3_640,WI_3,FOODS_3,low,2016-05-22,2016-06-15,24,1.3218290022072896
FOODS_3_641,WI_3,FOODS_3,low,2016-05-22,2016-06-15,24,0.7276662680889185
FOODS_3_648,WI_3,FOODS_3,medium,2016-05-22,2016-06-15,24,1.1350635371569064
FOODS_3_658,WI_3,FOODS_3,low,2016-05-22,2016-06-15,24,0.37595100788547897
FOODS_3_661,WI_3,FOODS_3,high,2016-05-22,2016-06-15,24,3.4140141351687396
FOODS_3_666,WI_3,FOODS_3,medium,2016-05-22,2016-06-15,24,0.9391492296008161
FOODS_3_677,WI_3,FOODS_3,low,2016-05-22,2016-06-15,24,0.25410526207374823
FOODS_3_709,WI_3,FOODS_3,low,2016-05-22,2016-06-15,24,1.3824974602625006
FOODS_3_724,WI_3,FOODS_3,low,2016-05-22,2016-06-15,24,0.19747284789213987
FOODS_3_795,WI_3,FOODS_3,medium,2016-05-22,2016-06-15,24,1.4176317053267664
FOODS_3_801,WI_3,FOODS_3,high,2016-05-22,2016-06-15,24,3.112003184125063
FOODS_3_817,WI_3,FOODS_3,medium,2016-05-22,2016-06-15,24,0.2502155424226632
FOODS_1_017,CA_1,FOODS_1,low,2016-05-22,2016-06-16,25,1.5164730439116345
FOODS_1_020,CA_1,FOODS_1,medium,2016-05-22,2016-06-16,25,1.7498899087068875
FOODS_1_042,CA_1,FOODS_1,high,2016-05-22,2016-06-16,25,3.0967261975906912
FOODS_1_082,CA_1,FOODS_1,high,2016-05-22,2016-06-16,25,7.7585956062369315
FOODS_1_086,CA_1,FOODS_1,high,2016-05-22,2016-06-16,25,4.3635420133485905
FOODS_1_089,CA_1,FOODS_1,low,2016-05-22,2016-06-16,25,0.589321280028949
FOODS_1_099,CA_1,FOODS_1,high,2016-05-22,2016-06-16,25,6.637152511738163
FOODS_1_112,CA_1,FOODS_1,medium,2016-05-22,2016-06-16,25,1.9145017726840619
FOODS_1_135,CA_1,FOODS_1,low,2016-05-22,2016-06-16,25,1.33005159619616
FOODS_1_155,CA_1,FOODS_1,medium,2016-05-22,2016-06-16,25,0.5248240417028768
FOODS_1_156,CA_1,FOODS_1,low,2016-05-22,2016-06-16,25,1.536404220281031
FOODS_1_172,CA_1,FOODS_1,high,2016-05-22,2016-06-16,25,1.5433127292717086
FOODS_1_175,CA_1,FOODS_1,medium,2016-05-22,2016-06-16,25,1.4441962184707837
FOODS_1_210,CA_1,FOODS_1,medium,2016-05-22,2016-06-16,25,2.4117725248300927
FOODS_1_214,CA_1,FOODS_1,low,2016-05-22,2016-06-16,25,1.1725431739471976
FOODS_2_021,CA_1,FOODS_2,high,2016-05-22,2016-06-16,25,7.106848262324227
FOODS_2_024,CA_1,FOODS_2,medium,2016-05-22,2016-06-16,25,1.5415030494067743
FOODS_2_028,CA_1,FOODS_2,low,2016-05-22,2016-06-16,25,0.3489739697895515
FOODS_2_040,CA_1,FOODS_2,low,2016-05-22,2016-06-16,25,0.8226636174819502
FOODS_2_059,CA_1,FOODS_2,high,2016-05-22,2016-06-16,25,2.0222071107272637
FOODS_2_072,CA_1,FOODS_2,medium,2016-05-22,2016-06-16,25,0.779049282989597
FOODS_2_095,CA_1,FOODS_2,low,2016-05-22,2016-06-16,25,0.9399160879168162
FOODS_2_116,CA_1,FOODS_2,high,2016-05-22,2016-06-16,25,1.1186719328736836
FOODS_2_136,CA_1,FOODS_2,medium,2016-05-22,2016-06-16,25,0.5637258320972669
FOODS_2_139,CA_1,FOODS_2,high,2016-05-22,2016-06-16,25,1.6385859937159466
FOODS_2_146,CA_1,FOODS_2,medium,2016-05-22,2016-06-16,25,1.3757817702252537
FOODS_2_150,CA_1,FOODS_2,high,2016-05-22,2016-06-16,25,2.4569131138347244
FOODS_2_170,CA_1,FOODS_2,medium,2016-05-22,2016-06-16,25,1.6750639469509416
FOODS_2_178,CA_1,FOODS_2,low,2016-05-22,2016-06-16,25,0.8924971788115711
FOODS_2_180,CA_1,FOODS_2,low,2016-05-22,2016-06-16,25,0.4444320274443677
FOODS_2_184,CA_1,FOODS_2,high,2016-05-22,2016-06-16,25,1.0549714032511641
FOODS_2_209,CA_1,FOODS_2,low,2016-05-22,2016-06-16,25,0.4783132358099972
FOODS_2_218,CA_1,FOODS_2,low,2016-05-22,2016-06-16,25,0.8948821936304598
FOODS_2_251,CA_1,FOODS_2,medium,2016-05-22,2016-06-16,25,0.7305772534643239
FOODS_2_301,CA_1,FOODS_2,low,2016-05-22,2016-06-16,25,0.8865729799547085
FOODS_2_302,CA_1,FOODS_2,medium,2016-05-22,2016-06-16,25,1.3028068095534882
FOODS_2_304,CA_1,FOODS_2,medium,2016-05-22,2016-06-16,25,2.4462863940988657
FOODS_2_322,CA_1,FOODS_2,high,2016-05-22,2016-06-16,25,0.66810516823188
FOODS_2_336,CA_1,FOODS_2,low,2016-05-22,2016-06-16,25,0.4312342584064785
FOODS_2_339,CA_1,FOODS_2,medium,2016-05-22,2016-06-16,25,1.0612329162921144
FOODS_2_357,CA_1,FOODS_2,high,2016-05-22,2016-06-16,25,2.555508193450767
FOODS_2_360,CA_1,FOODS_2,high,2016-05-22,2016-06-16,25,11.497656659990296
FOODS_2_367,CA_1,FOODS_2,medium,2016-05-22,2016-06-16,25,0.6595825432617003
FOODS_3_026,CA_1,FOODS_3,high,2016-05-22,2016-06-16,25,1.6513715264440936
FOODS_3_048,CA_1,FOODS_3,medium,2016-05-22,2016-06-16,25,2.018581218916192
FOODS_3_053,CA_1,FOODS_3,medium,2016-05-22,2016-06-16,25,3.199059125556687
FOODS_3_068,CA_1,FOODS_3,low,2016-05-22,2016-06-16,25,0.46029700285930863
FOODS_3_074,CA_1,FOODS_3,medium,2016-05-22,2016-06-16,25,1.775760800313522
FOODS_3_089,CA_1,FOODS_3,high,2016-05-22,2016-06-16,25,0.9763270815174275
FOODS_3_096,CA_1,FOODS_3,medium,2016-05-22,2016-06-16,25,1.1042519022883375
FOODS_3_099,CA_1,FOODS_3,high,2016-05-22,2016-06-16,25,15.681614753411475
FOODS_3_113,CA_1,FOODS_3,high,2016-05-22,2016-06-16,25,3.8772983142377355
FOODS_3_123,CA_1,FOODS_3,low,2016-05-22,2016-06-16,25,1.8539292423051106
FOODS_3_135,CA_1,FOODS_3,high,2016-05-22,2016-06-16,25,6.131872889363726
FOODS_3_179,CA_1,FOODS_3,low,2016-05-22,2016-06-16,25,0.9265591076646595
FOODS_3_187,CA_1,FOODS_3,medium,2016-05-22,2016-06-16,25,1.2496624927423916
FOODS_3_223,CA_1,FOODS_3,low,2016-05-22,2016-06-16,25,1.2125142858216778
FOODS_3_240,CA_1,FOODS_3,low,2016-05-22,2016-06-16,25,0.8640747985029077
FOODS_3_249,CA_1,FOODS_3,medium,2016-05-22,2016-06-16,25,3.475637347514432
FOODS_3_263,CA_1,FOODS_3,high,2016-05-22,2016-06-16,25,9.282366812724586
FOODS_3_276,CA_1,FOODS_3,high,2016-05-22,2016-06-16,25,0.0
FOODS_3_312,CA_1,FOODS_3,low,2016-05-22,2016-06-16,25,1.2826154801011154
FOODS_3_319,CA_1,FOODS_3,high,2016-05-22,2016-06-16,25,0.0
FOODS_3_321,CA_1,FOODS_3,high,2016-05-22,2016-06-16,25,5.331008384513602
FOODS_3_327,CA_1,FOODS_3,high,2016-05-22,2016-06-16,25,2.3617283635882242
FOODS_3_329,CA_1,FOODS_3,high,2016-05-22,2016-06-16,25,19.160060789317946
FOODS_3_340,CA_1,FOODS_3,low,2016-05-22,2016-06-16,25,0.6269281320937684
FOODS_3_354,CA_1,FOODS_3,low,2016-05-22,2016-06-16,25,0.23450581269494575
FOODS_3_360,CA_1,FOODS_3,medium,2016-05-22,2016-06-16,25,0.2353256788293269
FOODS_3_383,CA_1,FOODS_3,high,2016-05-22,2016-06-16,25,3.849510437421906
FOODS_3_387,CA_1,FOODS_3,medium,2016-05-22,2016-06-16,25,1.5971594689598458
FOODS_3_432,CA_1,FOODS_3,high,2016-05-22,2016-06-16,25,0.5073378573358904
FOODS_3_467,CA_1,FOODS_3,medium,2016-05-22,2016-06-16,25,1.242878731422968
FOODS_3_470,CA_1,FOODS_3,medium,2016-05-22,2016-06-16,25,0.6982761806540264
FOODS_3_479,CA_1,FOODS_3,medium,2016-05-22,2016-06-16,25,0.6511567082006605
FOODS_3_480,CA_1,FOODS_3,medium,2016-05-22,2016-06-16,25,1.149176405513202
FOODS_3_482,CA_1,FOODS_3,low,2016-05-22,2016-06-16,25,2.492378960952954
FOODS_3_501,CA_1,FOODS_3,high,2016-05-22,2016-06-16,25,23.675871294489486
FOODS_3_511,CA_1,FOODS_3,high,2016-05-22,2016-06-16,25,26.146506137036518
FOODS_3_520,CA_1,FOODS_3,medium,2016-05-22,2016-06-16,25,0.6707841098939538
FOODS_3_532,CA_1,FOODS_3,medium,2016-05-22,2016-06-16,25,1.8702220409785695
FOODS_3_539,CA_1,FOODS_3,low,2016-05-22,2016-06-16,25,0.7914980698733993
FOODS_3_550,CA_1,FOODS_3,low,2016-05-22,2016-06-16,25,0.2693124923686955
FOODS_3_558,CA_1,FOODS_3,low,2016-05-22,2016-06-16,25,0.6392906938318034
FOODS_3_601,CA_1,FOODS_3,low,2016-05-22,2016-06-16,25,0.16853454147251085
FOODS_3_611,CA_1,FOODS_3,high,2016-05-22,2016-06-16,25,1.6682255626792102
FOODS_3_616,CA_1,FOODS_3,medium,2016-05-22,2016-06-16,25,1.1247094796287216
FOODS_3_635,CA_1,FOODS_3,high,2016-05-22,2016-06-16,25,0.0
FOODS_3_640,CA_1,FOODS_3,low,2016-05-22,2016-06-16,25,2.4868999092557407
FOODS_3_641,CA_1,FOODS_3,low,2016-05-22,2016-06-16,25,2.889327361441437
FOODS_3_648,CA_1,FOODS_3,medium,2016-05-22,2016-06-16,25,0.6497791467274029
FOODS_3_658,CA_1,FOODS_3,low,2016-05-22,2016-06-16,25,0.9470673599775347
FOODS_3_661,CA_1,FOODS_3,high,2016-05-22,2016-06-16,25,4.333929992470452
FOODS_3_666,CA_1,FOODS_3,medium,2016-05-22,2016-06-16,25,1.335228117134166
FOODS_3_677,CA_1,FOODS_3,low,2016-05-22,2016-06-16,25,0.728715903515024
FOODS_3_709,CA_1,FOODS_3,low,2016-05-22,2016-06-16,25,0.4207746445140862
FOODS_3_724,CA_1,FOODS_3,low,2016-05-22,2016-06-16,25,0.39247156249492704
FOODS_3_795,CA_1,FOODS_3,medium,2016-05-22,2016-06-16,25,3.519621085266629
FOODS_3_801,CA_1,FOODS_3,high,2016-05-22,2016-06-16,25,1.5826567628425943
FOODS_3_817,CA_1,FOODS_3,medium,2016-05-22,2016-06-16,25,0.7343536616991583
FOODS_1_017,TX_2,FOODS_1,low,2016-05-22,2016-06-16,25,0.45067990130442703
FOODS_1_020,TX_2,FOODS_1,medium,2016-05-22,2016-06-16,25,0.6079840440401523
FOODS_1_042,TX_2,FOODS_1,high,2016-05-22,2016-06-16,25,5.542262345055546
FOODS_1_082,TX_2,FOODS_1,high,2016-05-22,2016-06-16,25,2.281691967611963
FOODS_1_086,TX_2,FOODS_1,high,2016-05-22,2016-06-16,25,0.28636430685096953
FOODS_1_089,TX_2,FOODS_1,low,2016-05-22,2016-06-16,25,0.34689767401154376
FOODS_1_099,TX_2,FOODS_1,high,2016-05-22,2016-06-16,25,8.01125662980331
FOODS_1_112,TX_2,FOODS_1,medium,2016-05-22,2016-06-16,25,0.5579762591930548
FOODS_1_135,TX_2,FOODS_1,low,2016-05-22,2016-06-16,25,0.2685886566418604
FOODS_1_155,TX_2,FOODS_1,medium,2016-05-22,2016-06-16,25,1.5082005650306443
FOODS_1_156,TX_2,FOODS_1,low,2016-05-22,2016-06-16,25,0.3226807597672446
FOODS_1_172,TX_2,FOODS_1,high,2016-05-22,2016-06-16,25,4.065297929051236
FOODS_1_175,TX_2,FOODS_1,medium,2016-05-22,2016-06-16,25,0.583222787480393
FOODS_1_210,TX_2,FOODS_1,medium,2016-05-22,2016-06-16,25,4.808191552549173
FOODS_1_214,TX_2,FOODS_1,low,2016-05-22,2016-06-16,25,0.3917683718611
FOODS_2_021,TX_2,FOODS_2,high,2016-05-22,2016-06-16,25,0.6330051595284986
FOODS_2_024,TX_2,FOODS_2,medium,2016-05-22,2016-06-16,25,0.21497116011140274
FOODS_2_028,TX_2,FOODS_2,low,2016-05-22,2016-06-16,25,1.1318613283895342
FOODS_2_040,TX_2,FOODS_2,low,2016-05-22,2016-06-16,25,0.09792460106237014
FOODS_2_059,TX_2,FOODS_2,high,2016-05-22,2016-06-16,25,1.7585214310446176
FOODS_2_072,TX_2,FOODS_2,medium,2016-05-22,2016-06-16,25,0.4317558167061401
FOODS_2_095,TX_2,FOODS_2,low,2016-05-22,2016-06-16,25,0.4880858168384831
FOODS_2_116,TX_2,FOODS_2,high,2016-05-22,2016-06-16,25,0.6272919387879777
FOODS_2_136,TX_2,FOODS_2,medium,2016-05-22,2016-06-16,25,0.4123036511528015
FOODS_2_139,TX_2,FOODS_2,high,2016-05-22,2016-06-16,25,1.681998233466968
FOODS_2_146,TX_2,FOODS_2,medium,2016-05-22,2016-06-16,25,0.8384689558983563
FOODS_2_150,TX_2,FOODS_2,high,2016-05-22,2016-06-16,25,1.1617562427652264
FOODS_2_170,TX_2,FOODS_2,medium,2016-05-22,2016-06-16,25,1.5112898439908538
FOODS_2_178,TX_2,FOODS_2,low,2016-05-22,2016-06-16,25,0.4397110867642716
FOODS_2_180,TX_2,FOODS_2,low,2016-05-22,2016-06-16,25,2.222734829372597
FOODS_2_184,TX_2,FOODS_2,high,2016-05-22,2016-06-16,25,2.508528156947734
FOODS_2_209,TX_2,FOODS_2,low,2016-05-22,2016-06-16,25,0.0
FOODS_2_218,TX_2,FOODS_2,low,2016-05-22,2016-06-16,25,0.015741064884432686
FOODS_2_251,TX_2,FOODS_2,medium,2016-05-22,2016-06-16,25,1.6318823954735764
FOODS_2_301,TX_2,FOODS_2,low,2016-05-22,2016-06-16,25,1.560389216476583
FOODS_2_302,TX_2,FOODS_2,medium,2016-05-22,2016-06-16,25,0.9222885045243057
FOODS_2_304,TX_2,FOODS_2,medium,2016-05-22,2016-06-16,25,1.7757620055807855
FOODS_2_322,TX_2,FOODS_2,high,2016-05-22,2016-06-16,25,3.115644789624734
FOODS_2_336,TX_2,FOODS_2,low,2016-05-22,2016-06-16,25,0.3890922202280402
FOODS_2_339,TX_2,FOODS_2,medium,2016-05-22,2016-06-16,25,0.6477277573982793
FOODS_2_357,TX_2,FOODS_2,high,2016-05-22,2016-06-16,25,1.8326406418475012
FOODS_2_360,TX_2,FOODS_2,high,2016-05-22,2016-06-16,25,10.497336922177007
FOODS_2_367,TX_2,FOODS_2,medium,2016-05-22,2016-06-16,25,0.0
FOODS_3_026,TX_2,FOODS_3,high,2016-05-22,2016-06-16,25,1.4676650303942467
FOODS_3_048,TX_2,FOODS_3,medium,2016-05-22,2016-06-16,25,2.4377831313904297
FOODS_3_053,TX_2,FOODS_3,medium,2016-05-22,2016-06-16,25,0.9858510570396923
FOODS_3_068,TX_2,FOODS_3,low,2016-05-22,2016-06-16,25,0.5403505460946899
FOODS_3_074,TX_2,FOODS_3,medium,2016-05-22,2016-06-16,25,1.4114456907681565
FOODS_3_089,TX_2,FOODS_3,high,2016-05-22,2016-06-16,25,0.7680091093071125
FOODS_3_096,TX_2,FOODS_3,medium,2016-05-22,2016-06-16,25,0.6943299589865731
FOODS_3_099,TX_2,FOODS_3,high,2016-05-22,2016-06-16,25,17.043559361939835
FOODS_3_113,TX_2,FOODS_3,high,2016-05-22,2016-06-16,25,0.8492716357318943
FOODS_3_123,TX_2,FOODS_3,low,2016-05-22,2016-06-16,25,0.48914173937858224
FOODS_3_135,TX_2,FOODS_3,high,2016-05-22,2016-06-16,25,13.816366898195566
FOODS_3_179,TX_2,FOODS_3,low,2016-05-22,2016-06-16,25,0.3243434815249381
FOODS_3_187,TX_2,FOODS_3,medium,2016-05-22,2016-06-16,25,1.2189084111656523
FOODS_3_223,TX_2,FOODS_3,low,2016-05-22,2016-06-16,25,0.34595237209036833
FOODS_3_240,TX_2,FOODS_3,low,2016-05-22,2016-06-16,25,0.1353370137822944
FOODS_3_249,TX_2,FOODS_3,medium,2016-05-22,2016-06-16,25,1.9996125850628015
FOODS_3_263,TX_2,FOODS_3,high,2016-05-22,2016-06-16,25,15.049874243311434
FOODS_3_276,TX_2,FOODS_3,high,2016-05-22,2016-06-16,25,0.0
FOODS_3_312,TX_2,FOODS_3,low,2016-05-22,2016-06-16,25,0.7446179158117525
FOODS_3_319,TX_2,FOODS_3,high,2016-05-22,2016-06-16,25,0.0
FOODS_3_321,TX_2,FOODS_3,high,2016-05-22,2016-06-16,25,9.409530052897486
FOODS_3_327,TX_2,FOODS_3,high,2016-05-22,2016-06-16,25,4.342388248300682
FOODS_3_329,TX_2,FOODS_3,high,2016-05-22,2016-06-16,25,17.31862652731975
FOODS_3_340,TX_2,FOODS_3,low,2016-05-22,2016-06-16,25,0.6939444092248319
FOODS_3_354,TX_2,FOODS_3,low,2016-05-22,2016-06-16,25,0.6624903532795947
FOODS_3_360,TX_2,FOODS_3,medium,2016-05-22,2016-06-16,25,0.46433504293454064
FOODS_3_383,TX_2,FOODS_3,high,2016-05-22,2016-06-16,25,2.3277763556808044
FOODS_3_387,TX_2,FOODS_3,medium,2016-05-22,2016-06-16,25,1.171587675385901
FOODS_3_432,TX_2,FOODS_3,high,2016-05-22,2016-06-16,25,1.7880461309964848
FOODS_3_467,TX_2,FOODS_3,medium,2016-05-22,2016-06-16,25,0.6764991092409467
FOODS_3_470,TX_2,FOODS_3,medium,2016-05-22,2016-06-16,25,0.6974210870360941
FOODS_3_479,TX_2,FOODS_3,medium,2016-05-22,2016-06-16,25,1.1868485459252693
FOODS_3_480,TX_2,FOODS_3,medium,2016-05-22,2016-06-16,25,0.7974542568297983
FOODS_3_482,TX_2,FOODS_3,low,2016-05-22,2016-06-16,25,0.9037077420061974
FOODS_3_501,TX_2,FOODS_3,high,2016-05-22,2016-06-16,25,13.4939674647738
FOODS_3_511,TX_2,FOODS_3,high,2016-05-22,2016-06-16,25,10.430221554613194
FOODS_3_520,TX_2,FOODS_3,medium,2016-05-22,2016-06-16,25,1.1334595756142207
FOODS_3_532,TX_2,FOODS_3,medium,2016-05-22,2016-06-16,25,1.85898175012673
FOODS_3_539,TX_2,FOODS_3,low,2016-05-22,2016-06-16,25,0.3946153927509047
FOODS_3_550,TX_2,FOODS_3,low,2016-05-22,2016-06-16,25,0.3270379876411151
FOODS_3_558,TX_2,FOODS_3,low,2016-05-22,2016-06-16,25,0.21262171952312237
FOODS_3_601,TX_2,FOODS_3,low,2016-05-22,2016-06-16,25,0.1500982601961512
FOODS_3_611,TX_2,FOODS_3,high,2016-05-22,2016-06-16,25,2.6704407565064536
FOODS_3_616,TX_2,FOODS_3,medium,2016-05-22,2016-06-16,25,2.3166307222959928
FOODS_3_635,TX_2,FOODS_3,high,2016-05-22,2016-06-16,25,0.0
FOODS_3_640,TX_2,FOODS_3,low,2016-05-22,2016-06-16,25,0.7922246766935271
FOODS_3_641,TX_2,FOODS_3,low,2016-05-22,2016-06-16,25,0.38352380620531973
FOODS_3_648,TX_2,FOODS_3,medium,2016-05-22,2016-06-16,25,1.4898970482351657
FOODS_3_658,TX_2,FOODS_3,low,2016-05-22,2016-06-16,25,0.4339726429057404
FOODS_3_661,TX_2,FOODS_3,high,2016-05-22,2016-06-16,25,3.7109298639526216
FOODS_3_666,TX_2,FOODS_3,medium,2016-05-22,2016-06-16,25,1.061985923955579
FOODS_3_677,TX_2,FOODS_3,low,2016-05-22,2016-06-16,25,0.8627062555336933
FOODS_3_709,TX_2,FOODS_3,low,2016-05-22,2016-06-16,25,1.297507891607532
FOODS_3_724,TX_2,FOODS_3,low,2016-05-22,2016-06-16,25,0.45733046509814906
FOODS_3_795,TX_2,FOODS_3,medium,2016-05-22,2016-06-16,25,2.1388163338830357
FOODS_3_801,TX_2,FOODS_3,high,2016-05-22,2016-06-16,25,1.97089805027494
FOODS_3_817,TX_2,FOODS_3,medium,2016-05-22,2016-06-16,25,0.6828559737783246
FOODS_1_017,WI_3,FOODS_1,low,2016-05-22,2016-06-16,25,0.9118961484446124
FOODS_1_020,WI_3,FOODS_1,medium,2016-05-22,2016-06-16,25,1.2911398753666032
FOODS_1_042,WI_3,FOODS_1,high,2016-05-22,2016-06-16,25,2.2589224409486355
FOODS_1_082,WI_3,FOODS_1,high,2016-05-22,2016-06-16,25,8.485639289441858
FOODS_1_086,WI_3,FOODS_1,high,2016-05-22,2016-06-16,25,2.063904212402895
FOODS_1_089,WI_3,FOODS_1,low,2016-05-22,2016-06-16,25,0.4287573698086556
FOODS_1_099,WI_3,FOODS_1,high,2016-05-22,2016-06-16,25,2.5646509315729804
FOODS_1_112,WI_3,FOODS_1,medium,2016-05-22,2016-06-16,25,0.3446835284910252
FOODS_1_135,WI_3,FOODS_1,low,2016-05-22,2016-06-16,25,0.41806250069314216
FOODS_1_155,WI_3,FOODS_1,medium,2016-05-22,2016-06-16,25,1.2244725426847232
FOODS_1_156,WI_3,FOODS_1,low,2016-05-22,2016-06-16,25,0.713477873821908
FOODS_1_172,WI_3,FOODS_1,high,2016-05-22,2016-06-16,25,2.830301509949582
FOODS_1_175,WI_3,FOODS_1,medium,2016-05-22,2016-06-16,25,0.35510263383512297
FOODS_1_210,WI_3,FOODS_1,medium,2016-05-22,2016-06-16,25,2.340749317793762
FOODS_1_214,WI_3,FOODS_1,low,2016-05-22,2016-06-16,25,0.4396169685632044
FOODS_2_021,WI_3,FOODS_2,high,2016-05-22,2016-06-16,25,5.955935400981313
FOODS_2_024,WI_3,FOODS_2,medium,2016-05-22,2016-06-16,25,0.5642767270682912
FOODS_2_028,WI_3,FOODS_2,low,2016-05-22,2016-06-16,25,0.6824666706784315
FOODS_2_040,WI_3,FOODS_2,low,2016-05-22,2016-06-16,25,0.7677347613056293
FOODS_2_059,WI_3,FOODS_2,high,2016-05-22,2016-06-16,25,2.9672002578986896
FOODS_2_072,WI_3,FOODS_2,medium,2016-05-22,2016-06-16,25,1.3939106741296108
FOODS_2_095,WI_3,FOODS_2,low,2016-05-22,2016-06-16,25,1.2705222606049527
FOODS_2_116,WI_3,FOODS_2,high,2016-05-22,2016-06-16,25,0.8525003453932536
FOODS_2_136,WI_3,FOODS_2,medium,2016-05-22,2016-06-16,25,2.3901033370492804
FOODS_2_139,WI_3,FOODS_2,high,2016-05-22,2016-06-16,25,1.1689844815766335
FOODS_2_146,WI_3,FOODS_2,medium,2016-05-22,2016-06-16,25,0.7737363114867725
FOODS_2_150,WI_3,FOODS_2,high,2016-05-22,2016-06-16,25,1.277309800414948
FOODS_2_170,WI_3,FOODS_2,medium,2016-05-22,2016-06-16,25,1.528385722335544
FOODS_2_178,WI_3,FOODS_2,low,2016-05-22,2016-06-16,25,1.1655416702477635
FOODS_2_180,WI_3,FOODS_2,low,2016-05-22,2016-06-16,25,0.8810282881483846
FOODS_2_184,WI_3,FOODS_2,high,2016-05-22,2016-06-16,25,0.7468049230699297
FOODS_2_209,WI_3,FOODS_2,low,2016-05-22,2016-06-16,25,0.7917983784181748
FOODS_2_218,WI_3,FOODS_2,low,2016-05-22,2016-06-16,25,0.35372047663705075
FOODS_2_251,WI_3,FOODS_2,medium,2016-05-22,2016-06-16,25,2.320931854109141
FOODS_2_301,WI_3,FOODS_2,low,2016-05-22,2016-06-16,25,1.0022590454685243
FOODS_2_302,WI_3,FOODS_2,medium,2016-05-22,2016-06-16,25,1.915660753817963
FOODS_2_304,WI_3,FOODS_2,medium,2016-05-22,2016-06-16,25,1.6128366846599942
FOODS_2_322,WI_3,FOODS_2,high,2016-05-22,2016-06-16,25,4.121479616699546
FOODS_2_336,WI_3,FOODS_2,low,2016-05-22,2016-06-16,25,0.7918462672009909
FOODS_2_339,WI_3,FOODS_2,medium,2016-05-22,2016-06-16,25,2.335881126169919
FOODS_2_357,WI_3,FOODS_2,high,2016-05-22,2016-06-16,25,4.343523561088515
FOODS_2_360,WI_3,FOODS_2,high,2016-05-22,2016-06-16,25,17.363379779133307
FOODS_2_367,WI_3,FOODS_2,medium,2016-05-22,2016-06-16,25,0.5428984710531373
FOODS_3_026,WI_3,FOODS_3,high,2016-05-22,2016-06-16,25,1.7995247714584188
FOODS_3_048,WI_3,FOODS_3,medium,2016-05-22,2016-06-16,25,3.913391097380493
FOODS_3_053,WI_3,FOODS_3,medium,2016-05-22,2016-06-16,25,0.5473877182386914
FOODS_3_068,WI_3,FOODS_3,low,2016-05-22,2016-06-16,25,0.28821175324913567
FOODS_3_074,WI_3,FOODS_3,medium,2016-05-22,2016-06-16,25,0.7098399619921963
FOODS_3_089,WI_3,FOODS_3,high,2016-05-22,2016-06-16,25,1.9311865056929933
FOODS_3_096,WI_3,FOODS_3,medium,2016-05-22,2016-06-16,25,0.6504276962182735
FOODS_3_099,WI_3,FOODS_3,high,2016-05-22,2016-06-16,25,9.732066617985337
FOODS_3_113,WI_3,FOODS_3,high,2016-05-22,2016-06-16,25,3.1853949403799726
FOODS_3_123,WI_3,FOODS_3,low,2016-05-22,2016-06-16,25,0.3953336740991344
FOODS_3_135,WI_3,FOODS_3,high,2016-05-22,2016-06-16,25,8.220501644769506
FOODS_3_179,WI_3,FOODS_3,low,2016-05-22,2016-06-16,25,0.24593410611875816
FOODS_3_187,WI_3,FOODS_3,medium,2016-05-22,2016-06-16,25,1.7014793416589709
FOODS_3_223,WI_3,FOODS_3,low,2016-05-22,2016-06-16,25,1.0246035675456595
FOODS_3_240,WI_3,FOODS_3,low,2016-05-22,2016-06-16,25,0.4306844829429345
FOODS_3_249,WI_3,FOODS_3,medium,2016-05-22,2016-06-16,25,0.9732081860304698
FOODS_3_263,WI_3,FOODS_3,high,2016-05-22,2016-06-16,25,11.27565813156082
FOODS_3_276,WI_3,FOODS_3,high,2016-05-22,2016-06-16,25,0.0
FOODS_3_312,WI_3,FOODS_3,low,2016-05-22,2016-06-16,25,0.5973149126177881
FOODS_3_319,WI_3,FOODS_3,high,2016-05-22,2016-06-16,25,0.0
FOODS_3_321,WI_3,FOODS_3,high,2016-05-22,2016-06-16,25,5.497281684729768
FOODS_3_327,WI_3,FOODS_3,high,2016-05-22,2016-06-16,25,1.9482858340533806
FOODS_3_329,WI_3,FOODS_3,high,2016-05-22,2016-06-16,25,19.67666393741561
FOODS_3_340,WI_3,FOODS_3,low,2016-05-22,2016-06-16,25,0.5029075034999179
FOODS_3_354,WI_3,FOODS_3,low,2016-05-22,2016-06-16,25,0.527842985654617
FOODS_3_360,WI_3,FOODS_3,medium,2016-05-22,2016-06-16,25,0.32844379929387246
FOODS_3_383,WI_3,FOODS_3,high,2016-05-22,2016-06-16,25,2.1619773256999335
FOODS_3_387,WI_3,FOODS_3,medium,2016-05-22,2016-06-16,25,0.933490838690927
FOODS_3_432,WI_3,FOODS_3,high,2016-05-22,2016-06-16,25,0.8064767677756419
FOODS_3_467,WI_3,FOODS_3,medium,2016-05-22,2016-06-16,25,1.1225435643554291
FOODS_3_470,WI_3,FOODS_3,medium,2016-05-22,2016-06-16,25,1.1090781325064478
FOODS_3_479,WI_3,FOODS_3,medium,2016-05-22,2016-06-16,25,0.8140754793266404
FOODS_3_480,WI_3,FOODS_3,medium,2016-05-22,2016-06-16,25,0.6018874996321021
FOODS_3_482,WI_3,FOODS_3,low,2016-05-22,2016-06-16,25,0.398680802077675
FOODS_3_501,WI_3,FOODS_3,high,2016-05-22,2016-06-16,25,9.610418247658819
FOODS_3_511,WI_3,FOODS_3,high,2016-05-22,2016-06-16,25,8.265360545657918
FOODS_3_520,WI_3,FOODS_3,medium,2016-05-22,2016-06-16,25,0.5595025892386155
FOODS_3_532,WI_3,FOODS_3,medium,2016-05-22,2016-06-16,25,2.4479982139508416
FOODS_3_539,WI_3,FOODS_3,low,2016-05-22,2016-06-16,25,0.4202025110433892
FOODS_3_550,WI_3,FOODS_3,low,2016-05-22,2016-06-16,25,0.3904533487319991
FOODS_3_558,WI_3,FOODS_3,low,2016-05-22,2016-06-16,25,0.3430486207366853
FOODS_3_601,WI_3,FOODS_3,low,2016-05-22,2016-06-16,25,0.3434893484844901
FOODS_3_611,WI_3,FOODS_3,high,2016-05-22,2016-06-16,25,0.5729935662052817
FOODS_3_616,WI_3,FOODS_3,medium,2016-05-22,2016-06-16,25,0.685871400743643
FOODS_3_635,WI_3,FOODS_3,high,2016-05-22,2016-06-16,25,0.0
FOODS_3_640,WI_3,FOODS_3,low,2016-05-22,2016-06-16,25,1.3333228951432645
FOODS_3_641,WI_3,FOODS_3,low,2016-05-22,2016-06-16,25,0.7536543490920942
FOODS_3_648,WI_3,FOODS_3,medium,2016-05-22,2016-06-16,25,1.1398872349125102
FOODS_3_658,WI_3,FOODS_3,low,2016-05-22,2016-06-16,25,0.38937782959567474
FOODS_3_661,WI_3,FOODS_3,high,2016-05-22,2016-06-16,25,3.42880035428191
FOODS_3_666,WI_3,FOODS_3,medium,2016-05-22,2016-06-16,25,0.9012617020865595
FOODS_3_677,WI_3,FOODS_3,low,2016-05-22,2016-06-16,25,0.2631804500049536
FOODS_3_709,WI_3,FOODS_3,low,2016-05-22,2016-06-16,25,1.43187236955759
FOODS_3_724,WI_3,FOODS_3,low,2016-05-22,2016-06-16,25,0.20452544960257343
FOODS_3_795,WI_3,FOODS_3,medium,2016-05-22,2016-06-16,25,1.4682614090884365
FOODS_3_801,WI_3,FOODS_3,high,2016-05-22,2016-06-16,25,3.116003297843816
FOODS_3_817,WI_3,FOODS_3,medium,2016-05-22,2016-06-16,25,0.25915181179490115
FOODS_1_017,CA_1,FOODS_1,low,2016-05-22,2016-06-17,26,1.4992042240513357
FOODS_1_020,CA_1,FOODS_1,medium,2016-05-22,2016-06-17,26,1.7766716911607052
FOODS_1_042,CA_1,FOODS_1,high,2016-05-22,2016-06-17,26,3.1001807046475025
FOODS_1_082,CA_1,FOODS_1,high,2016-05-22,2016-06-17,26,7.999974020745393
FOODS_1_086,CA_1,FOODS_1,high,2016-05-22,2016-06-17,26,4.519382799539611
FOODS_1_089,CA_1,FOODS_1,low,2016-05-22,2016-06-17,26,0.6103684686014115
FOODS_1_099,CA_1,FOODS_1,high,2016-05-22,2016-06-17,26,6.802765101443097
FOODS_1_112,CA_1,FOODS_1,medium,2016-05-22,2016-06-17,26,1.947162550279921
FOODS_1_135,CA_1,FOODS_1,low,2016-05-22,2016-06-17,26,1.3418391532031657
FOODS_1_155,CA_1,FOODS_1,medium,2016-05-22,2016-06-17,26,0.5435677574779796
FOODS_1_156,CA_1,FOODS_1,low,2016-05-22,2016-06-17,26,1.5198472281482105
FOODS_1_172,CA_1,FOODS_1,high,2016-05-22,2016-06-17,26,1.5627167553171268
FOODS_1_175,CA_1,FOODS_1,medium,2016-05-22,2016-06-17,26,1.3529175119875976
FOODS_1_210,CA_1,FOODS_1,medium,2016-05-22,2016-06-17,26,2.4621929721454543
FOODS_1_214,CA_1,FOODS_1,low,2016-05-22,2016-06-17,26,1.1072768587310262
FOODS_2_021,CA_1,FOODS_2,high,2016-05-22,2016-06-17,26,7.217807128835806
FOODS_2_024,CA_1,FOODS_2,medium,2016-05-22,2016-06-17,26,1.5965567297427303
FOODS_2_028,CA_1,FOODS_2,low,2016-05-22,2016-06-17,26,0.3614373258534641
FOODS_2_040,CA_1,FOODS_2,low,2016-05-22,2016-06-17,26,0.8520444609634483
FOODS_2_059,CA_1,FOODS_2,high,2016-05-22,2016-06-17,26,1.9872859361103807
FOODS_2_072,CA_1,FOODS_2,medium,2016-05-22,2016-06-17,26,0.7711581859535112
FOODS_2_095,CA_1,FOODS_2,low,2016-05-22,2016-06-17,26,0.9377702339138454
FOODS_2_116,CA_1,FOODS_2,high,2016-05-22,2016-06-17,26,1.0871959304763152
FOODS_2_136,CA_1,FOODS_2,medium,2016-05-22,2016-06-17,26,0.5838588975293121
FOODS_2_139,CA_1,FOODS_2,high,2016-05-22,2016-06-17,26,1.661392636348659
FOODS_2_146,CA_1,FOODS_2,medium,2016-05-22,2016-06-17,26,1.3892025477332985
FOODS_2_150,CA_1,FOODS_2,high,2016-05-22,2016-06-17,26,2.5446600107573936
FOODS_2_170,CA_1,FOODS_2,medium,2016-05-22,2016-06-17,26,1.5920305164849036
FOODS_2_178,CA_1,FOODS_2,low,2016-05-22,2016-06-17,26,0.9243720780548415
FOODS_2_180,CA_1,FOODS_2,low,2016-05-22,2016-06-17,26,0.4603045998530951
FOODS_2_184,CA_1,FOODS_2,high,2016-05-22,2016-06-17,26,1.0569346676529914
FOODS_2_209,CA_1,FOODS_2,low,2016-05-22,2016-06-17,26,0.49539585137463993
FOODS_2_218,CA_1,FOODS_2,low,2016-05-22,2016-06-17,26,0.9268422719744047
FOODS_2_251,CA_1,FOODS_2,medium,2016-05-22,2016-06-17,26,0.7209550125166213
FOODS_2_301,CA_1,FOODS_2,low,2016-05-22,2016-06-17,26,0.8825220149530909
FOODS_2_302,CA_1,FOODS_2,medium,2016-05-22,2016-06-17,26,1.2779070527518273
FOODS_2_304,CA_1,FOODS_2,medium,2016-05-22,2016-06-17,26,2.4622251938881115
FOODS_2_322,CA_1,FOODS_2,high,2016-05-22,2016-06-17,26,0.6919660670973043
FOODS_2_336,CA_1,FOODS_2,low,2016-05-22,2016-06-17,26,0.4466354819209956
FOODS_2_339,CA_1,FOODS_2,medium,2016-05-22,2016-06-17,26,1.0991340918739756
FOODS_2_357,CA_1,FOODS_2,high,2016-05-22,2016-06-17,26,2.646776343216866
FOODS_2_360,CA_1,FOODS_2,high,2016-05-22,2016-06-17,26,11.515430112132806
FOODS_2_367,CA_1,FOODS_2,medium,2016-05-22,2016-06-17,26,0.6831390626639039
FOODS_3_026,CA_1,FOODS_3,high,2016-05-22,2016-06-17,26,1.638920509531383
FOODS_3_048,CA_1,FOODS_3,medium,2016-05-22,2016-06-17,26,1.8763876910203419
FOODS_3_053,CA_1,FOODS_3,medium,2016-05-22,2016-06-17,26,3.134739808612282
FOODS_3_068,CA_1,FOODS_3,low,2016-05-22,2016-06-17,26,0.47673618153285535
FOODS_3_074,CA_1,FOODS_3,medium,2016-05-22,2016-06-17,26,1.803466543181862
FOODS_3_089,CA_1,FOODS_3,high,2016-05-22,2016-06-17,26,1.0111959058573357
FOODS_3_096,CA_1,FOODS_3,medium,2016-05-22,2016-06-17,26,1.1436894702272067
FOODS_3_099,CA_1,FOODS_3,high,2016-05-22,2016-06-17,26,15.777386708890456
FOODS_3_113,CA_1,FOODS_3,high,2016-05-22,2016-06-17,26,3.944344682603369
FOODS_3_123,CA_1,FOODS_3,low,2016-05-22,2016-06-17,26,1.9201410009588646
FOODS_3_135,CA_1,FOODS_3,high,2016-05-22,2016-06-17,26,6.243725492555288
FOODS_3_179,CA_1,FOODS_3,low,2016-05-22,2016-06-17,26,0.9239362186526829
FOODS_3_187,CA_1,FOODS_3,medium,2016-05-22,2016-06-17,26,1.2942932960546198
FOODS_3_223,CA_1,FOODS_3,low,2016-05-22,2016-06-17,26,1.2201040817438804
FOODS_3_240,CA_1,FOODS_3,low,2016-05-22,2016-06-17,26,0.8949346127351544
FOODS_3_249,CA_1,FOODS_3,medium,2016-05-22,2016-06-17,26,3.492624395639948
FOODS_3_263,CA_1,FOODS_3,high,2016-05-22,2016-06-17,26,9.149594198893322
FOODS_3_276,CA_1,FOODS_3,high,2016-05-22,2016-06-17,26,0.0
FOODS_3_312,CA_1,FOODS_3,low,2016-05-22,2016-06-17,26,1.2212803186761547
FOODS_3_319,CA_1,FOODS_3,high,2016-05-22,2016-06-17,26,0.0
FOODS_3_321,CA_1,FOODS_3,high,2016-05-22,2016-06-17,26,5.235687255389088
FOODS_3_327,CA_1,FOODS_3,high,2016-05-22,2016-06-17,26,2.4460758051449467
FOODS_3_329,CA_1,FOODS_3,high,2016-05-22,2016-06-17,26,19.09434867465073
FOODS_3_340,CA_1,FOODS_3,low,2016-05-22,2016-06-17,26,0.6493184225256889
FOODS_3_354,CA_1,FOODS_3,low,2016-05-22,2016-06-17,26,0.24288102029119374
FOODS_3_360,CA_1,FOODS_3,medium,2016-05-22,2016-06-17,26,0.24373016735894568
FOODS_3_383,CA_1,FOODS_3,high,2016-05-22,2016-06-17,26,3.9512786673298312
FOODS_3_387,CA_1,FOODS_3,medium,2016-05-22,2016-06-17,26,1.6184865928512688
FOODS_3_432,CA_1,FOODS_3,high,2016-05-22,2016-06-17,26,0.5254570665264578
FOODS_3_467,CA_1,FOODS_3,medium,2016-05-22,2016-06-17,26,1.2158386861166453
FOODS_3_470,CA_1,FOODS_3,medium,2016-05-22,2016-06-17,26,0.7232146156773844
FOODS_3_479,CA_1,FOODS_3,medium,2016-05-22,2016-06-17,26,0.6744123049221127
FOODS_3_480,CA_1,FOODS_3,medium,2016-05-22,2016-06-17,26,1.1902184199958168
FOODS_3_482,CA_1,FOODS_3,low,2016-05-22,2016-06-17,26,2.50996392384413
FOODS_3_501,CA_1,FOODS_3,high,2016-05-22,2016-06-17,26,24.164295269292687
FOODS_3_511,CA_1,FOODS_3,high,2016-05-22,2016-06-17,26,26.401738499073534
FOODS_3_520,CA_1,FOODS_3,medium,2016-05-22,2016-06-17,26,0.6233121138187379
FOODS_3_532,CA_1,FOODS_3,medium,2016-05-22,2016-06-17,26,1.8298728281563754
FOODS_3_539,CA_1,FOODS_3,low,2016-05-22,2016-06-17,26,0.7840515723688778
FOODS_3_550,CA_1,FOODS_3,low,2016-05-22,2016-06-17,26,0.27893079566757745
FOODS_3_558,CA_1,FOODS_3,low,2016-05-22,2016-06-17,26,0.6621225043257964
FOODS_3_601,CA_1,FOODS_3,low,2016-05-22,2016-06-17,26,0.13883934652510058
FOODS_3_611,CA_1,FOODS_3,high,2016-05-22,2016-06-17,26,1.692090761346325
FOODS_3_616,CA_1,FOODS_3,medium,2016-05-22,2016-06-17,26,1.1648776753297472
FOODS_3_635,CA_1,FOODS_3,high,2016-05-22,2016-06-17,26,0.0
FOODS_3_640,CA_1,FOODS_3,low,2016-05-22,2016-06-17,26,2.540003477443446
FOODS_3_641,CA_1,FOODS_3,low,2016-05-22,2016-06-17,26,2.956803338635774
FOODS_3_648,CA_1,FOODS_3,medium,2016-05-22,2016-06-17,26,0.6729855448248101
FOODS_3_658,CA_1,FOODS_3,low,2016-05-22,2016-06-17,26,0.9808911942624466
FOODS_3_661,CA_1,FOODS_3,high,2016-05-22,2016-06-17,26,4.310141777915825
FOODS_3_666,CA_1,FOODS_3,medium,2016-05-22,2016-06-17,26,1.2757719784603858
FOODS_3_677,CA_1,FOODS_3,low,2016-05-22,2016-06-17,26,0.7547414714977035
FOODS_3_709,CA_1,FOODS_3,low,2016-05-22,2016-06-17,26,0.43580231038958933
FOODS_3_724,CA_1,FOODS_3,low,2016-05-22,2016-06-17,26,0.40648840401260306
FOODS_3_795,CA_1,FOODS_3,medium,2016-05-22,2016-06-17,26,3.4667504097404382
FOODS_3_801,CA_1,FOODS_3,high,2016-05-22,2016-06-17,26,1.6391802186584012
FOODS_3_817,CA_1,FOODS_3,medium,2016-05-22,2016-06-17,26,0.760580578188414
FOODS_1_017,TX_2,FOODS_1,low,2016-05-22,2016-06-17,26,0.46677561206529944
FOODS_1_020,TX_2,FOODS_1,medium,2016-05-22,2016-06-17,26,0.6296977598987291
FOODS_1_042,TX_2,FOODS_1,high,2016-05-22,2016-06-17,26,5.6687717145218155
FOODS_1_082,TX_2,FOODS_1,high,2016-05-22,2016-06-17,26,2.2560381093123896
FOODS_1_086,TX_2,FOODS_1,high,2016-05-22,2016-06-17,26,0.2965916035242185
FOODS_1_089,TX_2,FOODS_1,low,2016-05-22,2016-06-17,26,0.3235725909405275
FOODS_1_099,TX_2,FOODS_1,high,2016-05-22,2016-06-17,26,8.083087223724856
FOODS_1_112,TX_2,FOODS_1,medium,2016-05-22,2016-06-17,26,0.5779039827356639
FOODS_1_135,TX_2,FOODS_1,low,2016-05-22,2016-06-17,26,0.27818110866478396
FOODS_1_155,TX_2,FOODS_1,medium,2016-05-22,2016-06-17,26,1.562064870924596
FOODS_1_156,TX_2,FOODS_1,low,2016-05-22,2016-06-17,26,0.33420507261607474
FOODS_1_172,TX_2,FOODS_1,high,2016-05-22,2016-06-17,26,4.210487140803067
FOODS_1_175,TX_2,FOODS_1,medium,2016-05-22,2016-06-17,26,0.6040521727475497
FOODS_1_210,TX_2,FOODS_1,medium,2016-05-22,2016-06-17,26,4.872769822283071
FOODS_1_214,TX_2,FOODS_1,low,2016-05-22,2016-06-17,26,0.4057600994275678
FOODS_2_021,TX_2,FOODS_2,high,2016-05-22,2016-06-17,26,0.6556124866545163
FOODS_2_024,TX_2,FOODS_2,medium,2016-05-22,2016-06-17,26,0.22264870154395283
FOODS_2_028,TX_2,FOODS_2,low,2016-05-22,2016-06-17,26,1.1722849472605892
FOODS_2_040,TX_2,FOODS_2,low,2016-05-22,2016-06-17,26,0.10142190824316907
FOODS_2_059,TX_2,FOODS_2,high,2016-05-22,2016-06-17,26,1.7856114821533542
FOODS_2_072,TX_2,FOODS_2,medium,2016-05-22,2016-06-17,26,0.44717566730278796
FOODS_2_095,TX_2,FOODS_2,low,2016-05-22,2016-06-17,26,0.46980316743985756
FOODS_2_116,TX_2,FOODS_2,high,2016-05-22,2016-06-17,26,0.6496952223161198
FOODS_2_136,TX_2,FOODS_2,medium,2016-05-22,2016-06-17,26,0.42702878155111573
FOODS_2_139,TX_2,FOODS_2,high,2016-05-22,2016-06-17,26,1.5992124560907883
FOODS_2_146,TX_2,FOODS_2,medium,2016-05-22,2016-06-17,26,0.7969857043232976
FOODS_2_150,TX_2,FOODS_2,high,2016-05-22,2016-06-17,26,1.0961046800068415
FOODS_2_170,TX_2,FOODS_2,medium,2016-05-22,2016-06-17,26,1.529550195561956
FOODS_2_178,TX_2,FOODS_2,low,2016-05-22,2016-06-17,26,0.4197007684344241
FOODS_2_180,TX_2,FOODS_2,low,2016-05-22,2016-06-17,26,2.2306896447073323
FOODS_2_184,TX_2,FOODS_2,high,2016-05-22,2016-06-17,26,2.526689876838724
FOODS_2_209,TX_2,FOODS_2,low,2016-05-22,2016-06-17,26,0.0
FOODS_2_218,TX_2,FOODS_2,low,2016-05-22,2016-06-17,26,0.016303245773162424
FOODS_2_251,TX_2,FOODS_2,medium,2016-05-22,2016-06-17,26,1.6901639095976329
FOODS_2_301,TX_2,FOODS_2,low,2016-05-22,2016-06-17,26,1.5446888313507465
FOODS_2_302,TX_2,FOODS_2,medium,2016-05-22,2016-06-17,26,0.9195130939716023
FOODS_2_304,TX_2,FOODS_2,medium,2016-05-22,2016-06-17,26,1.8034677914943853
FOODS_2_322,TX_2,FOODS_2,high,2016-05-22,2016-06-17,26,3.191203532111331
FOODS_2_336,TX_2,FOODS_2,low,2016-05-22,2016-06-17,26,0.3672740852361845
FOODS_2_339,TX_2,FOODS_2,medium,2016-05-22,2016-06-17,26,0.5637180344482179
FOODS_2_357,TX_2,FOODS_2,high,2016-05-22,2016-06-17,26,1.8623778076277693
FOODS_2_360,TX_2,FOODS_2,high,2016-05-22,2016-06-17,26,10.443670383683326
FOODS_2_367,TX_2,FOODS_2,medium,2016-05-22,2016-06-17,26,0.0
FOODS_3_026,TX_2,FOODS_3,high,2016-05-22,2016-06-17,26,1.5200816386226124
FOODS_3_048,TX_2,FOODS_3,medium,2016-05-22,2016-06-17,26,2.4891325289400883
FOODS_3_053,TX_2,FOODS_3,medium,2016-05-22,2016-06-17,26,1.0210600233625384
FOODS_3_068,TX_2,FOODS_3,low,2016-05-22,2016-06-17,26,0.5596487798837859
FOODS_3_074,TX_2,FOODS_3,medium,2016-05-22,2016-06-17,26,1.4618544654384482
FOODS_3_089,TX_2,FOODS_3,high,2016-05-22,2016-06-17,26,0.7954380060680807
FOODS_3_096,TX_2,FOODS_3,medium,2016-05-22,2016-06-17,26,0.6834131718075219
FOODS_3_099,TX_2,FOODS_3,high,2016-05-22,2016-06-17,26,17.18797219629483
FOODS_3_113,TX_2,FOODS_3,high,2016-05-22,2016-06-17,26,0.8796027655794619
FOODS_3_123,TX_2,FOODS_3,low,2016-05-22,2016-06-17,26,0.43518251578496014
FOODS_3_135,TX_2,FOODS_3,high,2016-05-22,2016-06-17,26,14.166951430273981
FOODS_3_179,TX_2,FOODS_3,low,2016-05-22,2016-06-17,26,0.3002128915794002
FOODS_3_187,TX_2,FOODS_3,medium,2016-05-22,2016-06-17,26,1.1552979972787114
FOODS_3_223,TX_2,FOODS_3,low,2016-05-22,2016-06-17,26,0.35830781395073863
FOODS_3_240,TX_2,FOODS_3,low,2016-05-22,2016-06-17,26,0.14017047856023349
FOODS_3_249,TX_2,FOODS_3,medium,2016-05-22,2016-06-17,26,1.8567416059579016
FOODS_3_263,TX_2,FOODS_3,high,2016-05-22,2016-06-17,26,15.123084037715412
FOODS_3_276,TX_2,FOODS_3,high,2016-05-22,2016-06-17,26,0.0
FOODS_3_312,TX_2,FOODS_3,low,2016-05-22,2016-06-17,26,0.7712114128050294
FOODS_3_319,TX_2,FOODS_3,high,2016-05-22,2016-06-17,26,0.0
FOODS_3_321,TX_2,FOODS_3,high,2016-05-22,2016-06-17,26,9.567013269072396
FOODS_3_327,TX_2,FOODS_3,high,2016-05-22,2016-06-17,26,4.31890211431142
FOODS_3_329,TX_2,FOODS_3,high,2016-05-22,2016-06-17,26,17.008577474724028
FOODS_3_340,TX_2,FOODS_3,low,2016-05-22,2016-06-17,26,0.7187281381257188
FOODS_3_354,TX_2,FOODS_3,low,2016-05-22,2016-06-17,26,0.6861507230395801
FOODS_3_360,TX_2,FOODS_3,medium,2016-05-22,2016-06-17,26,0.40948986589648856
FOODS_3_383,TX_2,FOODS_3,high,2016-05-22,2016-06-17,26,2.4109112255265477
FOODS_3_387,TX_2,FOODS_3,medium,2016-05-22,2016-06-17,26,1.1777158066496833
FOODS_3_432,TX_2,FOODS_3,high,2016-05-22,2016-06-17,26,1.780476349960645
FOODS_3_467,TX_2,FOODS_3,medium,2016-05-22,2016-06-17,26,0.7006597917138375
FOODS_3_470,TX_2,FOODS_3,medium,2016-05-22,2016-06-17,26,0.7223289830016688
FOODS_3_479,TX_2,FOODS_3,medium,2016-05-22,2016-06-17,26,1.1578074225654575
FOODS_3_480,TX_2,FOODS_3,medium,2016-05-22,2016-06-17,26,0.8259347660022911
FOODS_3_482,TX_2,FOODS_3,low,2016-05-22,2016-06-17,26,0.9359830185064186
FOODS_3_501,TX_2,FOODS_3,high,2016-05-22,2016-06-17,26,13.761609159944289
FOODS_3_511,TX_2,FOODS_3,high,2016-05-22,2016-06-17,26,10.588443752992236
FOODS_3_520,TX_2,FOODS_3,medium,2016-05-22,2016-06-17,26,1.1739402747433
FOODS_3_532,TX_2,FOODS_3,medium,2016-05-22,2016-06-17,26,1.8896596697741133
FOODS_3_539,TX_2,FOODS_3,low,2016-05-22,2016-06-17,26,0.4087087996348656
FOODS_3_550,TX_2,FOODS_3,low,2016-05-22,2016-06-17,26,0.3387179157711549
FOODS_3_558,TX_2,FOODS_3,low,2016-05-22,2016-06-17,26,0.18450106664894814
FOODS_3_601,TX_2,FOODS_3,low,2016-05-22,2016-06-17,26,0.15545891234601372
FOODS_3_611,TX_2,FOODS_3,high,2016-05-22,2016-06-17,26,2.7658136406673983
FOODS_3_616,TX_2,FOODS_3,medium,2016-05-22,2016-06-17,26,2.2565103909494213
FOODS_3_635,TX_2,FOODS_3,high,2016-05-22,2016-06-17,26,0.0
FOODS_3_640,TX_2,FOODS_3,low,2016-05-22,2016-06-17,26,0.8205184151468676
FOODS_3_641,TX_2,FOODS_3,low,2016-05-22,2016-06-17,26,0.36150679928408114
FOODS_3_648,TX_2,FOODS_3,medium,2016-05-22,2016-06-17,26,1.5073933713864218
FOODS_3_658,TX_2,FOODS_3,low,2016-05-22,2016-06-17,26,0.44947166586665965
FOODS_3_661,TX_2,FOODS_3,high,2016-05-22,2016-06-17,26,3.700605930522358
FOODS_3_666,TX_2,FOODS_3,medium,2016-05-22,2016-06-17,26,1.0284854212397068
FOODS_3_677,TX_2,FOODS_3,low,2016-05-22,2016-06-17,26,0.8578029075170397
FOODS_3_709,TX_2,FOODS_3,low,2016-05-22,2016-06-17,26,1.308133173450658
FOODS_3_724,TX_2,FOODS_3,low,2016-05-22,2016-06-17,26,0.43794941028022566
FOODS_3_795,TX_2,FOODS_3,medium,2016-05-22,2016-06-17,26,2.1437740600931443
FOODS_3_801,TX_2,FOODS_3,high,2016-05-22,2016-06-17,26,2.0055729806419023
FOODS_3_817,TX_2,FOODS_3,medium,2016-05-22,2016-06-17,26,0.6715294014132648
FOODS_1_017,WI_3,FOODS_1,low,2016-05-22,2016-06-17,26,0.9087495823176341
FOODS_1_020,WI_3,FOODS_1,medium,2016-05-22,2016-06-17,26,1.2301091566296967
FOODS_1_042,WI_3,FOODS_1,high,2016-05-22,2016-06-17,26,2.3395982424110864
FOODS_1_082,WI_3,FOODS_1,high,2016-05-22,2016-06-17,26,8.502983549779067
FOODS_1_086,WI_3,FOODS_1,high,2016-05-22,2016-06-17,26,2.0661865057029978
FOODS_1_089,WI_3,FOODS_1,low,2016-05-22,2016-06-17,26,0.4440701330161076
FOODS_1_099,WI_3,FOODS_1,high,2016-05-22,2016-06-17,26,2.5491027505577293
FOODS_1_112,WI_3,FOODS_1,medium,2016-05-22,2016-06-17,26,0.35699365450856174
FOODS_1_135,WI_3,FOODS_1,low,2016-05-22,2016-06-17,26,0.43299330428932586
FOODS_1_155,WI_3,FOODS_1,medium,2016-05-22,2016-06-17,26,1.1610608477806064
FOODS_1_156,WI_3,FOODS_1,low,2016-05-22,2016-06-17,26,0.7032449407441189
FOODS_1_172,WI_3,FOODS_1,high,2016-05-22,2016-06-17,26,2.8599551353049244
FOODS_1_175,WI_3,FOODS_1,medium,2016-05-22,2016-06-17,26,0.36778487075780586
FOODS_1_210,WI_3,FOODS_1,medium,2016-05-22,2016-06-17,26,2.352918936286397
FOODS_1_214,WI_3,FOODS_1,low,2016-05-22,2016-06-17,26,0.45531757458331895
FOODS_2_021,WI_3,FOODS_2,high,2016-05-22,2016-06-17,26,6.168647379587789
FOODS_2_024,WI_3,FOODS_2,medium,2016-05-22,2016-06-17,26,0.5844294673207301
FOODS_2_028,WI_3,FOODS_2,low,2016-05-22,2016-06-17,26,0.7068404803455183
FOODS_2_040,WI_3,FOODS_2,low,2016-05-22,2016-06-17,26,0.7237252884951161
FOODS_2_059,WI_3,FOODS_2,high,2016-05-22,2016-06-17,26,2.8946002671093574
FOODS_2_072,WI_3,FOODS_2,medium,2016-05-22,2016-06-17,26,1.4436931982056684
FOODS_2_095,WI_3,FOODS_2,low,2016-05-22,2016-06-17,26,1.2801837699122725
FOODS_2_116,WI_3,FOODS_2,high,2016-05-22,2016-06-17,26,0.8829467863001553
FOODS_2_136,WI_3,FOODS_2,medium,2016-05-22,2016-06-17,26,2.43974988480104
FOODS_2_139,WI_3,FOODS_2,high,2016-05-22,2016-06-17,26,1.2107339273472277
FOODS_2_146,WI_3,FOODS_2,medium,2016-05-22,2016-06-17,26,0.8013697511827286
FOODS_2_150,WI_3,FOODS_2,high,2016-05-22,2016-06-17,26,1.287213721858339
FOODS_2_170,WI_3,FOODS_2,medium,2016-05-22,2016-06-17,26,1.5472566409903847
FOODS_2_178,WI_3,FOODS_2,low,2016-05-22,2016-06-17,26,1.2071681584708978
FOODS_2_180,WI_3,FOODS_2,low,2016-05-22,2016-06-17,26,0.9124935841536841
FOODS_2_184,WI_3,FOODS_2,high,2016-05-22,2016-06-17,26,0.7734765274652844
FOODS_2_209,WI_3,FOODS_2,low,2016-05-22,2016-06-17,26,0.8200768919331096
FOODS_2_218,WI_3,FOODS_2,low,2016-05-22,2016-06-17,26,0.3663533508026598
FOODS_2_251,WI_3,FOODS_2,medium,2016-05-22,2016-06-17,26,2.3323937060416107
FOODS_2_301,WI_3,FOODS_2,low,2016-05-22,2016-06-17,26,1.0380540113781145
FOODS_2_302,WI_3,FOODS_2,medium,2016-05-22,2016-06-17,26,1.8769343521686044
FOODS_2_304,WI_3,FOODS_2,medium,2016-05-22,2016-06-17,26,1.6347237091121367
FOODS_2_322,WI_3,FOODS_2,high,2016-05-22,2016-06-17,26,4.232961031581674
FOODS_2_336,WI_3,FOODS_2,low,2016-05-22,2016-06-17,26,0.8201264910295978
FOODS_2_339,WI_3,FOODS_2,medium,2016-05-22,2016-06-17,26,2.3835911663902736
FOODS_2_357,WI_3,FOODS_2,high,2016-05-22,2016-06-17,26,4.462935116841676
FOODS_2_360,WI_3,FOODS_2,high,2016-05-22,2016-06-17,26,17.554929056959498
FOODS_2_367,WI_3,FOODS_2,medium,2016-05-22,2016-06-17,26,0.5622877021621778
FOODS_3_026,WI_3,FOODS_3,high,2016-05-22,2016-06-17,26,1.7923649418676482
FOODS_3_048,WI_3,FOODS_3,medium,2016-05-22,2016-06-17,26,3.874583636572653
FOODS_3_053,WI_3,FOODS_3,medium,2016-05-22,2016-06-17,26,0.5312229938900731
FOODS_3_068,WI_3,FOODS_3,low,2016-05-22,2016-06-17,26,0.2627907444366049
FOODS_3_074,WI_3,FOODS_3,medium,2016-05-22,2016-06-17,26,0.7351913892062033
FOODS_3_089,WI_3,FOODS_3,high,2016-05-22,2016-06-17,26,1.9644431666106
FOODS_3_096,WI_3,FOODS_3,medium,2016-05-22,2016-06-17,26,0.6022286853689262
FOODS_3_099,WI_3,FOODS_3,high,2016-05-22,2016-06-17,26,9.793926140056241
FOODS_3_113,WI_3,FOODS_3,high,2016-05-22,2016-06-17,26,3.0491590453935444
FOODS_3_123,WI_3,FOODS_3,low,2016-05-22,2016-06-17,26,0.4094527338883894
FOODS_3_135,WI_3,FOODS_3,high,2016-05-22,2016-06-17,26,8.08551956065413
FOODS_3_179,WI_3,FOODS_3,low,2016-05-22,2016-06-17,26,0.21900318133728522
FOODS_3_187,WI_3,FOODS_3,medium,2016-05-22,2016-06-17,26,1.7622464610039343
FOODS_3_223,WI_3,FOODS_3,low,2016-05-22,2016-06-17,26,1.0611965521008615
FOODS_3_240,WI_3,FOODS_3,low,2016-05-22,2016-06-17,26,0.4460660716194678
FOODS_3_249,WI_3,FOODS_3,medium,2016-05-22,2016-06-17,26,0.9365370498172723
FOODS_3_263,WI_3,FOODS_3,high,2016-05-22,2016-06-17,26,11.321217350545131
FOODS_3_276,WI_3,FOODS_3,high,2016-05-22,2016-06-17,26,0.0
FOODS_3_312,WI_3,FOODS_3,low,2016-05-22,2016-06-17,26,0.6186475880684235
FOODS_3_319,WI_3,FOODS_3,high,2016-05-22,2016-06-17,26,0.0
FOODS_3_321,WI_3,FOODS_3,high,2016-05-22,2016-06-17,26,5.40789888775583
FOODS_3_327,WI_3,FOODS_3,high,2016-05-22,2016-06-17,26,1.7321531852695726
FOODS_3_329,WI_3,FOODS_3,high,2016-05-22,2016-06-17,26,19.91511622089475
FOODS_3_340,WI_3,FOODS_3,low,2016-05-22,2016-06-17,26,0.5208684857677721
FOODS_3_354,WI_3,FOODS_3,low,2016-05-22,2016-06-17,26,0.5466945208565674
FOODS_3_360,WI_3,FOODS_3,medium,2016-05-22,2016-06-17,26,0.3401739349829393
FOODS_3_383,WI_3,FOODS_3,high,2016-05-22,2016-06-17,26,1.8106193730463598
FOODS_3_387,WI_3,FOODS_3,medium,2016-05-22,2016-06-17,26,0.9668297972156028
FOODS_3_432,WI_3,FOODS_3,high,2016-05-22,2016-06-17,26,0.8352795094819149
FOODS_3_467,WI_3,FOODS_3,medium,2016-05-22,2016-06-17,26,1.1269201202252657
FOODS_3_470,WI_3,FOODS_3,medium,2016-05-22,2016-06-17,26,1.1486880658102494
FOODS_3_479,WI_3,FOODS_3,medium,2016-05-22,2016-06-17,26,0.8431496035883058
FOODS_3_480,WI_3,FOODS_3,medium,2016-05-22,2016-06-17,26,0.5876691960475341
FOODS_3_482,WI_3,FOODS_3,low,2016-05-22,2016-06-17,26,0.4129194021518776
FOODS_3_501,WI_3,FOODS_3,high,2016-05-22,2016-06-17,26,9.560790327932347
FOODS_3_511,WI_3,FOODS_3,high,2016-05-22,2016-06-17,26,8.203409136574274
FOODS_3_520,WI_3,FOODS_3,medium,2016-05-22,2016-06-17,26,0.5794848245685661
FOODS_3_532,WI_3,FOODS_3,medium,2016-05-22,2016-06-17,26,2.428283864449085
FOODS_3_539,WI_3,FOODS_3,low,2016-05-22,2016-06-17,26,0.43520974358065306
FOODS_3_550,WI_3,FOODS_3,low,2016-05-22,2016-06-17,26,0.4043981111867133
FOODS_3_558,WI_3,FOODS_3,low,2016-05-22,2016-06-17,26,0.3553003571915669
FOODS_3_601,WI_3,FOODS_3,low,2016-05-22,2016-06-17,26,0.355756825216079
FOODS_3_611,WI_3,FOODS_3,high,2016-05-22,2016-06-17,26,0.5934576221411845
FOODS_3_616,WI_3,FOODS_3,medium,2016-05-22,2016-06-17,26,0.7103668079130587
FOODS_3_635,WI_3,FOODS_3,high,2016-05-22,2016-06-17,26,0.0
FOODS_3_640,WI_3,FOODS_3,low,2016-05-22,2016-06-17,26,1.3452272842555237
FOODS_3_641,WI_3,FOODS_3,low,2016-05-22,2016-06-17,26,0.7805705758453833
FOODS_3_648,WI_3,FOODS_3,medium,2016-05-22,2016-06-17,26,1.1805974933022427
FOODS_3_658,WI_3,FOODS_3,low,2016-05-22,2016-06-17,26,0.40328418065266314
FOODS_3_661,WI_3,FOODS_3,high,2016-05-22,2016-06-17,26,3.4798289383634065
FOODS_3_666,WI_3,FOODS_3,medium,2016-05-22,2016-06-17,26,0.9334496200182226
FOODS_3_677,WI_3,FOODS_3,low,2016-05-22,2016-06-17,26,0.27257975179084476
FOODS_3_709,WI_3,FOODS_3,low,2016-05-22,2016-06-17,26,1.4115820970417894
FOODS_3_724,WI_3,FOODS_3,low,2016-05-22,2016-06-17,26,0.21182992994552247
FOODS_3_795,WI_3,FOODS_3,medium,2016-05-22,2016-06-17,26,1.4492707451273092
FOODS_3_801,WI_3,FOODS_3,high,2016-05-22,2016-06-17,26,3.191574844195381
FOODS_3_817,WI_3,FOODS_3,medium,2016-05-22,2016-06-17,26,0.268407233644719
FOODS_1_017,CA_1,FOODS_1,low,2016-05-22,2016-06-18,27,1.552747232053169
FOODS_1_020,CA_1,FOODS_1,medium,2016-05-22,2016-06-18,27,1.6615528229878733
FOODS_1_042,CA_1,FOODS_1,high,2016-05-22,2016-06-18,27,3.0680443012420553
FOODS_1_082,CA_1,FOODS_1,high,2016-05-22,2016-06-18,27,8.071401664343442
FOODS_1_086,CA_1,FOODS_1,high,2016-05-22,2016-06-18,27,4.395075042380311
FOODS_1_089,CA_1,FOODS_1,low,2016-05-22,2016-06-18,27,0.5964530567657477
FOODS_1_099,CA_1,FOODS_1,high,2016-05-22,2016-06-18,27,6.938578140780351
FOODS_1_112,CA_1,FOODS_1,medium,2016-05-22,2016-06-18,27,2.0167040699327754
FOODS_1_135,CA_1,FOODS_1,low,2016-05-22,2016-06-18,27,1.3540476943889932
FOODS_1_155,CA_1,FOODS_1,medium,2016-05-22,2016-06-18,27,0.5629808916736218
FOODS_1_156,CA_1,FOODS_1,low,2016-05-22,2016-06-18,27,1.5741274862963606
FOODS_1_172,CA_1,FOODS_1,high,2016-05-22,2016-06-18,27,1.6185280680070242
FOODS_1_175,CA_1,FOODS_1,medium,2016-05-22,2016-06-18,27,1.4012359945585833
FOODS_1_210,CA_1,FOODS_1,medium,2016-05-22,2016-06-18,27,2.4072712925792206
FOODS_1_214,CA_1,FOODS_1,low,2016-05-22,2016-06-18,27,1.1468224608285629
FOODS_2_021,CA_1,FOODS_2,high,2016-05-22,2016-06-18,27,7.261300240579941
FOODS_2_024,CA_1,FOODS_2,medium,2016-05-22,2016-06-18,27,1.6178623272335422
FOODS_2_028,CA_1,FOODS_2,low,2016-05-22,2016-06-18,27,0.37434580177680205
FOODS_2_040,CA_1,FOODS_2,low,2016-05-22,2016-06-18,27,0.8824746202835716
FOODS_2_059,CA_1,FOODS_2,high,2016-05-22,2016-06-18,27,1.9511175766857511
FOODS_2_072,CA_1,FOODS_2,medium,2016-05-22,2016-06-18,27,0.7272709783089938
FOODS_2_095,CA_1,FOODS_2,low,2016-05-22,2016-06-18,27,0.9355477422679114
FOODS_2_116,CA_1,FOODS_2,high,2016-05-22,2016-06-18,27,1.126024356564755
FOODS_2_136,CA_1,FOODS_2,medium,2016-05-22,2016-06-18,27,0.5689967152982162
FOODS_2_139,CA_1,FOODS_2,high,2016-05-22,2016-06-18,27,1.6492995162182542
FOODS_2_146,CA_1,FOODS_2,medium,2016-05-22,2016-06-18,27,1.367388353009488
FOODS_2_150,CA_1,FOODS_2,high,2016-05-22,2016-06-18,27,2.5283978682844435
FOODS_2_170,CA_1,FOODS_2,medium,2016-05-22,2016-06-18,27,1.6488887492165074
FOODS_2_178,CA_1,FOODS_2,low,2016-05-22,2016-06-18,27,0.8502425094139427
FOODS_2_180,CA_1,FOODS_2,low,2016-05-22,2016-06-18,27,0.4767440498478485
FOODS_2_184,CA_1,FOODS_2,high,2016-05-22,2016-06-18,27,1.0589680486405983
FOODS_2_209,CA_1,FOODS_2,low,2016-05-22,2016-06-18,27,0.5130885603523057
FOODS_2_218,CA_1,FOODS_2,low,2016-05-22,2016-06-18,27,0.9599437816877762
FOODS_2_251,CA_1,FOODS_2,medium,2016-05-22,2016-06-18,27,0.7109891201065006
FOODS_2_301,CA_1,FOODS_2,low,2016-05-22,2016-06-18,27,0.9140406583442726
FOODS_2_302,CA_1,FOODS_2,medium,2016-05-22,2016-06-18,27,1.287832304635821
FOODS_2_304,CA_1,FOODS_2,medium,2016-05-22,2016-06-18,27,2.514447522241258
FOODS_2_322,CA_1,FOODS_2,high,2016-05-22,2016-06-18,27,0.6452505694936367
FOODS_2_336,CA_1,FOODS_2,low,2016-05-22,2016-06-18,27,0.42687246341817403
FOODS_2_339,CA_1,FOODS_2,medium,2016-05-22,2016-06-18,27,1.1383888808694747
FOODS_2_357,CA_1,FOODS_2,high,2016-05-22,2016-06-18,27,2.7413040697603255
FOODS_2_360,CA_1,FOODS_2,high,2016-05-22,2016-06-18,27,11.676695473280406
FOODS_2_367,CA_1,FOODS_2,medium,2016-05-22,2016-06-18,27,0.7075368863304721
FOODS_3_026,CA_1,FOODS_3,high,2016-05-22,2016-06-18,27,1.697453384871789
FOODS_3_048,CA_1,FOODS_3,medium,2016-05-22,2016-06-18,27,1.836258679985354
FOODS_3_053,CA_1,FOODS_3,medium,2016-05-22,2016-06-18,27,3.246694801777007
FOODS_3_068,CA_1,FOODS_3,low,2016-05-22,2016-06-18,27,0.4937624737304573
FOODS_3_074,CA_1,FOODS_3,medium,2016-05-22,2016-06-18,27,1.8678760625812139
FOODS_3_089,CA_1,FOODS_3,high,2016-05-22,2016-06-18,27,1.0473100453522404
FOODS_3_096,CA_1,FOODS_3,medium,2016-05-22,2016-06-18,27,1.1488212370210356
FOODS_3_099,CA_1,FOODS_3,high,2016-05-22,2016-06-18,27,15.840864805636542
FOODS_3_113,CA_1,FOODS_3,high,2016-05-22,2016-06-18,27,4.013785564124918
FOODS_3_123,CA_1,FOODS_3,low,2016-05-22,2016-06-18,27,1.917288893850253
FOODS_3_135,CA_1,FOODS_3,high,2016-05-22,2016-06-18,27,6.3238585458608325
FOODS_3_179,CA_1,FOODS_3,low,2016-05-22,2016-06-18,27,0.9212196550331357
FOODS_3_187,CA_1,FOODS_3,medium,2016-05-22,2016-06-18,27,1.340518056627999
FOODS_3_223,CA_1,FOODS_3,low,2016-05-22,2016-06-18,27,1.227964941806162
FOODS_3_240,CA_1,FOODS_3,low,2016-05-22,2016-06-18,27,0.8911822774756956
FOODS_3_249,CA_1,FOODS_3,medium,2016-05-22,2016-06-18,27,3.474503838341375
FOODS_3_263,CA_1,FOODS_3,high,2016-05-22,2016-06-18,27,9.190651134568084
FOODS_3_276,CA_1,FOODS_3,high,2016-05-22,2016-06-18,27,0.0
FOODS_3_312,CA_1,FOODS_3,low,2016-05-22,2016-06-18,27,1.2291831872003036
FOODS_3_319,CA_1,FOODS_3,high,2016-05-22,2016-06-18,27,0.0
FOODS_3_321,CA_1,FOODS_3,high,2016-05-22,2016-06-18,27,5.172676085938697
FOODS_3_327,CA_1,FOODS_3,high,2016-05-22,2016-06-18,27,2.497721369614409
FOODS_3_329,CA_1,FOODS_3,high,2016-05-22,2016-06-18,27,19.169146841602544
FOODS_3_340,CA_1,FOODS_3,low,2016-05-22,2016-06-18,27,0.6367940804730348
FOODS_3_354,CA_1,FOODS_3,low,2016-05-22,2016-06-18,27,0.2515553424444507
FOODS_3_360,CA_1,FOODS_3,medium,2016-05-22,2016-06-18,27,0.2524348161931937
FOODS_3_383,CA_1,FOODS_3,high,2016-05-22,2016-06-18,27,4.092395762591612
FOODS_3_387,CA_1,FOODS_3,medium,2016-05-22,2016-06-18,27,1.6405753997388142
FOODS_3_432,CA_1,FOODS_3,high,2016-05-22,2016-06-18,27,0.5085091046166885
FOODS_3_467,CA_1,FOODS_3,medium,2016-05-22,2016-06-18,27,1.2592614963350968
FOODS_3_470,CA_1,FOODS_3,medium,2016-05-22,2016-06-18,27,0.7133294233801483
FOODS_3_479,CA_1,FOODS_3,medium,2016-05-22,2016-06-18,27,0.698498458669331
FOODS_3_480,CA_1,FOODS_3,medium,2016-05-22,2016-06-18,27,1.2327262207099527
FOODS_3_482,CA_1,FOODS_3,low,2016-05-22,2016-06-18,27,2.563891206838563
FOODS_3_501,CA_1,FOODS_3,high,2016-05-22,2016-06-18,27,24.42016295748171
FOODS_3_511,CA_1,FOODS_3,high,2016-05-22,2016-06-18,27,26.594657731183307
FOODS_3_520,CA_1,FOODS_3,medium,2016-05-22,2016-06-18,27,0.6098589750265501
FOODS_3_532,CA_1,FOODS_3,medium,2016-05-22,2016-06-18,27,1.7880825720191031
FOODS_3_539,CA_1,FOODS_3,low,2016-05-22,2016-06-18,27,0.7763391285249092
FOODS_3_550,CA_1,FOODS_3,low,2016-05-22,2016-06-18,27,0.2888926097985624
FOODS_3_558,CA_1,FOODS_3,low,2016-05-22,2016-06-18,27,0.6857697366231462
FOODS_3_601,CA_1,FOODS_3,low,2016-05-22,2016-06-18,27,0.14379789461528272
FOODS_3_611,CA_1,FOODS_3,high,2016-05-22,2016-06-18,27,1.6096654313944079
FOODS_3_616,CA_1,FOODS_3,medium,2016-05-22,2016-06-18,27,1.2064804494486672
FOODS_3_635,CA_1,FOODS_3,high,2016-05-22,2016-06-18,27,0.0
FOODS_3_640,CA_1,FOODS_3,low,2016-05-22,2016-06-18,27,2.4521464587807116
FOODS_3_641,CA_1,FOODS_3,low,2016-05-22,2016-06-18,27,2.955260600729909
FOODS_3_648,CA_1,FOODS_3,medium,2016-05-22,2016-06-18,27,0.6970207428542675
FOODS_3_658,CA_1,FOODS_3,low,2016-05-22,2016-06-18,27,0.9444944512003911
FOODS_3_661,CA_1,FOODS_3,high,2016-05-22,2016-06-18,27,4.321218269984248
FOODS_3_666,CA_1,FOODS_3,medium,2016-05-22,2016-06-18,27,1.2499066919768282
FOODS_3_677,CA_1,FOODS_3,low,2016-05-22,2016-06-18,27,0.7816965240511929
FOODS_3_709,CA_1,FOODS_3,low,2016-05-22,2016-06-18,27,0.4513666786177889
FOODS_3_724,CA_1,FOODS_3,low,2016-05-22,2016-06-18,27,0.4210058470130531
FOODS_3_795,CA_1,FOODS_3,medium,2016-05-22,2016-06-18,27,3.483420067231168
FOODS_3_801,CA_1,FOODS_3,high,2016-05-22,2016-06-18,27,1.662008083610487
FOODS_3_817,CA_1,FOODS_3,medium,2016-05-22,2016-06-18,27,0.7877441702665716
FOODS_1_017,TX_2,FOODS_1,low,2016-05-22,2016-06-18,27,0.4477318839247744
FOODS_1_020,TX_2,FOODS_1,medium,2016-05-22,2016-06-18,27,0.6164726798951123
FOODS_1_042,TX_2,FOODS_1,high,2016-05-22,2016-06-18,27,5.478370704326166
FOODS_1_082,TX_2,FOODS_1,high,2016-05-22,2016-06-18,27,2.265182327502118
FOODS_1_086,TX_2,FOODS_1,high,2016-05-22,2016-06-18,27,0.30718416079294064
FOODS_1_089,TX_2,FOODS_1,low,2016-05-22,2016-06-18,27,0.3351287549026892
FOODS_1_099,TX_2,FOODS_1,high,2016-05-22,2016-06-18,27,8.121768910286459
FOODS_1_112,TX_2,FOODS_1,medium,2016-05-22,2016-06-18,27,0.5628291249762233
FOODS_1_135,TX_2,FOODS_1,low,2016-05-22,2016-06-18,27,0.28811614825995485
FOODS_1_155,TX_2,FOODS_1,medium,2016-05-22,2016-06-18,27,1.546424330600474
FOODS_1_156,TX_2,FOODS_1,low,2016-05-22,2016-06-18,27,0.3461409680666488
FOODS_1_172,TX_2,FOODS_1,high,2016-05-22,2016-06-18,27,3.3608616815460333
FOODS_1_175,TX_2,FOODS_1,medium,2016-05-22,2016-06-18,27,0.6256254646313911
FOODS_1_210,TX_2,FOODS_1,medium,2016-05-22,2016-06-18,27,5.011083030221753
FOODS_1_214,TX_2,FOODS_1,low,2016-05-22,2016-06-18,27,0.42025153154998085
FOODS_2_021,TX_2,FOODS_2,high,2016-05-22,2016-06-18,27,0.679027218320749
FOODS_2_024,TX_2,FOODS_2,medium,2016-05-22,2016-06-18,27,0.23060044088480833
FOODS_2_028,TX_2,FOODS_2,low,2016-05-22,2016-06-18,27,1.107009409662753
FOODS_2_040,TX_2,FOODS_2,low,2016-05-22,2016-06-18,27,0.10504411925185367
FOODS_2_059,TX_2,FOODS_2,high,2016-05-22,2016-06-18,27,1.8136690350874025
FOODS_2_072,TX_2,FOODS_2,medium,2016-05-22,2016-06-18,27,0.46314622684931617
FOODS_2_095,TX_2,FOODS_2,low,2016-05-22,2016-06-18,27,0.4865818519912811
FOODS_2_116,TX_2,FOODS_2,high,2016-05-22,2016-06-18,27,0.6014700516845526
FOODS_2_136,TX_2,FOODS_2,medium,2016-05-22,2016-06-18,27,0.4422798094636557
FOODS_2_139,TX_2,FOODS_2,high,2016-05-22,2016-06-18,27,1.584898615236888
FOODS_2_146,TX_2,FOODS_2,medium,2016-05-22,2016-06-18,27,0.8254494794777011
FOODS_2_150,TX_2,FOODS_2,high,2016-05-22,2016-06-18,27,1.1352512757213715
FOODS_2_170,TX_2,FOODS_2,medium,2016-05-22,2016-06-18,27,1.5127484168320253
FOODS_2_178,TX_2,FOODS_2,low,2016-05-22,2016-06-18,27,0.4346900815927964
FOODS_2_180,TX_2,FOODS_2,low,2016-05-22,2016-06-18,27,2.203214274875451
FOODS_2_184,TX_2,FOODS_2,high,2016-05-22,2016-06-18,27,2.545500229582965
FOODS_2_209,TX_2,FOODS_2,low,2016-05-22,2016-06-18,27,0.0
FOODS_2_218,TX_2,FOODS_2,low,2016-05-22,2016-06-18,27,0.016885504550775372
FOODS_2_251,TX_2,FOODS_2,medium,2016-05-22,2016-06-18,27,1.607669763511834
FOODS_2_301,TX_2,FOODS_2,low,2016-05-22,2016-06-18,27,1.5641420038989875
FOODS_2_302,TX_2,FOODS_2,medium,2016-05-22,2016-06-18,27,0.952352847327731
FOODS_2_304,TX_2,FOODS_2,medium,2016-05-22,2016-06-18,27,1.8678773554763275
FOODS_2_322,TX_2,FOODS_2,high,2016-05-22,2016-06-18,27,3.2337465154010223
FOODS_2_336,TX_2,FOODS_2,low,2016-05-22,2016-06-18,27,0.3803910168517625
FOODS_2_339,TX_2,FOODS_2,medium,2016-05-22,2016-06-18,27,0.5838508213927971
FOODS_2_357,TX_2,FOODS_2,high,2016-05-22,2016-06-18,27,1.8574627293287607
FOODS_2_360,TX_2,FOODS_2,high,2016-05-22,2016-06-18,27,10.638087183100591
FOODS_2_367,TX_2,FOODS_2,medium,2016-05-22,2016-06-18,27,0.0
FOODS_3_026,TX_2,FOODS_3,high,2016-05-22,2016-06-18,27,1.5386559828591346
FOODS_3_048,TX_2,FOODS_3,medium,2016-05-22,2016-06-18,27,2.578030119259377
FOODS_3_053,TX_2,FOODS_3,medium,2016-05-22,2016-06-18,27,1.0218121670540576
FOODS_3_068,TX_2,FOODS_3,low,2016-05-22,2016-06-18,27,0.5796362363082068
FOODS_3_074,TX_2,FOODS_3,medium,2016-05-22,2016-06-18,27,1.44263498206125
FOODS_3_089,TX_2,FOODS_3,high,2016-05-22,2016-06-18,27,0.8238465062847978
FOODS_3_096,TX_2,FOODS_3,medium,2016-05-22,2016-06-18,27,0.6721064993720764
FOODS_3_099,TX_2,FOODS_3,high,2016-05-22,2016-06-18,27,17.23039977473393
FOODS_3_113,TX_2,FOODS_3,high,2016-05-22,2016-06-18,27,0.8395885786358714
FOODS_3_123,TX_2,FOODS_3,low,2016-05-22,2016-06-18,27,0.45072474849156585
FOODS_3_135,TX_2,FOODS_3,high,2016-05-22,2016-06-18,27,14.137199695640907
FOODS_3_179,TX_2,FOODS_3,low,2016-05-22,2016-06-18,27,0.3109347805643788
FOODS_3_187,TX_2,FOODS_3,medium,2016-05-22,2016-06-18,27,1.0537014971815226
FOODS_3_223,TX_2,FOODS_3,low,2016-05-22,2016-06-18,27,0.37110452159183627
FOODS_3_240,TX_2,FOODS_3,low,2016-05-22,2016-06-18,27,0.14517656708024182
FOODS_3_249,TX_2,FOODS_3,medium,2016-05-22,2016-06-18,27,1.8873395204563976
FOODS_3_263,TX_2,FOODS_3,high,2016-05-22,2016-06-18,27,14.877479896205248
FOODS_3_276,TX_2,FOODS_3,high,2016-05-22,2016-06-18,27,0.0
FOODS_3_312,TX_2,FOODS_3,low,2016-05-22,2016-06-18,27,0.7987546775480662
FOODS_3_319,TX_2,FOODS_3,high,2016-05-22,2016-06-18,27,0.0
FOODS_3_321,TX_2,FOODS_3,high,2016-05-22,2016-06-18,27,9.587263742967838
FOODS_3_327,TX_2,FOODS_3,high,2016-05-22,2016-06-18,27,4.294577189822542
FOODS_3_329,TX_2,FOODS_3,high,2016-05-22,2016-06-18,27,17.044598098821314
FOODS_3_340,TX_2,FOODS_3,low,2016-05-22,2016-06-18,27,0.7443970002016373
FOODS_3_354,TX_2,FOODS_3,low,2016-05-22,2016-06-18,27,0.639227534576708
FOODS_3_360,TX_2,FOODS_3,medium,2016-05-22,2016-06-18,27,0.4241145039642204
FOODS_3_383,TX_2,FOODS_3,high,2016-05-22,2016-06-18,27,2.4970151978667814
FOODS_3_387,TX_2,FOODS_3,medium,2016-05-22,2016-06-18,27,1.2197770854586005
FOODS_3_432,TX_2,FOODS_3,high,2016-05-22,2016-06-18,27,1.7726362196020968
FOODS_3_467,TX_2,FOODS_3,medium,2016-05-22,2016-06-18,27,0.6899690699893318
FOODS_3_470,TX_2,FOODS_3,medium,2016-05-22,2016-06-18,27,0.7481264466802999
FOODS_3_479,TX_2,FOODS_3,medium,2016-05-22,2016-06-18,27,1.0920148305142237
FOODS_3_480,TX_2,FOODS_3,medium,2016-05-22,2016-06-18,27,0.819718150502373
FOODS_3_482,TX_2,FOODS_3,low,2016-05-22,2016-06-18,27,0.9694109834530765
FOODS_3_501,TX_2,FOODS_3,high,2016-05-22,2016-06-18,27,13.75309520137087
FOODS_3_511,TX_2,FOODS_3,high,2016-05-22,2016-06-18,27,10.788031029884817
FOODS_3_520,TX_2,FOODS_3,medium,2016-05-22,2016-06-18,27,1.144438141698418
FOODS_3_532,TX_2,FOODS_3,medium,2016-05-22,2016-06-18,27,1.9571475151231887
FOODS_3_539,TX_2,FOODS_3,low,2016-05-22,2016-06-18,27,0.4233055424789679
FOODS_3_550,TX_2,FOODS_3,low,2016-05-22,2016-06-18,27,0.3508149841915534
FOODS_3_558,TX_2,FOODS_3,low,2016-05-22,2016-06-18,27,0.19109039045783915
FOODS_3_601,TX_2,FOODS_3,low,2016-05-22,2016-06-18,27,0.1610110163583714
FOODS_3_611,TX_2,FOODS_3,high,2016-05-22,2016-06-18,27,2.7217355564055197
FOODS_3_616,TX_2,FOODS_3,medium,2016-05-22,2016-06-18,27,2.2656714763404717
FOODS_3_635,TX_2,FOODS_3,high,2016-05-22,2016-06-18,27,0.0
FOODS_3_640,TX_2,FOODS_3,low,2016-05-22,2016-06-18,27,0.8498226442592556
FOODS_3_641,TX_2,FOODS_3,low,2016-05-22,2016-06-18,27,0.37441775640136976
FOODS_3_648,TX_2,FOODS_3,medium,2016-05-22,2016-06-18,27,1.5255145632216511
FOODS_3_658,TX_2,FOODS_3,low,2016-05-22,2016-06-18,27,0.4655242253618975
FOODS_3_661,TX_2,FOODS_3,high,2016-05-22,2016-06-18,27,3.725627570898157
FOODS_3_666,TX_2,FOODS_3,medium,2016-05-22,2016-06-18,27,0.958074186283982
FOODS_3_677,TX_2,FOODS_3,low,2016-05-22,2016-06-18,27,0.8884387256426481
FOODS_3_709,TX_2,FOODS_3,low,2016-05-22,2016-06-18,27,1.35485221535961
FOODS_3_724,TX_2,FOODS_3,low,2016-05-22,2016-06-18,27,0.45359046064737674
FOODS_3_795,TX_2,FOODS_3,medium,2016-05-22,2016-06-18,27,2.184623133667899
FOODS_3_801,TX_2,FOODS_3,high,2016-05-22,2016-06-18,27,2.0772005870933983
FOODS_3_817,TX_2,FOODS_3,medium,2016-05-22,2016-06-18,27,0.6240840228923098
FOODS_1_017,WI_3,FOODS_1,low,2016-05-22,2016-06-18,27,0.9054906388289783
FOODS_1_020,WI_3,FOODS_1,medium,2016-05-22,2016-06-18,27,1.238327340795043
FOODS_1_042,WI_3,FOODS_1,high,2016-05-22,2016-06-18,27,2.4231553224971973
FOODS_1_082,WI_3,FOODS_1,high,2016-05-22,2016-06-18,27,8.520947247985463
FOODS_1_086,WI_3,FOODS_1,high,2016-05-22,2016-06-18,27,2.068550309478105
FOODS_1_089,WI_3,FOODS_1,low,2016-05-22,2016-06-18,27,0.31707263776668293
FOODS_1_099,WI_3,FOODS_1,high,2016-05-22,2016-06-18,27,2.604427848791935
FOODS_1_112,WI_3,FOODS_1,medium,2016-05-22,2016-06-18,27,0.36974342788386755
FOODS_1_135,WI_3,FOODS_1,low,2016-05-22,2016-06-18,27,0.44845735087108757
FOODS_1_155,WI_3,FOODS_1,medium,2016-05-22,2016-06-18,27,1.2025273066299136
FOODS_1_156,WI_3,FOODS_1,low,2016-05-22,2016-06-18,27,0.6926465457706946
FOODS_1_172,WI_3,FOODS_1,high,2016-05-22,2016-06-18,27,2.783524961565815
FOODS_1_175,WI_3,FOODS_1,medium,2016-05-22,2016-06-18,27,0.3809200447134419
FOODS_1_210,WI_3,FOODS_1,medium,2016-05-22,2016-06-18,27,2.4012374697251966
FOODS_1_214,WI_3,FOODS_1,low,2016-05-22,2016-06-18,27,0.47157891653272316
FOODS_2_021,WI_3,FOODS_2,high,2016-05-22,2016-06-18,27,5.960384786001638
FOODS_2_024,WI_3,FOODS_2,medium,2016-05-22,2016-06-18,27,0.5695876625821847
FOODS_2_028,WI_3,FOODS_2,low,2016-05-22,2016-06-18,27,0.732084783215001
FOODS_2_040,WI_3,FOODS_2,low,2016-05-22,2016-06-18,27,0.7495726202270846
FOODS_2_059,WI_3,FOODS_2,high,2016-05-22,2016-06-18,27,2.9979788480775484
FOODS_2_072,WI_3,FOODS_2,medium,2016-05-22,2016-06-18,27,1.4595393838558708
FOODS_2_095,WI_3,FOODS_2,low,2016-05-22,2016-06-18,27,1.3259046188377108
FOODS_2_116,WI_3,FOODS_2,high,2016-05-22,2016-06-18,27,0.8430520286680182
FOODS_2_136,WI_3,FOODS_2,medium,2016-05-22,2016-06-18,27,2.4911695235439346
FOODS_2_139,WI_3,FOODS_2,high,2016-05-22,2016-06-18,27,1.0039744247524858
FOODS_2_146,WI_3,FOODS_2,medium,2016-05-22,2016-06-18,27,0.7942758137249689
FOODS_2_150,WI_3,FOODS_2,high,2016-05-22,2016-06-18,27,1.3331856404961366
FOODS_2_170,WI_3,FOODS_2,medium,2016-05-22,2016-06-18,27,1.6025158067400416
FOODS_2_178,WI_3,FOODS_2,low,2016-05-22,2016-06-18,27,1.2502813069877157
FOODS_2_180,WI_3,FOODS_2,low,2016-05-22,2016-06-18,27,0.9450826407306014
FOODS_2_184,WI_3,FOODS_2,high,2016-05-22,2016-06-18,27,0.693957832017616
FOODS_2_209,WI_3,FOODS_2,low,2016-05-22,2016-06-18,27,0.849365352359292
FOODS_2_218,WI_3,FOODS_2,low,2016-05-22,2016-06-18,27,0.37943739904561186
FOODS_2_251,WI_3,FOODS_2,medium,2016-05-22,2016-06-18,27,2.2728363384002397
FOODS_2_301,WI_3,FOODS_2,low,2016-05-22,2016-06-18,27,1.0751273689273328
FOODS_2_302,WI_3,FOODS_2,medium,2016-05-22,2016-06-18,27,1.908253436174626
FOODS_2_304,WI_3,FOODS_2,medium,2016-05-22,2016-06-18,27,1.6931066987232846
FOODS_2_322,WI_3,FOODS_2,high,2016-05-22,2016-06-18,27,4.241281068423876
FOODS_2_336,WI_3,FOODS_2,low,2016-05-22,2016-06-18,27,0.8494167228520834
FOODS_2_339,WI_3,FOODS_2,medium,2016-05-22,2016-06-18,27,2.32586227947564
FOODS_2_357,WI_3,FOODS_2,high,2016-05-22,2016-06-18,27,4.479468513871735
FOODS_2_360,WI_3,FOODS_2,high,2016-05-22,2016-06-18,27,17.396176523279482
FOODS_2_367,WI_3,FOODS_2,medium,2016-05-22,2016-06-18,27,0.582369405810827
FOODS_3_026,WI_3,FOODS_3,high,2016-05-22,2016-06-18,27,1.8563779755057783
FOODS_3_048,WI_3,FOODS_3,medium,2016-05-22,2016-06-18,27,3.97724733787882
FOODS_3_053,WI_3,FOODS_3,medium,2016-05-22,2016-06-18,27,0.5501952436718615
FOODS_3_068,WI_3,FOODS_3,low,2016-05-22,2016-06-18,27,0.2721761281664836
FOODS_3_074,WI_3,FOODS_3,medium,2016-05-22,2016-06-18,27,0.7257339388207106
FOODS_3_089,WI_3,FOODS_3,high,2016-05-22,2016-06-18,27,1.8560304225609785
FOODS_3_096,WI_3,FOODS_3,medium,2016-05-22,2016-06-18,27,0.5880225669892448
FOODS_3_099,WI_3,FOODS_3,high,2016-05-22,2016-06-18,27,9.857994930772534
FOODS_3_113,WI_3,FOODS_3,high,2016-05-22,2016-06-18,27,3.0866290113004564
FOODS_3_123,WI_3,FOODS_3,low,2016-05-22,2016-06-18,27,0.4240760458129746
FOODS_3_135,WI_3,FOODS_3,high,2016-05-22,2016-06-18,27,8.052859544963207
FOODS_3_179,WI_3,FOODS_3,low,2016-05-22,2016-06-18,27,0.22682472352790256
FOODS_3_187,WI_3,FOODS_3,medium,2016-05-22,2016-06-18,27,1.8251838346112177
FOODS_3_223,WI_3,FOODS_3,low,2016-05-22,2016-06-18,27,1.0990964289616065
FOODS_3_240,WI_3,FOODS_3,low,2016-05-22,2016-06-18,27,0.4619970027487346
FOODS_3_249,WI_3,FOODS_3,medium,2016-05-22,2016-06-18,27,0.9699848015964606
FOODS_3_263,WI_3,FOODS_3,high,2016-05-22,2016-06-18,27,11.404117970207462
FOODS_3_276,WI_3,FOODS_3,high,2016-05-22,2016-06-18,27,0.0
FOODS_3_312,WI_3,FOODS_3,low,2016-05-22,2016-06-18,27,0.5693135733565815
FOODS_3_319,WI_3,FOODS_3,high,2016-05-22,2016-06-18,27,0.0
FOODS_3_321,WI_3,FOODS_3,high,2016-05-22,2016-06-18,27,5.458180990889967
FOODS_3_327,WI_3,FOODS_3,high,2016-05-22,2016-06-18,27,1.7940157990292003
FOODS_3_329,WI_3,FOODS_3,high,2016-05-22,2016-06-18,27,19.5906560859267
FOODS_3_340,WI_3,FOODS_3,low,2016-05-22,2016-06-18,27,0.5394709316880497
FOODS_3_354,WI_3,FOODS_3,low,2016-05-22,2016-06-18,27,0.5662193251728735
FOODS_3_360,WI_3,FOODS_3,medium,2016-05-22,2016-06-18,27,0.31660871837518717
FOODS_3_383,WI_3,FOODS_3,high,2016-05-22,2016-06-18,27,1.8752843506551589
FOODS_3_387,WI_3,FOODS_3,medium,2016-05-22,2016-06-18,27,1.0013594328304458
FOODS_3_432,WI_3,FOODS_3,high,2016-05-22,2016-06-18,27,0.8651109205348403
FOODS_3_467,WI_3,FOODS_3,medium,2016-05-22,2016-06-18,27,1.1314529816618824
FOODS_3_470,WI_3,FOODS_3,medium,2016-05-22,2016-06-18,27,1.189712639589187
FOODS_3_479,WI_3,FOODS_3,medium,2016-05-22,2016-06-18,27,0.8732620894307452
FOODS_3_480,WI_3,FOODS_3,medium,2016-05-22,2016-06-18,27,0.6086573816206604
FOODS_3_482,WI_3,FOODS_3,low,2016-05-22,2016-06-18,27,0.391952237943016
FOODS_3_501,WI_3,FOODS_3,high,2016-05-22,2016-06-18,27,9.330818553929932
FOODS_3_511,WI_3,FOODS_3,high,2016-05-22,2016-06-18,27,8.282102320023354
FOODS_3_520,WI_3,FOODS_3,medium,2016-05-22,2016-06-18,27,0.5644664254460149
FOODS_3_532,WI_3,FOODS_3,medium,2016-05-22,2016-06-18,27,2.4792940024651244
FOODS_3_539,WI_3,FOODS_3,low,2016-05-22,2016-06-18,27,0.45075294870853355
FOODS_3_550,WI_3,FOODS_3,low,2016-05-22,2016-06-18,27,0.3831266151576674
FOODS_3_558,WI_3,FOODS_3,low,2016-05-22,2016-06-18,27,0.3679896556626943
FOODS_3_601,WI_3,FOODS_3,low,2016-05-22,2016-06-18,27,0.36846242611665325
FOODS_3_611,WI_3,FOODS_3,high,2016-05-22,2016-06-18,27,0.6146525372176554
FOODS_3_616,WI_3,FOODS_3,medium,2016-05-22,2016-06-18,27,0.7357370510528106
FOODS_3_635,WI_3,FOODS_3,high,2016-05-22,2016-06-18,27,0.0
FOODS_3_640,WI_3,FOODS_3,low,2016-05-22,2016-06-18,27,1.3932711158360782
FOODS_3_641,WI_3,FOODS_3,low,2016-05-22,2016-06-18,27,0.7370195249827184
FOODS_3_648,WI_3,FOODS_3,medium,2016-05-22,2016-06-18,27,1.1513331180630373
FOODS_3_658,WI_3,FOODS_3,low,2016-05-22,2016-06-18,27,0.41768718710454406
FOODS_3_661,WI_3,FOODS_3,high,2016-05-22,2016-06-18,27,3.461251400447814
FOODS_3_666,WI_3,FOODS_3,medium,2016-05-22,2016-06-18,27,0.9667871064474447
FOODS_3_677,WI_3,FOODS_3,low,2016-05-22,2016-06-18,27,0.2823147429262321
FOODS_3_709,WI_3,FOODS_3,low,2016-05-22,2016-06-18,27,1.390567171936139
FOODS_3_724,WI_3,FOODS_3,low,2016-05-22,2016-06-18,27,0.21939528458643398
FOODS_3_795,WI_3,FOODS_3,medium,2016-05-22,2016-06-18,27,1.5010304145961413
FOODS_3_801,WI_3,FOODS_3,high,2016-05-22,2016-06-18,27,3.1984168029166455
FOODS_3_817,WI_3,FOODS_3,medium,2016-05-22,2016-06-18,27,0.2779932062748876
FOODS_1_017,CA_1,FOODS_1,low,2016-05-22,2016-06-19,28,1.5724882046264963
FOODS_1_020,CA_1,FOODS_1,medium,2016-05-22,2016-06-19,28,1.6494654238088686
FOODS_1_042,CA_1,FOODS_1,high,2016-05-22,2016-06-19,28,2.9990458834292717
FOODS_1_082,CA_1,FOODS_1,high,2016-05-22,2016-06-19,28,7.966808866641424
FOODS_1_086,CA_1,FOODS_1,high,2016-05-22,2016-06-19,28,4.302042008179608
FOODS_1_089,CA_1,FOODS_1,low,2016-05-22,2016-06-19,28,0.6177549516502385
FOODS_1_099,CA_1,FOODS_1,high,2016-05-22,2016-06-19,28,7.07924164580822
FOODS_1_112,CA_1,FOODS_1,medium,2016-05-22,2016-06-19,28,2.017300643858946
FOODS_1_135,CA_1,FOODS_1,low,2016-05-22,2016-06-19,28,1.4024065406171715
FOODS_1_155,CA_1,FOODS_1,medium,2016-05-22,2016-06-19,28,0.5830873520905367
FOODS_1_156,CA_1,FOODS_1,low,2016-05-22,2016-06-19,28,1.558917753664088
FOODS_1_172,CA_1,FOODS_1,high,2016-05-22,2016-06-19,28,1.676332641864418
FOODS_1_175,CA_1,FOODS_1,medium,2016-05-22,2016-06-19,28,1.4512801372213902
FOODS_1_210,CA_1,FOODS_1,medium,2016-05-22,2016-06-19,28,2.457530981599907
FOODS_1_214,CA_1,FOODS_1,low,2016-05-22,2016-06-19,28,1.1163518344295829
FOODS_2_021,CA_1,FOODS_2,high,2016-05-22,2016-06-19,28,7.127775249172081
FOODS_2_024,CA_1,FOODS_2,medium,2016-05-22,2016-06-19,28,1.6042145532061685
FOODS_2_028,CA_1,FOODS_2,low,2016-05-22,2016-06-19,28,0.38771529469740207
FOODS_2_040,CA_1,FOODS_2,low,2016-05-22,2016-06-19,28,0.8782772852936992
FOODS_2_059,CA_1,FOODS_2,high,2016-05-22,2016-06-19,28,1.9493717758530995
FOODS_2_072,CA_1,FOODS_2,medium,2016-05-22,2016-06-19,28,0.7532449418200292
FOODS_2_095,CA_1,FOODS_2,low,2016-05-22,2016-06-19,28,0.8618173044917653
FOODS_2_116,CA_1,FOODS_2,high,2016-05-22,2016-06-19,28,1.0590966550134964
FOODS_2_136,CA_1,FOODS_2,medium,2016-05-22,2016-06-19,28,0.5893180265588668
FOODS_2_139,CA_1,FOODS_2,high,2016-05-22,2016-06-19,28,1.7082030703689062
FOODS_2_146,CA_1,FOODS_2,medium,2016-05-22,2016-06-19,28,1.4162236513312554
FOODS_2_150,CA_1,FOODS_2,high,2016-05-22,2016-06-19,28,2.582983506437459
FOODS_2_170,CA_1,FOODS_2,medium,2016-05-22,2016-06-19,28,1.6363490616885257
FOODS_2_178,CA_1,FOODS_2,low,2016-05-22,2016-06-19,28,0.8091797418930122
FOODS_2_180,CA_1,FOODS_2,low,2016-05-22,2016-06-19,28,0.4937706230567002
FOODS_2_184,CA_1,FOODS_2,high,2016-05-22,2016-06-19,28,1.0610740503777625
FOODS_2_209,CA_1,FOODS_2,low,2016-05-22,2016-06-19,28,0.5314131517934594
FOODS_2_218,CA_1,FOODS_2,low,2016-05-22,2016-06-19,28,0.9585132024623396
FOODS_2_251,CA_1,FOODS_2,medium,2016-05-22,2016-06-19,28,0.7006673029674471
FOODS_2_301,CA_1,FOODS_2,low,2016-05-22,2016-06-19,28,0.9466849675708539
FOODS_2_302,CA_1,FOODS_2,medium,2016-05-22,2016-06-19,28,1.2981120298013862
FOODS_2_304,CA_1,FOODS_2,medium,2016-05-22,2016-06-19,28,2.532820648035589
FOODS_2_322,CA_1,FOODS_2,high,2016-05-22,2016-06-19,28,0.668295232689838
FOODS_2_336,CA_1,FOODS_2,low,2016-05-22,2016-06-19,28,0.4421179085402517
FOODS_2_339,CA_1,FOODS_2,medium,2016-05-22,2016-06-19,28,1.179045626614813
FOODS_2_357,CA_1,FOODS_2,high,2016-05-22,2016-06-19,28,2.624922072251766
FOODS_2_360,CA_1,FOODS_2,high,2016-05-22,2016-06-19,28,11.700863168754708
FOODS_2_367,CA_1,FOODS_2,medium,2016-05-22,2016-06-19,28,0.6613774894137032
FOODS_3_026,CA_1,FOODS_3,high,2016-05-22,2016-06-19,28,1.7223624343314958
FOODS_3_048,CA_1,FOODS_3,medium,2016-05-22,2016-06-19,28,1.8304107756991166
FOODS_3_053,CA_1,FOODS_3,medium,2016-05-22,2016-06-19,28,3.3269339018404716
FOODS_3_068,CA_1,FOODS_3,low,2016-05-22,2016-06-19,28,0.4756825620779737
FOODS_3_074,CA_1,FOODS_3,medium,2016-05-22,2016-06-19,28,1.8274430648162574
FOODS_3_089,CA_1,FOODS_3,high,2016-05-22,2016-06-19,28,1.0847139755433919
FOODS_3_096,CA_1,FOODS_3,medium,2016-05-22,2016-06-19,28,1.0827077097717868
FOODS_3_099,CA_1,FOODS_3,high,2016-05-22,2016-06-19,28,15.513752834409276
FOODS_3_113,CA_1,FOODS_3,high,2016-05-22,2016-06-19,28,4.121420762843665
FOODS_3_123,CA_1,FOODS_3,low,2016-05-22,2016-06-19,28,1.9143349257734763
FOODS_3_135,CA_1,FOODS_3,high,2016-05-22,2016-06-19,28,6.1925677796415775
FOODS_3_179,CA_1,FOODS_3,low,2016-05-22,2016-06-19,28,0.9184060712843193
FOODS_3_187,CA_1,FOODS_3,medium,2016-05-22,2016-06-19,28,1.316965130078999
FOODS_3_223,CA_1,FOODS_3,low,2016-05-22,2016-06-19,28,1.2003922611563822
FOODS_3_240,CA_1,FOODS_3,low,2016-05-22,2016-06-19,28,0.9230102159569704
FOODS_3_249,CA_1,FOODS_3,medium,2016-05-22,2016-06-19,28,3.5271646897107094
FOODS_3_263,CA_1,FOODS_3,high,2016-05-22,2016-06-19,28,9.161745817945514
FOODS_3_276,CA_1,FOODS_3,high,2016-05-22,2016-06-19,28,0.0
FOODS_3_312,CA_1,FOODS_3,low,2016-05-22,2016-06-19,28,1.2373683010288858
FOODS_3_319,CA_1,FOODS_3,high,2016-05-22,2016-06-19,28,0.0
FOODS_3_321,CA_1,FOODS_3,high,2016-05-22,2016-06-19,28,5.285985946150793
FOODS_3_327,CA_1,FOODS_3,high,2016-05-22,2016-06-19,28,2.5512114185292094
FOODS_3_329,CA_1,FOODS_3,high,2016-05-22,2016-06-19,28,18.925187800231207
FOODS_3_340,CA_1,FOODS_3,low,2016-05-22,2016-06-19,28,0.6238224404899289
FOODS_3_354,CA_1,FOODS_3,low,2016-05-22,2016-06-19,28,0.2605394618174668
FOODS_3_360,CA_1,FOODS_3,medium,2016-05-22,2016-06-19,28,0.26145034534295064
FOODS_3_383,CA_1,FOODS_3,high,2016-05-22,2016-06-19,28,4.024267039827026
FOODS_3_387,CA_1,FOODS_3,medium,2016-05-22,2016-06-19,28,1.6634530925866289
FOODS_3_432,CA_1,FOODS_3,high,2016-05-22,2016-06-19,28,0.5266701440672846
FOODS_3_467,CA_1,FOODS_3,medium,2016-05-22,2016-06-19,28,1.2328065497756362
FOODS_3_470,CA_1,FOODS_3,medium,2016-05-22,2016-06-19,28,0.7388054742151535
FOODS_3_479,CA_1,FOODS_3,medium,2016-05-22,2016-06-19,28,0.68773054647895
FOODS_3_480,CA_1,FOODS_3,medium,2016-05-22,2016-06-19,28,1.205323585735308
FOODS_3_482,CA_1,FOODS_3,low,2016-05-22,2016-06-19,28,2.5126016070827975
FOODS_3_501,CA_1,FOODS_3,high,2016-05-22,2016-06-19,28,24.292311634534627
FOODS_3_511,CA_1,FOODS_3,high,2016-05-22,2016-06-19,28,26.473038364439848
FOODS_3_520,CA_1,FOODS_3,medium,2016-05-22,2016-06-19,28,0.6316396527060696
FOODS_3_532,CA_1,FOODS_3,medium,2016-05-22,2016-06-19,28,1.7805140924483567
FOODS_3_539,CA_1,FOODS_3,low,2016-05-22,2016-06-19,28,0.7683512402579417
FOODS_3_550,CA_1,FOODS_3,low,2016-05-22,2016-06-19,28,0.2992102030056539
FOODS_3_558,CA_1,FOODS_3,low,2016-05-22,2016-06-19,28,0.6745472272168301
FOODS_3_601,CA_1,FOODS_3,low,2016-05-22,2016-06-19,28,0.14893353370868567
FOODS_3_611,CA_1,FOODS_3,high,2016-05-22,2016-06-19,28,1.5242963396584936
FOODS_3_616,CA_1,FOODS_3,medium,2016-05-22,2016-06-19,28,1.1424261797861193
FOODS_3_635,CA_1,FOODS_3,high,2016-05-22,2016-06-19,28,0.0
FOODS_3_640,CA_1,FOODS_3,low,2016-05-22,2016-06-19,28,2.4682945465943087
FOODS_3_641,CA_1,FOODS_3,low,2016-05-22,2016-06-19,28,2.88223419361312
FOODS_3_648,CA_1,FOODS_3,medium,2016-05-22,2016-06-19,28,0.6862000550990629
FOODS_3_658,CA_1,FOODS_3,low,2016-05-22,2016-06-19,28,0.9782263958861195
FOODS_3_661,CA_1,FOODS_3,high,2016-05-22,2016-06-19,28,4.189833208197972
FOODS_3_666,CA_1,FOODS_3,medium,2016-05-22,2016-06-19,28,1.2231176452617147
FOODS_3_677,CA_1,FOODS_3,low,2016-05-22,2016-06-19,28,0.8096142570530213
FOODS_3_709,CA_1,FOODS_3,low,2016-05-22,2016-06-19,28,0.43177263142556715
FOODS_3_724,CA_1,FOODS_3,low,2016-05-22,2016-06-19,28,0.43604177012066214
FOODS_3_795,CA_1,FOODS_3,medium,2016-05-22,2016-06-19,28,3.4292564982037104
FOODS_3_801,CA_1,FOODS_3,high,2016-05-22,2016-06-19,28,1.649936943739433
FOODS_3_817,CA_1,FOODS_3,medium,2016-05-22,2016-06-19,28,0.8158778906332349
FOODS_1_017,TX_2,FOODS_1,low,2016-05-22,2016-06-19,28,0.4280080226363735
FOODS_1_020,TX_2,FOODS_1,medium,2016-05-22,2016-06-19,28,0.6384895613199377
FOODS_1_042,TX_2,FOODS_1,high,2016-05-22,2016-06-19,28,5.459741086623529
FOODS_1_082,TX_2,FOODS_1,high,2016-05-22,2016-06-19,28,2.167510267770051
FOODS_1_086,TX_2,FOODS_1,high,2016-05-22,2016-06-19,28,0.31815502367840276
FOODS_1_089,TX_2,FOODS_1,low,2016-05-22,2016-06-19,28,0.3470976390063566
FOODS_1_099,TX_2,FOODS_1,high,2016-05-22,2016-06-19,28,7.983260657082404
FOODS_1_112,TX_2,FOODS_1,medium,2016-05-22,2016-06-19,28,0.5829301651539456
FOODS_1_135,TX_2,FOODS_1,low,2016-05-22,2016-06-19,28,0.2984060106978103
FOODS_1_155,TX_2,FOODS_1,medium,2016-05-22,2016-06-19,28,1.5659394852647766
FOODS_1_156,TX_2,FOODS_1,low,2016-05-22,2016-06-19,28,0.3585031454976006
FOODS_1_172,TX_2,FOODS_1,high,2016-05-22,2016-06-19,28,3.445178170172677
FOODS_1_175,TX_2,FOODS_1,medium,2016-05-22,2016-06-19,28,0.6122549455110835
FOODS_1_210,TX_2,FOODS_1,medium,2016-05-22,2016-06-19,28,4.86862170987253
FOODS_1_214,TX_2,FOODS_1,low,2016-05-22,2016-06-19,28,0.435260514819623
FOODS_2_021,TX_2,FOODS_2,high,2016-05-22,2016-06-19,28,0.703278190403633
FOODS_2_024,TX_2,FOODS_2,medium,2016-05-22,2016-06-19,28,0.20312188520212288
FOODS_2_028,TX_2,FOODS_2,low,2016-05-22,2016-06-19,28,1.0751168885792797
FOODS_2_040,TX_2,FOODS_2,low,2016-05-22,2016-06-19,28,0.10879569493941989
FOODS_2_059,TX_2,FOODS_2,high,2016-05-22,2016-06-19,28,1.8784429291976672
FOODS_2_072,TX_2,FOODS_2,medium,2016-05-22,2016-06-19,28,0.479687163522506
FOODS_2_095,TX_2,FOODS_2,low,2016-05-22,2016-06-19,28,0.503959775276684
FOODS_2_116,TX_2,FOODS_2,high,2016-05-22,2016-06-19,28,0.6229511249590008
FOODS_2_136,TX_2,FOODS_2,medium,2016-05-22,2016-06-19,28,0.45807551694450055
FOODS_2_139,TX_2,FOODS_2,high,2016-05-22,2016-06-19,28,1.534359280066777
FOODS_2_146,TX_2,FOODS_2,medium,2016-05-22,2016-06-19,28,0.8549298180304763
FOODS_2_150,TX_2,FOODS_2,high,2016-05-22,2016-06-19,28,1.1757959641399918
FOODS_2_170,TX_2,FOODS_2,medium,2016-05-22,2016-06-19,28,1.4953465745760262
FOODS_2_178,TX_2,FOODS_2,low,2016-05-22,2016-06-19,28,0.4502147273639677
FOODS_2_180,TX_2,FOODS_2,low,2016-05-22,2016-06-19,28,2.2819004989781457
FOODS_2_184,TX_2,FOODS_2,high,2016-05-22,2016-06-19,28,2.493553809210929
FOODS_2_209,TX_2,FOODS_2,low,2016-05-22,2016-06-19,28,0.0
FOODS_2_218,TX_2,FOODS_2,low,2016-05-22,2016-06-19,28,0.017488558284731632
FOODS_2_251,TX_2,FOODS_2,medium,2016-05-22,2016-06-19,28,1.6650865407801139
FOODS_2_301,TX_2,FOODS_2,low,2016-05-22,2016-06-19,28,1.441432789752523
FOODS_2_302,TX_2,FOODS_2,medium,2016-05-22,2016-06-19,28,0.9506511633037213
FOODS_2_304,TX_2,FOODS_2,medium,2016-05-22,2016-06-19,28,1.8631586896004824
FOODS_2_322,TX_2,FOODS_2,high,2016-05-22,2016-06-19,28,3.2778088909510585
FOODS_2_336,TX_2,FOODS_2,low,2016-05-22,2016-06-19,28,0.3582621245964683
FOODS_2_339,TX_2,FOODS_2,medium,2016-05-22,2016-06-19,28,0.6047026364425399
FOODS_2_357,TX_2,FOODS_2,high,2016-05-22,2016-06-19,28,1.8166578268047877
FOODS_2_360,TX_2,FOODS_2,high,2016-05-22,2016-06-19,28,10.518018868211326
FOODS_2_367,TX_2,FOODS_2,medium,2016-05-22,2016-06-19,28,0.0
FOODS_3_026,TX_2,FOODS_3,high,2016-05-22,2016-06-19,28,1.5936079822469604
FOODS_3_048,TX_2,FOODS_3,medium,2016-05-22,2016-06-19,28,2.5629597663757835
FOODS_3_053,TX_2,FOODS_3,medium,2016-05-22,2016-06-19,28,1.022591173020274
FOODS_3_068,TX_2,FOODS_3,low,2016-05-22,2016-06-19,28,0.5289089590335
FOODS_3_074,TX_2,FOODS_3,medium,2016-05-22,2016-06-19,28,1.4227290885634374
FOODS_3_089,TX_2,FOODS_3,high,2016-05-22,2016-06-19,28,0.8532695957949692
FOODS_3_096,TX_2,FOODS_3,medium,2016-05-22,2016-06-19,28,0.6961103029210792
FOODS_3_099,TX_2,FOODS_3,high,2016-05-22,2016-06-19,28,17.060056909545857
FOODS_3_113,TX_2,FOODS_3,high,2016-05-22,2016-06-19,28,0.8338595993014383
FOODS_3_123,TX_2,FOODS_3,low,2016-05-22,2016-06-19,28,0.46682206093769324
FOODS_3_135,TX_2,FOODS_3,high,2016-05-22,2016-06-19,28,14.142099684770942
FOODS_3_179,TX_2,FOODS_3,low,2016-05-22,2016-06-19,28,0.3220395941559637
FOODS_3_187,TX_2,FOODS_3,medium,2016-05-22,2016-06-19,28,1.091333693509434
FOODS_3_223,TX_2,FOODS_3,low,2016-05-22,2016-06-19,28,0.3486439687915448
FOODS_3_240,TX_2,FOODS_3,low,2016-05-22,2016-06-19,28,0.15036144447596472
FOODS_3_249,TX_2,FOODS_3,medium,2016-05-22,2016-06-19,28,1.9190302176155551
FOODS_3_263,TX_2,FOODS_3,high,2016-05-22,2016-06-19,28,14.980247035355434
FOODS_3_276,TX_2,FOODS_3,high,2016-05-22,2016-06-19,28,0.0
FOODS_3_312,TX_2,FOODS_3,low,2016-05-22,2016-06-19,28,0.7558530588890683
FOODS_3_319,TX_2,FOODS_3,high,2016-05-22,2016-06-19,28,0.0
FOODS_3_321,TX_2,FOODS_3,high,2016-05-22,2016-06-19,28,9.536808876645262
FOODS_3_327,TX_2,FOODS_3,high,2016-05-22,2016-06-19,28,4.340812089459062
FOODS_3_329,TX_2,FOODS_3,high,2016-05-22,2016-06-19,28,17.189048030922077
FOODS_3_340,TX_2,FOODS_3,low,2016-05-22,2016-06-19,28,0.6995540359231244
FOODS_3_354,TX_2,FOODS_3,low,2016-05-22,2016-06-19,28,0.662057089383019
FOODS_3_360,TX_2,FOODS_3,medium,2016-05-22,2016-06-19,28,0.43926145053437116
FOODS_3_383,TX_2,FOODS_3,high,2016-05-22,2016-06-19,28,2.3361943120763096
FOODS_3_387,TX_2,FOODS_3,medium,2016-05-22,2016-06-19,28,1.1204834099392647
FOODS_3_432,TX_2,FOODS_3,high,2016-05-22,2016-06-19,28,1.8002303703021718
FOODS_3_467,TX_2,FOODS_3,medium,2016-05-22,2016-06-19,28,0.7146108224889508
FOODS_3_470,TX_2,FOODS_3,medium,2016-05-22,2016-06-19,28,0.7748452483474535
FOODS_3_479,TX_2,FOODS_3,medium,2016-05-22,2016-06-19,28,1.023872503032589
FOODS_3_480,TX_2,FOODS_3,medium,2016-05-22,2016-06-19,28,0.8489937987346003
FOODS_3_482,TX_2,FOODS_3,low,2016-05-22,2016-06-19,28,0.9683185185764007
FOODS_3_501,TX_2,FOODS_3,high,2016-05-22,2016-06-19,28,13.458562887134116
FOODS_3_511,TX_2,FOODS_3,high,2016-05-22,2016-06-19,28,10.60188928095213
FOODS_3_520,TX_2,FOODS_3,medium,2016-05-22,2016-06-19,28,1.0781680753305045
FOODS_3_532,TX_2,FOODS_3,medium,2016-05-22,2016-06-19,28,1.9199027835204454
FOODS_3_539,TX_2,FOODS_3,low,2016-05-22,2016-06-19,28,0.4384235975675025
FOODS_3_550,TX_2,FOODS_3,low,2016-05-22,2016-06-19,28,0.32762980505553735
FOODS_3_558,TX_2,FOODS_3,low,2016-05-22,2016-06-19,28,0.19791504725990486
FOODS_3_601,TX_2,FOODS_3,low,2016-05-22,2016-06-19,28,0.16676140979974183
FOODS_3_611,TX_2,FOODS_3,high,2016-05-22,2016-06-19,28,2.747511826277145
FOODS_3_616,TX_2,FOODS_3,medium,2016-05-22,2016-06-19,28,2.0965883147812034
FOODS_3_635,TX_2,FOODS_3,high,2016-05-22,2016-06-19,28,0.0
FOODS_3_640,TX_2,FOODS_3,low,2016-05-22,2016-06-19,28,0.8444591672685148
FOODS_3_641,TX_2,FOODS_3,low,2016-05-22,2016-06-19,28,0.3877898191299901
FOODS_3_648,TX_2,FOODS_3,medium,2016-05-22,2016-06-19,28,1.4728543690509954
FOODS_3_658,TX_2,FOODS_3,low,2016-05-22,2016-06-19,28,0.4464358048391082
FOODS_3_661,TX_2,FOODS_3,high,2016-05-22,2016-06-19,28,3.8586856984302336
FOODS_3_666,TX_2,FOODS_3,medium,2016-05-22,2016-06-19,28,0.99229112150841
FOODS_3_677,TX_2,FOODS_3,low,2016-05-22,2016-06-19,28,0.8487401087013141
FOODS_3_709,TX_2,FOODS_3,low,2016-05-22,2016-06-19,28,1.403239794479596
FOODS_3_724,TX_2,FOODS_3,low,2016-05-22,2016-06-19,28,0.43407583424192575
FOODS_3_795,TX_2,FOODS_3,medium,2016-05-22,2016-06-19,28,2.155502531298896
FOODS_3_801,TX_2,FOODS_3,high,2016-05-22,2016-06-19,28,2.0799577509181626
FOODS_3_817,TX_2,FOODS_3,medium,2016-05-22,2016-06-19,28,0.5749441665670352
FOODS_1_017,WI_3,FOODS_1,low,2016-05-22,2016-06-19,28,0.9021153045014418
FOODS_1_020,WI_3,FOODS_1,medium,2016-05-22,2016-06-19,28,1.282553317252009
FOODS_1_042,WI_3,FOODS_1,high,2016-05-22,2016-06-19,28,2.152553726872097
FOODS_1_082,WI_3,FOODS_1,high,2016-05-22,2016-06-19,28,8.646695363984943
FOODS_1_086,WI_3,FOODS_1,high,2016-05-22,2016-06-19,28,2.035284249102323
FOODS_1_089,WI_3,FOODS_1,low,2016-05-22,2016-06-19,28,0.32839666054406447
FOODS_1_099,WI_3,FOODS_1,high,2016-05-22,2016-06-19,28,2.6260145576773595
FOODS_1_112,WI_3,FOODS_1,medium,2016-05-22,2016-06-19,28,0.38294855030829134
FOODS_1_135,WI_3,FOODS_1,low,2016-05-22,2016-06-19,28,0.4644736848307692
FOODS_1_155,WI_3,FOODS_1,medium,2016-05-22,2016-06-19,28,1.1383318532952678
FOODS_1_156,WI_3,FOODS_1,low,2016-05-22,2016-06-19,28,0.6459553509767908
FOODS_1_172,WI_3,FOODS_1,high,2016-05-22,2016-06-19,28,2.8472222816217365
FOODS_1_175,WI_3,FOODS_1,medium,2016-05-22,2016-06-19,28,0.3588100463103504
FOODS_1_210,WI_3,FOODS_1,medium,2016-05-22,2016-06-19,28,2.344138807929668
FOODS_1_214,WI_3,FOODS_1,low,2016-05-22,2016-06-19,28,0.48842102069460613
FOODS_2_021,WI_3,FOODS_2,high,2016-05-22,2016-06-19,28,5.994684242644554
FOODS_2_024,WI_3,FOODS_2,medium,2016-05-22,2016-06-19,28,0.5542157933886914
FOODS_2_028,WI_3,FOODS_2,low,2016-05-22,2016-06-19,28,0.7225163826155369
FOODS_2_040,WI_3,FOODS_2,low,2016-05-22,2016-06-19,28,0.7763430709494805
FOODS_2_059,WI_3,FOODS_2,high,2016-05-22,2016-06-19,28,2.9621923783660327
FOODS_2_072,WI_3,FOODS_2,medium,2016-05-22,2016-06-19,28,1.4402372189935804
FOODS_2_095,WI_3,FOODS_2,low,2016-05-22,2016-06-19,28,1.337544069510486
FOODS_2_116,WI_3,FOODS_2,high,2016-05-22,2016-06-19,28,0.873161029691876
FOODS_2_136,WI_3,FOODS_2,medium,2016-05-22,2016-06-19,28,2.5444255779562175
FOODS_2_139,WI_3,FOODS_2,high,2016-05-22,2016-06-19,28,1.0398306542079319
FOODS_2_146,WI_3,FOODS_2,medium,2016-05-22,2016-06-19,28,0.8226428070722892
FOODS_2_150,WI_3,FOODS_2,high,2016-05-22,2016-06-19,28,1.3807994133709989
FOODS_2_170,WI_3,FOODS_2,medium,2016-05-22,2016-06-19,28,1.5883199426950427
FOODS_2_178,WI_3,FOODS_2,low,2016-05-22,2016-06-19,28,1.1520770679515624
FOODS_2_180,WI_3,FOODS_2,low,2016-05-22,2016-06-19,28,0.9431213064709799
FOODS_2_184,WI_3,FOODS_2,high,2016-05-22,2016-06-19,28,0.7187420403039594
FOODS_2_209,WI_3,FOODS_2,low,2016-05-22,2016-06-19,28,0.8796998292292668
FOODS_2_218,WI_3,FOODS_2,low,2016-05-22,2016-06-19,28,0.39298873472581236
FOODS_2_251,WI_3,FOODS_2,medium,2016-05-22,2016-06-19,28,2.354009064771677
FOODS_2_301,WI_3,FOODS_2,low,2016-05-22,2016-06-19,28,1.0778104892461662
FOODS_2_302,WI_3,FOODS_2,medium,2016-05-22,2016-06-19,28,1.9049767731808627
FOODS_2_304,WI_3,FOODS_2,medium,2016-05-22,2016-06-19,28,1.6107176522491162
FOODS_2_322,WI_3,FOODS_2,high,2016-05-22,2016-06-19,28,4.285612535153301
FOODS_2_336,WI_3,FOODS_2,low,2016-05-22,2016-06-19,28,0.8440387486682293
FOODS_2_339,WI_3,FOODS_2,medium,2016-05-22,2016-06-19,28,2.3375002180283415
FOODS_2_357,WI_3,FOODS_2,high,2016-05-22,2016-06-19,28,4.353735246510012
FOODS_2_360,WI_3,FOODS_2,high,2016-05-22,2016-06-19,28,17.517468541968036
FOODS_2_367,WI_3,FOODS_2,medium,2016-05-22,2016-06-19,28,0.4960254560183565
FOODS_3_026,WI_3,FOODS_3,high,2016-05-22,2016-06-19,28,1.9226771889166991
FOODS_3_048,WI_3,FOODS_3,medium,2016-05-22,2016-06-19,28,4.0121490285173484
FOODS_3_053,WI_3,FOODS_3,medium,2016-05-22,2016-06-19,28,0.498416502374428
FOODS_3_068,WI_3,FOODS_3,low,2016-05-22,2016-06-19,28,0.24618241845814373
FOODS_3_074,WI_3,FOODS_3,medium,2016-05-22,2016-06-19,28,0.7516530080643073
FOODS_3_089,WI_3,FOODS_3,high,2016-05-22,2016-06-19,28,1.9223172233667276
FOODS_3_096,WI_3,FOODS_3,medium,2016-05-22,2016-06-19,28,0.5375948015245752
FOODS_3_099,WI_3,FOODS_3,high,2016-05-22,2016-06-19,28,9.924351892585841
FOODS_3_113,WI_3,FOODS_3,high,2016-05-22,2016-06-19,28,3.125437190275473
FOODS_3_123,WI_3,FOODS_3,low,2016-05-22,2016-06-19,28,0.4392216188777237
FOODS_3_135,WI_3,FOODS_3,high,2016-05-22,2016-06-19,28,7.9118902429976075
FOODS_3_179,WI_3,FOODS_3,low,2016-05-22,2016-06-19,28,0.23492560651104188
FOODS_3_187,WI_3,FOODS_3,medium,2016-05-22,2016-06-19,28,1.783226114418761
FOODS_3_223,WI_3,FOODS_3,low,2016-05-22,2016-06-19,28,1.1026355871388067
FOODS_3_240,WI_3,FOODS_3,low,2016-05-22,2016-06-19,28,0.4070683242754751
FOODS_3_249,WI_3,FOODS_3,medium,2016-05-22,2016-06-19,28,1.0046271159391913
FOODS_3_263,WI_3,FOODS_3,high,2016-05-22,2016-06-19,28,11.489979326286297
FOODS_3_276,WI_3,FOODS_3,high,2016-05-22,2016-06-19,28,0.0
FOODS_3_312,WI_3,FOODS_3,low,2016-05-22,2016-06-19,28,0.5896462009764594
FOODS_3_319,WI_3,FOODS_3,high,2016-05-22,2016-06-19,28,0.0
FOODS_3_321,WI_3,FOODS_3,high,2016-05-22,2016-06-19,28,5.331687454850324
FOODS_3_327,WI_3,FOODS_3,high,2016-05-22,2016-06-19,28,1.8580877918516718
FOODS_3_329,WI_3,FOODS_3,high,2016-05-22,2016-06-19,28,19.576036660424084
FOODS_3_340,WI_3,FOODS_3,low,2016-05-22,2016-06-19,28,0.5587377506769087
FOODS_3_354,WI_3,FOODS_3,low,2016-05-22,2016-06-19,28,0.5864414439290476
FOODS_3_360,WI_3,FOODS_3,medium,2016-05-22,2016-06-19,28,0.3279161726028724
FOODS_3_383,WI_3,FOODS_3,high,2016-05-22,2016-06-19,28,1.8351159346071284
FOODS_3_387,WI_3,FOODS_3,medium,2016-05-22,2016-06-19,28,1.0371222697172473
FOODS_3_432,WI_3,FOODS_3,high,2016-05-22,2016-06-19,28,0.8960077391253704
FOODS_3_467,WI_3,FOODS_3,medium,2016-05-22,2016-06-19,28,1.1361477310069497
FOODS_3_470,WI_3,FOODS_3,medium,2016-05-22,2016-06-19,28,1.0893452338602292
FOODS_3_479,WI_3,FOODS_3,medium,2016-05-22,2016-06-19,28,0.904450021196129
FOODS_3_480,WI_3,FOODS_3,medium,2016-05-22,2016-06-19,28,0.6303951452499696
FOODS_3_482,WI_3,FOODS_3,low,2016-05-22,2016-06-19,28,0.37023624644098085
FOODS_3_501,WI_3,FOODS_3,high,2016-05-22,2016-06-19,28,9.414062073713144
FOODS_3_511,WI_3,FOODS_3,high,2016-05-22,2016-06-19,28,8.22074883145276
FOODS_3_520,WI_3,FOODS_3,medium,2016-05-22,2016-06-19,28,0.5846259406405153
FOODS_3_532,WI_3,FOODS_3,medium,2016-05-22,2016-06-19,28,2.460697359696021
FOODS_3_539,WI_3,FOODS_3,low,2016-05-22,2016-06-19,28,0.43113698259098115
FOODS_3_550,WI_3,FOODS_3,low,2016-05-22,2016-06-19,28,0.39680970855615555
FOODS_3_558,WI_3,FOODS_3,low,2016-05-22,2016-06-19,28,0.38113214336493334
FOODS_3_601,WI_3,FOODS_3,low,2016-05-22,2016-06-19,28,0.38162179847796235
FOODS_3_611,WI_3,FOODS_3,high,2016-05-22,2016-06-19,28,0.6366044135468574
FOODS_3_616,WI_3,FOODS_3,medium,2016-05-22,2016-06-19,28,0.7620133743046968
FOODS_3_635,WI_3,FOODS_3,high,2016-05-22,2016-06-19,28,0.0
FOODS_3_640,WI_3,FOODS_3,low,2016-05-22,2016-06-19,28,1.3716022271159378
FOODS_3_641,WI_3,FOODS_3,low,2016-05-22,2016-06-19,28,0.7633416508749582
FOODS_3_648,WI_3,FOODS_3,medium,2016-05-22,2016-06-19,28,1.1210235865652884
FOODS_3_658,WI_3,FOODS_3,low,2016-05-22,2016-06-19,28,0.3968903009297063
FOODS_3_661,WI_3,FOODS_3,high,2016-05-22,2016-06-19,28,3.40629609332095
FOODS_3_666,WI_3,FOODS_3,medium,2016-05-22,2016-06-19,28,1.0013152173919964
FOODS_3_677,WI_3,FOODS_3,low,2016-05-22,2016-06-19,28,0.29239741231645466
FOODS_3_709,WI_3,FOODS_3,low,2016-05-22,2016-06-19,28,1.4045159995052867
FOODS_3_724,WI_3,FOODS_3,low,2016-05-22,2016-06-19,28,0.19151654475023516
FOODS_3_795,WI_3,FOODS_3,medium,2016-05-22,2016-06-19,28,1.5546386436888608
FOODS_3_801,WI_3,FOODS_3,high,2016-05-22,2016-06-19,28,3.169788831592239
FOODS_3_817,WI_3,FOODS_3,medium,2016-05-22,2016-06-19,28,0.28792153507041934
FOODS_1_017,CA_1,FOODS_1,low,2016-05-22,2016-06-20,29,1.485791354791728
FOODS_1_020,CA_1,FOODS_1,medium,2016-05-22,2016-06-20,29,1.7083749032306141
FOODS_1_042,CA_1,FOODS_1,high,2016-05-22,2016-06-20,29,2.999011807837461
FOODS_1_082,CA_1,FOODS_1,high,2016-05-22,2016-06-20,29,8.00133775473576
FOODS_1_086,CA_1,FOODS_1,high,2016-05-22,2016-06-20,29,4.419972079900308
FOODS_1_089,CA_1,FOODS_1,low,2016-05-22,2016-06-20,29,0.6398176284948899
FOODS_1_099,CA_1,FOODS_1,high,2016-05-22,2016-06-20,29,7.260643133158514
FOODS_1_112,CA_1,FOODS_1,medium,2016-05-22,2016-06-20,29,1.7322042382824794
FOODS_1_135,CA_1,FOODS_1,low,2016-05-22,2016-06-20,29,1.4524924884963561
FOODS_1_155,CA_1,FOODS_1,medium,2016-05-22,2016-06-20,29,0.6039119003794845
FOODS_1_156,CA_1,FOODS_1,low,2016-05-22,2016-06-20,29,1.5431648162949483
FOODS_1_172,CA_1,FOODS_1,high,2016-05-22,2016-06-20,29,1.664773093359576
FOODS_1_175,CA_1,FOODS_1,medium,2016-05-22,2016-06-20,29,1.5031115706935825
FOODS_1_210,CA_1,FOODS_1,medium,2016-05-22,2016-06-20,29,2.5452999452284746
FOODS_1_214,CA_1,FOODS_1,low,2016-05-22,2016-06-20,29,1.1205072570877823
FOODS_2_021,CA_1,FOODS_2,high,2016-05-22,2016-06-20,29,6.775195793785371
FOODS_2_024,CA_1,FOODS_2,medium,2016-05-22,2016-06-20,29,1.5543650729635323
FOODS_2_028,CA_1,FOODS_2,low,2016-05-22,2016-06-20,29,0.4015622695080236
FOODS_2_040,CA_1,FOODS_2,low,2016-05-22,2016-06-20,29,0.9096443311970457
FOODS_2_059,CA_1,FOODS_2,high,2016-05-22,2016-06-20,29,1.876135053562139
FOODS_2_072,CA_1,FOODS_2,medium,2016-05-22,2016-06-20,29,0.7444322611707445
FOODS_2_095,CA_1,FOODS_2,low,2016-05-22,2016-06-20,29,0.8925964939378999
FOODS_2_116,CA_1,FOODS_2,high,2016-05-22,2016-06-20,29,1.0612072498354068
FOODS_2_136,CA_1,FOODS_2,medium,2016-05-22,2016-06-20,29,0.6103650989359691
FOODS_2_139,CA_1,FOODS_2,high,2016-05-22,2016-06-20,29,1.7692103228820812
FOODS_2_146,CA_1,FOODS_2,medium,2016-05-22,2016-06-20,29,1.3596602103073716
FOODS_2_150,CA_1,FOODS_2,high,2016-05-22,2016-06-20,29,2.532375774524511
FOODS_2_170,CA_1,FOODS_2,medium,2016-05-22,2016-06-20,29,1.6590758138916872
FOODS_2_178,CA_1,FOODS_2,low,2016-05-22,2016-06-20,29,0.8380790183891912
FOODS_2_180,CA_1,FOODS_2,low,2016-05-22,2016-06-20,29,0.4399767167372967
FOODS_2_184,CA_1,FOODS_2,high,2016-05-22,2016-06-20,29,1.0989695521769682
FOODS_2_209,CA_1,FOODS_2,low,2016-05-22,2016-06-20,29,0.5146779072146545
FOODS_2_218,CA_1,FOODS_2,low,2016-05-22,2016-06-20,29,0.957031531121709
FOODS_2_251,CA_1,FOODS_2,medium,2016-05-22,2016-06-20,29,0.7256911352162845
FOODS_2_301,CA_1,FOODS_2,low,2016-05-22,2016-06-20,29,0.944780859269813
FOODS_2_302,CA_1,FOODS_2,medium,2016-05-22,2016-06-20,29,1.3087588880085785
FOODS_2_304,CA_1,FOODS_2,medium,2016-05-22,2016-06-20,29,2.4804213854654305
FOODS_2_322,CA_1,FOODS_2,high,2016-05-22,2016-06-20,29,0.6921629195716179
FOODS_2_336,CA_1,FOODS_2,low,2016-05-22,2016-06-20,29,0.45790783384526074
FOODS_2_339,CA_1,FOODS_2,medium,2016-05-22,2016-06-20,29,0.9711543989939134
FOODS_2_357,CA_1,FOODS_2,high,2016-05-22,2016-06-20,29,2.6115264319750433
FOODS_2_360,CA_1,FOODS_2,high,2016-05-22,2016-06-20,29,11.618751139067374
FOODS_2_367,CA_1,FOODS_2,medium,2016-05-22,2016-06-20,29,0.6492838283213355
FOODS_3_026,CA_1,FOODS_3,high,2016-05-22,2016-06-20,29,1.7838753784147634
FOODS_3_048,CA_1,FOODS_3,medium,2016-05-22,2016-06-20,29,1.8957825891169422
FOODS_3_053,CA_1,FOODS_3,medium,2016-05-22,2016-06-20,29,3.4457529697633453
FOODS_3_068,CA_1,FOODS_3,low,2016-05-22,2016-06-20,29,0.4926712250093299
FOODS_3_074,CA_1,FOODS_3,medium,2016-05-22,2016-06-20,29,1.8569946028454094
FOODS_3_089,CA_1,FOODS_3,high,2016-05-22,2016-06-20,29,0.9805966175270845
FOODS_3_096,CA_1,FOODS_3,medium,2016-05-22,2016-06-20,29,1.1213758422636364
FOODS_3_099,CA_1,FOODS_3,high,2016-05-22,2016-06-20,29,15.103529721352468
FOODS_3_113,CA_1,FOODS_3,high,2016-05-22,2016-06-20,29,4.161471504373797
FOODS_3_123,CA_1,FOODS_3,low,2016-05-22,2016-06-20,29,1.911275458836815
FOODS_3_135,CA_1,FOODS_3,high,2016-05-22,2016-06-20,29,6.092302343200204
FOODS_3_179,CA_1,FOODS_3,low,2016-05-22,2016-06-20,29,0.9154920024016164
FOODS_3_187,CA_1,FOODS_3,medium,2016-05-22,2016-06-20,29,1.2925710275818207
FOODS_3_223,CA_1,FOODS_3,low,2016-05-22,2016-06-20,29,1.1718348419119669
FOODS_3_240,CA_1,FOODS_3,low,2016-05-22,2016-06-20,29,0.8488320093840052
FOODS_3_249,CA_1,FOODS_3,medium,2016-05-22,2016-06-20,29,3.581706285771807
FOODS_3_263,CA_1,FOODS_3,high,2016-05-22,2016-06-20,29,9.274665311443568
FOODS_3_276,CA_1,FOODS_3,high,2016-05-22,2016-06-20,29,0.0
FOODS_3_312,CA_1,FOODS_3,low,2016-05-22,2016-06-20,29,1.2815600260656317
FOODS_3_319,CA_1,FOODS_3,high,2016-05-22,2016-06-20,29,0.0
FOODS_3_321,CA_1,FOODS_3,high,2016-05-22,2016-06-20,29,5.331914015656179
FOODS_3_327,CA_1,FOODS_3,high,2016-05-22,2016-06-20,29,2.570897540619538
FOODS_3_329,CA_1,FOODS_3,high,2016-05-22,2016-06-20,29,18.672515935953747
FOODS_3_340,CA_1,FOODS_3,low,2016-05-22,2016-06-20,29,0.6103875276502835
FOODS_3_354,CA_1,FOODS_3,low,2016-05-22,2016-06-20,29,0.269844442596662
FOODS_3_360,CA_1,FOODS_3,medium,2016-05-22,2016-06-20,29,0.27078785767662744
FOODS_3_383,CA_1,FOODS_3,high,2016-05-22,2016-06-20,29,3.953705148392277
FOODS_3_387,CA_1,FOODS_3,medium,2016-05-22,2016-06-20,29,1.6871478458932943
FOODS_3_432,CA_1,FOODS_3,high,2016-05-22,2016-06-20,29,0.509765506355402
FOODS_3_467,CA_1,FOODS_3,medium,2016-05-22,2016-06-20,29,1.2411210694104804
FOODS_3_470,CA_1,FOODS_3,medium,2016-05-22,2016-06-20,29,0.7651913840085519
FOODS_3_479,CA_1,FOODS_3,medium,2016-05-22,2016-06-20,29,0.6765780659960553
FOODS_3_480,CA_1,FOODS_3,medium,2016-05-22,2016-06-20,29,1.2126565709401405
FOODS_3_482,CA_1,FOODS_3,low,2016-05-22,2016-06-20,29,2.4237659501928985
FOODS_3_501,CA_1,FOODS_3,high,2016-05-22,2016-06-20,29,23.73132276433943
FOODS_3_511,CA_1,FOODS_3,high,2016-05-22,2016-06-20,29,25.77564687745556
FOODS_3_520,CA_1,FOODS_3,medium,2016-05-22,2016-06-20,29,0.6541982117312864
FOODS_3_532,CA_1,FOODS_3,medium,2016-05-22,2016-06-20,29,1.7726753100357977
FOODS_3_539,CA_1,FOODS_3,low,2016-05-22,2016-06-20,29,0.6886494988385825
FOODS_3_550,CA_1,FOODS_3,low,2016-05-22,2016-06-20,29,0.3098962816844272
FOODS_3_558,CA_1,FOODS_3,low,2016-05-22,2016-06-20,29,0.591495342474574
FOODS_3_601,CA_1,FOODS_3,low,2016-05-22,2016-06-20,29,0.15425258848399587
FOODS_3_611,CA_1,FOODS_3,high,2016-05-22,2016-06-20,29,1.4358783517891542
FOODS_3_616,CA_1,FOODS_3,medium,2016-05-22,2016-06-20,29,1.1117985433499094
FOODS_3_635,CA_1,FOODS_3,high,2016-05-22,2016-06-20,29,0.0
FOODS_3_640,CA_1,FOODS_3,low,2016-05-22,2016-06-20,29,2.413590780401248
FOODS_3_641,CA_1,FOODS_3,low,2016-05-22,2016-06-20,29,2.8780282719564454
FOODS_3_648,CA_1,FOODS_3,medium,2016-05-22,2016-06-20,29,0.7107071999240295
FOODS_3_658,CA_1,FOODS_3,low,2016-05-22,2016-06-20,29,0.906020195739195
FOODS_3_661,CA_1,FOODS_3,high,2016-05-22,2016-06-20,29,4.232327251347899
FOODS_3_666,CA_1,FOODS_3,medium,2016-05-22,2016-06-20,29,1.1596575611639193
FOODS_3_677,CA_1,FOODS_3,low,2016-05-22,2016-06-20,29,0.6956719090906291
FOODS_3_709,CA_1,FOODS_3,low,2016-05-22,2016-06-20,29,0.44719308254790885
FOODS_3_724,CA_1,FOODS_3,low,2016-05-22,2016-06-20,29,0.41590040476782864
FOODS_3_795,CA_1,FOODS_3,medium,2016-05-22,2016-06-20,29,3.4088728017109853
FOODS_3_801,CA_1,FOODS_3,high,2016-05-22,2016-06-20,29,1.6731489774444124
FOODS_3_817,CA_1,FOODS_3,medium,2016-05-22,2016-06-20,29,0.7378735295844218
FOODS_1_017,TX_2,FOODS_1,low,2016-05-22,2016-06-20,29,0.4432940234448154
FOODS_1_020,TX_2,FOODS_1,medium,2016-05-22,2016-06-20,29,0.6612927599385069
FOODS_1_042,TX_2,FOODS_1,high,2016-05-22,2016-06-20,29,5.404731839717225
FOODS_1_082,TX_2,FOODS_1,high,2016-05-22,2016-06-20,29,2.1020642059046954
FOODS_1_086,TX_2,FOODS_1,high,2016-05-22,2016-06-20,29,0.32951770309548856
FOODS_1_089,TX_2,FOODS_1,low,2016-05-22,2016-06-20,29,0.3594939832565836
FOODS_1_099,TX_2,FOODS_1,high,2016-05-22,2016-06-20,29,7.839805680549633
FOODS_1_112,TX_2,FOODS_1,medium,2016-05-22,2016-06-20,29,0.5680348139094437
FOODS_1_135,TX_2,FOODS_1,low,2016-05-22,2016-06-20,29,0.3090633682227321
FOODS_1_155,TX_2,FOODS_1,medium,2016-05-22,2016-06-20,29,1.5147230383099475
FOODS_1_156,TX_2,FOODS_1,low,2016-05-22,2016-06-20,29,0.37130682926537206
FOODS_1_172,TX_2,FOODS_1,high,2016-05-22,2016-06-20,29,3.461077390535987
FOODS_1_175,TX_2,FOODS_1,medium,2016-05-22,2016-06-20,29,0.598406907850765
FOODS_1_210,TX_2,FOODS_1,medium,2016-05-22,2016-06-20,29,5.0067867709394065
FOODS_1_214,TX_2,FOODS_1,low,2016-05-22,2016-06-20,29,0.3793769617774667
FOODS_2_021,TX_2,FOODS_2,high,2016-05-22,2016-06-20,29,0.7283952686323341
FOODS_2_024,TX_2,FOODS_2,medium,2016-05-22,2016-06-20,29,0.21037623824505589
FOODS_2_028,TX_2,FOODS_2,low,2016-05-22,2016-06-20,29,1.0420853488856827
FOODS_2_040,TX_2,FOODS_2,low,2016-05-22,2016-06-20,29,0.1126812554729706
FOODS_2_059,TX_2,FOODS_2,high,2016-05-22,2016-06-20,29,1.766958748097584
FOODS_2_072,TX_2,FOODS_2,medium,2016-05-22,2016-06-20,29,0.4968188479340241
FOODS_2_095,TX_2,FOODS_2,low,2016-05-22,2016-06-20,29,0.48624405296513695
FOODS_2_116,TX_2,FOODS_2,high,2016-05-22,2016-06-20,29,0.6094850937075366
FOODS_2_136,TX_2,FOODS_2,medium,2016-05-22,2016-06-20,29,0.47443535683537547
FOODS_2_139,TX_2,FOODS_2,high,2016-05-22,2016-06-20,29,1.517729254354876
FOODS_2_146,TX_2,FOODS_2,medium,2016-05-22,2016-06-20,29,0.885463025817279
FOODS_2_150,TX_2,FOODS_2,high,2016-05-22,2016-06-20,29,1.1463601057164203
FOODS_2_170,TX_2,FOODS_2,medium,2016-05-22,2016-06-20,29,1.5130375236680274
FOODS_2_178,TX_2,FOODS_2,low,2016-05-22,2016-06-20,29,0.4662938247698237
FOODS_2_180,TX_2,FOODS_2,low,2016-05-22,2016-06-20,29,2.2205398025130796
FOODS_2_184,TX_2,FOODS_2,high,2016-05-22,2016-06-20,29,2.439752159539889
FOODS_2_209,TX_2,FOODS_2,low,2016-05-22,2016-06-20,29,0.0
FOODS_2_218,TX_2,FOODS_2,low,2016-05-22,2016-06-20,29,0.018113149652043477
FOODS_2_251,TX_2,FOODS_2,medium,2016-05-22,2016-06-20,29,1.7245539172365465
FOODS_2_301,TX_2,FOODS_2,low,2016-05-22,2016-06-20,29,1.385769675100827
FOODS_2_302,TX_2,FOODS_2,medium,2016-05-22,2016-06-20,29,0.9846029905645686
FOODS_2_304,TX_2,FOODS_2,medium,2016-05-22,2016-06-20,29,1.8225572142290705
FOODS_2_322,TX_2,FOODS_2,high,2016-05-22,2016-06-20,29,3.323444922770739
FOODS_2_336,TX_2,FOODS_2,low,2016-05-22,2016-06-20,29,0.3710572004749136
FOODS_2_339,TX_2,FOODS_2,medium,2016-05-22,2016-06-20,29,0.5548705877440592
FOODS_2_357,TX_2,FOODS_2,high,2016-05-22,2016-06-20,29,1.8815384634763872
FOODS_2_360,TX_2,FOODS_2,high,2016-05-22,2016-06-20,29,10.465090970647443
FOODS_2_367,TX_2,FOODS_2,medium,2016-05-22,2016-06-20,29,0.0
FOODS_3_026,TX_2,FOODS_3,high,2016-05-22,2016-06-20,29,1.614808267327209
FOODS_3_048,TX_2,FOODS_3,medium,2016-05-22,2016-06-20,29,2.583065472317776
FOODS_3_053,TX_2,FOODS_3,medium,2016-05-22,2016-06-20,29,1.0233980006281407
FOODS_3_068,TX_2,FOODS_3,low,2016-05-22,2016-06-20,29,0.5477985647132678
FOODS_3_074,TX_2,FOODS_3,medium,2016-05-22,2016-06-20,29,1.4021122702978457
FOODS_3_089,TX_2,FOODS_3,high,2016-05-22,2016-06-20,29,0.883743509930504
FOODS_3_096,TX_2,FOODS_3,medium,2016-05-22,2016-06-20,29,0.6138285280254034
FOODS_3_099,TX_2,FOODS_3,high,2016-05-22,2016-06-20,29,17.09791608488678
FOODS_3_113,TX_2,FOODS_3,high,2016-05-22,2016-06-20,29,0.7207831564193466
FOODS_3_123,TX_2,FOODS_3,low,2016-05-22,2016-06-20,29,0.44777999168546795
FOODS_3_135,TX_2,FOODS_3,high,2016-05-22,2016-06-20,29,13.932888959227045
FOODS_3_179,TX_2,FOODS_3,low,2016-05-22,2016-06-20,29,0.33354100823296245
FOODS_3_187,TX_2,FOODS_3,medium,2016-05-22,2016-06-20,29,1.094595611134771
FOODS_3_223,TX_2,FOODS_3,low,2016-05-22,2016-06-20,29,0.36109553910552855
FOODS_3_240,TX_2,FOODS_3,low,2016-05-22,2016-06-20,29,0.15573149606439204
FOODS_3_249,TX_2,FOODS_3,medium,2016-05-22,2016-06-20,29,1.951852725387539
FOODS_3_263,TX_2,FOODS_3,high,2016-05-22,2016-06-20,29,14.87239871518956
FOODS_3_276,TX_2,FOODS_3,high,2016-05-22,2016-06-20,29,0.0
FOODS_3_312,TX_2,FOODS_3,low,2016-05-22,2016-06-20,29,0.7828478109922494
FOODS_3_319,TX_2,FOODS_3,high,2016-05-22,2016-06-20,29,0.0
FOODS_3_321,TX_2,FOODS_3,high,2016-05-22,2016-06-20,29,9.44883776509688
FOODS_3_327,TX_2,FOODS_3,high,2016-05-22,2016-06-20,29,4.24584109265403
FOODS_3_329,TX_2,FOODS_3,high,2016-05-22,2016-06-20,29,17.088656889169293
FOODS_3_340,TX_2,FOODS_3,low,2016-05-22,2016-06-20,29,0.6888238229203789
FOODS_3_354,TX_2,FOODS_3,low,2016-05-22,2016-06-20,29,0.6499876997181268
FOODS_3_360,TX_2,FOODS_3,medium,2016-05-22,2016-06-20,29,0.41923507376774144
FOODS_3_383,TX_2,FOODS_3,high,2016-05-22,2016-06-20,29,2.3482012517933204
FOODS_3_387,TX_2,FOODS_3,medium,2016-05-22,2016-06-20,29,1.0533578174370957
FOODS_3_432,TX_2,FOODS_3,high,2016-05-22,2016-06-20,29,1.7930957406701062
FOODS_3_467,TX_2,FOODS_3,medium,2016-05-22,2016-06-20,29,0.7401326375778419
FOODS_3_470,TX_2,FOODS_3,medium,2016-05-22,2016-06-20,29,0.6953754357884341
FOODS_3_479,TX_2,FOODS_3,medium,2016-05-22,2016-06-20,29,1.02472509242661
FOODS_3_480,TX_2,FOODS_3,medium,2016-05-22,2016-06-20,29,0.843600720117979
FOODS_3_482,TX_2,FOODS_3,low,2016-05-22,2016-06-20,29,1.0029013228112722
FOODS_3_501,TX_2,FOODS_3,high,2016-05-22,2016-06-20,29,13.296368704531762
FOODS_3_511,TX_2,FOODS_3,high,2016-05-22,2016-06-20,29,10.694813898128995
FOODS_3_520,TX_2,FOODS_3,medium,2016-05-22,2016-06-20,29,1.1166740780208795
FOODS_3_532,TX_2,FOODS_3,medium,2016-05-22,2016-06-20,29,1.9527564543604612
FOODS_3_539,TX_2,FOODS_3,low,2016-05-22,2016-06-20,29,0.41836729748062756
FOODS_3_550,TX_2,FOODS_3,low,2016-05-22,2016-06-20,29,0.3393308695218065
FOODS_3_558,TX_2,FOODS_3,low,2016-05-22,2016-06-20,29,0.20498344180490144
FOODS_3_601,TX_2,FOODS_3,low,2016-05-22,2016-06-20,29,0.1727171744354469
FOODS_3_611,TX_2,FOODS_3,high,2016-05-22,2016-06-20,29,2.6670658200727577
FOODS_3_616,TX_2,FOODS_3,medium,2016-05-22,2016-06-20,29,2.1357521831662463
FOODS_3_635,TX_2,FOODS_3,high,2016-05-22,2016-06-20,29,0.0
FOODS_3_640,TX_2,FOODS_3,low,2016-05-22,2016-06-20,29,0.8746184232423901
FOODS_3_641,TX_2,FOODS_3,low,2016-05-22,2016-06-20,29,0.36592516981320405
FOODS_3_648,TX_2,FOODS_3,medium,2016-05-22,2016-06-20,29,1.5254563108028165
FOODS_3_658,TX_2,FOODS_3,low,2016-05-22,2016-06-20,29,0.42666565501193354
FOODS_3_661,TX_2,FOODS_3,high,2016-05-22,2016-06-20,29,3.9964959019455994
FOODS_3_666,TX_2,FOODS_3,medium,2016-05-22,2016-06-20,29,1.0277300901337103
FOODS_3_677,TX_2,FOODS_3,low,2016-05-22,2016-06-20,29,0.8790522554406468
FOODS_3_709,TX_2,FOODS_3,low,2016-05-22,2016-06-20,29,1.3462126442824387
FOODS_3_724,TX_2,FOODS_3,low,2016-05-22,2016-06-20,29,0.41386425689342315
FOODS_3_795,TX_2,FOODS_3,medium,2016-05-22,2016-06-20,29,2.1967704788452846
FOODS_3_801,TX_2,FOODS_3,high,2016-05-22,2016-06-20,29,2.011384813450954
FOODS_3_817,TX_2,FOODS_3,medium,2016-05-22,2016-06-20,29,0.5597636010872865
FOODS_1_017,WI_3,FOODS_1,low,2016-05-22,2016-06-20,29,0.8986194225193506
FOODS_1_020,WI_3,FOODS_1,medium,2016-05-22,2016-06-20,29,1.2569302214395806
FOODS_1_042,WI_3,FOODS_1,high,2016-05-22,2016-06-20,29,2.1580020742603865
FOODS_1_082,WI_3,FOODS_1,high,2016-05-22,2016-06-20,29,8.741220198412977
FOODS_1_086,WI_3,FOODS_1,high,2016-05-22,2016-06-20,29,2.072258686570263
FOODS_1_089,WI_3,FOODS_1,low,2016-05-22,2016-06-20,29,0.34012511270635254
FOODS_1_099,WI_3,FOODS_1,high,2016-05-22,2016-06-20,29,2.6483722204515514
FOODS_1_112,WI_3,FOODS_1,medium,2016-05-22,2016-06-20,29,0.3966252842478732
FOODS_1_135,WI_3,FOODS_1,low,2016-05-22,2016-06-20,29,0.44534774500329666
FOODS_1_155,WI_3,FOODS_1,medium,2016-05-22,2016-06-20,29,1.1432722766272414
FOODS_1_156,WI_3,FOODS_1,low,2016-05-22,2016-06-20,29,0.5975966135116763
FOODS_1_172,WI_3,FOODS_1,high,2016-05-22,2016-06-20,29,2.770337363108227
FOODS_1_175,WI_3,FOODS_1,medium,2016-05-22,2016-06-20,29,0.3716246908214344
FOODS_1_210,WI_3,FOODS_1,medium,2016-05-22,2016-06-20,29,2.3564294796414424
FOODS_1_214,WI_3,FOODS_1,low,2016-05-22,2016-06-20,29,0.5058646285765563
FOODS_2_021,WI_3,FOODS_2,high,2016-05-22,2016-06-20,29,5.994494394167574
FOODS_2_024,WI_3,FOODS_2,medium,2016-05-22,2016-06-20,29,0.5382949288668589
FOODS_2_028,WI_3,FOODS_2,low,2016-05-22,2016-06-20,29,0.7126062534232346
FOODS_2_040,WI_3,FOODS_2,low,2016-05-22,2016-06-20,29,0.7326410377691047
FOODS_2_059,WI_3,FOODS_2,high,2016-05-22,2016-06-20,29,2.889413534736248
FOODS_2_072,WI_3,FOODS_2,medium,2016-05-22,2016-06-20,29,1.420245691100494
FOODS_2_095,WI_3,FOODS_2,low,2016-05-22,2016-06-20,29,1.3495992148501466
FOODS_2_116,WI_3,FOODS_2,high,2016-05-22,2016-06-20,29,0.9043453521808715
FOODS_2_136,WI_3,FOODS_2,medium,2016-05-22,2016-06-20,29,2.5638693485975113
FOODS_2_139,WI_3,FOODS_2,high,2016-05-22,2016-06-20,29,1.0769674632867863
FOODS_2_146,WI_3,FOODS_2,medium,2016-05-22,2016-06-20,29,0.8163086216105853
FOODS_2_150,WI_3,FOODS_2,high,2016-05-22,2016-06-20,29,1.430113678134249
FOODS_2_170,WI_3,FOODS_2,medium,2016-05-22,2016-06-20,29,1.5379027977912947
FOODS_2_178,WI_3,FOODS_2,low,2016-05-22,2016-06-20,29,1.1217941060926897
FOODS_2_180,WI_3,FOODS_2,low,2016-05-22,2016-06-20,29,0.9768042102735149
FOODS_2_184,WI_3,FOODS_2,high,2016-05-22,2016-06-20,29,0.7444113988862436
FOODS_2_209,WI_3,FOODS_2,low,2016-05-22,2016-06-20,29,0.9111176802731692
FOODS_2_218,WI_3,FOODS_2,low,2016-05-22,2016-06-20,29,0.3713097609660198
FOODS_2_251,WI_3,FOODS_2,medium,2016-05-22,2016-06-20,29,2.366652245656379
FOODS_2_301,WI_3,FOODS_2,low,2016-05-22,2016-06-20,29,1.0805894352906722
FOODS_2_302,WI_3,FOODS_2,medium,2016-05-22,2016-06-20,29,1.9015830865087506
FOODS_2_304,WI_3,FOODS_2,medium,2016-05-22,2016-06-20,29,1.5968147112580129
FOODS_2_322,WI_3,FOODS_2,high,2016-05-22,2016-06-20,29,4.4386701256944905
FOODS_2_336,WI_3,FOODS_2,low,2016-05-22,2016-06-20,29,0.8741829896920945
FOODS_2_339,WI_3,FOODS_2,medium,2016-05-22,2016-06-20,29,2.242410940100782
FOODS_2_357,WI_3,FOODS_2,high,2016-05-22,2016-06-20,29,4.437797219599655
FOODS_2_360,WI_3,FOODS_2,high,2016-05-22,2016-06-20,29,17.785949561324035
FOODS_2_367,WI_3,FOODS_2,medium,2016-05-22,2016-06-20,29,0.47802636516186936
FOODS_3_026,WI_3,FOODS_3,high,2016-05-22,2016-06-20,29,1.9913442313780099
FOODS_3_048,WI_3,FOODS_3,medium,2016-05-22,2016-06-20,29,3.941154350964397
FOODS_3_053,WI_3,FOODS_3,medium,2016-05-22,2016-06-20,29,0.5162170917449433
FOODS_3_068,WI_3,FOODS_3,low,2016-05-22,2016-06-20,29,0.2549746476887917
FOODS_3_074,WI_3,FOODS_3,medium,2016-05-22,2016-06-20,29,0.7427834726380326
FOODS_3_089,WI_3,FOODS_3,high,2016-05-22,2016-06-20,29,1.8481142670583963
FOODS_3_096,WI_3,FOODS_3,medium,2016-05-22,2016-06-20,29,0.5567946158647386
FOODS_3_099,WI_3,FOODS_3,high,2016-05-22,2016-06-20,29,9.885935888749623
FOODS_3_113,WI_3,FOODS_3,high,2016-05-22,2016-06-20,29,3.1656313756424543
FOODS_3_123,WI_3,FOODS_3,low,2016-05-22,2016-06-20,29,0.4549081052662139
FOODS_3_135,WI_3,FOODS_3,high,2016-05-22,2016-06-20,29,7.944457751676093
FOODS_3_179,WI_3,FOODS_3,low,2016-05-22,2016-06-20,29,0.24331580674357914
FOODS_3_187,WI_3,FOODS_3,medium,2016-05-22,2016-06-20,29,1.704055618505145
FOODS_3_223,WI_3,FOODS_3,low,2016-05-22,2016-06-20,29,1.0348725723937642
FOODS_3_240,WI_3,FOODS_3,low,2016-05-22,2016-06-20,29,0.42160647871388496
FOODS_3_249,WI_3,FOODS_3,medium,2016-05-22,2016-06-20,29,0.969078084365591
FOODS_3_263,WI_3,FOODS_3,high,2016-05-22,2016-06-20,29,11.436050016510807
FOODS_3_276,WI_3,FOODS_3,high,2016-05-22,2016-06-20,29,0.0
FOODS_3_312,WI_3,FOODS_3,low,2016-05-22,2016-06-20,29,0.6107049938684759
FOODS_3_319,WI_3,FOODS_3,high,2016-05-22,2016-06-20,29,0.0
FOODS_3_321,WI_3,FOODS_3,high,2016-05-22,2016-06-20,29,5.2363905782378355
FOODS_3_327,WI_3,FOODS_3,high,2016-05-22,2016-06-20,29,1.8530194987035176
FOODS_3_329,WI_3,FOODS_3,high,2016-05-22,2016-06-20,29,19.16803796972494
FOODS_3_340,WI_3,FOODS_3,low,2016-05-22,2016-06-20,29,0.5786926703439411
FOODS_3_354,WI_3,FOODS_3,low,2016-05-22,2016-06-20,29,0.6073857812122279
FOODS_3_360,WI_3,FOODS_3,medium,2016-05-22,2016-06-20,29,0.3396274644815465
FOODS_3_383,WI_3,FOODS_3,high,2016-05-22,2016-06-20,29,1.900655789414526
FOODS_3_387,WI_3,FOODS_3,medium,2016-05-22,2016-06-20,29,1.0384480650642918
FOODS_3_432,WI_3,FOODS_3,high,2016-05-22,2016-06-20,29,0.928008015522705
FOODS_3_467,WI_3,FOODS_3,medium,2016-05-22,2016-06-20,29,1.1410101499714835
FOODS_3_470,WI_3,FOODS_3,medium,2016-05-22,2016-06-20,29,1.092536135069523
FOODS_3_479,WI_3,FOODS_3,medium,2016-05-22,2016-06-20,29,0.9010375219531338
FOODS_3_480,WI_3,FOODS_3,medium,2016-05-22,2016-06-20,29,0.61719497186604
FOODS_3_482,WI_3,FOODS_3,low,2016-05-22,2016-06-20,29,0.3834589695281588
FOODS_3_501,WI_3,FOODS_3,high,2016-05-22,2016-06-20,29,9.107421433488614
FOODS_3_511,WI_3,FOODS_3,high,2016-05-22,2016-06-20,29,8.228632718290358
FOODS_3_520,WI_3,FOODS_3,medium,2016-05-22,2016-06-20,29,0.5697911528062481
FOODS_3_532,WI_3,FOODS_3,medium,2016-05-22,2016-06-20,29,2.4414365511137364
FOODS_3_539,WI_3,FOODS_3,low,2016-05-22,2016-06-20,29,0.4108204462549448
FOODS_3_550,WI_3,FOODS_3,low,2016-05-22,2016-06-20,29,0.4109814838617325
FOODS_3_558,WI_3,FOODS_3,low,2016-05-22,2016-06-20,29,0.359029719913681
FOODS_3_601,WI_3,FOODS_3,low,2016-05-22,2016-06-20,29,0.3595368627093181
FOODS_3_611,WI_3,FOODS_3,high,2016-05-22,2016-06-20,29,0.6236259997449596
FOODS_3_616,WI_3,FOODS_3,medium,2016-05-22,2016-06-20,29,0.753513851958436
FOODS_3_635,WI_3,FOODS_3,high,2016-05-22,2016-06-20,29,0.0
FOODS_3_640,WI_3,FOODS_3,low,2016-05-22,2016-06-20,29,1.3134451637986502
FOODS_3_641,WI_3,FOODS_3,low,2016-05-22,2016-06-20,29,0.7191752812633496
FOODS_3_648,WI_3,FOODS_3,medium,2016-05-22,2016-06-20,29,1.0896315717997633
FOODS_3_658,WI_3,FOODS_3,low,2016-05-22,2016-06-20,29,0.41106495453433867
FOODS_3_661,WI_3,FOODS_3,high,2016-05-22,2016-06-20,29,3.3493780966538402
FOODS_3_666,WI_3,FOODS_3,medium,2016-05-22,2016-06-20,29,0.9656479037274249
FOODS_3_677,WI_3,FOODS_3,low,2016-05-22,2016-06-20,29,0.26712589132775666
FOODS_3_709,WI_3,FOODS_3,low,2016-05-22,2016-06-20,29,1.347534428059047
FOODS_3_724,WI_3,FOODS_3,low,2016-05-22,2016-06-20,29,0.19835642134845785
FOODS_3_795,WI_3,FOODS_3,medium,2016-05-22,2016-06-20,29,1.5030185952491772
FOODS_3_801,WI_3,FOODS_3,high,2016-05-22,2016-06-20,29,3.211567004149105
FOODS_3_817,WI_3,FOODS_3,medium,2016-05-22,2016-06-20,29,0.2624901613229343
FOODS_1_017,CA_1,FOODS_1,low,2016-05-22,2016-06-21,30,1.490385943993474
FOODS_1_020,CA_1,FOODS_1,medium,2016-05-22,2016-06-21,30,1.7107148232439524
FOODS_1_042,CA_1,FOODS_1,high,2016-05-22,2016-06-21,30,2.996425494852063
FOODS_1_082,CA_1,FOODS_1,high,2016-05-22,2016-06-21,30,8.005212062302855
FOODS_1_086,CA_1,FOODS_1,high,2016-05-22,2016-06-21,30,4.423491490917156
FOODS_1_089,CA_1,FOODS_1,low,2016-05-22,2016-06-21,30,0.6371580540023605
FOODS_1_099,CA_1,FOODS_1,high,2016-05-22,2016-06-21,30,7.254645694036625
FOODS_1_112,CA_1,FOODS_1,medium,2016-05-22,2016-06-21,30,1.7392217365884863
FOODS_1_135,CA_1,FOODS_1,low,2016-05-22,2016-06-21,30,1.4546223222691854
FOODS_1_155,CA_1,FOODS_1,medium,2016-05-22,2016-06-21,30,0.6050720192705884
FOODS_1_156,CA_1,FOODS_1,low,2016-05-22,2016-06-21,30,1.5421553964687473
FOODS_1_172,CA_1,FOODS_1,high,2016-05-22,2016-06-21,30,1.6553517242448665
FOODS_1_175,CA_1,FOODS_1,medium,2016-05-22,2016-06-21,30,1.507049228830598
FOODS_1_210,CA_1,FOODS_1,medium,2016-05-22,2016-06-21,30,2.5354382085784715
FOODS_1_214,CA_1,FOODS_1,low,2016-05-22,2016-06-21,30,1.1273621081062235
FOODS_2_021,CA_1,FOODS_2,high,2016-05-22,2016-06-21,30,6.787575235400154
FOODS_2_024,CA_1,FOODS_2,medium,2016-05-22,2016-06-21,30,1.5588577031203932
FOODS_2_028,CA_1,FOODS_2,low,2016-05-22,2016-06-21,30,0.40314867709249386
FOODS_2_040,CA_1,FOODS_2,low,2016-05-22,2016-06-21,30,0.9127948940459196
FOODS_2_059,CA_1,FOODS_2,high,2016-05-22,2016-06-21,30,1.8819153871077254
FOODS_2_072,CA_1,FOODS_2,medium,2016-05-22,2016-06-21,30,0.7480599439676586
FOODS_2_095,CA_1,FOODS_2,low,2016-05-22,2016-06-21,30,0.8900361646397635
FOODS_2_116,CA_1,FOODS_2,high,2016-05-22,2016-06-21,30,1.0633932230438143
FOODS_2_136,CA_1,FOODS_2,medium,2016-05-22,2016-06-21,30,0.6104801790000087
FOODS_2_139,CA_1,FOODS_2,high,2016-05-22,2016-06-21,30,1.7647943650258289
FOODS_2_146,CA_1,FOODS_2,medium,2016-05-22,2016-06-21,30,1.355923585165288
FOODS_2_150,CA_1,FOODS_2,high,2016-05-22,2016-06-21,30,2.529705521573856
FOODS_2_170,CA_1,FOODS_2,medium,2016-05-22,2016-06-21,30,1.6622060725510843
FOODS_2_178,CA_1,FOODS_2,low,2016-05-22,2016-06-21,30,0.8412246976173766
FOODS_2_180,CA_1,FOODS_2,low,2016-05-22,2016-06-21,30,0.4403840484575063
FOODS_2_184,CA_1,FOODS_2,high,2016-05-22,2016-06-21,30,1.0999531586322682
FOODS_2_209,CA_1,FOODS_2,low,2016-05-22,2016-06-21,30,0.5139266079825248
FOODS_2_218,CA_1,FOODS_2,low,2016-05-22,2016-06-21,30,0.959323473559729
FOODS_2_251,CA_1,FOODS_2,medium,2016-05-22,2016-06-21,30,0.7299250022903354
FOODS_2_301,CA_1,FOODS_2,low,2016-05-22,2016-06-21,30,0.9440842573049594
FOODS_2_302,CA_1,FOODS_2,medium,2016-05-22,2016-06-21,30,1.309581909519089
FOODS_2_304,CA_1,FOODS_2,medium,2016-05-22,2016-06-21,30,2.4873752104565434
FOODS_2_322,CA_1,FOODS_2,high,2016-05-22,2016-06-21,30,0.6939238401685637
FOODS_2_336,CA_1,FOODS_2,low,2016-05-22,2016-06-21,30,0.4589555626050404
FOODS_2_339,CA_1,FOODS_2,medium,2016-05-22,2016-06-21,30,0.9777772601824716
FOODS_2_357,CA_1,FOODS_2,high,2016-05-22,2016-06-21,30,2.60402992699456
FOODS_2_360,CA_1,FOODS_2,high,2016-05-22,2016-06-21,30,11.614063679748355
FOODS_2_367,CA_1,FOODS_2,medium,2016-05-22,2016-06-21,30,0.6495133528021995
FOODS_3_026,CA_1,FOODS_3,high,2016-05-22,2016-06-21,30,1.7736056215214133
FOODS_3_048,CA_1,FOODS_3,medium,2016-05-22,2016-06-21,30,1.904815640769078
FOODS_3_053,CA_1,FOODS_3,medium,2016-05-22,2016-06-21,30,3.4463665962344856
FOODS_3_068,CA_1,FOODS_3,low,2016-05-22,2016-06-21,30,0.48603193202496925
FOODS_3_074,CA_1,FOODS_3,medium,2016-05-22,2016-06-21,30,1.8544382876409087
FOODS_3_089,CA_1,FOODS_3,high,2016-05-22,2016-06-21,30,0.9748015987652966
FOODS_3_096,CA_1,FOODS_3,medium,2016-05-22,2016-06-21,30,1.1206086529567254
FOODS_3_099,CA_1,FOODS_3,high,2016-05-22,2016-06-21,30,15.119982313441584
FOODS_3_113,CA_1,FOODS_3,high,2016-05-22,2016-06-21,30,4.162136302999391
FOODS_3_123,CA_1,FOODS_3,low,2016-05-22,2016-06-21,30,1.9195863170605783
FOODS_3_135,CA_1,FOODS_3,high,2016-05-22,2016-06-21,30,6.104527426885926
FOODS_3_179,CA_1,FOODS_3,low,2016-05-22,2016-06-21,30,0.921402431058817
FOODS_3_187,CA_1,FOODS_3,medium,2016-05-22,2016-06-21,30,1.2889893806077022
FOODS_3_223,CA_1,FOODS_3,low,2016-05-22,2016-06-21,30,1.1728697597353537
FOODS_3_240,CA_1,FOODS_3,low,2016-05-22,2016-06-21,30,0.8536372342089441
FOODS_3_249,CA_1,FOODS_3,medium,2016-05-22,2016-06-21,30,3.573144775569779
FOODS_3_263,CA_1,FOODS_3,high,2016-05-22,2016-06-21,30,9.297229888893083
FOODS_3_276,CA_1,FOODS_3,high,2016-05-22,2016-06-21,30,0.0
FOODS_3_312,CA_1,FOODS_3,low,2016-05-22,2016-06-21,30,1.28268716985369
FOODS_3_319,CA_1,FOODS_3,high,2016-05-22,2016-06-21,30,0.0
FOODS_3_321,CA_1,FOODS_3,high,2016-05-22,2016-06-21,30,5.341217067235736
FOODS_3_327,CA_1,FOODS_3,high,2016-05-22,2016-06-21,30,2.56195000380493
FOODS_3_329,CA_1,FOODS_3,high,2016-05-22,2016-06-21,30,18.72969762754393
FOODS_3_340,CA_1,FOODS_3,low,2016-05-22,2016-06-21,30,0.6117789189439159
FOODS_3_354,CA_1,FOODS_3,low,2016-05-22,2016-06-21,30,0.2641756216689918
FOODS_3_360,CA_1,FOODS_3,medium,2016-05-22,2016-06-21,30,0.27280579136916006
FOODS_3_383,CA_1,FOODS_3,high,2016-05-22,2016-06-21,30,3.9533272710389395
FOODS_3_387,CA_1,FOODS_3,medium,2016-05-22,2016-06-21,30,1.6772500648792792
FOODS_3_432,CA_1,FOODS_3,high,2016-05-22,2016-06-21,30,0.5101142744395234
FOODS_3_467,CA_1,FOODS_3,medium,2016-05-22,2016-06-21,30,1.2497325361751401
FOODS_3_470,CA_1,FOODS_3,medium,2016-05-22,2016-06-21,30,0.7670094436415104
FOODS_3_479,CA_1,FOODS_3,medium,2016-05-22,2016-06-21,30,0.6765068744755064
FOODS_3_480,CA_1,FOODS_3,medium,2016-05-22,2016-06-21,30,1.2087718566369825
FOODS_3_482,CA_1,FOODS_3,low,2016-05-22,2016-06-21,30,2.4261453463732567
FOODS_3_501,CA_1,FOODS_3,high,2016-05-22,2016-06-21,30,23.759992454902576
FOODS_3_511,CA_1,FOODS_3,high,2016-05-22,2016-06-21,30,25.784215898589174
FOODS_3_520,CA_1,FOODS_3,medium,2016-05-22,2016-06-21,30,0.6520522294971997
FOODS_3_532,CA_1,FOODS_3,medium,2016-05-22,2016-06-21,30,1.7747606527411581
FOODS_3_539,CA_1,FOODS_3,low,2016-05-22,2016-06-21,30,0.6890094299195523
FOODS_3_550,CA_1,FOODS_3,low,2016-05-22,2016-06-21,30,0.30820890398948325
FOODS_3_558,CA_1,FOODS_3,low,2016-05-22,2016-06-21,30,0.596038543481319
FOODS_3_601,CA_1,FOODS_3,low,2016-05-22,2016-06-21,30,0.15338405848087328
FOODS_3_611,CA_1,FOODS_3,high,2016-05-22,2016-06-21,30,1.4412413541489713
FOODS_3_616,CA_1,FOODS_3,medium,2016-05-22,2016-06-21,30,1.1170668586736308
FOODS_3_635,CA_1,FOODS_3,high,2016-05-22,2016-06-21,30,0.0
FOODS_3_640,CA_1,FOODS_3,low,2016-05-22,2016-06-21,30,2.4130557572523132
FOODS_3_641,CA_1,FOODS_3,low,2016-05-22,2016-06-21,30,2.883876220444687
FOODS_3_648,CA_1,FOODS_3,medium,2016-05-22,2016-06-21,30,0.7156814366560101
FOODS_3_658,CA_1,FOODS_3,low,2016-05-22,2016-06-21,30,0.9090413251788603
FOODS_3_661,CA_1,FOODS_3,high,2016-05-22,2016-06-21,30,4.243175673589915
FOODS_3_666,CA_1,FOODS_3,medium,2016-05-22,2016-06-21,30,1.160257576103447
FOODS_3_677,CA_1,FOODS_3,low,2016-05-22,2016-06-21,30,0.6962826405377435
FOODS_3_709,CA_1,FOODS_3,low,2016-05-22,2016-06-21,30,0.435103039577681
FOODS_3_724,CA_1,FOODS_3,low,2016-05-22,2016-06-21,30,0.41927439881565925
FOODS_3_795,CA_1,FOODS_3,medium,2016-05-22,2016-06-21,30,3.4145468303435207
FOODS_3_801,CA_1,FOODS_3,high,2016-05-22,2016-06-21,30,1.6729553184755905
FOODS_3_817,CA_1,FOODS_3,medium,2016-05-22,2016-06-21,30,0.737440441355294
FOODS_1_017,TX_2,FOODS_1,low,2016-05-22,2016-06-21,30,0.44381983040457923
FOODS_1_020,TX_2,FOODS_1,medium,2016-05-22,2016-06-21,30,0.6542981136097802
FOODS_1_042,TX_2,FOODS_1,high,2016-05-22,2016-06-21,30,5.40770695644182
FOODS_1_082,TX_2,FOODS_1,high,2016-05-22,2016-06-21,30,2.1095358867278224
FOODS_1_086,TX_2,FOODS_1,high,2016-05-22,2016-06-21,30,0.3298066006550213
FOODS_1_089,TX_2,FOODS_1,low,2016-05-22,2016-06-21,30,0.36085346225044124
FOODS_1_099,TX_2,FOODS_1,high,2016-05-22,2016-06-21,30,7.862145679344772
FOODS_1_112,TX_2,FOODS_1,medium,2016-05-22,2016-06-21,30,0.562811567467434
FOODS_1_135,TX_2,FOODS_1,low,2016-05-22,2016-06-21,30,0.3098972640266053
FOODS_1_155,TX_2,FOODS_1,medium,2016-05-22,2016-06-21,30,1.516524371310813
FOODS_1_156,TX_2,FOODS_1,low,2016-05-22,2016-06-21,30,0.3692616650044414
FOODS_1_172,TX_2,FOODS_1,high,2016-05-22,2016-06-21,30,3.4800954606061505
FOODS_1_175,TX_2,FOODS_1,medium,2016-05-22,2016-06-21,30,0.6006459300699251
FOODS_1_210,TX_2,FOODS_1,medium,2016-05-22,2016-06-21,30,5.003202625003569
FOODS_1_214,TX_2,FOODS_1,low,2016-05-22,2016-06-21,30,0.38144654714707016
FOODS_2_021,TX_2,FOODS_2,high,2016-05-22,2016-06-21,30,0.7072155078181828
FOODS_2_024,TX_2,FOODS_2,medium,2016-05-22,2016-06-21,30,0.2076855936925834
FOODS_2_028,TX_2,FOODS_2,low,2016-05-22,2016-06-21,30,1.0461394174683345
FOODS_2_040,TX_2,FOODS_2,low,2016-05-22,2016-06-21,30,0.11032803500516854
FOODS_2_059,TX_2,FOODS_2,high,2016-05-22,2016-06-21,30,1.766288907468416
FOODS_2_072,TX_2,FOODS_2,medium,2016-05-22,2016-06-21,30,0.49798074556432087
FOODS_2_095,TX_2,FOODS_2,low,2016-05-22,2016-06-21,30,0.48320174873430005
FOODS_2_116,TX_2,FOODS_2,high,2016-05-22,2016-06-21,30,0.6057422144011733
FOODS_2_136,TX_2,FOODS_2,medium,2016-05-22,2016-06-21,30,0.474797844069292
FOODS_2_139,TX_2,FOODS_2,high,2016-05-22,2016-06-21,30,1.5209134624185705
FOODS_2_146,TX_2,FOODS_2,medium,2016-05-22,2016-06-21,30,0.8877499706168758
FOODS_2_150,TX_2,FOODS_2,high,2016-05-22,2016-06-21,30,1.1477607217369046
FOODS_2_170,TX_2,FOODS_2,medium,2016-05-22,2016-06-21,30,1.5058500882888242
FOODS_2_178,TX_2,FOODS_2,low,2016-05-22,2016-06-21,30,0.4638145225932358
FOODS_2_180,TX_2,FOODS_2,low,2016-05-22,2016-06-21,30,2.2258652036232407
FOODS_2_184,TX_2,FOODS_2,high,2016-05-22,2016-06-21,30,2.43887596115611
FOODS_2_209,TX_2,FOODS_2,low,2016-05-22,2016-06-21,30,0.0
FOODS_2_218,TX_2,FOODS_2,low,2016-05-22,2016-06-21,30,0.017484537649820543
FOODS_2_251,TX_2,FOODS_2,medium,2016-05-22,2016-06-21,30,1.7223696183623414
FOODS_2_301,TX_2,FOODS_2,low,2016-05-22,2016-06-21,30,1.3957206328850404
FOODS_2_302,TX_2,FOODS_2,medium,2016-05-22,2016-06-21,30,0.9789510565541193
FOODS_2_304,TX_2,FOODS_2,medium,2016-05-22,2016-06-21,30,1.8251485433086803
FOODS_2_322,TX_2,FOODS_2,high,2016-05-22,2016-06-21,30,3.3311699965431636
FOODS_2_336,TX_2,FOODS_2,low,2016-05-22,2016-06-21,30,0.372829651512283
FOODS_2_339,TX_2,FOODS_2,medium,2016-05-22,2016-06-21,30,0.5555547413879796
FOODS_2_357,TX_2,FOODS_2,high,2016-05-22,2016-06-21,30,1.8734811637025846
FOODS_2_360,TX_2,FOODS_2,high,2016-05-22,2016-06-21,30,10.467670750211381
FOODS_2_367,TX_2,FOODS_2,medium,2016-05-22,2016-06-21,30,0.0
FOODS_3_026,TX_2,FOODS_3,high,2016-05-22,2016-06-21,30,1.6074289707521603
FOODS_3_048,TX_2,FOODS_3,medium,2016-05-22,2016-06-21,30,2.580930055512798
FOODS_3_053,TX_2,FOODS_3,medium,2016-05-22,2016-06-21,30,1.0242336435077173
FOODS_3_068,TX_2,FOODS_3,low,2016-05-22,2016-06-21,30,0.5456791256979254
FOODS_3_074,TX_2,FOODS_3,medium,2016-05-22,2016-06-21,30,1.3998917901554222
FOODS_3_089,TX_2,FOODS_3,high,2016-05-22,2016-06-21,30,0.883418023040267
FOODS_3_096,TX_2,FOODS_3,medium,2016-05-22,2016-06-21,30,0.6089652611691678
FOODS_3_099,TX_2,FOODS_3,high,2016-05-22,2016-06-21,30,17.100137577714367
FOODS_3_113,TX_2,FOODS_3,high,2016-05-22,2016-06-21,30,0.7299437793526906
FOODS_3_123,TX_2,FOODS_3,low,2016-05-22,2016-06-21,30,0.44974152200076534
FOODS_3_135,TX_2,FOODS_3,high,2016-05-22,2016-06-21,30,13.939420707770868
FOODS_3_179,TX_2,FOODS_3,low,2016-05-22,2016-06-21,30,0.3352491054657723
FOODS_3_187,TX_2,FOODS_3,medium,2016-05-22,2016-06-21,30,1.0915964747977476
FOODS_3_223,TX_2,FOODS_3,low,2016-05-22,2016-06-21,30,0.35996119611439953
FOODS_3_240,TX_2,FOODS_3,low,2016-05-22,2016-06-21,30,0.15491578418914073
FOODS_3_249,TX_2,FOODS_3,medium,2016-05-22,2016-06-21,30,1.9552352206819923
FOODS_3_263,TX_2,FOODS_3,high,2016-05-22,2016-06-21,30,14.89462724073204
FOODS_3_276,TX_2,FOODS_3,high,2016-05-22,2016-06-21,30,0.0
FOODS_3_312,TX_2,FOODS_3,low,2016-05-22,2016-06-21,30,0.781469926690952
FOODS_3_319,TX_2,FOODS_3,high,2016-05-22,2016-06-21,30,0.0
FOODS_3_321,TX_2,FOODS_3,high,2016-05-22,2016-06-21,30,9.46614319548299
FOODS_3_327,TX_2,FOODS_3,high,2016-05-22,2016-06-21,30,4.2584476622896315
FOODS_3_329,TX_2,FOODS_3,high,2016-05-22,2016-06-21,30,17.10457830868044
FOODS_3_340,TX_2,FOODS_3,low,2016-05-22,2016-06-21,30,0.6930165104736578
FOODS_3_354,TX_2,FOODS_3,low,2016-05-22,2016-06-21,30,0.6527933828713254
FOODS_3_360,TX_2,FOODS_3,medium,2016-05-22,2016-06-21,30,0.4201771427288342
FOODS_3_383,TX_2,FOODS_3,high,2016-05-22,2016-06-21,30,2.347881908745123
FOODS_3_387,TX_2,FOODS_3,medium,2016-05-22,2016-06-21,30,1.0565389639782163
FOODS_3_432,TX_2,FOODS_3,high,2016-05-22,2016-06-21,30,1.7882573232450591
FOODS_3_467,TX_2,FOODS_3,medium,2016-05-22,2016-06-21,30,0.7397802317770504
FOODS_3_470,TX_2,FOODS_3,medium,2016-05-22,2016-06-21,30,0.6934245584951639
FOODS_3_479,TX_2,FOODS_3,medium,2016-05-22,2016-06-21,30,1.0217816008296012
FOODS_3_480,TX_2,FOODS_3,medium,2016-05-22,2016-06-21,30,0.841841562163009
FOODS_3_482,TX_2,FOODS_3,low,2016-05-22,2016-06-21,30,1.0030049414831033
FOODS_3_501,TX_2,FOODS_3,high,2016-05-22,2016-06-21,30,13.312055341938509
FOODS_3_511,TX_2,FOODS_3,high,2016-05-22,2016-06-21,30,10.720904190409112
FOODS_3_520,TX_2,FOODS_3,medium,2016-05-22,2016-06-21,30,1.1182899889706046
FOODS_3_532,TX_2,FOODS_3,medium,2016-05-22,2016-06-21,30,1.9434161236488448
FOODS_3_539,TX_2,FOODS_3,low,2016-05-22,2016-06-21,30,0.41545184381922146
FOODS_3_550,TX_2,FOODS_3,low,2016-05-22,2016-06-21,30,0.3310416658822792
FOODS_3_558,TX_2,FOODS_3,low,2016-05-22,2016-06-21,30,0.20337570758364792
FOODS_3_601,TX_2,FOODS_3,low,2016-05-22,2016-06-21,30,0.17250809393059033
FOODS_3_611,TX_2,FOODS_3,high,2016-05-22,2016-06-21,30,2.6845120483406624
FOODS_3_616,TX_2,FOODS_3,medium,2016-05-22,2016-06-21,30,2.146978026442592
FOODS_3_635,TX_2,FOODS_3,high,2016-05-22,2016-06-21,30,0.0
FOODS_3_640,TX_2,FOODS_3,low,2016-05-22,2016-06-21,30,0.8701405097867612
FOODS_3_641,TX_2,FOODS_3,low,2016-05-22,2016-06-21,30,0.3636878034289817
FOODS_3_648,TX_2,FOODS_3,medium,2016-05-22,2016-06-21,30,1.5289164851682233
FOODS_3_658,TX_2,FOODS_3,low,2016-05-22,2016-06-21,30,0.426597591670523
FOODS_3_661,TX_2,FOODS_3,high,2016-05-22,2016-06-21,30,3.98616667395386
FOODS_3_666,TX_2,FOODS_3,medium,2016-05-22,2016-06-21,30,1.0299959606997102
FOODS_3_677,TX_2,FOODS_3,low,2016-05-22,2016-06-21,30,0.8772837135431188
FOODS_3_709,TX_2,FOODS_3,low,2016-05-22,2016-06-21,30,1.3496488101496686
FOODS_3_724,TX_2,FOODS_3,low,2016-05-22,2016-06-21,30,0.4133390007620658
FOODS_3_795,TX_2,FOODS_3,medium,2016-05-22,2016-06-21,30,2.1961449347224122
FOODS_3_801,TX_2,FOODS_3,high,2016-05-22,2016-06-21,30,2.009240393523182
FOODS_3_817,TX_2,FOODS_3,medium,2016-05-22,2016-06-21,30,0.5618980154118324
FOODS_1_017,WI_3,FOODS_1,low,2016-05-22,2016-06-21,30,0.896274197813409
FOODS_1_020,WI_3,FOODS_1,medium,2016-05-22,2016-06-21,30,1.2597287497563003
FOODS_1_042,WI_3,FOODS_1,high,2016-05-22,2016-06-21,30,2.171298066708461
FOODS_1_082,WI_3,FOODS_1,high,2016-05-22,2016-06-21,30,8.72177398100936
FOODS_1_086,WI_3,FOODS_1,high,2016-05-22,2016-06-21,30,2.081216904968181
FOODS_1_089,WI_3,FOODS_1,low,2016-05-22,2016-06-21,30,0.3433438667315794
FOODS_1_099,WI_3,FOODS_1,high,2016-05-22,2016-06-21,30,2.649844697712576
FOODS_1_112,WI_3,FOODS_1,medium,2016-05-22,2016-06-21,30,0.395484350522032
FOODS_1_135,WI_3,FOODS_1,low,2016-05-22,2016-06-21,30,0.44594689916157765
FOODS_1_155,WI_3,FOODS_1,medium,2016-05-22,2016-06-21,30,1.1471136334455614
FOODS_1_156,WI_3,FOODS_1,low,2016-05-22,2016-06-21,30,0.6010822068513789
FOODS_1_172,WI_3,FOODS_1,high,2016-05-22,2016-06-21,30,2.7761657383212763
FOODS_1_175,WI_3,FOODS_1,medium,2016-05-22,2016-06-21,30,0.37214189916709783
FOODS_1_210,WI_3,FOODS_1,medium,2016-05-22,2016-06-21,30,2.3538529814653715
FOODS_1_214,WI_3,FOODS_1,low,2016-05-22,2016-06-21,30,0.5073495898012292
FOODS_2_021,WI_3,FOODS_2,high,2016-05-22,2016-06-21,30,5.993022255183763
FOODS_2_024,WI_3,FOODS_2,medium,2016-05-22,2016-06-21,30,0.5396626048978181
FOODS_2_028,WI_3,FOODS_2,low,2016-05-22,2016-06-21,30,0.7138217828822278
FOODS_2_040,WI_3,FOODS_2,low,2016-05-22,2016-06-21,30,0.7307455646282055
FOODS_2_059,WI_3,FOODS_2,high,2016-05-22,2016-06-21,30,2.8994946303645825
FOODS_2_072,WI_3,FOODS_2,medium,2016-05-22,2016-06-21,30,1.426325894354083
FOODS_2_095,WI_3,FOODS_2,low,2016-05-22,2016-06-21,30,1.349329799053978
FOODS_2_116,WI_3,FOODS_2,high,2016-05-22,2016-06-21,30,0.9022046249628415
FOODS_2_136,WI_3,FOODS_2,medium,2016-05-22,2016-06-21,30,2.562323866149463
FOODS_2_139,WI_3,FOODS_2,high,2016-05-22,2016-06-21,30,1.0758897706490695
FOODS_2_146,WI_3,FOODS_2,medium,2016-05-22,2016-06-21,30,0.8148502560558611
FOODS_2_150,WI_3,FOODS_2,high,2016-05-22,2016-06-21,30,1.4339952890880228
FOODS_2_170,WI_3,FOODS_2,medium,2016-05-22,2016-06-21,30,1.5430829997532285
FOODS_2_178,WI_3,FOODS_2,low,2016-05-22,2016-06-21,30,1.1286949160041633
FOODS_2_180,WI_3,FOODS_2,low,2016-05-22,2016-06-21,30,0.9785268096200179
FOODS_2_184,WI_3,FOODS_2,high,2016-05-22,2016-06-21,30,0.7454873161934052
FOODS_2_209,WI_3,FOODS_2,low,2016-05-22,2016-06-21,30,0.9092188219155782
FOODS_2_218,WI_3,FOODS_2,low,2016-05-22,2016-06-21,30,0.37309123202092875
FOODS_2_251,WI_3,FOODS_2,medium,2016-05-22,2016-06-21,30,2.377195948307372
FOODS_2_301,WI_3,FOODS_2,low,2016-05-22,2016-06-21,30,1.0821921192041144
FOODS_2_302,WI_3,FOODS_2,medium,2016-05-22,2016-06-21,30,1.912098808986104
FOODS_2_304,WI_3,FOODS_2,medium,2016-05-22,2016-06-21,30,1.6002723795172276
FOODS_2_322,WI_3,FOODS_2,high,2016-05-22,2016-06-21,30,4.432653242428477
FOODS_2_336,WI_3,FOODS_2,low,2016-05-22,2016-06-21,30,0.8773425862627304
FOODS_2_339,WI_3,FOODS_2,medium,2016-05-22,2016-06-21,30,2.2434154124513204
FOODS_2_357,WI_3,FOODS_2,high,2016-05-22,2016-06-21,30,4.440677732544541
FOODS_2_360,WI_3,FOODS_2,high,2016-05-22,2016-06-21,30,17.821672249738672
FOODS_2_367,WI_3,FOODS_2,medium,2016-05-22,2016-06-21,30,0.4785171026931606
FOODS_3_026,WI_3,FOODS_3,high,2016-05-22,2016-06-21,30,1.999963668212939
FOODS_3_048,WI_3,FOODS_3,medium,2016-05-22,2016-06-21,30,3.9441547614580235
FOODS_3_053,WI_3,FOODS_3,medium,2016-05-22,2016-06-21,30,0.5155207633888953
FOODS_3_068,WI_3,FOODS_3,low,2016-05-22,2016-06-21,30,0.2538768034735955
FOODS_3_074,WI_3,FOODS_3,medium,2016-05-22,2016-06-21,30,0.7412502293138806
FOODS_3_089,WI_3,FOODS_3,high,2016-05-22,2016-06-21,30,1.847791817412523
FOODS_3_096,WI_3,FOODS_3,medium,2016-05-22,2016-06-21,30,0.5575474847986833
FOODS_3_099,WI_3,FOODS_3,high,2016-05-22,2016-06-21,30,9.888239721511088
FOODS_3_113,WI_3,FOODS_3,high,2016-05-22,2016-06-21,30,3.1549651492623374
FOODS_3_123,WI_3,FOODS_3,low,2016-05-22,2016-06-21,30,0.4532976804542929
FOODS_3_135,WI_3,FOODS_3,high,2016-05-22,2016-06-21,30,7.9730863448481974
FOODS_3_179,WI_3,FOODS_3,low,2016-05-22,2016-06-21,30,0.24435259575993146
FOODS_3_187,WI_3,FOODS_3,medium,2016-05-22,2016-06-21,30,1.704965768145635
FOODS_3_223,WI_3,FOODS_3,low,2016-05-22,2016-06-21,30,1.0361180214078272
FOODS_3_240,WI_3,FOODS_3,low,2016-05-22,2016-06-21,30,0.41625568968836035
FOODS_3_249,WI_3,FOODS_3,medium,2016-05-22,2016-06-21,30,0.9666982200317091
FOODS_3_263,WI_3,FOODS_3,high,2016-05-22,2016-06-21,30,11.445245680365787
FOODS_3_276,WI_3,FOODS_3,high,2016-05-22,2016-06-21,30,0.0
FOODS_3_312,WI_3,FOODS_3,low,2016-05-22,2016-06-21,30,0.6108322130372479
FOODS_3_319,WI_3,FOODS_3,high,2016-05-22,2016-06-21,30,0.0
FOODS_3_321,WI_3,FOODS_3,high,2016-05-22,2016-06-21,30,5.242282078481024
FOODS_3_327,WI_3,FOODS_3,high,2016-05-22,2016-06-21,30,1.855423256310276
FOODS_3_329,WI_3,FOODS_3,high,2016-05-22,2016-06-21,30,19.22633524415389
FOODS_3_340,WI_3,FOODS_3,low,2016-05-22,2016-06-21,30,0.5751255718358166
FOODS_3_354,WI_3,FOODS_3,low,2016-05-22,2016-06-21,30,0.6035679264596033
FOODS_3_360,WI_3,FOODS_3,medium,2016-05-22,2016-06-21,30,0.3377264045395609
FOODS_3_383,WI_3,FOODS_3,high,2016-05-22,2016-06-21,30,1.9111383941385143
FOODS_3_387,WI_3,FOODS_3,medium,2016-05-22,2016-06-21,30,1.0334436592247511
FOODS_3_432,WI_3,FOODS_3,high,2016-05-22,2016-06-21,30,0.9279878936281075
FOODS_3_467,WI_3,FOODS_3,medium,2016-05-22,2016-06-21,30,1.1409441859398528
FOODS_3_470,WI_3,FOODS_3,medium,2016-05-22,2016-06-21,30,1.0983920174444552
FOODS_3_479,WI_3,FOODS_3,medium,2016-05-22,2016-06-21,30,0.8898500865126844
FOODS_3_480,WI_3,FOODS_3,medium,2016-05-22,2016-06-21,30,0.6188294861673783
FOODS_3_482,WI_3,FOODS_3,low,2016-05-22,2016-06-21,30,0.3831233204806951
FOODS_3_501,WI_3,FOODS_3,high,2016-05-22,2016-06-21,30,9.121461994888717
FOODS_3_511,WI_3,FOODS_3,high,2016-05-22,2016-06-21,30,8.231696131698687
FOODS_3_520,WI_3,FOODS_3,medium,2016-05-22,2016-06-21,30,0.5684571633656549
FOODS_3_532,WI_3,FOODS_3,medium,2016-05-22,2016-06-21,30,2.445722550388207
FOODS_3_539,WI_3,FOODS_3,low,2016-05-22,2016-06-21,30,0.4140130132130296
FOODS_3_550,WI_3,FOODS_3,low,2016-05-22,2016-06-21,30,0.41290429195883516
FOODS_3_558,WI_3,FOODS_3,low,2016-05-22,2016-06-21,30,0.361648128277945
FOODS_3_601,WI_3,FOODS_3,low,2016-05-22,2016-06-21,30,0.35834685270403865
FOODS_3_611,WI_3,FOODS_3,high,2016-05-22,2016-06-21,30,0.617837132388912
FOODS_3_616,WI_3,FOODS_3,medium,2016-05-22,2016-06-21,30,0.7536393466712372
FOODS_3_635,WI_3,FOODS_3,high,2016-05-22,2016-06-21,30,0.0
FOODS_3_640,WI_3,FOODS_3,low,2016-05-22,2016-06-21,30,1.3182620829139078
FOODS_3_641,WI_3,FOODS_3,low,2016-05-22,2016-06-21,30,0.7231764392676531
FOODS_3_648,WI_3,FOODS_3,medium,2016-05-22,2016-06-21,30,1.0788020871191424
FOODS_3_658,WI_3,FOODS_3,low,2016-05-22,2016-06-21,30,0.41554176413505484
FOODS_3_661,WI_3,FOODS_3,high,2016-05-22,2016-06-21,30,3.358029355207804
FOODS_3_666,WI_3,FOODS_3,medium,2016-05-22,2016-06-21,30,0.965696553350343
FOODS_3_677,WI_3,FOODS_3,low,2016-05-22,2016-06-21,30,0.2690130405078296
FOODS_3_709,WI_3,FOODS_3,low,2016-05-22,2016-06-21,30,1.3535688208978907
FOODS_3_724,WI_3,FOODS_3,low,2016-05-22,2016-06-21,30,0.19906302823335179
FOODS_3_795,WI_3,FOODS_3,medium,2016-05-22,2016-06-21,30,1.5056774226305258
FOODS_3_801,WI_3,FOODS_3,high,2016-05-22,2016-06-21,30,3.2114699073585116
FOODS_3_817,WI_3,FOODS_3,medium,2016-05-22,2016-06-21,30,0.26421174871712066
