fold,model_name,horizon,horizon_days,evaluation_type,segment_type,segment_value,mae,rmse,wape,bias,aggregate_bias,actual_sum,forecast_sum,observations,rmsse,rmsse_defined_series,rmsse_undefined_series,mean_28_mae,mean_28_rmse,mean_28_wape,mean_28_bias,mean_28_aggregate_bias,mean_28_actual_sum,mean_28_forecast_sum,mean_28_observations,mean_28_rmsse,mean_28_rmsse_defined_series,mean_28_rmsse_undefined_series,zero_mae,zero_rmse,zero_wape,zero_bias,zero_aggregate_bias,zero_actual_sum,zero_forecast_sum,zero_observations,zero_rmsse,zero_rmsse_defined_series,zero_rmsse_undefined_series,mae_improvement_vs_mean_28_pct,mae_improvement_vs_zero_pct,rmse_improvement_vs_mean_28_pct,rmse_improvement_vs_zero_pct,wape_improvement_vs_mean_28_pct,wape_improvement_vs_zero_pct,rmsse_improvement_vs_mean_28_pct,rmsse_improvement_vs_zero_pct,absolute_bias_improvement_vs_mean_28_pct
combined,ridge_global_v1,day_1_daily,1,daily,demand_band,high,2.2022803660595054,3.478485840424304,0.4743127401883054,-0.20634530329142356,-61.284555077552795,1379.0,1317.7154449224472,297,0.5017830494660228,297,0,2.454545459261647,3.95012673661562,0.5286439459033424,0.101010083650499,29.999994844198227,1379.0,1408.9999948441982,297,0.5527256250348582,297,0,4.643097643097643,7.628362812027178,1.0,-4.643097643097643,-1379.0,1379.0,0.0,297,0.9733314851269428,297,0,10.277466740340003,52.56872598116946,11.939892758868982,54.40062401148532,10.277466740340005,52.568725981169464,9.216611870604455,48.446849081371305,-104.28188536640637
combined,ridge_global_v1,day_1_daily,1,daily,demand_band,low,0.5222988815018625,0.824327638405349,0.9288788491380429,-0.08758694916863233,-26.0133239030838,167.0,140.9866760969162,297,0.4392268476621357,297,0,0.5631313133821745,0.7926987422493798,1.0014970064341664,0.029461278407662,8.749999687075615,167.0,175.7499996870756,297,0.474239206574189,297,0,0.5622895622895623,1.084012995809633,1.0,-0.5622895622895623,-167.0,167.0,0.0,297,0.447790649180151,297,0,7.25096099434993,7.112115086195702,-3.9900272916061823,23.955926580965844,7.250960994349922,7.112115086195714,7.3828478174497,1.9124565315721833,-197.29514095306055
combined,ridge_global_v1,day_1_daily,1,daily,demand_band,medium,0.9324393311357186,1.4113810672687856,0.8779274933154766,-0.07165541212543164,-21.92655611038208,325.0,303.0734438896179,306,0.4952011561919011,306,0,0.9163165255967114,1.3734811284029045,0.8627472517925959,0.0932539648017267,28.535713229328397,325.0,353.5357132293284,306,0.4825003966912631,306,0,1.062091503267974,1.934381054849193,1.0,-1.062091503267974,-325.0,325.0,0.0,306,0.540307817528088,306,0,-1.7595236022299137,12.207250668452355,-2.7594073250901916,27.03707143271113,-1.7595236022299137,12.20725066845234,-2.6322795976403723,8.348326615474525,23.16100202518696
combined,ridge_global_v1,day_1_daily,1,daily,dept_id,FOODS_1,1.3930394932075782,2.445799201435896,0.6418441350956419,-0.28447443114386667,-38.404048204422,293.0,254.595951795578,135,0.5654322089852453,135,0,1.440211642919867,2.628086857243167,0.6635787433248534,-0.1560846596680305,-21.07142905518413,293.0,271.9285709448159,135,0.5918748454071918,135,0,2.1703703703703705,4.311053836962047,1.0,-2.1703703703703705,-293.0,293.0,0.0,135,0.7702164759711791,135,0,3.2753623360975306,35.81558649043582,6.936135132097135,43.26679058224371,3.2753623360975346,35.81558649043581,4.4676060533971205,26.587884494124577,-82.25649576896451
combined,ridge_global_v1,day_1_daily,1,daily,dept_id,FOODS_2,0.8453258190836225,1.2587411219121678,0.7948586060040033,-0.04062612283797491,-10.237782955169678,268.0,257.7622170448303,252,0.42008390891673975,252,0,0.7953514725058561,1.1491333029809327,0.7478678025055066,0.1842403618677977,46.42857119068504,268.0,314.42857119068503,252,0.4226563000469219,252,0,1.0634920634920637,2.0911757154806176,1.0,-1.0634920634920637,-268.0,268.0,0.0,252,0.4654583753359877,252,0,-6.283303458320859,20.514139399599692,-9.538303227911388,39.80701322256558,-6.2833034583208605,20.514139399599674,0.6086248164043861,9.748340307872802,77.94939044511521
combined,ridge_global_v1,day_1_daily,1,daily,dept_id,FOODS_3,1.35174275606464,2.4968555345871484,0.5293465907337102,-0.11809474450570566,-60.582603931427,1310.0,1249.417396068573,513,0.4850233917773066,513,0,1.5239487630451285,2.8383782551249173,0.596782988887138,0.0817320967350903,41.92856562510133,1310.0,1351.928565625101,513,0.5189886640031547,513,0,2.5536062378167643,5.437219218176762,1.0,-2.5536062378167643,-1310.0,1310.0,0.0,513,0.7137090277037499,513,0,11.299986663356671,47.065340926628984,12.032318804624525,54.07844645586301,11.299986663356657,47.065340926628984,6.544511389489935,32.04185838340935,-44.490046411599856
combined,ridge_global_v1,day_1_daily,1,daily,intermittency_class,highly_intermittent,0.34028520224229347,0.6354111650115151,1.20234104792277,-0.0893058956794019,-4.733212471008301,15.0,10.2667875289917,53,0.4856135183697178,53,0,0.3780323458870627,0.6714049161228316,1.3357142888009548,-0.0370619934544248,-1.9642856530845163,15.0,13.035714346915483,53,0.5381255867648683,53,0,0.2830188679245283,0.835531691527718,1.0,-0.2830188679245283,-15.0,15.0,0.0,53,0.3956851426452306,53,0,9.98516239561315,-20.23410479227703,5.360960315746568,23.951278993414952,9.985162395613159,-20.23410479227701,9.75832959567029,-22.727256101479792,-140.96355148629965
combined,ridge_global_v1,day_1_daily,1,daily,intermittency_class,intermittent,0.6936825403204651,1.2255037024921667,0.7826627614610482,-0.058305658763080075,-25.129738926887512,382.0,356.8702610731125,431,0.4463539514051243,431,0,0.7234835894886413,1.2623425751599922,0.8162864582973937,0.1146005936606577,49.39285586774349,382.0,431.3928558677435,431,0.4574961556009753,431,0,0.8863109048723898,2.6939822945313243,1.0,-0.8863109048723898,-382.0,382.0,0.0,431,0.4624702956972287,431,0,4.119105063494208,21.733723853895178,2.9182943990585475,54.509585865508846,4.1191050634942075,21.73372385389518,2.435474934475545,3.4848387976588,49.12272537110219
combined,ridge_global_v1,day_1_daily,1,daily,intermittency_class,regular,1.8690244741737843,2.9969242067386728,0.5274858760219092,-0.19077279733923766,-79.36148369312286,1474.0,1394.6385163068771,416,0.5117678454629357,416,0,2.0307348964091103,3.356762012445373,0.5731246383352713,0.0477335037162097,19.85713754594326,1474.0,1493.8571375459433,416,0.5455581183001327,416,0,3.543269230769231,6.126079182792706,1.0,-3.543269230769231,-1474.0,1474.0,0.0,416,0.8824794616516805,416,0,7.963147849641719,47.25141239780908,10.719789022057045,51.07924469607558,7.963147849641723,47.25141239780908,6.1937072703604406,42.00795965210425,-299.6622549927204
combined,ridge_global_v1,day_1_daily,1,daily,overall,all,1.2161405242813959,2.21234584750232,0.5849954419311899,-0.12136048343446519,-109.22443509101868,1871.0,1761.7755649089813,900,0.4789016591575387,900,0,1.307380953675343,2.449063305582832,0.6288844779838635,0.0747618975117802,67.28570776060224,1871.0,1938.2857077606025,900,0.502948529306015,900,0,2.078888888888889,4.567639798991744,1.0,-2.078888888888889,-1871.0,1871.0,0.0,900,0.652674962280891,900,0,6.978870935625123,41.500455806881014,9.66563247021407,51.56479177734919,6.978870935625116,41.50045580688101,4.78117913609509,26.624784642583798,-62.32932479454856
combined,ridge_global_v1,day_1_daily,1,daily,store_id,CA_1,1.4271987954775491,2.6208648234051477,0.5626276460489682,-0.2818509848912557,-84.55529546737671,761.0,676.4447045326233,300,0.4919046721929889,300,0,1.4814285852387548,2.9463773884426723,0.5840060125776957,-0.1297619064773122,-38.92857194319368,761.0,722.0714280568063,300,0.5084207854077644,300,0,2.536666666666666,5.705844956416768,1.0,-2.536666666666666,-761.0,761.0,0.0,300,0.7116000210833332,300,0,3.6606415119541973,43.73723539510318,11.047891092104003,54.067016481796706,3.6606415119541817,43.73723539510318,3.24851258815652,30.873432037829648,-117.2062607145303
combined,ridge_global_v1,day_1_daily,1,daily,store_id,TX_2,1.1831477459271749,2.1651779854405886,0.5469095897968451,-0.13802228053410848,-41.406684160232544,649.0,607.5933158397675,300,0.48790051755302255,300,0,1.2763095262646675,2.314804664113133,0.5899735868711868,-0.0327381050089995,-9.821431502699852,649.0,639.1785684973001,300,0.4963635283625581,300,0,2.1633333333333336,4.455333881989093,1.0,-2.1633333333333336,-649.0,649.0,0.0,300,0.6926391582738726,300,0,7.299309330562324,45.3090410203155,6.463900863525805,51.4025650424668,7.299309330562318,45.30904102031549,1.7050025487275362,29.559206734871818,-321.59520380354036
combined,ridge_global_v1,day_1_daily,1,daily,store_id,WI_3,1.0380750314394633,1.7681895587530239,0.675536896815269,0.05579181512196859,16.737544536590576,461.0,477.7375445365906,300,0.45689978772660456,300,0,1.1644047495226066,1.988535359537452,0.7577471255027808,0.3867857040216525,116.03571120649576,461.0,577.0357112064958,300,0.5040612741477228,300,0,1.5366666666666666,3.191133549905634,1.0,-1.5366666666666666,-461.0,461.0,0.0,300,0.553785707485467,300,0,10.84929601454624,32.4463103184731,11.08080878359046,44.59054968710691,10.849296014546232,32.4463103184731,9.356300283305814,17.495200480847547,85.57552294672057
combined,ridge_global_v1,days_1_7_aggregate,7,aggregate,demand_band,high,8.103213292982442,13.156057563097127,0.25219054259832185,-0.9871367553267816,-293.17961633205414,9543.0,9249.820383667946,297,0.671868862885162,297,0,8.107744066000787,13.11214892764306,0.2523315506237277,1.0774410389087818,319.9999885559082,9543.0,9862.999988555908,297,0.7073143429750134,297,0,32.13131313131313,49.891633408569454,1.0,-32.13131313131313,-9543.0,9543.0,0.0,297,2.5243107985040263,297,0,0.055882042914313396,74.78094574016781,-0.33486986531626434,73.63073392414243,0.055882042914288894,74.78094574016781,5.011276873131855,73.38406731519237,8.381366619695427
combined,ridge_global_v1,days_1_7_aggregate,7,aggregate,demand_band,low,2.170879025651951,3.123945519445104,0.5324121144662506,-1.2959445939722285,-384.8955444097519,1211.0,826.1044555902481,297,0.6860343424068945,297,0,2.071548819943309,3.0241382978074296,0.5080511969638009,0.0648148099982778,19.249998569488525,1211.0,1230.2499985694883,297,0.6463665478611524,297,0,4.077441077441078,5.9974742158426135,1.0,-4.077441077441078,-1211.0,1211.0,0.0,297,1.212543500105161,297,0,-4.794972957063118,46.75878855337494,-3.300352424690258,47.912314300692564,-4.794972957063118,46.75878855337494,-6.137043242259999,43.421877866864456,-1899.457522141411
combined,ridge_global_v1,days_1_7_aggregate,7,aggregate,demand_band,medium,3.1892903279634863,4.712841485039201,0.4411947741215311,-0.944078492962457,-288.88801884651184,2212.0,1923.1119811534882,306,0.6530721906628473,306,0,3.138071882958505,4.442235436878431,0.4341094015304262,0.858660121369206,262.74999713897705,2212.0,2474.749997138977,306,0.6509266614032644,306,0,7.228758169934641,9.943960626489652,1.0,-7.228758169934641,-2212.0,2212.0,0.0,306,1.4097094526598986,306,0,-1.632162898597902,55.88052258784689,-6.091663803189256,52.60599209851362,-1.632162898597869,55.88052258784689,-0.32961151951551176,53.67327718271283,-9.947867551720494
combined,ridge_global_v1,days_1_7_aggregate,7,aggregate,dept_id,FOODS_1,5.383182232468217,9.22141013904426,0.3692731714345575,-1.8079674491175899,-244.07560563087463,1968.0,1723.9243943691254,135,0.8337919916529996,135,0,4.522222211625841,7.013875029354038,0.3102134139072604,-0.4777778095669217,-64.50000429153442,1968.0,1903.4999957084656,135,0.7237704349778938,135,0,14.577777777777778,24.672671941659274,1.0,-14.577777777777778,-1968.0,1968.0,0.0,135,1.9209425732457188,135,0,-19.038428023925913,63.07268285654425,-31.4738300932278,62.62500404962582,-19.038428023925892,63.07268285654425,-15.20116757442104,56.59464248094706,-278.4117664979898
combined,ridge_global_v1,days_1_7_aggregate,7,aggregate,dept_id,FOODS_2,3.2501772448183996,4.872790024279488,0.44129561729215344,-0.5627323280251215,-141.80854666233063,1856.0,1714.1914533376694,252,0.6104558517288317,252,0,3.375000011353266,5.023802483461606,0.458243536024258,1.369047619047619,345.0,1856.0,2201.0,252,0.7124476240100758,252,0,7.365079365079365,13.234454792351428,1.0,-7.365079365079365,-1856.0,1856.0,0.0,252,1.2893392615173416,252,0,3.6984523293324774,55.87043827078465,3.0059394189809794,63.18102936060793,3.698452329332449,55.87043827078466,14.31568705460399,52.65359010238896,58.89607343120852
combined,ridge_global_v1,days_1_7_aggregate,7,aggregate,dept_id,FOODS_3,4.837337216206229,9.222939177098425,0.2714454158733095,-1.1327076555460285,-581.0790272951126,9142.0,8560.920972704887,513,0.6564143251574103,513,0,4.917153960780094,9.55297118681586,0.2759243034215913,0.6267056307132713,321.4999885559082,9142.0,9463.499988555908,513,0.6315418576904199,513,0,17.820662768031188,35.70258343506281,1.0,-17.820662768031188,-9142.0,9142.0,0.0,513,1.8654504442696207,513,0,1.6232305356003573,72.85545841266904,3.4547577215862963,74.16730586492865,1.6232305356003371,72.85545841266905,-3.9383719644411532,64.81202021882623,-80.73998381933508
combined,ridge_global_v1,days_1_7_aggregate,7,aggregate,intermittency_class,highly_intermittent,1.039697917002552,1.5111041871852955,0.6407440651294797,-0.6057954689241806,-32.10715985298157,86.0,53.89284014701843,53,0.5894635068254732,53,0,1.0047169811320755,1.2862663534725114,0.6191860465116279,0.0990566037735849,5.25,86.0,91.25,53,0.5951969248352807,53,0,1.6226415094339623,2.502828588496669,1.0,-1.6226415094339623,-86.0,86.0,0.0,53,0.8819952874353293,53,0,-3.4816706124605674,35.92559348705203,-17.479881449576382,39.62414389341203,-3.4816706124605696,35.92559348705203,0.9632808521976559,33.16704576285,-511.56494958060136
combined,ridge_global_v1,days_1_7_aggregate,7,aggregate,intermittency_class,intermittent,2.666347229287132,4.24603363602018,0.4150219053169931,-1.1631958960380466,-501.33743119239807,2769.0,2267.662568807602,431,0.6756249772224634,431,0,2.622389767949929,4.0380476653987225,0.4081798447043769,0.5817865174773674,250.74998903274536,2769.0,3019.7499890327454,431,0.6606966982738068,431,0,6.424593967517401,17.03558443056625,1.0,-6.424593967517401,-2769.0,2769.0,0.0,431,1.304123134664302,431,0,-1.676236762148708,58.49780946830069,-5.150656650332554,75.07550355359868,-1.6762367621486949,58.49780946830069,-2.259475336816344,48.193160656077325,-99.9351757207569
combined,ridge_global_v1,days_1_7_aggregate,7,aggregate,intermittency_class,regular,6.78612647492152,11.309547033431269,0.27920370028358743,-1.0421119916897554,-433.51858854293823,10111.0,9677.481411457062,416,0.6747630078604332,416,0,6.7307692147218265,11.25554079986273,0.2769261194070102,0.8317307577683375,345.9999952316284,10111.0,10456.999995231628,416,0.6849064158544701,416,0,24.30528846153846,39.67454740180991,1.0,-24.30528846153846,-10111.0,10111.0,0.0,416,2.2413317257847862,416,0,-0.8224507249277527,72.07962997164125,-0.4798190911377329,71.49420025163201,-0.8224507249277553,72.07962997164125,1.4809918200842476,69.89454974032593,-25.29439147902903
combined,ridge_global_v1,days_1_7_aggregate,7,aggregate,overall,all,4.474809176656935,8.239489662801434,0.31060683780589554,-1.0744035328759087,-966.9631795883179,12966.0,11999.036820411682,900,0.6701526025717467,900,0,4.426111092567444,8.152530243544,0.3072265913397115,0.6688888714048598,601.9999842643738,12966.0,13567.999984264374,900,0.6680297588530447,900,0,14.406666666666666,29.443467489033587,1.0,-14.406666666666666,-12966.0,12966.0,0.0,900,1.7124631324453974,900,0,-1.1002454089159033,68.93931621941044,-1.0666555861758087,72.01589905852533,-1.1002454089159253,68.93931621941046,-0.3177768191564894,60.866158816816764,-60.62511708699101
combined,ridge_global_v1,days_1_7_aggregate,7,aggregate,store_id,CA_1,4.975532250404358,9.81438379047279,0.29153509279713036,-1.7484882473945618,-524.5464742183685,5120.0,4595.4535257816315,300,0.683103738382639,300,0,4.719999993642171,8.63717737418826,0.276562499627471,-0.218333355585734,-65.50000667572021,5120.0,5054.49999332428,300,0.6586331305835831,300,0,17.066666666666666,36.060412273479805,1.0,-17.066666666666666,-5120.0,5120.0,0.0,300,1.8326175885560052,300,0,-5.413819006491282,70.84649072028697,-13.629526930899305,72.78349532988933,-5.413819006491272,70.84649072028697,-3.715362416915429,62.72524379071989,-700.8342301632307
combined,ridge_global_v1,days_1_7_aggregate,7,aggregate,store_id,TX_2,4.048982012271881,6.454059237495906,0.2811793064077695,-0.8171923247973124,-245.15769743919373,4320.0,4074.8423025608063,300,0.6393209555581488,300,0,4.039166668256124,6.880119294065216,0.2804976852955642,0.5141666491826375,154.24999475479126,4320.0,4474.249994754791,300,0.6325015976588838,300,0,14.4,28.19562613834517,1.0,-14.4,-4320.0,4320.0,0.0,300,1.7150709847207335,300,0,-0.24300418432583745,71.88206935922307,6.192626004854736,77.10971479821622,-0.24300418432583085,71.88206935922305,-1.0781566283003745,62.723353070878865,-58.93530358228989
combined,ridge_global_v1,days_1_7_aggregate,7,aggregate,store_id,WI_3,4.399913267294566,8.104971306700207,0.3743545037403204,-0.657530026435852,-197.25900793075562,3526.0,3328.7409920692444,300,0.6880331137744523,300,0,4.5191666158040364,8.800816645172238,0.3845008464949548,1.7108333206176758,513.2499961853027,3526.0,4039.249996185303,300,0.7129545483166669,300,0,11.753333333333334,22.481251447965853,1.0,-11.753333333333334,-3526.0,3526.0,0.0,300,1.5897008240594537,300,0,2.6388349589153943,62.56454962596796,7.906599654632538,63.94786417713609,2.6388349589153686,62.564549625967956,3.495515191123444,56.71933338893958,61.566681072212305
combined,ridge_global_v1,days_1_7_daily,7,daily,demand_band,high,2.293505799432051,3.948696789326628,0.4996540455851654,-0.1410195364752545,-293.17961633205414,9543.0,9249.820383667946,2079,0.6485574224171929,297,0,2.4283996347253742,4.054791622353233,0.5290414796808187,0.1539201365605519,319.9999639093876,9543.0,9862.999963909388,2079,0.6755162967407654,297,0,4.590187590187591,7.983237609647024,1.0,-4.590187590187591,-9543.0,9543.0,0.0,2079,1.1387102122908428,297,0,5.554844983683188,50.03459544148346,2.6165298468539224,50.53765173474252,5.554844983683195,50.034595441483454,3.990854765998065,43.0445590619203,8.381359563192902
combined,ridge_global_v1,days_1_7_daily,7,daily,demand_band,low,0.5758731957523223,1.003287410395223,0.9886377984880909,-0.18513494199603264,-384.8955444097519,1211.0,826.1044555902481,2079,0.6628683898480806,297,0,0.6447296090219788,0.9825029942977794,1.1068479415001602,0.0092592582056418,19.249997809529305,1211.0,1230.2499978095293,2079,0.6424962353893386,297,0,0.5824915824915825,1.229937605224961,1.0,-0.5824915824915825,-1211.0,1211.0,0.0,2079,0.7288171876043616,297,0,10.679890035468993,1.1362201511909102,-2.115455751083862,18.427779902565288,10.679890035468997,1.1362201511909142,-3.1707819184958934,9.048743481620708,-1899.4576010768037
combined,ridge_global_v1,days_1_7_daily,7,daily,demand_band,medium,0.8802237465045477,1.3894371234448664,0.8523685646531379,-0.13486835613749384,-288.88801884651184,2212.0,1923.1119811534882,2142,0.6113588489928142,306,0,0.9425270079915958,1.38284515727935,0.9127002039412287,0.1226657295076091,262.7499926052988,2212.0,2474.7499926052988,2142,0.6158709024003692,306,0,1.0326797385620916,1.8781758040912364,1.0,-1.0326797385620916,-2212.0,2212.0,0.0,2142,0.7615113233194677,306,0,6.6102362010621185,14.763143534686211,-0.4766958998132154,26.02198790878623,6.610236201062111,14.763143534686208,0.7326297426894478,19.717694238889447,-9.947869448840482
combined,ridge_global_v1,days_1_7_daily,7,daily,dept_id,FOODS_1,1.4280755270095098,2.6873907815972364,0.6857374862926763,-0.2582810641596557,-244.07560563087463,1968.0,1723.9243943691254,945,0.7626600996367263,135,0,1.4736961424311317,2.657275122006732,0.7076437269295831,-0.0682539718373427,-64.50000338628888,1968.0,1903.4999966137111,945,0.744289252793401,135,0,2.0825396825396827,4.298886283727831,1.0,-2.0825396825396827,-1968.0,1968.0,0.0,945,1.0050899153606514,135,0,3.095659553424787,31.426251370732384,-1.1333286245408214,37.48634869060009,3.0956595534247833,31.426251370732373,-2.4682402405217467,24.12021173617439,-278.4117718089286
combined,ridge_global_v1,days_1_7_daily,7,daily,dept_id,FOODS_2,0.8918429621898668,1.4490247203483,0.8476352291502829,-0.08039033257501736,-141.80854666233063,1856.0,1714.1914533376694,1764,0.5784986928940894,252,0,0.940557172372008,1.4386865486884497,0.8939347263277059,0.1955782303485233,344.99999833479524,1856.0,2200.9999983347952,1764,0.5987941954427816,252,0,1.0521541950113378,2.264785133446498,1.0,-1.0521541950113378,-1856.0,1856.0,0.0,1764,0.6986702091101108,252,0,5.179292829088522,15.236477084971702,-0.7185840216046284,36.019329209247886,5.179292829088524,15.23647708497171,3.389395338691376,17.200034386621788,58.896073232812974
combined,ridge_global_v1,days_1_7_daily,7,daily,dept_id,FOODS_3,1.3723575153645617,2.7981086039847733,0.5390653946263554,-0.16181537936371834,-581.0790272951126,9142.0,8560.920972704887,3591,0.6390418907881461,513,0,1.4915463219735738,2.888466556764289,0.5858830499023303,0.089529367690256,321.4999593757093,9142.0,9463.49995937571,3591,0.6404113680281945,513,0,2.5458089668615984,5.700400841846795,1.0,-2.5458089668615984,-9142.0,9142.0,0.0,3591,0.9277311334019436,513,0,7.990955751967842,46.09346053736446,3.128232610757187,50.91382726204475,7.9909557519678485,46.093460537364464,0.21384336825016217,31.117770248281793,-80.74000022378092
combined,ridge_global_v1,days_1_7_daily,7,daily,intermittency_class,highly_intermittent,0.27885835896926425,0.5395076977552997,1.202981990437175,-0.0865422098463115,-32.10715985298157,86.0,53.89284014701843,371,0.6510881164258475,53,0,0.3474201009460697,0.5220171696598045,1.4987541564068825,0.0141509445509659,5.250000428408384,86.0,91.25000042840838,371,0.6241920724630394,53,0,0.2318059299191374,0.6054558773412049,1.0,-0.2318059299191374,-86.0,86.0,0.0,371,0.6360298432132278,53,0,19.734535160775952,-20.29819904371752,-3.3505656733271247,10.892318012587403,19.73453516077597,-20.298199043717503,-4.308937128386984,-2.367541927992758,-511.56489967593296
combined,ridge_global_v1,days_1_7_daily,7,daily,intermittency_class,intermittent,0.6991302805070179,1.2969037538453874,0.7617464992017597,-0.1661708422911495,-501.33743119239807,2769.0,2267.662568807602,3017,0.6218853464516684,431,0,0.779901981104337,1.3383830193658992,0.849752357165686,0.0831123603162759,250.74999107420444,2769.0,3019.7499910742044,3017,0.6149231715707998,431,0,0.9177991382167716,2.7168314910960043,1.0,-0.9177991382167716,-2769.0,2769.0,0.0,3017,0.7357536143557253,431,0,10.356647701156856,23.82535007982402,3.099207395814387,52.26410772637945,10.35664770115686,23.825350079824027,-1.1322023958023821,15.476412984225368,-99.93517409300222
combined,ridge_global_v1,days_1_7_daily,7,daily,intermittency_class,regular,1.9361764040294585,3.389829943082686,0.5576249321069907,-0.14887314166996504,-433.51858854293823,10111.0,9677.481411457062,2912,0.6587236046715107,416,0,2.0350519967122147,3.455919679154241,0.5861014157280159,0.1188186685513746,345.9999628216028,10111.0,10456.999962821605,2912,0.6773849793019184,416,0,3.472184065934066,6.44063657184206,1.0,-3.472184065934066,-10111.0,10111.0,0.0,2912,1.050141137564938,416,0,4.858627339374988,44.23750678930094,1.9123631972757273,47.36809156562649,4.858627339374977,44.23750678930093,2.754914147880764,37.272850180980846,-25.29440321543036
combined,ridge_global_v1,days_1_7_daily,7,daily,overall,all,1.2461711422223893,2.4766879949295113,0.6054973157489629,-0.1534862189822727,-966.9631795883179,12966.0,11999.036820411682,6300,0.6406325267050971,900,0,1.3345918331537692,2.528707621543472,0.6484597060673103,0.095555548305431,601.9999543242157,12966.0,13567.999954324216,6300,0.64434024241906,900,0,2.058095238095238,4.767615623155744,1.0,-2.058095238095238,-12966.0,12966.0,0.0,6300,0.8751978918940366,900,0,6.625298367249349,39.4502684251037,2.0571625667901072,48.05185252559936,6.625298367249338,39.45026842510371,0.5754282395963559,26.801408842668835,-60.6251250755987
combined,ridge_global_v1,days_1_7_daily,7,daily,store_id,CA_1,1.4302753071557908,3.019521176832804,0.5866363564506173,-0.24978403534208024,-524.5464742183685,5120.0,4595.4535257816315,2100,0.6691241624705556,300,0,1.5192857146990442,3.050663482297807,0.6231445314195299,-0.0311904779058836,-65.50000360235572,5120.0,5054.499996397644,2100,0.6734539957169717,300,0,2.4380952380952383,5.858489972843238,1.0,-2.4380952380952383,-5120.0,5120.0,0.0,2100,0.9286854140362844,300,0,5.858701012066417,41.33636435493827,1.0208371275859704,48.459053598629396,5.858701012066423,41.33636435493827,0.6429293276085613,27.949319289684407,-700.8342677396499
combined,ridge_global_v1,days_1_7_daily,7,daily,store_id,TX_2,1.2157427779833476,2.231845225949012,0.590986072630794,-0.11674176068533035,-245.15769743919373,4320.0,4074.8423025608063,2100,0.6295652729401239,300,0,1.2919557807310706,2.2927987278012902,0.6280340600776038,0.0734523711814766,154.24997948110104,4320.0,4474.249979481101,2100,0.6280434847159125,300,0,2.057142857142857,4.529375022587344,1.0,-2.057142857142857,-4320.0,4320.0,0.0,2100,0.8709334754674497,300,0,5.899041119239922,40.9013927369206,2.658475910387939,50.72509529859816,5.899041119239924,40.901392736920606,-0.24230618758822114,27.713735816363936,-58.93531931991676
combined,ridge_global_v1,days_1_7_daily,7,daily,store_id,WI_3,1.0924953415280296,2.0744418581273214,0.6506637031221958,-0.09393286091940743,-197.25900793075562,3526.0,3328.7409920692444,2100,0.6232081447046119,300,0,1.1925340040311927,2.1493285038177694,0.710244301890387,0.2444047516407001,513.2499784454703,3526.0,4039.2499784454703,2100,0.6315232468242953,300,0,1.6790476190476191,3.654221303278352,1.0,-1.6790476190476191,-3526.0,3526.0,0.0,2100,0.8259747861783757,300,0,8.388747169053168,34.933629687780424,3.48418799440987,43.231630326651135,8.38874716905316,34.933629687780424,1.3166739564215593,24.548768905153324,61.56667974381354
combined,ridge_global_v1,days_1_30_aggregate,30,aggregate,demand_band,high,36.31502769812189,61.5170137395419,0.24735261045643064,2.0387062324016583,605.4957510232925,43604.0,44209.49575102329,297,1.3355490031960482,297,0,36.60509915143151,65.23933011889731,0.2493283746439583,-4.49158359938599,-1334.0003290176392,43604.0,42269.99967098236,297,1.3627325583621932,297,0,146.8148148148148,218.20167979182256,1.0,-146.8148148148148,-43604.0,43604.0,0.0,297,5.5946253661552445,297,0,0.7924345515624105,75.26473895435693,5.705632434562968,71.80726848746865,0.7924345515623917,75.26473895435693,1.9947828353654147,76.12799936032414,54.61052461140088
combined,ridge_global_v1,days_1_30_aggregate,30,aggregate,demand_band,low,7.535984948026612,10.130448421006523,0.41310216492504687,0.9684369387450041,287.62577080726624,5418.0,5705.625770807266,297,1.1624642573325898,297,0,6.970418377757474,10.233505849747326,0.3820993462890309,-0.4898990557249949,-145.5000195503235,5418.0,5272.4999804496765,297,1.0419822386190296,297,0,18.24242424242424,25.07000300169608,1.0,-18.24242424242424,-5418.0,5418.0,0.0,297,2.6110972123972145,297,0,-8.113810959667136,58.68978350749531,1.0070588736053459,59.591355372709124,-8.113810959667155,58.68978350749532,-11.56277086577202,55.47985529556954,-97.68091557388848
combined,ridge_global_v1,days_1_30_aggregate,30,aggregate,demand_band,medium,11.278895103853513,15.553690426997356,0.3166078251333983,-0.8125579707762774,-248.6427390575409,10901.0,10652.35726094246,306,1.1234970389708243,306,0,10.860644135210247,15.786390614982578,0.3048671778161945,-0.963818924489364,-294.9285908937454,10901.0,10606.071409106256,306,1.0765736392688965,306,0,35.62418300653595,44.48385915689191,1.0,-35.62418300653595,-10901.0,10901.0,0.0,306,3.445840780678711,306,0,-3.8510696367197457,68.33921748666016,1.4740556829017646,65.03520440494962,-3.8510696367197292,68.33921748666016,-4.358587094310948,67.39556147601415,15.693918211164545
combined,ridge_global_v1,days_1_30_aggregate,30,aggregate,dept_id,FOODS_1,15.40857745718073,22.78172115792258,0.26149062938018836,4.108589259783427,554.6595500707626,7955.0,8509.659550070763,135,1.2418734892678356,135,0,15.63068850570255,24.59964970579577,0.2652599557850212,1.5026455057991877,202.85714328289032,7955.0,8157.85714328289,135,1.2320325508810608,135,0,58.92592592592592,97.02389930855716,1.0,-58.92592592592592,-7955.0,7955.0,0.0,135,3.760406915289568,135,0,1.420993377488052,73.85093706198116,7.390058678131827,76.51947476830247,1.4209933774880388,73.85093706198116,-0.7987563623816003,66.97502378749333,-173.42372129201948
combined,ridge_global_v1,days_1_30_aggregate,30,aggregate,dept_id,FOODS_2,16.913108459067722,35.12740266829451,0.3885235489229778,-3.239161384011072,-816.2686687707901,10970.0,10153.73133122921,252,1.2842620658834354,252,0,16.679138285300088,42.36942378645236,0.383148846663229,-6.099773279731235,-1537.1428664922714,10970.0,9432.857133507729,252,1.2057637651589777,252,0,43.53174603174603,77.41026551013249,1.0,-43.53174603174603,-10970.0,10970.0,0.0,252,3.3686397207513736,252,0,-1.4027713528452512,61.14764510770222,17.09256456887075,54.6217773097593,-1.4027713528452597,61.14764510770222,-6.510255407626044,61.8759448221141,46.897020012622605
combined,ridge_global_v1,days_1_30_aggregate,30,aggregate,dept_id,FOODS_3,19.752107932321277,40.6439174706985,0.24715428482562113,1.7662532192457023,906.0879014730453,40998.0,41904.087901473045,513,1.1586999427841995,513,0,19.399610166428847,40.40167324845049,0.2427435488408702,-0.8579789790493703,-440.14321625232697,40998.0,40557.85678374767,513,1.1178459359272903,513,0,79.91812865497076,153.90958334052686,1.0,-79.91812865497076,-40998.0,40998.0,0.0,513,4.161744135525006,513,0,-1.8170353057012953,75.28457151743788,-0.5995895782789021,73.59234130289774,-1.8170353057013116,75.28457151743788,-3.654708179711675,72.15830899133282,-105.86206216878278
combined,ridge_global_v1,days_1_30_aggregate,30,aggregate,intermittency_class,highly_intermittent,5.567294365954849,6.9952136817175266,0.7110038587845952,2.8194702188923673,149.43192160129547,415.0,564.4319216012955,53,1.5205110297170301,53,0,4.076819350134652,5.8147418278355785,0.520654037487076,-0.4514824062023522,-23.92856752872467,415.0,391.0714324712753,53,1.1100490828456624,53,0,7.830188679245283,9.74292195913971,1.0,-7.830188679245283,-415.0,415.0,0.0,53,2.02975911078467,53,0,-36.55975131130027,28.89961412154048,-20.301363135865227,28.2020967523464,-36.5597513113003,28.899614121540484,-36.976918697966894,25.089089555596253,-524.4917144409598
combined,ridge_global_v1,days_1_30_aggregate,30,aggregate,intermittency_class,intermittent,10.054260604619426,17.24927395973806,0.31830368154774297,-1.6981630563182786,-731.9082772731781,13614.0,12882.091722726822,431,1.1643737798423717,431,0,9.34554186663882,15.092461337866183,0.2958666479007883,-1.5596620190171244,-672.2143301963806,13614.0,12941.78566980362,431,1.089964754406643,431,0,31.587006960556845,75.15197286513536,1.0,-31.587006960556845,-13614.0,13614.0,0.0,431,3.122028842818019,431,0,-7.583495404483171,68.16963184522571,-14.29066189794071,77.04747686305868,-7.583495404483158,68.16963184522571,-6.826736840333474,62.70457966713146,-8.880195555985612
combined,ridge_global_v1,days_1_30_aggregate,30,aggregate,intermittency_class,regular,28.477499364660336,51.36652747716892,0.25813046881288837,2.9494113904925494,1226.9551384449005,45894.0,47120.9551384449,416,1.2097784822476276,416,0,28.897321734290852,55.28505373388657,0.2619358923054211,-2.5920337541745258,-1078.2860417366028,45894.0,44815.7139582634,416,1.2380394658163991,416,0,110.3221153846154,173.3001093035298,1.0,-110.3221153846154,-45894.0,45894.0,0.0,416,4.899892357191376,416,0,1.4528071960812077,74.18695311871116,7.087858276450976,70.35978356643618,1.4528071960812197,74.18695311871116,2.2827207329885386,75.31010083370334,-13.787537903102509
combined,ridge_global_v1,days_1_30_aggregate,30,aggregate,overall,all,18.3056585085392,36.94525186728821,0.2749377143615186,0.7160875364144643,644.4787827730179,59923.0,60567.47878277302,900,1.206333369224531,900,0,18.072539790603848,39.03622343071313,0.2714364402907642,-1.971587710513009,-1774.428939461708,59923.0,58148.57106053829,900,1.159590920355228,900,0,66.58111111111111,128.81053700860207,1.0,-66.58111111111111,-59923.0,59923.0,0.0,900,3.879474316353073,900,0,-1.2899056836303264,72.50622856384814,5.3564904072656,71.318144675679,-1.289905683630325,72.50622856384814,-4.030942985909555,68.90472082417203,63.67965104488617
combined,ridge_global_v1,days_1_30_aggregate,30,aggregate,store_id,CA_1,19.072439117431642,36.0781053150527,0.2552976858481837,1.6816335209210713,504.4900562763214,22412.0,22916.49005627632,300,1.1932028045766072,300,0,18.10190519134204,33.226981012272034,0.242306423228744,-2.499524060487748,-749.8572181463242,22412.0,21662.14278185368,300,1.1510158669049668,300,0,74.70666666666666,147.86178230586384,1.0,-74.70666666666666,-22412.0,22412.0,0.0,300,3.993609038900489,300,0,-5.3615015426873285,74.47023141518163,-8.580750389954586,75.60011467978772,-5.361501542687371,74.47023141518163,-3.6651916697794347,70.1221929098719,32.721851031395005
combined,ridge_global_v1,days_1_30_aggregate,30,aggregate,store_id,TX_2,17.448505957126617,35.74761516032571,0.2652823731572058,1.7729476022720336,531.8842806816101,19732.0,20263.88428068161,300,1.1690892431405489,300,0,17.749762042363486,39.07440286700812,0.2698625893325079,-1.8554767592748007,-556.6430277824402,19732.0,19175.35697221756,300,1.1074365308030416,300,0,65.77333333333333,124.59620111918876,1.0,-65.77333333333333,-19732.0,19732.0,0.0,300,3.785245461148596,300,0,1.6972401349260828,73.47176268427943,8.51398220468094,71.30922545051793,1.6972401349260824,73.47176268427941,-5.56715537393377,69.11457248572196,4.447867998897652
combined,ridge_global_v1,days_1_30_aggregate,30,aggregate,store_id,WI_3,18.396030451059342,38.927281356875,0.31041167305910355,-1.3063185139497122,-391.89555418491364,17779.0,17387.104445815086,300,1.256708059956437,300,0,18.365952138106028,44.05268428364531,0.3099041364211602,-1.5597623117764792,-467.9286935329437,17779.0,17311.071306467056,300,1.220320363357677,300,0,59.263333333333335,111.30652870938584,1.0,-59.263333333333335,-17779.0,17779.0,0.0,300,3.859568449010135,300,0,-0.16377214057368344,68.95883269408964,11.634711959364378,65.02695591333047,-0.16377214057368916,68.95883269408965,-2.9818150783488084,67.43915604661072,16.248873043874816
combined,ridge_global_v1,days_1_30_daily,30,daily,demand_band,high,2.7196203315431955,4.3740542857933535,0.5557246388874845,0.06795687441338862,605.4957510232925,43604.0,44209.49575102329,8910,0.755337468694594,297,0,2.722623059344212,4.526682981045078,0.5563382134381462,-0.1497194337456849,-1334.0001546740532,43604.0,42269.99984532595,8910,0.7641220233085735,297,0,4.893827160493827,8.28637273262391,1.0,-4.893827160493827,-43604.0,43604.0,0.0,8910,1.255834678921424,297,0,0.11028804706221608,44.427536111251555,3.3717557843312265,47.21388444702157,0.11028804706220417,44.427536111251555,1.1496271990621698,39.85374975125573,54.61051867934465
combined,ridge_global_v1,days_1_30_daily,30,daily,demand_band,low,0.6945566443615623,1.039886554753679,1.1422110928869547,0.03228123129150014,287.62577080726624,5418.0,5705.625770807266,8910,0.7879050910815025,297,0,0.6634519798152241,1.0137424946194882,1.0910589036828435,-0.0163299673835837,-145.50000938773155,5418.0,5272.499990612268,8910,0.7165487052943479,297,0,0.6080808080808081,1.2687206455003175,1.0,-0.6080808080808081,-5418.0,5418.0,0.0,8910,0.8302311793954583,297,0,-4.688306839479334,-14.221109288695452,-2.5789646061946105,18.03660179711178,-4.688306839479346,-14.221109288695466,-9.958344109747916,5.098108739396656,-97.68092938110846
combined,ridge_global_v1,days_1_30_daily,30,daily,demand_band,medium,1.0234620463874085,1.4735114877348876,0.8618825415866811,-0.02708526569254258,-248.6427390575409,10901.0,10652.35726094246,9180,0.7434500523504622,306,0,1.0127917818359884,1.4772436251674883,0.8528968495784216,-0.0321272988148309,-294.9286031201482,10901.0,10606.071396879852,9180,0.7274518573892176,306,0,1.1874727668845315,2.0258406899579557,1.0,-1.1874727668845315,-10901.0,10901.0,0.0,9180,0.9426325194740242,306,0,-1.0535496775138726,13.811745841331893,0.2526419724557996,27.264197276762726,-1.0535496775138788,13.811745841331891,-2.19921013311606,21.13044723247008,15.69392170611235
combined,ridge_global_v1,days_1_30_daily,30,daily,dept_id,FOODS_1,1.4995644277702143,2.508590372480136,0.7634488915737735,0.13695297532611422,554.6595500707626,7955.0,8509.659550070763,4050,0.8446095523060767,135,0,1.475185187022995,2.565717746674516,0.7510370845308775,0.0500881798381422,202.85712834447625,7955.0,8157.857128344476,4050,0.8087256193073223,135,0,1.9641975308641972,4.046000921501393,1.0,-1.9641975308641972,-7955.0,7955.0,0.0,4050,1.0460296479856537,135,0,-1.6526223935598112,23.655110842622644,2.2265650330564974,37.99827481133527,-1.652622393559812,23.65511084262265,-4.437096110481716,19.255677510427454,-173.42374142696315
combined,ridge_global_v1,days_1_30_daily,30,daily,dept_id,FOODS_2,1.2157506274956245,2.2722558843034024,0.8378372601519526,-0.1079720461337024,-816.2686687707901,10970.0,10153.73133122921,7560,0.7463303455350484,252,0,1.1810846552134506,2.4506688028845884,0.8139471279319678,-0.2033257756983398,-1537.142864279449,10970.0,9432.857135720553,7560,0.7119901668707999,252,0,1.4510582010582012,3.2663913068265678,1.0,-1.4510582010582012,-10970.0,10970.0,0.0,7560,0.9080402679206866,252,0,-2.9350963226178606,16.216273984804737,7.280172594974196,30.435282522503663,-2.935096322617853,16.21627398480474,-4.823125411292376,17.808673040011357,46.89701993617722
combined,ridge_global_v1,days_1_30_daily,30,daily,dept_id,FOODS_3,1.5952818560631263,2.9673992549274906,0.5988435476074813,0.05887510730819008,906.0879014730453,40998.0,41904.087901473045,15390,0.7480335665430597,513,0,1.5960920828660252,3.012845739928462,0.5991476939194138,-0.0285992872805042,-440.14303124696016,40998.0,40557.85696875304,15390,0.7285769865462731,513,0,2.6639376218323587,5.795149323831964,1.0,-2.6639376218323587,-40998.0,40998.0,0.0,15390,1.048668539737016,513,0,0.0507631615742369,40.115645239251876,1.5084238930218372,48.795120037298055,0.050763161574222566,40.115645239251876,-2.6704906078653514,28.668255201910522,-105.86214869880534
combined,ridge_global_v1,days_1_30_daily,30,daily,intermittency_class,highly_intermittent,0.43929173758944623,0.6596776144636002,1.6830695488366736,0.09398234062974557,149.43192160129547,415.0,564.4319216012955,1590,0.9101236505186578,53,0,0.3799640616484033,0.5971805674463199,1.4557659229420754,-0.0150494148380726,-23.928569592535496,415.0,391.0714304074645,1590,0.7595917096228761,53,0,0.2610062893081761,0.6515583641446041,1.0,-0.2610062893081761,-415.0,415.0,0.0,1590,0.8035695162742408,53,0,-15.61402299040095,-68.30695488366736,-10.465351758603251,-1.2461278629513721,-15.614022990400947,-68.30695488366736,-19.81748075825079,-13.260101595000332,-524.4916605792896
combined,ridge_global_v1,days_1_30_daily,30,daily,intermittency_class,intermittent,0.8670223899894414,1.481517206838451,0.8234611064024884,-0.05660543521060929,-731.9082772731781,13614.0,12882.091722726822,12930,0.7678523564040214,431,0,0.8537785873877293,1.4881366490350392,0.8108827041959261,-0.0519887334855139,-672.2143239676952,13614.0,12941.785676032305,12930,0.7276239585989821,431,0,1.0529002320185614,2.869984949743745,1.0,-1.0529002320185614,-13614.0,13614.0,0.0,12930,0.906377248445076,431,0,-1.5511987296652177,17.653889359751155,0.44481413725550323,48.37892069884434,-1.551198729665228,17.65388935975116,-5.52873463409559,15.283359360431785,-8.88019656486108
combined,ridge_global_v1,days_1_30_daily,30,daily,intermittency_class,regular,2.2361077785109864,3.7012239238541493,0.6080669602958363,0.09831371301641831,1226.9551384449005,45894.0,47120.9551384449,12480,0.737158262464231,416,0,2.229475734232423,3.8247045695875,0.6062635020530057,-0.0864011116684056,-1078.2858736217022,45894.0,44815.7141263783,12480,0.7415749711297945,416,0,3.677403846153846,6.678491116243518,1.0,-3.677403846153846,-45894.0,45894.0,0.0,12480,1.1412724337423148,416,0,-0.2974710231975927,39.19330397041637,3.22850153486935,44.57993790166193,-0.2974710231975819,39.19330397041637,0.5955849155527262,35.40908895459467,-13.787555643648977
combined,ridge_global_v1,days_1_30_daily,30,daily,overall,all,1.474655497820289,2.721901211713536,0.6644476818775396,0.02386958454714881,644.4787827730179,59923.0,60567.47878277302,27000,0.762043062525269,900,0,1.4617539687468497,2.8005500074317324,0.6586345335875197,-0.0657195839697012,-1774.428767181933,59923.0,58148.57123281807,27000,0.735954971951298,900,0,2.2193703703703704,4.958393557057232,1.0,-2.2193703703703704,-59923.0,59923.0,0.0,27000,1.0088967898657395,900,0,-0.8826060574680508,33.55523181224604,2.808333916890919,45.10518012755399,-0.8826060574680501,33.55523181224604,-3.544794392081011,24.467688847867276,63.679647518533535
combined,ridge_global_v1,days_1_30_daily,30,daily,store_id,CA_1,1.6241335124704572,2.9879133485419986,0.6522042482703068,0.05605445069736904,504.4900562763214,22412.0,22916.49005627632,9000,0.7588405849894206,300,0,1.5961507975202467,3.0311577518991237,0.640967212996708,-0.0833174620328678,-749.8571582958102,22412.0,21662.14284170419,9000,0.7412164497539989,300,0,2.490222222222222,5.679221386383485,1.0,-2.490222222222222,-22412.0,22412.0,0.0,9000,1.026473862511079,300,0,-1.753137297157889,34.779575172969324,1.426662908917591,47.38867979850501,-1.753137297157893,34.779575172969324,-2.37773126072296,26.07307280742082,32.72184566152988
combined,ridge_global_v1,days_1_30_daily,30,daily,store_id,TX_2,1.4213846163484785,2.4910394769642012,0.6483104372155031,0.05909825340906779,531.8842806816101,19732.0,20263.88428068161,9000,0.7494985767172608,300,0,1.398198413413432,2.5682669617311147,0.637734934153704,-0.0618492161201106,-556.6429450809956,19732.0,19175.357054919004,9000,0.7097649082720963,300,0,2.1924444444444444,4.706236996440645,1.0,-2.1924444444444444,-19732.0,19732.0,0.0,9000,0.9826194880128344,300,0,-1.658291320646104,35.16895627844969,3.0069882110253454,47.0694000568142,-1.6582913206461178,35.16895627844969,-5.598144960687776,23.724433938005582,4.447853802545317
combined,ridge_global_v1,days_1_30_daily,30,daily,store_id,WI_3,1.3784483646419312,2.663331516126617,0.6977915114335667,-0.043543950464990405,-391.89555418491364,17779.0,17387.104445815086,9000,0.7777900258691257,300,0,1.390912695306871,2.7830430339396326,0.7041011450453815,-0.0519920737561252,-467.9286638051272,17779.0,17311.071336194873,9000,0.7568835578277987,300,0,1.9754444444444443,4.399406525632495,1.0,-1.9754444444444443,-17779.0,17779.0,0.0,9000,1.0175970190733046,300,0,0.896126026241333,30.220848856643336,4.3014612549326605,39.46157281421692,0.896126026241319,30.220848856643336,-2.762177593251869,23.566007831131817,16.248867723110422
validation_fold_1,ridge_global_v1,day_1_daily,1,daily,demand_band,high,2.292956732740306,3.7281998682229225,0.39410193843974006,-0.8765643702612983,-86.77987265586853,576.0,489.22012734413147,99,0.551249104955023,99,0,2.623376635589985,4.436111721260891,0.4508928592420286,-1.5353535720796296,-152.00000363588333,576.0,423.9999963641167,99,0.6076985440408827,99,0,5.818181818181818,9.50810393317408,1.0,-5.818181818181818,-576.0,576.0,0.0,99,1.2194090576306529,99,0,12.595214059889237,60.589806156026,15.957935631899657,60.789239427483395,12.595214059889228,60.58980615602599,9.28905287652987,54.79375017714597,42.907979881533365
validation_fold_1,ridge_global_v1,day_1_daily,1,daily,demand_band,low,0.6699848403834333,0.8441930467905494,0.9612825970718826,0.10046778423617585,9.946310639381409,69.0,78.94631063938141,99,0.5810806804715956,99,0,0.5869408355216787,0.8144347440370877,0.8421325031397999,-0.1194083687632975,-11.821428507566452,69.0,57.17857149243355,99,0.5021827511909898,99,0,0.696969696969697,1.2268049987877068,1.0,-0.696969696969697,-69.0,69.0,0.0,99,0.5568875927028203,99,0,-14.148615982383342,3.871740292811749,-3.6538596826004963,31.187674681407675,-14.148615982383344,3.871740292811743,-15.7109994505963,-4.344339519463089,15.862024348282873
validation_fold_1,ridge_global_v1,day_1_daily,1,daily,demand_band,medium,1.1628197536748999,1.7421321748546155,0.9266219912096858,0.17552565710217344,17.903617024421692,128.0,145.9036170244217,102,0.5946126754557575,102,0,1.011904763057828,1.706638520054891,0.8063616080617066,-0.1477591013718469,-15.071428339928389,128.0,112.9285716600716,102,0.5025592013006255,102,0,1.2549019607843137,2.384591057142486,1.0,-1.2549019607843137,-128.0,128.0,0.0,102,0.6326643738948502,102,0,-14.913951996927945,7.337800879031414,-2.079740635326973,26.94209895501935,-14.91395199692794,7.33780087903142,-18.316941350769657,6.014515754196234,-18.791773550686347
validation_fold_1,ridge_global_v1,day_1_daily,1,daily,dept_id,FOODS_1,1.5958852370580037,2.4770706819053556,0.5524218128277705,-0.26607435279422337,-11.973345875740051,130.0,118.02665412425995,45,0.7159155699303221,45,0,1.6095238166550796,2.977333128598858,0.5571428596113737,-0.9396825604140758,-42.28571521863341,130.0,87.71428478136659,45,0.6898565087729543,45,0,2.888888888888889,5.387227693556513,1.0,-2.888888888888889,-130.0,130.0,0.0,45,1.0739257029198428,45,0,0.8473673676615542,44.75781871722295,16.802367255723496,54.019565854472816,0.8473673676615512,44.75781871722295,-3.7774610844389875,33.33658296995265,71.68465564828867
validation_fold_1,ridge_global_v1,day_1_daily,1,daily,dept_id,FOODS_2,1.024503645442781,1.36488941572449,0.989175933530961,0.28783652044477914,24.17826771736145,87.0,111.17826771736145,84,0.5477530951133401,84,0,0.7942176856810138,1.17683079728075,0.7668308689333927,0.050170064859447,4.21428544819355,87.0,91.21428544819356,84,0.4483487465557449,84,0,1.0357142857142858,1.828999205915108,1.0,-1.0357142857142858,-87.0,87.0,0.0,84,0.5322331072049382,84,0,-28.995320038020182,1.0824066469039182,-15.98008982075237,25.375067889021235,-28.995320038020182,1.0824066469038995,-22.171211433338065,-2.9160132465089017,-473.72164307772397
validation_fold_1,ridge_global_v1,day_1_daily,1,daily,dept_id,FOODS_3,1.485764261574773,2.7821211520716598,0.4569526775706586,-0.4159933732964142,-71.13486683368683,556.0,484.86513316631317,171,0.552770064428874,171,0,1.6484962463466049,3.240592513361505,0.5070015433907723,-0.8235171386721538,-140.8214307129383,556.0,415.1785692870617,171,0.5405523342406646,171,0,3.2514619883040936,6.879072424891352,1.0,-3.2514619883040936,-556.0,556.0,0.0,171,0.8617011513665548,171,0,9.871541117092516,54.30473224293414,14.147763392018309,59.55673991736466,9.871541117092507,54.304732242934136,-2.260230770323489,35.85130255979734,49.48576614116792
validation_fold_1,ridge_global_v1,day_1_daily,1,daily,intermittency_class,highly_intermittent,0.6072595649295383,0.8791401661650018,1.3663340210914612,0.046474178632100425,0.8365352153778076,8.0,8.836535215377808,18,0.8499053281873266,18,0,0.4781746042685376,0.9492134858868134,1.0758928596042097,-0.1845238086664014,-3.321428555995226,8.0,4.678571444004774,18,0.6727566193224281,18,0,0.4444444444444444,1.247219128924647,1.0,-0.4444444444444444,-8.0,8.0,0.0,18,0.5902428788394825,18,0,-26.995361005936648,-36.63340210914612,7.382250754301582,29.51197221269394,-26.995361005936648,-36.63340210914612,-26.33176750357582,-43.992474734872616,74.81399339847759
validation_fold_1,ridge_global_v1,day_1_daily,1,daily,intermittency_class,intermittent,0.8376631008254157,1.4430478539810918,0.8261882638278073,0.11564430428875817,16.652779817581177,146.0,162.65277981758118,144,0.5270802337670771,144,0,0.7628968163496919,1.5653346911756387,0.752446175029833,-0.0773809518561595,-11.142857067286968,146.0,134.85714293271303,144,0.4536221854001954,144,0,1.0138888888888888,3.395258131243894,1.0,-1.0138888888888888,-146.0,146.0,0.0,144,0.5114238460499893,144,0,-9.800314128123581,17.381173617219265,7.812184696596985,57.49814010599501,-9.80031412812359,17.381173617219268,-16.193663081552206,-3.061333146276004,-49.44802501748101
validation_fold_1,ridge_global_v1,day_1_daily,1,daily,intermittency_class,regular,2.031772984974626,3.2329802541280728,0.4529639287988666,-0.5537627538045248,-76.41926002502441,619.0,542.5807399749756,138,0.5909658846658805,138,0,2.1925466017446658,3.751256869394512,0.4888068352839481,-1.191511412029681,-164.42857486009598,619.0,454.571425139904,138,0.60658023851585,138,0,4.485507246376812,7.609585869247371,1.0,-4.485507246376812,-619.0,619.0,0.0,138,1.1312733976085467,138,0,7.332734302755894,54.703607120113354,13.816079071921672,57.51437319087862,7.332734302755878,54.70360712011334,2.5741613159330528,47.76100225505596,53.52434326573363
validation_fold_1,ridge_global_v1,day_1_daily,1,daily,overall,all,1.3731294353802999,2.4194861576408604,0.5329092245977878,-0.19643314997355144,-58.92994499206543,773.0,714.0700550079346,300,0.5758371388457416,300,0,1.4034523849065106,2.7754780118712787,0.5446775103130054,-0.5963095349445939,-178.89286048337817,773.0,594.1071395166218,300,0.5371309558687307,300,0,2.5766666666666667,5.6800821590302135,1.0,-2.5766666666666667,-773.0,773.0,0.0,300,0.8012837817342953,300,0,2.1605969573546067,46.70907754022122,12.826325869193322,57.40402885204128,2.1605969573546027,46.70907754022122,-7.206097983015949,28.135680270552573,67.05852607374406
validation_fold_1,ridge_global_v1,day_1_daily,1,daily,store_id,CA_1,1.5750357615947723,2.917258934612522,0.4891415408679417,-0.4496933281421661,-44.969332814216614,322.0,277.0306671857834,100,0.5695478547415275,100,0,1.6110714382305742,3.460434198335907,0.5003327447921038,-0.9967857211455704,-99.67857211455704,322.0,222.32142788544297,100,0.5334232730033324,100,0,3.22,7.383765976789893,1.0,-3.22,-322.0,322.0,0.0,100,0.891307753426611,100,0,2.236752249507914,51.08584591320584,15.696737247152203,60.49090743419246,2.236752249507912,51.08584591320583,-6.772217030352448,36.09975313780065,54.88565710739219
validation_fold_1,ridge_global_v1,day_1_daily,1,daily,store_id,TX_2,1.2059030747413635,2.1394714420590057,0.45678146770506195,-0.309387526512146,-30.9387526512146,264.0,233.0612473487854,100,0.5424578974024507,100,0,1.3214285809546709,2.403075221287723,0.5005411291494966,-0.7292857369035483,-72.92857369035482,264.0,191.0714263096452,100,0.509123897231221,100,0,2.64,5.364699432400664,1.0,-2.64,-264.0,264.0,0.0,100,0.7908335046587486,100,0,8.742470677442556,54.32185322949381,10.969435200928142,60.119453680155054,8.742470677442556,54.32185322949381,-6.547325779149369,31.406813923933854,57.576638228828536
validation_fold_1,ridge_global_v1,day_1_daily,1,daily,store_id,WI_3,1.3384494698047638,2.115183693697683,0.71574837957474,0.16978140473365783,16.978140473365784,187.0,203.97814047336578,100,0.6155056643932469,100,0,1.2778571355342865,2.315266555488402,0.6833460617830409,-0.0628571467846632,-6.28571467846632,187.0,180.71428532153368,100,0.5688456973716383,100,0,1.87,3.672873534441392,1.0,-1.87,-187.0,187.0,0.0,100,0.7217100871175262,100,0,-4.74171427975342,28.425162042526008,8.641893146878378,42.41065819818973,-4.741714279753424,28.425162042525997,-8.202570088374035,14.715662787595825,-170.10676338093597
validation_fold_1,ridge_global_v1,days_1_7_aggregate,7,aggregate,demand_band,high,6.788001150795908,9.801654307859375,0.23521600067511195,0.47092712407160287,46.621785283088684,2857.0,2903.6217852830887,99,0.5930531830692708,99,0,7.388888864806204,13.082199304588205,0.2560378010555877,1.1212120874963625,110.99999666213988,2857.0,2967.99999666214,99,0.6859955714491445,99,0,28.858585858585855,43.88333937552468,1.0,-28.858585858585855,-2857.0,2857.0,0.0,99,2.3780821307892754,99,0,8.132314952960881,76.47839993248881,25.076402830663753,77.66429253712148,8.13231495296087,76.4783999324888,13.548540580741033,75.06170306773892,57.99839037383454
validation_fold_1,ridge_global_v1,days_1_7_aggregate,7,aggregate,demand_band,low,2.213517911506422,3.2082188251863304,0.549218729922646,-1.3262487324801358,-131.29862451553345,399.0,267.70137548446655,99,0.680010379220501,99,0,2.0176767724933047,2.9140681069084846,0.5006265676111207,0.0126262578097256,1.2499995231628418,399.0,400.2499995231629,99,0.6336406622034956,99,0,4.03030303030303,5.744562646538029,1.0,-4.03030303030303,-399.0,399.0,0.0,99,1.1996916832211386,99,0,-9.706269194500877,45.0781270077354,-10.09416072261634,44.15207871186209,-9.706269194500875,45.078127007735404,-7.317983169791218,43.31790503084158,-10403.893968160299
validation_fold_1,ridge_global_v1,days_1_7_aggregate,7,aggregate,demand_band,medium,3.0717519077600217,4.5630696271593925,0.46212196842407405,-0.3858346471599504,-39.35513401031494,678.0,638.6448659896851,102,0.6183193906757762,102,0,2.82843137254902,4.151836352511888,0.4255162241887905,1.1029411764705883,112.5,678.0,790.5,102,0.5710653137303132,102,0,6.647058823529412,9.35781103949959,1.0,-6.647058823529412,-678.0,678.0,0.0,102,1.313413426136693,102,0,-8.602667102780641,53.78780315759259,-9.904852690032092,51.2378524432846,-8.60266710278068,53.78780315759259,-8.27472371536452,52.92271432807594,65.01765865749783
validation_fold_1,ridge_global_v1,days_1_7_aggregate,7,aggregate,dept_id,FOODS_1,5.091206047270033,7.864499218169387,0.3677436149713507,0.20005208121405707,9.002343654632568,623.0,632.0023436546326,45,0.7866521067701386,45,0,4.322222211625841,6.50598010821474,0.3121990361527493,-0.2000000317891438,-9.000001430511475,623.0,613.9999985694885,45,0.7089563527716897,45,0,13.844444444444443,22.086194783167155,1.0,-13.844444444444443,-623.0,623.0,0.0,45,1.943299981300436,45,0,-17.791399840012662,63.22563850286493,-20.881083055254347,64.39178728893914,-17.791399840012694,63.22563850286493,-10.959173113365116,59.51978004735433,-0.02602470832011887
validation_fold_1,ridge_global_v1,days_1_7_aggregate,7,aggregate,dept_id,FOODS_2,3.207844620659238,4.231626088473091,0.5211971917512108,-0.13725638673419044,-11.529536485671997,517.0,505.470463514328,84,0.6303527763753571,84,0,2.9464285998117354,4.515021269813612,0.478723408866897,1.44642858845847,121.50000143051147,517.0,638.5000014305115,84,0.6643369822022002,84,0,6.154761904761905,8.759348747263719,1.0,-6.154761904761905,-517.0,517.0,0.0,84,1.2812214990830246,84,0,-8.872301228144671,47.88028082487892,6.276718633314875,51.690174571540105,-8.872301228144686,47.880280824878916,5.115507150330442,50.80064010582845,90.51066967084277
validation_fold_1,ridge_global_v1,days_1_7_aggregate,7,aggregate,dept_id,FOODS_3,4.128104453198394,6.994786292498579,0.25265063045702413,-0.7105542714135689,-121.50478041172028,2794.0,2672.4952195882797,171,0.5891982017276629,171,0,4.548245591726917,9.65033781788828,0.2783643508179322,0.6564327262298405,112.24999618530272,2794.0,2906.2499961853027,171,0.5917269400724705,171,0,16.339181286549707,31.940368415266036,1.0,-16.339181286549707,-2794.0,2794.0,0.0,171,1.7140156255642105,171,0,9.237432984989717,74.73493695429758,27.517705343612505,78.10048337089503,9.237432984989686,74.73493695429758,0.4273488620440198,65.62468900867145,-8.24479691842458
validation_fold_1,ridge_global_v1,days_1_7_aggregate,7,aggregate,intermittency_class,highly_intermittent,0.9188014268875122,1.1281696531877121,0.4864242848228006,-0.514898591571384,-9.268174648284912,34.0,24.731825351715088,18,0.5340438678299215,18,0,0.8472222222222222,1.1102427162061856,0.4485294117647059,-0.0694444444444444,-1.25,34.0,32.75,18,0.5427580658753816,18,0,1.8888888888888888,3.126943839882286,1.0,-1.8888888888888888,-34.0,34.0,0.0,18,0.9895351948868628,18,0,-8.448693009673573,51.35757151771994,-1.614686295153971,63.92101326545787,-8.44869300967357,51.35757151771993,1.6055400358547283,46.03083643821474,-641.4539718627933
validation_fold_1,ridge_global_v1,days_1_7_aggregate,7,aggregate,intermittency_class,intermittent,2.375220029718346,3.446168566980241,0.4042927710158887,-1.1660755864448018,-167.91488444805145,846.0,678.0851155519485,144,0.6186260312932598,144,0,2.4027777545981936,3.678602656023252,0.4089834475911819,0.6805555257532332,97.99999570846558,846.0,943.9999957084656,144,0.6023789617764878,144,0,5.875,14.764352715615782,1.0,-5.875,-846.0,846.0,0.0,144,1.2182880604470483,144,0,1.146911104329576,59.57072289841113,6.318542957131535,76.65885776803924,1.1469111043295783,59.570722898411134,-2.697150888015322,49.22169465682392,-71.34172632779655
validation_fold_1,ridge_global_v1,days_1_7_aggregate,7,aggregate,intermittency_class,regular,6.129702694174172,8.895888592828793,0.2769806718389115,0.3851527960404106,53.15108585357666,3054.0,3107.1510858535767,138,0.6551226984670188,138,0,6.221014503119648,11.284006575282463,0.2811067457205342,0.9275362353393996,128.00000047683716,3054.0,3182.000000476837,138,0.6694234308009581,138,0,22.130434782608692,35.23029822529861,1.0,-22.130434782608692,-3054.0,3054.0,0.0,138,2.1371207452219942,138,0,1.4677961110633322,72.30193281610883,21.163741500158512,74.74932361929108,1.4677961110633255,72.30193281610885,2.1362760363539537,69.34554587373266,58.475714331583255
validation_fold_1,ridge_global_v1,days_1_7_aggregate,7,aggregate,overall,all,4.014896939198176,6.494599827543862,0.30616905992868654,-0.413439910809199,-124.0319732427597,3934.0,3809.9680267572403,300,0.6303395683853887,300,0,4.065833326975505,8.070974213416507,0.3100533802980811,0.7491666539510091,224.74999618530276,3934.0,4158.749996185303,300,0.6296421637736778,300,0,13.113333333333332,26.00307674103201,1.0,-13.113333333333332,-3934.0,3934.0,0.0,300,1.6272259235099122,300,0,1.252790847066502,69.38309400713135,19.531401590308807,75.0237254913162,1.2527908470664744,69.38309400713135,-0.11076205690088622,61.262934711256825,44.813359133275654
validation_fold_1,ridge_global_v1,days_1_7_aggregate,7,aggregate,store_id,CA_1,3.7374085462093354,5.712963815469804,0.2465309067420406,-0.7315046107769012,-73.15046107769012,1516.0,1442.8495389223099,100,0.596347132698611,100,0,3.2375000143051147,4.890360421284708,0.2135554099145854,0.4025000047683715,40.25000047683716,1516.0,1556.2500004768372,100,0.5170964475253902,100,0,15.16,31.01128826733904,1.0,-15.16,-1516.0,1516.0,0.0,100,1.6902232612252632,100,0,-15.441190106419793,75.34690932579593,-16.820915501540814,81.57779268561805,-15.441190106419786,75.34690932579593,-15.326093527132468,64.7178484417312,-81.7402738163602
validation_fold_1,ridge_global_v1,days_1_7_aggregate,7,aggregate,store_id,TX_2,3.9502788412570955,5.991546272056331,0.2985849464291077,-0.8982324850559235,-89.82324850559235,1323.0,1233.1767514944077,100,0.6201167480750062,100,0,3.994999966621399,6.680475223427945,0.3019652280137112,0.1449999570846557,14.499995708465576,1323.0,1337.4999957084656,100,0.621124269699694,100,0,13.23,26.208586379276543,1.0,-13.23,-1323.0,1323.0,0.0,100,1.586948345336311,100,0,1.1194274277334821,70.14150535708923,10.312574006046606,77.1389948875918,1.1194274277334924,70.14150535708923,0.16220934744266113,60.92394879156642,-519.4708626923979
validation_fold_1,ridge_global_v1,days_1_7_aggregate,7,aggregate,store_id,WI_3,4.357003430128097,7.6159633975445855,0.397899856632703,0.38941736340522765,38.941736340522766,1095.0,1133.9417363405228,100,0.6745548243825488,100,0,4.965,11.263991299712549,0.4534246575342466,1.7,170.0,1095.0,1265.0,100,0.7507057740959489,100,0,10.95,19.490767044936945,1.0,-10.95,-1095.0,1095.0,0.0,100,1.6045061639681628,100,0,12.245650954116869,60.21001433672971,32.38663636273458,60.92527615775409,12.245650954116867,60.2100143367297,10.143914212609628,57.95872652092015,77.09309627028072
validation_fold_1,ridge_global_v1,days_1_7_daily,7,daily,demand_band,high,2.005912963962142,3.144569389196782,0.4865585173348843,0.06727530343880041,46.621785283088684,2857.0,2903.6217852830887,693,0.6046204227777228,99,0,2.214491847101572,3.5650809298240853,0.5371518551072417,0.1601731234470659,110.99997454881668,2857.0,2967.9999745488167,693,0.6449343012341715,99,0,4.1226551226551225,6.9654890365312845,1.0,-4.1226551226551225,-2857.0,2857.0,0.0,693,1.0740639014535265,99,0,9.418814678068367,51.34414826651157,11.795287369480636,54.855009135686856,9.418814678068367,51.34414826651157,6.250850416748268,43.70722058906436,57.998382006308574
validation_fold_1,ridge_global_v1,days_1_7_daily,7,daily,demand_band,low,0.5992615959172986,1.026391680308135,1.0408227718563605,-0.1894641046400194,-131.29862451553345,399.0,267.70137548446655,693,0.6912741735774618,99,0,0.6607400544020005,0.9923109369733532,1.147601147119264,0.0018037524488237,1.2500004470348358,399.0,400.2500004470349,693,0.666205842209019,99,0,0.5757575757575758,1.2185435916898848,1.0,-0.5757575757575758,-399.0,399.0,0.0,693,0.7480292153678144,99,0,9.30448488405061,-4.082277185636056,-3.4344822842254956,15.768981322635506,9.304484884050623,-4.082277185636052,-3.762850725733759,7.587276088200048,-10403.886204760338
validation_fold_1,ridge_global_v1,days_1_7_daily,7,daily,demand_band,medium,0.8724037258564925,1.3794315314416172,0.9187260475833859,-0.05511923530856434,-39.35513401031494,678.0,638.6448659896851,714,0.5981539697683407,102,0,0.9183673474061138,1.3623481165916809,0.9671302154099785,0.1575630274796936,112.50000162050128,678.0,790.5000016205013,714,0.5839039012047205,102,0,0.9495798319327732,1.814198590731082,1.0,-0.9495798319327732,-678.0,678.0,0.0,714,0.722359959769901,102,0,5.004927677300748,8.127395241661416,-1.2539683977892235,23.964689505919154,5.004927677300764,8.127395241661405,-2.4404818214468555,17.194473243107854,65.01765916139941
validation_fold_1,ridge_global_v1,days_1_7_daily,7,daily,dept_id,FOODS_1,1.3748070671444848,2.279611768039294,0.6951271687809193,0.028578868744865295,9.002343654632568,623.0,632.0023436546326,315,0.7409577561621513,45,0,1.3795918324991825,2.3020005040199494,0.697546432162508,-0.0285714493029647,-9.000006530433893,623.0,613.9999934695661,315,0.7232089888417162,45,0,1.9777777777777776,3.793478112560581,1.0,-1.9777777777777776,-623.0,623.0,0.0,315,0.993874517360157,45,0,0.34682470872779503,30.48728312190807,0.9725773709240404,39.907079983109064,0.34682470872779003,30.48728312190807,-2.454168517576268,25.447554674183735,-0.02596802780958051
validation_fold_1,ridge_global_v1,days_1_7_daily,7,daily,dept_id,FOODS_2,0.8598243099491613,1.2791264877860131,0.977904631044694,-0.019608055247741493,-11.529536485671997,517.0,505.470463514328,588,0.610830384984393,84,0,0.8656462564000061,1.2810170210497187,0.9845261097934306,0.2066326498934606,121.49999813735484,517.0,638.4999981373549,588,0.6090464319326588,84,0,0.8792517006802721,1.670573651932357,1.0,-0.8792517006802721,-517.0,517.0,0.0,588,0.7141456169371613,84,0,0.6725549157986104,2.2095368955305994,0.14758065136061996,23.431900993623117,0.6725549157986094,2.209536895530595,-0.2929092033382811,14.466969971175939,90.51066941364235
validation_fold_1,ridge_global_v1,days_1_7_daily,7,daily,dept_id,FOODS_3,1.2444789556034825,2.301843258396714,0.5331572333061447,-0.10150775305908126,-121.50478041172028,2794.0,2672.4952195882797,1197,0.6120024478920948,171,0,1.42412578762698,2.61435127473458,0.6101211767321028,0.0937760944105529,112.24998500943184,2794.0,2906.249985009432,1197,0.6178758324183437,171,0,2.334168755221387,5.074877926109384,1.0,-2.334168755221387,-2794.0,2794.0,0.0,1197,0.873423095660316,171,0,12.614534023911105,46.68427666938552,11.953558779877163,54.642391562679336,12.614534023911125,46.684276669385525,0.9505768340639971,29.93058565397618,-8.24480769552959
validation_fold_1,ridge_global_v1,days_1_7_daily,7,daily,intermittency_class,highly_intermittent,0.32323173871116034,0.6145289918714654,1.1978587964001823,-0.07355694165305486,-9.268174648284912,34.0,24.731825351715088,126,0.7098229755995971,18,0,0.3721655337879109,0.6043938699587281,1.379201684037552,-0.0099206340632268,-1.2499998919665811,34.0,32.75000010803342,126,0.6800658388558252,18,0,0.2698412698412698,0.7346308866924529,1.0,-0.2698412698412698,-34.0,34.0,0.0,126,0.6982389377328844,18,0,13.148395172089435,-19.78587964001825,-1.6769068014255895,16.348604040013253,13.148395172089439,-19.785879640018234,-4.375625864965766,-1.6590363614388173,-641.4540359442472
validation_fold_1,ridge_global_v1,days_1_7_daily,7,daily,intermittency_class,intermittent,0.6739119060692333,1.2031036685908891,0.802958866805895,-0.1665822266349717,-167.91488444805145,846.0,678.0851155519485,1008,0.6056714789273491,144,0,0.7509212013600128,1.2840942713450818,0.8947146228970365,0.0972222227470151,98.00000052899122,846.0,944.0000005289912,1008,0.5893101989868752,144,0,0.8392857142857143,2.412763679150648,1.0,-0.8392857142857143,-846.0,846.0,0.0,1008,0.7059994113725255,144,0,10.255309765033397,19.704113319410496,6.307216266088895,50.13586788514609,10.255309765033397,19.7041133194105,-2.7763442697244516,14.210767152075954,-71.34171789966206
validation_fold_1,ridge_global_v1,days_1_7_daily,7,daily,intermittency_class,regular,1.7683766354685244,2.774227941692979,0.5593489947159773,0.05502182800577294,53.15108585357666,3054.0,3107.1510858535767,966,0.6471866915159638,138,0,1.909346341161254,3.0704865106190176,0.6039386265755636,0.1325051511173169,127.99997597932816,3054.0,3181.999975979328,966,0.6685450606539308,138,0,3.1614906832298137,5.670927639271645,1.0,-3.1614906832298137,-3054.0,3054.0,0.0,966,1.013302306847877,138,0,7.383139593573813,44.065100528402276,9.648587215786602,51.07982118337713,7.383139593573808,44.06510052840227,3.1947538610300388,36.13093672615874,58.47570638438205
validation_fold_1,ridge_global_v1,days_1_7_daily,7,daily,overall,all,1.156324871551423,2.0634329434677916,0.6172552695114357,-0.059062844401314145,-124.0319732427597,3934.0,3809.9680267572403,2100,0.6310175665184468,300,0,1.2610714256142577,2.2694089127722585,0.6731698001499596,0.1070237983887394,224.7499766163528,3934.0,4158.749976616353,2100,0.6312035737458579,300,0,1.8733333333333333,4.197618372363071,1.0,-1.8733333333333333,-3934.0,3934.0,0.0,2100,0.8468931148728088,300,0,8.306155538478999,38.27447304885642,9.076194604913724,50.84276938910549,8.306155538479004,38.27447304885643,0.029468658788998837,25.49029441416388,44.813354328182314
validation_fold_1,ridge_global_v1,days_1_7_daily,7,daily,store_id,CA_1,1.2665077728884562,2.296423547256746,0.5847991035764639,-0.10450065868241447,-73.15046107769012,1516.0,1442.8495389223099,700,0.6515484415276294,100,0,1.3457653040066362,2.4839715770552724,0.62139558892127,0.057499993140144,40.249995198100805,1516.0,1556.2499951981008,700,0.6344787781047653,100,0,2.165714285714286,5.030762509657103,1.0,-2.165714285714286,-1516.0,1516.0,0.0,700,0.8827906400867745,100,0,5.889402177498045,41.52008964235362,7.550329139468777,54.3523761487745,5.889402177498046,41.52008964235361,-2.6903442655485543,26.19445518094925,-81.74029765136902
validation_fold_1,ridge_global_v1,days_1_7_daily,7,daily,store_id,TX_2,1.1133305816990988,1.9351234910879618,0.589063799840793,-0.12831892643656048,-89.82324850559235,1323.0,1233.1767514944077,700,0.5989393007369389,100,0,1.207244895047375,2.02972174847776,0.6387539127234789,0.0207142630964517,14.499984167516232,1323.0,1337.4999841675162,700,0.5969776212611745,100,0,1.89,4.150559342684171,1.0,-1.89,-1323.0,1323.0,0.0,700,0.8122713934335865,100,0,7.779226380128188,41.09362001592069,4.66065151347689,53.376802225491964,7.779226380128192,41.09362001592069,-0.3286018446755473,26.263647153060816,-519.4713557468582
validation_fold_1,ridge_global_v1,days_1_7_daily,7,daily,store_id,WI_3,1.0891362600667136,1.9377828831963455,0.6962514904536069,0.05563105191503252,38.941736340522766,1095.0,1133.9417363405228,700,0.6425649572907717,100,0,1.2302040777887615,2.271731777355862,0.7864318305498933,0.2428571389296225,169.99999725073576,1095.0,1264.9999972507358,700,0.6621543218716339,100,0,1.5642857142857145,3.213142653895982,1.0,-1.5642857142857145,-1095.0,1095.0,0.0,700,0.8456173110980653,100,0,11.467025696712955,30.37485095463932,14.70019029043163,39.69197474482636,11.46702569671296,30.37485095463931,2.9584288637566067,24.012322257644254,77.093095899827
validation_fold_1,ridge_global_v1,days_1_30_aggregate,30,aggregate,demand_band,high,34.339456013958866,51.78109646752391,0.24136358859651597,-2.5905382777705337,-256.46328949928284,14085.0,13828.536710500717,99,1.387035860415626,99,0,34.748919149841925,60.78803806698841,0.2442416042480902,-13.787881022751934,-1365.0002212524414,14085.0,12719.99977874756,99,1.4428663478621582,99,0,142.27272727272728,213.78009564253009,1.0,-142.27272727272728,-14085.0,14085.0,0.0,99,5.656872703512579,99,0,1.178347833258926,75.8636411403484,14.816963807153728,75.77833599901226,1.1783478332589306,75.8636411403484,3.869415038285011,75.48051842223072,81.21148366818814
validation_fold_1,ridge_global_v1,days_1_30_aggregate,30,aggregate,demand_band,low,7.699266253095685,11.03603086601043,0.41290756178573823,-1.1066575917330654,-109.55910158157349,1846.0,1736.4408984184265,99,1.1676941189131882,99,0,6.882395245812156,10.522680543725748,0.3690992033236205,-1.3196248502442331,-130.64286017417908,1846.0,1715.357139825821,99,1.0396354557107816,99,0,18.646464646464647,25.133582508209404,1.0,-18.646464646464647,-1846.0,1846.0,0.0,99,2.671179277129774,99,0,-11.868992961143626,58.70924382142618,-4.878512848047751,56.09049819139105,-11.868992961143627,58.70924382142617,-12.317650624454219,56.28544557414002,16.138469844043346
validation_fold_1,ridge_global_v1,days_1_30_aggregate,30,aggregate,demand_band,medium,11.582426351659437,16.54054527212246,0.3409545419536112,-1.1382498974893607,-116.1014895439148,3465.0,3348.898510456085,102,1.1491622419700234,102,0,9.0098040396092,13.218505673426826,0.2652236686984526,-0.7563022784158295,-77.14283239841461,3465.0,3387.8571676015854,102,0.9112885382402806,102,0,33.97058823529412,43.20210143763208,1.0,-33.97058823529412,-3465.0,3465.0,0.0,102,3.309853049063927,102,0,-28.55358785541161,65.9045458046389,-25.131733349965078,61.71356317932609,-28.55358785541165,65.90454580463889,-26.103006210204562,65.28056608751791,-50.5019791654692
validation_fold_1,ridge_global_v1,days_1_30_aggregate,30,aggregate,dept_id,FOODS_1,16.982002178827923,26.339924156619965,0.2710855260898391,2.2819383674197726,102.68722653388977,2819.0,2921.6872265338898,45,1.3108178793336966,45,0,17.926984980371262,28.093964134709,0.2861703881222798,-4.168255130449931,-187.5714808702469,2819.0,2631.428519129753,45,1.3779188560236468,45,0,62.644444444444446,102.46332677272066,1.0,-62.644444444444446,-2819.0,2819.0,0.0,45,4.041816222729126,45,0,5.271286848167869,72.89144739101609,6.2434762487718425,74.29331548540684,5.271286848167874,72.8914473910161,4.8697335403035265,67.56859275386344,45.25434993770511
validation_fold_1,ridge_global_v1,days_1_30_aggregate,30,aggregate,dept_id,FOODS_2,15.243137786785761,23.92489404212792,0.4781268013778954,2.9266996142410098,245.8427675962448,2678.0,2923.842767596245,84,1.255733160033132,84,0,9.937074919541676,14.805792334266254,0.3116931640184842,0.6955782089914594,58.42856955528259,2678.0,2736.4285695552826,84,1.0866286115338823,84,0,31.88095238095238,43.11225657126598,1.0,-31.88095238095238,-2678.0,2678.0,0.0,84,3.215871755703427,84,0,-53.396627379848866,52.187319862210465,-61.59144679313504,44.50558624186307,-53.3966273798489,52.18731986221046,-15.562313259959366,60.95201377958997,-320.75780644199926
validation_fold_1,ridge_global_v1,days_1_30_aggregate,30,aggregate,dept_id,FOODS_3,19.29021824661054,36.363048462224256,0.23732839198290542,-4.8576249985667,-830.6538747549057,13899.0,13068.346125245094,171,1.2027159451561147,171,0,19.877611227202834,44.63475690522469,0.2445551133068339,-8.442356739824975,-1443.6430025100708,13899.0,12455.35699748993,171,1.0844208044697043,171,0,81.28070175438596,155.76322186751824,1.0,-81.28070175438596,-13899.0,13899.0,0.0,171,4.152439763662075,171,0,2.9550481387242247,76.26716080170947,18.53198945513288,76.65492018831492,2.9550481387242136,76.26716080170945,-10.908601181278348,71.03592072108884,42.46126824217325
validation_fold_1,ridge_global_v1,days_1_30_aggregate,30,aggregate,intermittency_class,highly_intermittent,6.178137514326307,8.411592788392937,0.823751668576841,3.22904896736145,58.1228814125061,135.0,193.1228814125061,18,1.667040322580986,18,0,4.829364928934309,6.833685501007032,0.643915323857908,0.2976190580262078,5.357143044471741,135.0,140.35714304447174,18,1.40872045341478,18,0,7.5,9.559753599799992,1.0,-7.5,-135.0,135.0,0.0,18,1.9738480294421716,18,0,-27.928570427781494,17.6248331423159,-23.09013616669043,12.010359884496143,-27.928570427781487,17.6248331423159,-18.33719873520904,15.543633668083983,-984.9604150944883
validation_fold_1,ridge_global_v1,days_1_30_aggregate,30,aggregate,intermittency_class,intermittent,10.165758213235272,18.100455711795618,0.33482826685861833,-3.9847379500667253,-573.8022648096085,4372.0,3798.1977351903915,144,1.1280205203338651,144,0,7.9384920199712115,12.027394890496543,0.2614690875745321,-2.265872961945004,-326.28570652008057,4372.0,4045.71429347992,144,0.957521896378859,144,0,30.36111111111111,72.91185698423055,1.0,-30.36111111111111,-4372.0,4372.0,0.0,144,3.0441475971482026,144,0,-28.056540053965275,66.51717331413818,-50.49356803024493,75.17488038233562,-28.056540053965318,66.51717331413816,-17.806237601437118,62.94461801423132,-75.85884191169588
validation_fold_1,ridge_global_v1,days_1_30_aggregate,30,aggregate,intermittency_class,regular,27.305545901042827,43.15113785591287,0.2530838427257647,0.24315581719080606,33.55550277233124,14889.0,14922.555502772331,138,1.2876169268113091,138,0,27.611802301545072,51.98496863086604,0.2559224069859104,-9.071430074995842,-1251.8573503494265,14889.0,13637.142649650574,138,1.2715868711174485,138,0,107.8913043478261,170.4689822608309,1.0,-107.8913043478261,-14889.0,14889.0,0.0,138,4.986924917165313,138,0,1.1091503450504885,74.69161572742354,16.99304819760551,74.68680971539546,1.109150345050483,74.69161572742354,-1.2606339415704795,74.1801421076293,97.31954261697909
validation_fold_1,ridge_global_v1,days_1_30_aggregate,30,aggregate,overall,all,17.81080330769221,31.90666910446321,0.2754815937465283,-1.6070796020825704,-482.1238806247711,19396.0,18913.87611937523,300,1.2337760554483168,300,0,16.801667124032974,36.26787708226814,0.25987317679985,-5.242619712750117,-1572.785913825035,19396.0,17823.214086174965,300,1.1290636981807654,300,0,64.65333333333334,126.19302674870748,1.0,-64.65333333333334,-19396.0,19396.0,0.0,300,3.873607190293712,300,0,-6.0061669845593855,72.45184062534717,12.024988305525024,74.71598080613435,-6.006166984559414,72.45184062534717,-9.274264812186603,68.14916962825116,69.34586733090458
validation_fold_1,ridge_global_v1,days_1_30_aggregate,30,aggregate,store_id,CA_1,15.956414997577667,27.387795001519073,0.22313543556953808,0.19919998168945313,19.919998168945312,7151.0,7170.919998168945,100,1.106373174478489,100,0,14.023572698831558,25.06631307673291,0.1961064564233192,-4.8135720980167385,-481.3572098016739,7151.0,6669.642790198326,100,0.999066567117611,100,0,71.51,143.54229341904775,1.0,-71.51,-7151.0,7151.0,0.0,100,3.893052209667783,100,0,-13.782809418509691,77.6864564430462,-9.26136172351973,80.92005195878752,-13.782809418509709,77.6864564430462,-10.740686445995927,71.58082874586205,95.86170150496912
validation_fold_1,ridge_global_v1,days_1_30_aggregate,30,aggregate,store_id,TX_2,18.490497133731843,32.05419373723358,0.2812242910073284,-4.22041090965271,-422.041090965271,6575.0,6152.958909034729,100,1.2411504333044272,100,0,17.207143421173097,34.350055584226766,0.2617056033638493,-8.428572554588317,-842.8572554588318,6575.0,5732.142744541168,100,1.121058633136326,100,0,65.75,129.06002479466676,1.0,-65.75,-6575.0,6575.0,0.0,100,3.8025035805689424,100,0,-7.458261264793094,71.87757089926716,6.68372090800174,75.16334450715355,-7.458261264793117,71.87757089926717,-10.712356750879911,67.35965116122986,49.92733488002999
validation_fold_1,ridge_global_v1,days_1_30_aggregate,30,aggregate,store_id,WI_3,18.98549779176712,35.728755209715665,0.33484123089536366,-0.8000278782844543,-80.00278782844543,5670.0,5589.997212171555,100,1.3538045585620342,100,0,19.17428525209427,46.23667758677382,0.338170815733585,-2.4857144856452944,-248.57144856452945,5670.0,5421.428551435471,100,1.26706589428836,100,0,56.7,102.53370177653784,1.0,-56.7,-5670.0,5670.0,0.0,100,3.925265780644411,100,0,0.9845866891258883,66.51587691046365,22.726378549448345,65.15413508859459,0.9845866891258911,66.51587691046363,-6.845631680615201,65.51049956317149,67.81497300255037
validation_fold_1,ridge_global_v1,days_1_30_daily,30,daily,demand_band,high,2.540358139930751,4.003272037148926,0.5356665726371551,-0.08635127592568445,-256.46328949928284,14085.0,13828.536710500717,2970,0.7525241308752613,99,0,2.5182299259134413,4.221746873330432,0.5310005594577863,-0.4595959963220538,-1365.0001090765,14085.0,12719.9998909235,2970,0.7642830474414579,99,0,4.742424242424242,8.031021503974847,1.0,-4.742424242424242,-14085.0,14085.0,0.0,2970,1.2600973484304312,99,0,-0.878720953539736,46.43334273628448,5.174986628441731,50.152393002962825,-0.878720953539731,46.43334273628449,1.5385551996163247,40.28047659868499,81.21148212414468
validation_fold_1,ridge_global_v1,days_1_30_daily,30,daily,demand_band,low,0.6911950517583776,1.0355100545189082,1.1120527105755047,-0.036888586391102186,-109.55910158157349,1846.0,1736.4408984184265,2970,0.7883907250329477,99,0,0.6723184223177056,1.0078477369763574,1.081682402103784,-0.043987493342422,-130.64285522699356,1846.0,1715.3571447730064,2970,0.7324331773779797,99,0,0.6215488215488215,1.2627797886459835,1.0,-0.6215488215488215,-1846.0,1846.0,0.0,2970,0.8511723747524111,99,0,-2.807691833818565,-11.205271057550462,-2.744692132319556,17.99757457084148,-2.8076918338185815,-11.205271057550469,-7.639952610460529,7.37590311688926,16.138466668373567
validation_fold_1,ridge_global_v1,days_1_30_daily,30,daily,demand_band,medium,1.0003971410732644,1.4651173364927659,0.883467605103662,-0.03794166324964536,-116.1014895439148,3465.0,3348.898510456085,3060,0.7229795431560038,102,0,0.967973857750398,1.433178845841043,0.8548340561951566,-0.0252100817640038,-77.14285019785166,3465.0,3387.8571498021483,3060,0.6917655714843005,102,0,1.1323529411764706,1.983345691179164,1.0,-1.1323529411764706,-3465.0,3465.0,0.0,3060,0.9099755487198012,102,0,-3.3496032008776675,11.653239489633794,-2.2285069825308597,26.128997934711744,-3.349603200877664,11.653239489633805,-4.512218149962043,20.549563757715546,-50.5019444396263
validation_fold_1,ridge_global_v1,days_1_30_daily,30,daily,dept_id,FOODS_1,1.615392899160032,2.7352586356732864,0.7736007143902246,0.07606461224732576,102.68722653388977,2819.0,2921.6872265338898,1350,0.8956348525087803,45,0,1.5844444440415613,2.8206652928888696,0.75877970892377,-0.1389418196733351,-187.5714565590024,2819.0,2631.4285434409976,1350,0.8787120566496484,45,0,2.0881481481481483,4.329485471097512,1.0,-2.0881481481481483,-2819.0,2819.0,0.0,1350,1.139992803570888,45,0,-1.953268556360873,22.63992856097755,3.027890527490107,36.82254729960079,-1.953268556360878,22.63992856097754,-1.9258636240471225,21.435043299982798,45.254342842089876
validation_fold_1,ridge_global_v1,days_1_30_daily,30,daily,dept_id,FOODS_2,1.0603292495012284,1.4848326683459847,0.9977706156620969,0.09755665380803366,245.8427675962448,2678.0,2923.842767596245,2520,0.7198530246096757,84,0,0.8946712018892405,1.327296677566579,0.841886269141481,0.02318593787532,58.4285634458065,2678.0,2736.4285634458065,2520,0.682884621634105,84,0,1.0626984126984127,1.8929694486000912,1.0,-1.0626984126984127,-2678.0,2678.0,0.0,2520,0.8742620210401988,84,0,-18.51608135616465,0.2229384337903053,-11.868935818345207,21.560663884773003,-18.516081356164648,0.22293843379030953,-5.413565015874476,17.661638354918693,-320.757850437772
validation_fold_1,ridge_global_v1,days_1_30_daily,30,daily,dept_id,FOODS_3,1.521660449978901,2.85090260717063,0.5616316359732183,-0.16192083328555668,-830.6538747549057,13899.0,13068.346125245094,5130,0.7340541620275857,171,0,1.5681008130108636,3.028662856566613,0.5787723700083265,-0.2814118755142591,-1443.6429213881493,13899.0,12455.35707861185,5130,0.712459905158035,171,0,2.7093567251461987,5.8238435758613365,1.0,-2.7093567251461987,-13899.0,13899.0,0.0,5130,1.0356463312073363,171,0,2.9615674353738632,43.83683640267816,5.869265012795043,51.04774759083418,2.9615674353738743,43.83683640267817,-3.030943455654628,29.121154596102354,42.4612650089274
validation_fold_1,ridge_global_v1,days_1_30_daily,30,daily,intermittency_class,highly_intermittent,0.4531793258808277,0.6800935973542451,1.8127173035233108,0.107634965578715,58.1228814125061,135.0,193.1228814125061,540,0.9170786566467923,18,0,0.3874338626447651,0.6058147611080825,1.5497354505790604,0.009920635778043,5.357143320143223,135.0,140.35714332014322,540,0.781212970319745,18,0,0.25,0.6454972243679028,1.0,-0.25,-135.0,135.0,0.0,540,0.7799820113920072,18,0,-16.96946745626726,-81.27173035233109,-12.260981576332147,-5.35964705661136,-16.96946745626726,-81.27173035233109,-17.391632178282762,-17.576898345400746,-984.9603592638663
validation_fold_1,ridge_global_v1,days_1_30_daily,30,daily,intermittency_class,intermittent,0.836361012166297,1.5027173387190957,0.8264134429456549,-0.13282459833555751,-573.8022648096085,4372.0,3798.1977351903915,4320,0.7426294705335008,144,0,0.8158895503695088,1.4662004344025867,0.8061854660558734,-0.0755291000043076,-326.28571201860905,4372.0,4045.714287981391,4320,0.702553806218857,144,0,1.012037037037037,2.809952550014561,1.0,-1.012037037037037,-4372.0,4372.0,0.0,4320,0.8872519322656693,144,0,-2.509097191833971,17.35865570543452,-2.490580650481669,46.52161159407091,-2.509097191833968,17.35865570543451,-5.704283993610533,16.300044719301248,-75.85883894814346
validation_fold_1,ridge_global_v1,days_1_30_daily,30,daily,intermittency_class,regular,2.125877251803587,3.3817475898934246,0.591116382729992,0.008105193906360202,33.55550277233124,14889.0,14922.555502772331,4140,0.7452784388431789,138,0,2.1024327187290512,3.56958805929517,0.5845974515103951,-0.3023809772470723,-1251.857245802879,14889.0,13637.14275419712,4140,0.7500392245453055,138,0,3.5963768115942027,6.482883446258908,1.0,-3.5963768115942027,-14889.0,14889.0,0.0,4140,1.1596322761826714,138,0,-1.1151145463864442,40.888361727000806,5.262245006468207,47.835749047055025,-1.115114546386452,40.8883617270008,0.6347382305255687,35.73148538978931,97.31954239312562
validation_fold_1,ridge_global_v1,days_1_30_daily,30,daily,overall,all,1.4065475812223223,2.5243470166592568,0.6526566421427562,-0.053569320069419016,-482.1238806247711,19396.0,18913.87611937523,9000,0.7543149471227503,300,0,1.3819920665514138,2.6296765531410378,0.6412625592370965,-0.1747539793890383,-1572.7858145013452,19396.0,17823.214185498655,9000,0.7291166484950766,300,0,2.155111111111111,4.811213753074974,1.0,-2.155111111111111,-19396.0,19396.0,0.0,9000,1.0061106952150702,300,0,-1.7768202340107218,34.734335785724376,4.00541794221686,47.532012788958305,-1.7768202340107162,34.73433578572438,-3.4560037381787745,25.026644611753692,69.34586539505193
validation_fold_1,ridge_global_v1,days_1_30_daily,30,daily,store_id,CA_1,1.5318387059370677,2.7696056453705324,0.6426396472956514,0.006639999389648437,19.919998168945312,7151.0,7170.919998168945,3000,0.7484454451933102,100,0,1.4638571478550633,2.8185161453169467,0.6141199054069626,-0.1604523878122369,-481.3571634367108,7151.0,6669.642836563289,3000,0.7213445940177371,100,0,2.3836666666666666,5.489960534162943,1.0,-2.3836666666666666,-7151.0,7151.0,0.0,3000,1.0119162244866868,100,0,-4.644002195269898,35.73603527043486,1.7353280032715304,49.55144707988661,-4.6440021952699,35.73603527043486,-3.7569909583195362,26.03681736865391,95.8617011063627
validation_fold_1,ridge_global_v1,days_1_30_daily,30,daily,store_id,TX_2,1.351607618411382,2.30115731477969,0.6167030958531021,-0.14068036365509035,-422.041090965271,6575.0,6152.958909034729,3000,0.7340446556454245,100,0,1.3218333372622728,2.375180997237314,0.6031178725151055,-0.2809524035702149,-842.8572107106447,6575.0,5732.142789289355,3000,0.6990077224665359,100,0,2.191666666666667,4.778877134502065,1.0,-2.191666666666667,-6575.0,6575.0,0.0,3000,0.9760461571183768,100,0,-2.2524988824065044,38.32969041468979,3.1165491195712733,51.84732207978268,-2.2524988824065,38.329690414689786,-5.012381416224772,24.79406324260563,49.927332221618855
validation_fold_1,ridge_global_v1,days_1_30_daily,30,daily,store_id,WI_3,1.336196419318517,2.4801095063156113,0.7069822324436598,-0.026667595942815144,-80.00278782844543,5670.0,5589.997212171555,3000,0.7804547405295155,100,0,1.3602857145369054,2.6758322614412235,0.7197278912893679,-0.0828571467846632,-248.5714403539896,5670.0,5421.42855964601,3000,0.7669976290009568,100,0,1.89,4.057831933434405,1.0,-1.89,-5670.0,5670.0,0.0,3000,1.0303697040401476,100,0,1.7708996691617371,29.30177675563402,7.314462791482843,38.88092096962392,1.7708996691617296,29.301776755634023,-1.754518008887075,24.254882740699678,67.81497193944976
validation_fold_2,ridge_global_v1,day_1_daily,1,daily,demand_band,high,1.894707566559917,2.8828153721560796,0.5028848501057152,0.16828081824562766,16.65980100631714,373.0,389.65980100631714,99,0.4443297520865146,99,0,2.1323953936196336,3.3242745947499257,0.5659708953574899,0.970057702726788,96.035712569952,373.0,469.035712569952,99,0.4956870746353394,99,0,3.767676767676768,6.415731927193979,1.0,-3.767676767676768,-373.0,373.0,0.0,99,0.820794244886534,99,0,11.146517562873441,49.71151498942849,13.27986632906466,55.06646155309478,11.146517562873454,49.71151498942849,10.360835530481946,45.86587870777061,82.65249399364615
validation_fold_2,ridge_global_v1,day_1_daily,1,daily,demand_band,low,0.4770205333979443,0.8778755641690381,0.8745376445628978,-0.18924912057741725,-18.735662937164307,54.0,35.26433706283569,99,0.40968997693977527,99,0,0.5923520939593966,0.8399704766551107,1.0859788389255602,0.0764790740654324,7.571428332477808,54.0,61.57142833247781,99,0.5075219152298499,99,0,0.5454545454545454,1.0540925533894598,1.0,-0.5454545454545454,-54.0,54.0,0.0,99,0.4540817115130385,99,0,19.470102619297535,12.546235543710203,-4.512669024377046,16.71741145061615,19.47010261929753,12.546235543710216,19.27639681249387,9.77615557899177,-147.45215980975834
validation_fold_2,ridge_global_v1,day_1_daily,1,daily,demand_band,medium,0.7700288435992073,1.177824747095135,0.7776528915556351,-0.19441083365795658,-19.829905033111572,101.0,81.17009496688843,102,0.4349966250668345,102,0,0.8676470535642961,1.1682769101799726,0.8762376184510713,0.1463585422903883,14.928571313619614,101.0,115.9285713136196,102,0.4761513698337811,102,0,0.9901960784313726,1.6538724611187705,1.0,-0.9901960784313726,-101.0,101.0,0.0,102,0.5154381697997512,102,0,11.250912403156665,22.234710844436492,-0.817258034629105,28.783822526533307,11.250912403156667,22.23471084443649,8.643206210099368,15.606439229009446,-32.83190076615294
validation_fold_2,ridge_global_v1,day_1_daily,1,daily,dept_id,FOODS_1,1.2608607954449125,2.1960112575408544,0.6675145387649536,-0.3452256706025865,-15.535155177116394,85.0,69.4648448228836,45,0.5721506902306207,45,0,1.354761901497841,2.2205811723628126,0.7172268890282687,0.1944444368282954,8.749999657273293,85.0,93.74999965727328,45,0.5724335287670645,45,0,1.8888888888888888,3.101970699768491,1.0,-1.8888888888888888,-85.0,85.0,0.0,45,0.7412741325636811,45,0,6.93118886419158,33.24854612350463,1.1064632596076007,29.205931645171596,6.931188864191587,33.24854612350464,0.04940984799633117,22.815235943570638,-77.54463754982038
validation_fold_2,ridge_global_v1,day_1_daily,1,daily,dept_id,FOODS_2,0.6942406367687952,1.0293378795430936,0.870391246098191,-0.09775781773385547,-8.21165668964386,67.0,58.78834331035614,84,0.36499251158358953,84,0,0.7801870716558326,1.065552190818137,0.9781449853595512,0.2767857137978786,23.249999959021807,67.0,90.2499999590218,84,0.4472034284019121,84,0,0.7976190476190477,1.475998451412273,1.0,-0.7976190476190477,-67.0,67.0,0.0,84,0.4096673176812597,84,0,11.016131644507855,12.960875390180906,3.3986426556204363,30.261588109513472,11.016131644507853,12.960875390180904,18.383337782562275,10.9051428243122,64.68104643390568
validation_fold_2,ridge_global_v1,day_1_daily,1,daily,dept_id,FOODS_3,1.159585231926009,2.0725684759220058,0.5273645602642222,0.010766344460827566,1.8410449028015137,376.0,377.8410449028015,171,0.42404360758491444,171,0,1.3552631646046165,2.401057058934801,0.616356386030291,0.5060567988289727,86.53571259975433,376.0,462.53571259975433,171,0.4945060405814087,171,0,2.198830409356725,4.7437246944366604,1.0,-2.198830409356725,-376.0,376.0,0.0,171,0.6492282008920516,171,0,14.438371660141335,47.26354397357778,13.680998616439584,56.30925887514783,14.438371660141325,47.26354397357778,14.24905404869251,34.684967935423835,97.87250275349702
validation_fold_2,ridge_global_v1,day_1_daily,1,daily,intermittency_class,highly_intermittent,0.32157935698827106,0.5985901983324867,0.9647380709648132,-0.2714312672615051,-4.885762810707092,6.0,1.1142371892929077,18,0.490876285632715,18,0,0.3928571453111039,0.567321552225015,1.1785714359333117,-0.0952380926658709,-1.7142856679856775,6.0,4.285714332014322,18,0.5784375305558513,18,0,0.3333333333333333,0.6666666666666666,1.0,-0.3333333333333333,-6.0,6.0,0.0,18,0.5085630738187418,18,0,18.14343691429817,3.5261929035186768,-5.5116266929816415,10.211470250126986,18.143436914298167,3.5261929035186768,15.137545594421248,3.4777963828987217,-185.00283832203837
validation_fold_2,ridge_global_v1,day_1_daily,1,daily,intermittency_class,intermittent,0.57826278759883,1.0353685037521354,0.6890964885552724,-0.14927586808904902,-21.34644913673401,120.0,98.65355086326599,143,0.3963309715709939,143,0,0.7062937056684827,1.0626093956862332,0.8416666659216087,0.1808191746264904,25.85714197158813,120.0,145.8571419715881,143,0.4767559778262236,143,0,0.8391608391608392,2.3204774044612857,1.0,-0.8391608391608392,-120.0,120.0,0.0,143,0.4520573804288207,143,0,18.127149802145816,31.09035114447276,2.5635847042840867,55.38122880397091,18.127149802145826,31.090351144472763,16.86921821555941,12.327286594671866,17.44466901953229
validation_fold_2,ridge_global_v1,day_1_daily,1,daily,intermittency_class,regular,1.6177267402196103,2.5172862859527796,0.5593632260958353,0.031125503478290364,4.326444983482361,402.0,406.32644498348236,139,0.45616191981567494,139,0,1.7998458432207862,2.858579760830702,0.6223347567355455,0.6790852943341509,94.39285591244698,402.0,496.392855912447,139,0.4985406427377273,139,0,2.892086330935252,5.149561691203513,1.0,-2.892086330935252,-402.0,402.0,0.0,139,0.7553170667127594,139,0,10.118594527811206,44.063677390416466,11.93926716876855,51.11649423963964,10.118594527811219,44.063677390416466,8.500555278568731,39.60656525332435,95.41655463047405
validation_fold_2,ridge_global_v1,day_1_daily,1,daily,overall,all,1.0444800798098246,1.8623903666981825,0.5934545908010367,-0.0730192232131958,-21.90576696395874,528.0,506.09423303604126,300,0.4297253631013994,300,0,1.194166669112941,2.0841430549716224,0.6785037892687162,0.3951190407201648,118.53571221604945,528.0,646.5357122160494,300,0.492950432398998,300,0,1.76,3.8574603043971822,1.0,-1.76,-528.0,528.0,0.0,300,0.5959580433437742,300,0,12.534815547507076,40.654540919896334,10.639993629250146,51.719778825067536,12.534815547507055,40.654540919896334,12.825847213462572,27.893352912846698,81.5196900964056
validation_fold_2,ridge_global_v1,day_1_daily,1,daily,store_id,CA_1,1.3001994514465331,2.4375762223947635,0.6019441904845061,-0.2613243103027344,-26.132431030273438,216.0,189.86756896972656,100,0.42954091718883786,100,0,1.421071441695094,2.5606246664995087,0.6579034452292102,0.2082142775505781,20.82142775505781,216.0,236.8214277550578,100,0.5045197485729378,100,0,2.16,5.065570056765576,1.0,-2.16,-216.0,216.0,0.0,100,0.6192903282324657,100,0,8.505694133461816,39.805580951549395,4.8054072787230515,51.87952796864124,8.505694133461814,39.80558095154939,14.8614264547982,30.63981502588569,-25.50739237334729
validation_fold_2,ridge_global_v1,day_1_daily,1,daily,store_id,TX_2,1.0416613471508027,1.6390630104880424,0.5570381535565789,-0.09074177384376526,-9.074177384376526,187.0,177.92582261562347,100,0.48176800019616495,100,0,1.1582142863795162,1.9608834300375493,0.6193659285451958,0.3167857130989432,31.678571309894323,187.0,218.67857130989432,100,0.5231614921271263,100,0,1.87,3.5397740040855714,1.0,-1.87,-187.0,187.0,0.0,100,0.6938781707468887,100,0,10.063158484519171,44.296184644342105,16.41201178100344,53.69582892590735,10.063158484519178,44.296184644342105,7.912182481676776,30.568791394951788,71.35547150908809
validation_fold_2,ridge_global_v1,day_1_daily,1,daily,store_id,WI_3,0.791579440832138,1.333112238926686,0.6332635526657104,0.13300841450691223,13.300841450691223,125.0,138.30084145069122,100,0.3778671719191953,100,0,1.0032142792642116,1.6214482143681888,0.8025714234113693,0.660357131510973,66.0357131510973,125.0,191.0357131510973,100,0.45117005649693,100,0,1.25,2.539685019840059,1.0,-1.25,-125.0,125.0,0.0,100,0.4747056310519684,100,0,21.095676447836553,36.67364473342896,17.782620060663195,47.50875685321635,21.09567644783656,36.67364473342896,16.247284925530845,20.399686205148832,79.85810886867024
validation_fold_2,ridge_global_v1,days_1_7_aggregate,7,aggregate,demand_band,high,8.757480591234534,15.93531444560818,0.2759358938676699,-0.5880984958976206,-58.22175109386444,3142.0,3083.7782489061356,99,0.7141972452645743,99,0,8.684343400627675,14.715118790403292,0.2736314438771928,1.4267676045196225,141.24999284744263,3142.0,3283.2499928474426,99,0.713282539004631,99,0,31.737373737373737,51.52384953307615,1.0,-31.737373737373737,-3142.0,3142.0,0.0,99,2.5354271186489106,99,0,-0.8421729454131568,72.406410613233,-8.29212235786135,69.07196455618408,-0.8421729454131668,72.406410613233,-0.12823898103824713,71.83128475626786,58.781059085258164
validation_fold_2,ridge_global_v1,days_1_7_aggregate,7,aggregate,demand_band,low,1.6946386761135526,2.5485845480616316,0.4673237574797819,-0.505117755947691,-50.00665783882141,359.0,308.9933421611786,99,0.5379862858580899,99,0,1.9545454545454544,2.7599681596758034,0.5389972144846796,0.7272727272727273,72.0,359.0,431.0,99,0.6101500169288834,99,0,3.6262626262626254,5.670230608318779,1.0,-3.6262626262626254,-359.0,359.0,0.0,99,1.0567340264427227,99,0,13.297556105818233,53.2676242520218,7.658914863677333,55.05324696454831,13.29755610581824,53.267624252021804,11.827211188818922,49.089716769212984,30.546308557192482
validation_fold_2,ridge_global_v1,days_1_7_aggregate,7,aggregate,demand_band,medium,3.263600579663819,4.787840215302552,0.4208435640021612,-1.385803153701857,-141.35192167758942,791.0,649.6480783224106,102,0.6814452596441376,102,0,3.2499999859753776,4.526745115631773,0.4190897579892396,0.2009803874819886,20.49999952316284,791.0,811.4999995231628,102,0.6879788018298897,102,0,7.754901960784314,10.60937432318286,1.0,-7.754901960784314,-791.0,791.0,0.0,102,1.5058677488181649,102,0,-0.4184798076040482,57.915643599783884,-5.76783302353748,54.87160628463736,-0.4184798076040462,57.91564359978387,0.949672020180583,54.747336864146966,-589.5215851974857
validation_fold_2,ridge_global_v1,days_1_7_aggregate,7,aggregate,dept_id,FOODS_1,3.988659249411689,6.264931978134624,0.29569961486577595,-0.5590730985005696,-25.158289432525635,607.0,581.8417105674744,45,0.6642748120429228,45,0,4.150000042385525,6.380199406416512,0.3076606291719088,1.0944443172878688,49.2499942779541,607.0,656.2499942779541,45,0.6701255500584279,45,0,13.488888888888887,22.4860450551497,1.0,-13.488888888888887,-607.0,607.0,0.0,45,1.7223346258806342,45,0,3.8877299114699095,70.43003851342239,1.8066430363597248,72.1385776699765,3.8877299114699153,70.4300385134224,0.8730808749188776,61.43172168397432,48.91717288221635
validation_fold_2,ridge_global_v1,days_1_7_aggregate,7,aggregate,dept_id,FOODS_2,3.182630506299791,4.297785512920037,0.5092208810079666,-0.24411818668955848,-20.505927681922913,525.0,504.4940723180771,84,0.6313720183017062,84,0,3.3422619047619047,4.497767300105973,0.5347619047619048,1.270833310626802,106.74999809265135,525.0,631.7499980926514,84,0.7876702252094794,84,0,6.25,9.134575862648258,1.0,-6.25,-525.0,525.0,0.0,84,1.258167412308374,84,0,4.776148698421209,49.07791189920334,4.446245744665881,52.950355029685625,4.77614869842121,49.07791189920334,19.843102088339823,49.818123397162154,80.79069972055153
validation_fold_2,ridge_global_v1,days_1_7_aggregate,7,aggregate,dept_id,FOODS_3,5.384891449359426,12.043519822500883,0.29139760691153854,-1.1924918917884604,-203.91611349582672,3160.0,2956.0838865041733,171,0.646467660734333,171,0,5.364035048679999,11.015688535513334,0.2902689852292024,0.4546783625730994,77.75,3160.0,3237.75,171,0.6132965623031645,171,0,18.47953216374269,38.06104668626181,1.0,-18.47953216374269,-3160.0,3160.0,0.0,171,1.906616040613992,171,0,-0.3888192468943534,70.86023930884615,-9.330613185675478,68.35736042212415,-0.38881924689437464,70.86023930884615,-5.408655529813874,66.09345316710177,-162.2715286119958
validation_fold_2,ridge_global_v1,days_1_7_aggregate,7,aggregate,intermittency_class,highly_intermittent,0.5908251404762268,0.7909060188222141,0.6255795605042401,0.11411241028043959,2.0540233850479126,17.0,19.054023385047913,18,0.32088098834665285,18,0,1.0277777777777777,1.3411230782859234,1.088235294117647,0.7222222222222222,13.0,17.0,30.0,18,0.5514911808096836,18,0,0.9444444444444444,1.3123346456686351,1.0,-0.9444444444444444,-17.0,17.0,0.0,18,0.5210746713296845,18,0,42.51431065636712,37.44204394957598,41.026589458660006,39.73290109861824,42.51431065636712,37.44204394957599,41.81575344948499,38.41938478264067,84.19982011501605
validation_fold_2,ridge_global_v1,days_1_7_aggregate,7,aggregate,intermittency_class,intermittent,2.608584826642817,4.641349809265786,0.40812651007650197,-0.7741648725696377,-110.70557677745819,914.0,803.2944232225418,143,0.6497895708680245,143,0,2.727272697261997,4.340309416155751,0.4266958377554328,0.748251718241018,106.99999570846558,914.0,1020.9999957084656,143,0.6783525196536164,143,0,6.391608391608392,18.277962580219825,1.0,-6.391608391608392,-914.0,914.0,0.0,143,1.2617969441637888,143,0,4.351888637257841,59.187348992349804,-6.935920097988515,74.6068535325234,4.351888637257839,59.18734899234981,4.210635025012792,48.50284161223346,-3.463160016462922
validation_fold_2,ridge_global_v1,days_1_7_aggregate,7,aggregate,intermittency_class,regular,7.07902578312716,13.418801307427467,0.29276542215253654,-1.0138760950925538,-140.928777217865,3361.0,3220.071222782135,139,0.6818548175573995,139,0,7.023381291533545,12.4527704825406,0.2904641474332528,0.8183452997276252,113.74999666213988,3361.0,3474.74999666214,139,0.6781468292016203,139,0,24.179856115107917,40.64896221918098,1.0,-24.179856115107917,-3361.0,3361.0,0.0,139,2.297886019022794,139,0,-0.7922749639221828,70.72345778474634,-7.75755745471491,66.9885759073683,-0.7922749639222118,70.72345778474634,-0.5467825249798242,70.32686513113617,-23.893434156707244
validation_fold_2,ridge_global_v1,days_1_7_aggregate,7,aggregate,overall,all,4.558823555310568,9.681720174088396,0.31865029510558485,-0.8319344353675843,-249.58033061027527,4292.0,4042.4196693897247,300,0.6449119535494859,300,0,4.615833317438762,8.996515502761005,0.3226351340241445,0.7791666412353515,233.74999237060547,4292.0,4525.7499923706055,300,0.6706455360802221,300,0,14.306666666666668,30.412716638494057,1.0,-14.306666666666668,-4292.0,4292.0,0.0,300,1.6974082124784151,300,0,1.2350914386966605,68.13497048944151,-7.616334025291274,68.16555295216861,1.2350914386966476,68.13497048944151,3.8371361839136995,62.006077924659095,-6.772337435875153
validation_fold_2,ridge_global_v1,days_1_7_aggregate,7,aggregate,store_id,CA_1,5.572876405715943,13.531365522941206,0.32064881505845466,-2.0924699878692627,-209.24699878692627,1738.0,1528.7530012130737,100,0.6314551982653003,100,0,5.637500014305115,12.047121031805576,0.324367089430674,-0.8025000238418579,-80.25000238418579,1738.0,1657.7499976158142,100,0.6944280277981936,100,0,17.38,39.20102039488258,1.0,-17.38,-1738.0,1738.0,0.0,100,1.8200273434420493,100,0,1.1463167791608002,67.93511849415454,-12.320325223072631,65.48210891799226,1.1463167791607995,67.93511849415454,9.06830182712523,65.30518068640181,-160.74391597546028
validation_fold_2,ridge_global_v1,days_1_7_aggregate,7,aggregate,store_id,TX_2,3.802143201828003,6.162526598659547,0.2671920732134928,-0.25739054441452025,-25.739054441452026,1423.0,1397.260945558548,100,0.6171430419931067,100,0,3.8775000190734863,6.957954086278323,0.2724877033783195,1.0774999904632567,107.74999904632568,1423.0,1530.7499990463257,100,0.5967817624323135,100,0,14.23,27.94512479843309,1.0,-14.23,-1423.0,1423.0,0.0,100,1.7187712863766114,100,0,1.94343821727407,73.28079267865071,11.431916304067402,77.94775781783203,1.9434382172740827,73.28079267865071,-3.411846816130294,64.09394042798314,76.11224624662329
validation_fold_2,ridge_global_v1,days_1_7_aggregate,7,aggregate,store_id,WI_3,4.301451058387756,7.754516722106054,0.38032281683357705,-0.14594277381896972,-14.594277381896973,1131.0,1116.405722618103,100,0.686137620390051,100,0,4.332499918937683,7.018947453324311,0.3830680741766298,2.062499957084656,206.2499957084656,1131.0,1337.2499957084656,100,0.7207268180101596,100,0,11.31,21.381066390617654,1.0,-11.31,-1131.0,1131.0,0.0,100,1.5534260076165836,100,0,0.7166499972500798,61.967718316642305,-10.479766000148105,63.73185237613379,0.7166499972500805,61.9677183166423,4.799210568520986,55.83068539950675,92.92398657669501
validation_fold_2,ridge_global_v1,days_1_7_daily,7,daily,demand_band,high,2.329826882563284,4.357904215131278,0.5138669731433342,-0.08401407084251723,-58.22175109386444,3142.0,3083.7782489061356,693,0.6474819094133232,99,0,2.413162232606442,4.365230077518735,0.5322474306799059,0.2038239364930217,141.24998798966408,3142.0,3283.249987989664,693,0.665542951648583,99,0,4.533910533910534,8.295411551806987,1.0,-4.533910533910534,-3142.0,3142.0,0.0,693,1.135428021072311,99,0,3.453367076491494,48.61330268566659,0.16782305302041226,47.46608787381987,3.453367076491482,48.61330268566658,2.713730524907782,42.97464062919338,58.7810576676829
validation_fold_2,ridge_global_v1,days_1_7_daily,7,daily,demand_band,low,0.5264166144581585,0.9031307410669921,1.0161746903050244,-0.07215967942109872,-50.00665783882141,359.0,308.9933421611786,693,0.5882942679207986,99,0,0.6170892596384577,0.90693802938623,1.1912057296084992,0.1038961014824598,71.99999832734466,359.0,430.9999983273447,693,0.5878114092939587,99,0,0.5180375180375181,1.1503183573395337,1.0,-0.5180375180375181,-359.0,359.0,0.0,693,0.6400616572849235,99,0,14.693602872528173,-1.6174690305024477,0.4197958621069749,21.48862657849252,14.693602872528192,-1.6174690305024386,-0.08214516071063038,8.08787540620959,30.54630694369121
validation_fold_2,ridge_global_v1,days_1_7_daily,7,daily,demand_band,medium,0.8493621778421375,1.2877230203696508,0.7666809038929029,-0.19797187910026529,-141.35192167758942,791.0,649.6480783224106,714,0.5921352937648874,102,0,0.9133653423281944,1.2863463251718763,0.8244536718360693,0.0287114834668589,20.499999195337296,791.0,811.4999991953373,714,0.6020283684106096,102,0,1.107843137254902,1.8797907983012767,1.0,-1.107843137254902,-791.0,791.0,0.0,714,0.775018267001465,102,0,7.007400162886738,23.331909610709715,-0.10702368179040384,31.496471759871564,7.00740016288674,23.33190961070971,1.6432904435783484,23.597246803504305,-589.5215962239649
validation_fold_2,ridge_global_v1,days_1_7_daily,7,daily,dept_id,FOODS_1,1.1521112986973354,1.9597038233916027,0.5978831286485349,-0.07986758550008138,-25.158289432525635,607.0,581.8417105674744,315,0.6326307209615893,45,0,1.255215416304649,2.047266027737135,0.6513885603557897,0.1563491987330573,49.24999760091305,607.0,656.249997600913,315,0.6205961226585892,45,0,1.926984126984127,3.6985625693457016,1.0,-1.926984126984127,-607.0,607.0,0.0,315,0.8726073287984365,45,0,8.21405762453522,40.21168713514651,4.277031082390188,47.01444718999883,8.214057624535204,40.21168713514651,-1.939199724845972,27.501099282227017,48.91717632883859
validation_fold_2,ridge_global_v1,days_1_7_daily,7,daily,dept_id,FOODS_2,0.8190674564870847,1.190290395220029,0.9173555512655349,-0.03487402666993693,-20.505927681922913,525.0,504.4940723180771,588,0.5647769277449827,84,0,0.8745748269479392,1.2222937689202449,0.979523806181692,0.1815476185597834,106.74999971315265,525.0,631.7499997131526,588,0.6022020151346092,84,0,0.8928571428571429,1.6685363662330457,1.0,-0.8928571428571429,-525.0,525.0,0.0,588,0.672200457432225,84,0,6.346783459862686,8.264444873446521,2.6183045773429052,28.662603985834835,6.346783459862687,8.264444873446507,6.2147064355573445,15.980877207015793,80.79070001215523
validation_fold_2,ridge_global_v1,days_1_7_daily,7,daily,dept_id,FOODS_3,1.4547156348463488,3.278674450159324,0.5510425996554049,-0.17035598454120862,-203.91611349582672,3160.0,2956.0838865041733,1197,0.6247368254166463,171,0,1.5392349909496188,3.264708257314924,0.5830583177742702,0.0649540419367421,77.74998819828033,3160.0,3237.7499881982803,1197,0.6255975469020475,171,0,2.639933166248956,6.143779923307129,1.0,-2.639933166248956,-3160.0,3160.0,0.0,1197,0.93036943375017,171,0,5.490997579981367,44.895740034459514,-0.4277929831281921,46.634246488529,5.490997579981372,44.89574003445951,0.13758389713378133,32.850671705923055,-162.27156842235638
validation_fold_2,ridge_global_v1,days_1_7_daily,7,daily,intermittency_class,highly_intermittent,0.22582084886611453,0.3974373551288203,1.6737309974782608,0.016301772897205656,2.0540233850479126,17.0,19.054023385047913,126,0.523913126939659,18,0,0.2976190495408243,0.4101531721593193,2.205882367184933,0.1031746057468274,13.000000324100256,17.0,30.000000324100256,126,0.5034503814304054,18,0,0.1349206349206349,0.408248290463863,1.0,-0.1349206349206349,-17.0,17.0,0.0,126,0.4630503429867452,18,0,24.12419527092846,-67.37309974782607,3.1002605596232464,2.6481275213079405,24.12419527092845,-67.37309974782607,-4.0645009446839016,-13.143880546624708,84.19982050892699
validation_fold_2,ridge_global_v1,days_1_7_daily,7,daily,intermittency_class,intermittent,0.6770462386019818,1.3062832262780142,0.7414915589065468,-0.11059498179566253,-110.70557677745819,914.0,803.2944232225418,1001,0.5899428379404019,143,0,0.7593121108237084,1.33274375403561,0.831587990081545,0.1068931007004165,106.99999380111694,914.0,1020.999993801117,1001,0.5955923066117127,143,0,0.913086913086913,2.8652731475009867,1.0,-0.913086913086913,-914.0,914.0,0.0,1001,0.6999834765719232,143,0,10.83426315069358,25.850844109345317,1.9854175026123415,54.40981857463331,10.83426315069358,25.850844109345317,0.9485462805002047,15.720462312972124,-3.4631618607650827
validation_fold_2,ridge_global_v1,days_1_7_daily,7,daily,intermittency_class,regular,1.9318033161535781,3.6807637303966994,0.5592515997076559,-0.14483944215607913,-140.928777217865,3361.0,3220.071222782135,973,0.6399092043863688,139,0,2.0087725748934946,3.67731897694924,0.5815339825561947,0.1169064659682721,113.74999138712884,3361.0,3474.749991387129,973,0.656526392805551,139,0,3.4542651593011304,6.63921205344787,1.0,-3.4542651593011304,-3361.0,3361.0,0.0,973,1.0531855976112894,139,0,3.8316561915426073,44.07484002923441,-0.09367567700959564,44.560232437745256,3.831656191542615,44.07484002923441,2.5310769835423663,39.24060433054393,-23.89343990210765
validation_fold_2,ridge_global_v1,days_1_7_daily,7,daily,overall,all,1.2313434944834027,2.6646012665822827,0.6024746827621495,-0.11884777648108347,-249.58033061027527,4292.0,4042.4196693897247,2100,0.609132138400322,300,0,1.310527208832403,2.6687558351088025,0.641217879438035,0.1113095169106409,233.74998551234603,4292.0,4525.749985512346,2100,0.6182965843706459,300,0,2.043809523809524,4.934234151990222,1.0,-2.043809523809524,-4292.0,4292.0,0.0,2100,0.8494178046383853,300,0,6.042126696442104,39.75253172378506,0.15567435851060069,45.99767290112253,6.042126696442101,39.75253172378505,1.4822087331522775,28.28827756210713,-6.772340568591522
validation_fold_2,ridge_global_v1,days_1_7_daily,7,daily,store_id,CA_1,1.4677447932107108,3.5371253229652773,0.5911515277603553,-0.29892428398132326,-209.24699878692627,1738.0,1528.7530012130737,700,0.6260422063414847,100,0,1.577091840473669,3.4838787162742,0.6351923408121797,-0.1146428653065647,-80.25000571459532,1738.0,1657.749994285405,700,0.6558713469308759,100,0,2.4828571428571427,6.36687858036753,1.0,-2.4828571428571427,-1738.0,1738.0,0.0,700,0.8988420056449047,100,0,6.933460972705078,40.884847223964464,-1.5283714224133818,44.44490689877274,6.933460972705091,40.88484722396447,4.548017035501783,30.350139133483257,-160.74390515447644
validation_fold_2,ridge_global_v1,days_1_7_daily,7,daily,store_id,TX_2,1.2067153150694712,2.2594957873437425,0.5936055660917988,-0.03677007777350289,-25.739054441452026,1423.0,1397.260945558548,700,0.6261195497778848,100,0,1.2515816304673042,2.3410843683524263,0.6156761358588285,0.1539285702418003,107.74999916926026,1423.0,1530.7499991692605,700,0.6133681158371014,100,0,2.032857142857143,4.519955751995809,1.0,-2.032857142857143,-1423.0,1423.0,0.0,700,0.8684940857327414,100,0,3.584769407416219,40.63944339082011,3.485076493253553,50.01066578260084,3.584769407416235,40.63944339082012,-2.07892024569629,27.90744806861491,76.1122462738774
validation_fold_2,ridge_global_v1,days_1_7_daily,7,daily,store_id,WI_3,1.0195703751700265,1.9193027291778078,0.6310338307860465,-0.020848967688424248,-14.594277381896973,1131.0,1116.405722618103,700,0.5752346590815965,100,0,1.102908155556236,1.9361524198340887,0.6826133588765386,0.2946428457966872,206.24999205768108,1131.0,1337.249992057681,700,0.585650290343961,100,0,1.6157142857142857,3.474601724350165,1.0,-1.6157142857142857,-1131.0,1131.0,0.0,700,0.78091732253751,100,0,7.5561849793538975,36.896616921395356,0.870266745720609,44.761935857935946,7.556184979353901,36.896616921395356,1.778472824840092,26.338596611939526,92.9239864514441
validation_fold_2,ridge_global_v1,days_1_30_aggregate,30,aggregate,demand_band,high,39.08224750889672,69.36632371682137,0.2545321033735133,-4.36372665805046,-432.00893914699554,15201.0,14768.991060853004,99,1.3738044720184204,99,0,41.87806584136655,77.05066438023398,0.2727405116962889,-11.413420725350427,-1129.9286518096924,15201.0,14071.071348190308,99,1.4041135500105073,99,0,153.54545454545453,223.90097468444944,1.0,-153.54545454545453,-15201.0,15201.0,0.0,99,5.728028355785616,99,0,6.67609230822728,74.54678966264866,9.973101108501146,69.01919528729991,6.676092308227253,74.54678966264868,2.158591660329759,76.0161021090127,61.76670637963817
validation_fold_2,ridge_global_v1,days_1_30_aggregate,30,aggregate,demand_band,low,7.152419999392346,8.998212573997865,0.418987917124167,3.3884041128736553,335.4520071744919,1690.0,2025.4520071744919,99,1.1146614371333683,99,0,6.818181778445388,9.335480959763755,0.3994082816959133,1.5873014481380732,157.14284336566925,1690.0,1847.1428433656693,99,1.0223634237768862,99,0,17.07070707070707,25.11428423680979,1.0,-17.07070707070707,-1690.0,1690.0,0.0,99,2.416793721022004,99,0,-4.902160602458552,58.10120828758329,3.612758541520556,64.17093758615162,-4.902160602458542,58.1012082875833,-9.027906438153703,53.87850326497849,-113.46947782655278
validation_fold_2,ridge_global_v1,days_1_30_aggregate,30,aggregate,demand_band,medium,10.228644254160862,13.234723193127534,0.2837426472462355,-0.7589254729888019,-77.41039824485779,3677.0,3599.589601755142,102,1.0702462132379522,102,0,10.953781090530695,14.140801834566476,0.3038579470313111,-1.952381059235217,-199.1428680419922,3677.0,3477.857131958008,102,1.1169584373181187,102,0,36.049019607843135,45.112169568058405,1.0,-36.049019607843135,-3677.0,3677.0,0.0,102,3.489768606442946,102,0,6.619968304795665,71.62573527537646,6.407547832429689,70.66263201294056,6.6199683047956634,71.62573527537646,4.18209151920865,69.33188603788737,61.12820960852351
validation_fold_2,ridge_global_v1,days_1_30_aggregate,30,aggregate,dept_id,FOODS_1,16.39360853830973,23.388579216894293,0.2742425220163338,4.594031471676296,206.73141622543335,2690.0,2896.7314162254333,45,1.3399894623736535,45,0,17.325397226545547,26.61441628283189,0.2898300651280853,2.72222252951728,122.5000138282776,2690.0,2812.5000138282776,45,1.3426826618182108,45,0,59.77777777777778,98.30790631706306,1.0,-59.77777777777778,-2690.0,2690.0,0.0,45,3.8070830394986976,45,0,5.378166376515467,72.57574779836662,12.120638046901226,76.20885227535886,5.378166376515438,72.57574779836662,0.2005834677950142,64.80272564398547,-68.76032072554098
validation_fold_2,ridge_global_v1,days_1_30_aggregate,30,aggregate,dept_id,FOODS_2,20.30752772518567,48.358149400956776,0.4423839027270737,-9.240805664232798,-776.2276757955551,3856.0,3079.772324204445,84,1.3668213401327214,84,0,25.521258571318217,65.61295837265108,0.5559610269685504,-13.672619083098002,-1148.5000029802322,3856.0,2707.499997019768,84,1.4396793427504764,84,0,45.90476190476191,76.78960123052376,1.0,-45.90476190476191,-3856.0,3856.0,0.0,84,3.321150369178949,84,0,20.428972307783997,55.76160972729264,26.29786767683148,37.02513279658173,20.42897230778401,55.76160972729263,5.060710427265098,58.844942619366385,32.41378547833444
validation_fold_2,ridge_global_v1,days_1_30_aggregate,30,aggregate,dept_id,FOODS_3,18.57900049184498,40.55087593739871,0.22657317672981683,2.313034674577546,395.5289293527603,14022.0,14417.52892935276,171,1.0550334525048841,171,0,17.63032509011832,36.13393029431051,0.215003964513638,-0.8533841364564951,-145.92868733406067,14022.0,13876.07131266594,171,1.0105099206932195,171,0,82.0,158.6278516580157,1.0,-82.0,-14022.0,14022.0,0.0,171,4.163733424986326,171,0,-5.380929715575051,77.34268232701831,-12.223817357016573,74.43647158203848,-5.380929715575067,77.34268232701832,-4.406045987269576,74.66135929419283,-171.04261442941208
validation_fold_2,ridge_global_v1,days_1_30_aggregate,30,aggregate,intermittency_class,highly_intermittent,5.134700980451372,6.269926439601257,0.6897359525979455,3.3730541268984475,60.71497428417206,134.0,194.71497428417206,18,1.4209062168662043,18,0,3.3095238672362437,4.688058416634089,0.4445629075391968,-0.3015871246655782,-5.428568243980408,134.0,128.5714317560196,18,0.8606171091857164,18,0,7.444444444444445,9.273618495495704,1.0,-7.444444444444445,-134.0,134.0,0.0,18,1.8801254867797976,18,0,-55.14923555270562,31.02640474020545,-33.74249811722505,32.38964442362356,-55.14923555270566,31.02640474020545,-65.10318022966246,24.42492658828456,-1018.4343929266662
validation_fold_2,ridge_global_v1,days_1_30_aggregate,30,aggregate,intermittency_class,intermittent,9.812543742306582,19.011173320693924,0.31342277309578764,-0.034720479191600026,-4.965028524398804,4477.0,4472.034971475601,143,1.1380617758077207,143,0,9.29970006009082,14.492447260448444,0.2970420166613775,-0.70829198410461,-101.28575372695924,4477.0,4375.714246273041,143,1.111266411801974,143,0,31.307692307692307,79.17604532840822,1.0,-31.307692307692307,-4477.0,4477.0,0.0,143,3.0276940842810047,143,0,-5.514626051399263,68.65772269042124,-31.17986892784909,75.98873088212609,-5.5146260513993,68.65772269042122,-2.411245739200986,62.411599582790096,95.09799913442589
validation_fold_2,ridge_global_v1,days_1_30_aggregate,30,aggregate,intermittency_class,regular,29.675794420482443,56.888605728349454,0.258503191354707,-1.6526422732167965,-229.7172759771347,15957.0,15727.282724022865,139,1.202907143253255,139,0,32.72507659994441,64.94811242435219,0.2850652157292895,-7.663412622410616,-1065.2143545150757,15957.0,14891.785645484924,139,1.293156663009891,139,0,114.79856115107914,176.59984030888108,1.0,-114.79856115107914,-15957.0,15957.0,0.0,139,5.003534321200827,139,0,9.317876369667978,74.14968086452929,12.409146925385988,67.78671734422367,9.317876369667973,74.1496808645293,6.979008989256987,75.9588509634813,78.43464322430106
validation_fold_2,ridge_global_v1,days_1_30_aggregate,30,aggregate,overall,all,18.735179324150085,40.91613049689675,0.2732669096287935,-0.5798911007245382,-173.96733021736145,20568.0,20394.03266978264,300,1.1850774625209939,300,0,19.79404728531837,45.3419527861291,0.2887113081289144,-3.906428921620051,-1171.928676486015,20568.0,19396.071323513985,300,1.1805032700380005,300,0,68.56,132.07391869706902,1.0,-68.56,-20568.0,20568.0,0.0,300,3.874312611537116,300,0,5.349426248737259,72.67330903712066,9.760987379851638,69.02027977927729,5.349426248737261,72.67330903712065,-0.3874781713096107,69.41192977066403,85.15546775943771
validation_fold_2,ridge_global_v1,days_1_30_aggregate,30,aggregate,store_id,CA_1,21.57204521179199,44.714371091448704,0.2777039805843459,-1.3145028471946716,-131.45028471946716,7768.0,7636.549715280533,100,1.201179870569874,100,0,22.017856986522677,41.98661444646624,0.2834430611035359,-6.633571727275848,-663.3571727275848,7768.0,7104.642827272415,100,1.2134299929314496,100,0,77.68,155.7459469777625,1.0,-77.68,-7768.0,7768.0,0.0,100,4.024859362444688,100,0,2.0247736871193736,72.2296019415654,-6.496729209878083,71.29018638421901,2.024773687119336,72.2296019415654,1.0095450444554555,70.15597906903558,80.18408632276164
validation_fold_2,ridge_global_v1,days_1_30_aggregate,30,aggregate,store_id,TX_2,16.822835208177565,35.48184093177956,0.24717653846866833,1.0404489958286285,104.04489958286285,6806.0,6910.044899582863,100,1.1651462975231603,100,0,18.76357117295265,44.54375250980105,0.2756916128849934,-2.4564287912845613,-245.6428791284561,6806.0,6560.357120871544,100,1.087821634627279,100,0,68.06,125.59601904519108,1.0,-68.06,-6806.0,6806.0,0.0,100,3.8143512381508224,100,0,10.343105514863925,75.28234615313316,20.343844125004026,71.7492312244286,10.343105514863927,75.28234615313316,-7.108211533444546,69.45361806564996,57.643836470238675
validation_fold_2,ridge_global_v1,days_1_30_aggregate,30,aggregate,store_id,WI_3,17.8106575524807,42.000633167910244,0.2971414339753203,-1.4656194508075715,-146.56194508075714,5994.0,5847.438054919243,100,1.1889062194699473,100,0,18.6007136964798,49.20016633150812,0.3103222171584884,-2.629286246299744,-262.9286246299744,5994.0,5731.071375370026,100,1.2402581825552716,100,0,59.94,110.90266002220145,1.0,-59.94,-5994.0,5994.0,0.0,100,3.783727234015838,100,0,4.247450699424619,70.28585660246797,14.633148016386375,62.12838072639358,4.2474506994245935,70.28585660246797,4.140425260450626,68.57843745231847,44.257896877140254
validation_fold_2,ridge_global_v1,days_1_30_daily,30,daily,demand_band,high,2.8032756246300257,4.700986139549222,0.547709269465902,-0.14545755526834867,-432.00893914699554,15201.0,14768.991060853004,2970,0.7629542785814792,99,0,2.882130831098717,4.960518295414888,0.5631161481720406,-0.3804473477782625,-1129.9286229014397,15201.0,14071.07137709856,2970,0.7807838634654307,99,0,5.118181818181818,8.585576347113875,1.0,-5.118181818181818,-15201.0,15201.0,0.0,2970,1.28590134954326,99,0,2.73600371009634,45.229073053409806,5.231956428939219,45.245537987330295,2.736003710096325,45.2290730534098,2.2835493557482933,40.66774415840894,61.76670540147221
validation_fold_2,ridge_global_v1,days_1_30_daily,30,daily,demand_band,low,0.6801650372819869,1.0302470508401413,1.195319621732249,0.11294680376245518,335.4520071744919,1690.0,2025.4520071744919,2970,0.7683245454414738,99,0,0.6589947082779625,1.0050711443047526,1.158114960701508,0.0529100504964088,157.14284997433424,1690.0,1847.1428499743345,2970,0.6861055231619899,99,0,0.569023569023569,1.2704886517168952,1.0,-0.569023569023569,-1690.0,1690.0,0.0,2970,0.7753547341436321,99,0,-3.212518816629827,-19.531962173224915,-2.5048880049982802,18.90938581404088,-3.2125188166298253,-19.531962173224905,-11.983436877255963,0.9067061040032295,-113.46946884906355
validation_fold_2,ridge_global_v1,days_1_30_daily,30,daily,demand_band,medium,1.0250509809824377,1.4704614224789299,0.8530475936378187,-0.025297515766293396,-77.41039824485779,3677.0,3599.589601755142,3060,0.7596477857469351,102,0,1.016853405954012,1.486266661895578,0.8462255703615111,-0.0650793662063436,-199.1428605914116,3677.0,3477.8571394085884,3060,0.7511782686808455,102,0,1.2016339869281043,2.061077197895866,1.0,-1.2016339869281043,-3677.0,3677.0,0.0,3060,0.9654120635550958,102,0,-0.8061707794286049,14.695240636218106,1.0634188212558169,28.655684319825095,-0.8061707794286038,14.695240636218132,-1.1274976153081622,21.31362198338821,61.12820815420368
validation_fold_2,ridge_global_v1,days_1_30_daily,30,daily,dept_id,FOODS_1,1.4403765226293492,2.2726232520356597,0.7228655410965136,0.1531343823892099,206.73141622543335,2690.0,2896.7314162254333,1350,0.8282289739658076,45,0,1.459206348767987,2.36107696722628,0.73231545384267,0.0907407331245916,122.49998971819878,2690.0,2812.499989718199,1350,0.8054862491864534,45,0,1.9925925925925927,3.940295157209156,1.0,-1.9925925925925927,-2690.0,2690.0,0.0,1350,1.0394852087843207,45,0,1.2904155847824945,27.71344589034865,3.7463291717479703,42.323527518549646,1.2904155847824952,27.71344589034864,-2.823477719492362,20.32315929397182,-68.76035394043892
validation_fold_2,ridge_global_v1,days_1_30_daily,30,daily,dept_id,FOODS_2,1.3262709306819098,2.8489842588110323,0.8667538239933643,-0.30802685547442665,-776.2276757955551,3856.0,3079.772324204445,2520,0.7745298209857404,84,0,1.4168367329097928,3.3048526651675894,0.925941018395404,-0.4557539687418039,-1148.5000012293458,3856.0,2707.499998770654,2520,0.7553413948059279,84,0,1.53015873015873,3.562369462938423,1.0,-1.53015873015873,-3856.0,3856.0,0.0,2520,0.9089069414637904,84,0,6.392112804831491,13.324617600663565,13.793910123779751,20.025581612159744,6.392112804831485,13.324617600663569,-2.540364702869578,14.784475103868855,32.41378537529936
validation_fold_2,ridge_global_v1,days_1_30_daily,30,daily,dept_id,FOODS_3,1.5976147596134311,3.0581470047733283,0.5844932047366211,0.07710115581925152,395.5289293527603,14022.0,14417.52892935276,5130,0.7412273037029017,171,0,1.5766778043661898,3.0522523628590004,0.5768333430608011,-0.0284461251476354,-145.92862200737,14022.0,13876.07137799263,5130,0.7143080368682604,171,0,2.7333333333333334,5.985329693505698,1.0,-2.7333333333333334,-14022.0,14022.0,0.0,5130,1.049189270698066,171,0,-1.3279158994476896,41.55067952633789,-0.1931243296280572,48.90595570547217,-1.3279158994476872,41.55067952633789,-3.76857958264944,29.352374790324085,-171.04273576487657
validation_fold_2,ridge_global_v1,days_1_30_daily,30,daily,intermittency_class,highly_intermittent,0.42261252072122363,0.653378960576503,1.7030653820109012,0.11243513756328159,60.71497428417206,134.0,194.71497428417206,540,0.894249637453084,18,0,0.3633597897710623,0.595642719577247,1.4642857199729378,-0.0100529074806858,-5.428570039570332,134.0,128.57142996042967,540,0.6969361534033749,18,0,0.2481481481481481,0.6526300069150406,1.0,-0.2481481481481481,-134.0,134.0,0.0,540,0.7580904380270572,18,0,-16.306903685598773,-70.30653820109016,-9.693099420443495,-0.11475930520000376,-16.306903685598765,-70.30653820109012,-28.31155810846669,-17.96081214009021,-1018.4340229858693
validation_fold_2,ridge_global_v1,days_1_30_daily,30,daily,intermittency_class,intermittent,0.8662730781626312,1.5195134123109708,0.8300896817774599,-0.0011573493063866676,-4.965028524398804,4477.0,4472.034971475601,4290,0.7762424120529807,143,0,0.8485181463834567,1.4920650996245437,0.8130763564853762,-0.0236097298024139,-101.28574085235596,4477.0,4375.714259147644,4290,0.7365593105356745,143,0,1.0435897435897437,2.9930377642580885,1.0,-1.0435897435897437,-4477.0,4477.0,0.0,4290,0.8967893966451769,143,0,-2.0924634145833387,16.99103182225402,-1.8396189746234315,49.231732707935734,-2.0924634145833334,16.99103182225401,-5.387631511771413,13.44206176423958,95.09799851132418
validation_fold_2,ridge_global_v1,days_1_30_daily,30,daily,intermittency_class,regular,2.2872787772608603,3.9562331320943995,0.5977284264697492,-0.055088075773893214,-229.7172759771347,15957.0,15727.282724022865,4170,0.7336799951563164,139,0,2.348287083862497,4.186866882865789,0.6136715635587273,-0.2554470797665685,-1065.2143226265907,15957.0,14891.78567737341,4170,0.7479812986597026,139,0,3.8266187050359712,6.891711213714443,1.0,-3.8266187050359712,-15957.0,15957.0,0.0,4170,1.1557544687976606,139,0,2.597991830764122,40.227157353025085,5.508504502859356,42.59432803537196,2.597991830764107,40.22715735302508,1.9119867741362675,36.5193892852027,78.4346425787159
validation_fold_2,ridge_global_v1,days_1_30_daily,30,daily,overall,all,1.4980527519649929,2.894510597907555,0.6555073302063855,-0.019329703357484605,-173.96733021736145,20568.0,20394.03266978264,9000,0.7636022590815325,300,0,1.5143015860186684,3.033914359848497,0.6626173801131863,-0.1302142926131685,-1171.928633518517,20568.0,19396.071366481483,9000,0.7394741089385363,300,0,2.285333333333333,5.128547552670249,1.0,-2.285333333333333,-20568.0,20568.0,0.0,9000,1.0084546092254072,300,0,1.0730249643597205,34.44926697936145,4.594848285299108,43.56081194176531,1.0730249643597087,34.44926697936145,-3.262879639914705,24.279957462036446,85.15546721517896
validation_fold_2,ridge_global_v1,days_1_30_daily,30,daily,store_id,CA_1,1.6675814456939697,3.2336620539384295,0.6440196108498853,-0.04381676157315572,-131.45028471946716,7768.0,7636.549715280533,3000,0.7517429061979547,100,0,1.672761907706658,3.2818822234204217,0.6460203042121491,-0.2211190557827552,-663.3571673482656,7768.0,7104.642832651734,3000,0.7464771032673467,100,0,2.5893333333333333,5.98030099576936,1.0,-2.5893333333333333,-7768.0,7768.0,0.0,3000,1.0286470210596752,100,0,0.30969512091476664,35.59803891501147,1.4692839717976363,45.92810535412821,0.3096951209147602,35.598038915011465,-0.7054205557758477,26.919255020683753,80.18408616206973
validation_fold_2,ridge_global_v1,days_1_30_daily,30,daily,store_id,TX_2,1.4496242731809617,2.651444434973161,0.6389763178875822,0.03468163319428762,104.04489958286285,6806.0,6910.044899582863,3000,0.7788527995147608,100,0,1.4509523788591223,2.834820380240779,0.6395617303228575,-0.0818809535677234,-245.6428607031703,6806.0,6560.35713929683,3000,0.7255162311332666,100,0,2.268666666666667,4.833080453154765,1.0,-2.268666666666667,-6806.0,6806.0,0.0,3000,1.0020618360975546,100,0,0.09153337473452756,36.102368211241775,6.468697154351717,45.13965863650281,0.09153337473455296,36.102368211241775,-7.351533445114216,22.274976308055255,57.64383329316924
validation_fold_2,ridge_global_v1,days_1_30_daily,30,daily,store_id,WI_3,1.3769525370200475,2.7654740883555573,0.6891654339439677,-0.048853981693585714,-146.56194508075714,5994.0,5847.438054919243,3000,0.7602110715318819,100,0,1.419190471490224,2.967650840657188,0.7103055412863984,-0.087642868489027,-262.92860546708107,5994.0,5731.071394532919,3000,0.7464289924149956,100,0,1.998,4.447845920592724,1.0,-1.998,-5994.0,5994.0,0.0,3000,0.9946549705189917,100,0,2.9761991303270516,31.083456605603228,6.81268663859589,37.824417982828244,2.976199130327069,31.08345660560323,-1.8464019025166496,23.57037424392314,44.257892814516566
validation_fold_3,ridge_global_v1,day_1_daily,1,daily,demand_band,high,2.419176798878294,3.753597274447582,0.5569732629975607,0.08924764214139996,8.835516571998596,430.0,438.8355165719986,99,0.5097702913565308,99,0,2.607864348575322,4.01006420412051,0.6004152802533882,0.8683261203043389,85.96428591012955,430.0,515.9642859101295,99,0.5547912564283527,99,0,4.343434343434343,6.558208673875894,1.0,-4.343434343434343,-430.0,430.0,0.0,99,0.8797911528636418,99,0,7.2353283942896915,44.302673700243936,6.3955816320695575,42.764900278337585,7.235328394289709,44.302673700243936,8.114937744631883,42.05780659452258,89.72187522009362
validation_fold_3,ridge_global_v1,day_1_daily,1,daily,demand_band,low,0.4198912707242099,0.7451313709019379,0.9447553591294722,-0.1739795111646556,-17.223971605300903,44.0,26.776028394699097,99,0.3269098855750363,99,0,0.510101010665448,0.7185120276963182,1.1477272739972582,0.1313131299208511,12.99999986216426,44.0,56.99999986216426,99,0.4130129533017274,99,0,0.4444444444444444,0.9534625892455924,1.0,-0.4444444444444444,-44.0,44.0,0.0,99,0.3324026433245943,99,0,17.684681671882153,5.524464087052768,-3.704787418933859,21.849962514889253,17.68468167188217,5.524464087052783,20.847546557162897,1.6524410560099718,-32.49209067632585
validation_fold_3,ridge_global_v1,day_1_daily,1,daily,demand_band,medium,0.8644693961330489,1.2464725835737176,0.9184987333913645,-0.19608105982051177,-20.0002681016922,96.0,75.9997318983078,102,0.4559941680531115,102,0,0.8693977601680101,1.1755276488632391,0.9237351201785108,0.2811624534866389,28.67857025563717,96.0,124.67857025563715,102,0.4687906189393828,102,0,0.9411764705882352,1.6744914358178875,1.0,-0.9411764705882352,-96.0,96.0,0.0,102,0.4728209088896627,102,0,0.5668710296664232,8.150126660863547,-6.035156619164489,25.561125192324955,0.5668710296664269,8.150126660863554,2.729672986038559,3.5587979550366935,30.260581600085608
validation_fold_3,ridge_global_v1,day_1_daily,1,daily,dept_id,FOODS_1,1.3223724471198188,2.643379767425061,0.7629071810306647,-0.24212327003479003,-10.895547151565552,78.0,67.10445284843445,45,0.4082303667947931,45,0,1.356349210606681,2.631544847791565,0.7825091599653928,0.2769841445816888,12.464286506175997,78.0,90.464286506176,45,0.5133344986815567,45,0,1.7333333333333334,4.136557881996952,1.0,-1.7333333333333334,-78.0,78.0,0.0,45,0.4954495924300136,45,0,2.50501590749367,23.709281896933533,-0.4497327736378281,36.0971164230645,2.505015907493666,23.709281896933533,20.4747844060183,17.604056389962807,12.585873678634885
validation_fold_3,ridge_global_v1,day_1_daily,1,daily,dept_id,FOODS_2,0.8172331750392914,1.353080946787404,0.6021718131868463,-0.31195707122484845,-26.204393982887268,114.0,87.79560601711273,84,0.3475061200532897,84,0,0.8116496601807219,1.20049566732822,0.5980576443436899,0.2257653069460675,18.96428578346968,114.0,132.96428578346968,84,0.372416725183109,84,0,1.3571428571428572,2.7559459528877004,1.0,-1.3571428571428572,-114.0,114.0,0.0,84,0.4544747011217654,84,0,-0.6879217884876861,39.782818681315376,-12.7101899333608,50.9032118220738,-0.6879217884876812,39.78281868131537,6.6889061219179435,23.53675150771838,-38.17759488590117
validation_fold_3,ridge_global_v1,day_1_daily,1,daily,dept_id,FOODS_3,1.4098787746931378,2.5820775529803948,0.6378023028373718,0.050942795318469666,8.711217999458313,378.0,386.7112179994583,171,0.4782565033181316,171,0,1.5680868781841637,2.81116675414011,0.7093726353690265,0.562656630048452,96.2142837382853,378.0,474.2142837382853,171,0.5219076171873905,171,0,2.210526315789474,4.34344299790194,1.0,-2.210526315789474,-378.0,378.0,0.0,171,0.6301977308526436,171,0,10.089243503792979,36.21976971626282,8.149256916983918,40.55228641822528,10.089243503792995,36.21976971626282,8.363762557155027,24.110088008241306,90.94602416502532
validation_fold_3,ridge_global_v1,day_1_daily,1,daily,intermittency_class,highly_intermittent,0.07741265437182258,0.24698793081373588,1.3160151243209839,-0.04023440445170683,-0.6839848756790161,1.0,0.3160151243209839,17,0.09432043675495842,17,0,0.2563025199753396,0.3325571172990141,4.357142839580774,0.180672268876258,3.071428570896387,1.0,4.071428570896387,17,0.3528918471017053,17,0,0.0588235294117647,0.2425356250363329,1.0,-0.0588235294117647,-1.0,1.0,0.0,17,0.0701650242558343,17,0,69.79637407417184,-31.60151243209841,25.730673629919604,-1.8357326997780181,69.79637407417184,-31.60151243209839,73.2721405921926,-34.42657186442228,77.7307249740339
validation_fold_3,ridge_global_v1,day_1_daily,1,daily,intermittency_class,intermittent,0.6643202064765824,1.1611277746503685,0.8246733597640333,-0.14191715005371305,-20.43606960773468,116.0,95.56393039226532,144,0.415303267072898,144,0,0.7011408722545538,1.0944816654368088,0.8703817724539288,0.2408234094683495,34.678570963442326,116.0,150.67857096344233,144,0.4422440523419597,144,0,0.8055555555555556,2.2016408022704845,1.0,-0.8055555555555556,-116.0,116.0,0.0,144,0.42385734870129,144,0,5.251536065722809,17.53266402359667,-6.089285121734881,47.260798698273895,5.251536065722803,17.532664023596666,6.091836651367798,2.018151072430837,41.070035356191276
validation_fold_3,ridge_global_v1,day_1_daily,1,daily,intermittency_class,regular,1.958744549922806,3.1884718028454877,0.6010275771286314,-0.052292580227200076,-7.2686686515808105,453.0,445.7313313484192,139,0.4887455019734599,139,0,2.100976357249905,3.4029869953364136,0.6446704495755778,0.6467111977956278,89.89285649359226,453.0,542.8928564935923,139,0.5319924817059266,139,0,3.258992805755396,5.320653392017339,1.0,-3.258992805755396,-453.0,453.0,0.0,139,0.7626378050650794,139,0,6.769795711231837,39.897242287136855,6.303732361742959,40.073679529111914,6.769795711231829,39.897242287136855,8.129246412240214,35.913811415137886,91.9140753391245
validation_fold_3,ridge_global_v1,day_1_daily,1,daily,overall,all,1.2308120576540629,2.315385778201194,0.6477958198179279,-0.09462907711664835,-28.388723134994507,570.0,541.6112768650055,300,0.43114247552547513,300,0,1.3245238070065777,2.4386067244001293,0.6971177931613567,0.4254761867597699,127.64285602793096,570.0,697.642856027931,300,0.4787641996503166,300,0,1.9,3.93022476032436,1.0,-1.9,-570.0,570.0,0.0,300,0.5607830617646032,300,0,7.075127593538938,35.22041801820721,5.052924072012723,41.08770059221483,7.075127593538933,35.22041801820721,9.946801402365455,23.11777852761655,77.75925420473007
validation_fold_3,ridge_global_v1,day_1_daily,1,daily,store_id,CA_1,1.4063611733913421,2.4808506073777554,0.6306552347046377,-0.13453531622886658,-13.453531622886658,223.0,209.54646837711334,100,0.47662524464860156,100,0,1.412142875790596,2.740805651935284,0.6332479263634959,0.3992857241630554,39.92857241630554,223.0,262.92857241630554,100,0.4873193346470229,100,0,2.23,4.182104733265296,1.0,-2.23,-223.0,223.0,0.0,100,0.6242019815909228,100,0,0.40942757977070765,36.93447652953623,9.484621588326561,40.67937640000801,0.4094275797707032,36.934476529536234,2.194472748791569,23.642465306852735,66.30600392466656
validation_fold_3,ridge_global_v1,day_1_daily,1,daily,store_id,TX_2,1.3018788158893586,2.6077042627900746,0.657514553479474,-0.013937541246414185,-1.3937541246414185,198.0,196.60624587535858,100,0.43947565506045216,100,0,1.3492857114598156,2.5406943054285125,0.6814574300302099,0.3142857087776065,31.42857087776065,198.0,229.42857087776065,100,0.456805195729327,100,0,1.98,4.2708313008125245,1.0,-1.98,-198.0,198.0,0.0,100,0.5932057994159805,100,0,3.5134808860583444,34.248544652052594,-2.6374663499810636,38.94152966674287,3.5134808860583537,34.2485446520526,3.7936391334618658,25.915145217204188,95.56532770751069
validation_fold_3,ridge_global_v1,day_1_daily,1,daily,store_id,WI_3,0.9841961836814881,1.768698009098485,0.6605343514640859,-0.13541437387466432,-13.54143738746643,149.0,135.45856261253357,100,0.37732652686737167,100,0,1.2121428337693214,1.968061252489697,0.813518680382095,0.5628571273386478,56.285712733864784,149.0,205.2857127338648,100,0.4921680685745999,100,0,1.49,3.257299494980466,1.0,-1.49,-149.0,149.0,0.0,100,0.4649414042869063,100,0,18.80526318660009,33.946564853591404,10.129930820954248,45.700479436291694,18.805263186600104,33.94656485359141,23.333805876482053,18.84428373375609,75.94160803915855
validation_fold_3,ridge_global_v1,days_1_7_aggregate,7,aggregate,demand_band,high,8.764158136916883,13.009184377177082,0.24482270190597388,-2.8442388941543273,-281.5796505212784,3544.0,3262.4203494787216,99,0.7083561603216408,99,0,8.249999932568482,11.31842254209592,0.2304599303962414,0.6843434247103605,67.74999904632568,3544.0,3611.7499990463257,99,0.7226649184712647,99,0,35.7979797979798,53.731468499108665,1.0,-35.7979797979798,-3544.0,3544.0,0.0,99,2.6594231460738924,99,0,-6.232220709707666,75.51772980940261,-14.938140264624458,75.78851883158025,-6.232220709707685,75.51772980940261,1.9799989986912316,73.3642928780481,-315.61572617697243
validation_fold_3,ridge_global_v1,days_1_7_aggregate,7,aggregate,demand_band,low,2.604480489335879,3.5339999429095843,0.5691911003184371,-2.056467293488859,-203.59026205539703,453.0,249.40973794460297,99,0.8401063621420924,99,0,2.2424242327911683,3.3655638693495944,0.4900662230603216,-0.5454545550876193,-54.00000095367432,453.0,398.9999990463257,99,0.6953089644510786,99,0,4.575757575757576,6.538927722308586,1.0,-4.575757575757576,-453.0,453.0,0.0,99,1.3812047906516218,99,0,-16.145752050407324,43.080889968156285,-5.004691044313495,45.95444248675843,-16.145752050407303,43.080889968156285,-20.824900165831487,39.17582911468553,-277.0189971478958
validation_fold_3,ridge_global_v1,days_1_7_aggregate,7,aggregate,demand_band,medium,3.232518496466618,4.784099313323937,0.4437643158002625,-1.0605976780255635,-108.18096315860748,743.0,634.8190368413925,102,0.6594519216686281,102,0,3.33578429035112,4.633702686841292,0.4579407774102479,1.2720588001550412,129.7499976158142,743.0,872.7499976158142,102,0.6937358686495905,102,0,7.284313725490196,9.824439314441168,1.0,-7.284313725490196,-743.0,743.0,0.0,102,1.409847183024838,102,0,3.0956975900151047,55.62356841997375,-3.245711618696184,51.30409827773398,3.0956975900150927,55.62356841997376,4.941930860184393,53.225290683365486,16.623533605813225
validation_fold_3,ridge_global_v1,days_1_7_aggregate,7,aggregate,dept_id,FOODS_1,7.069681400722928,12.409814431093,0.4310781341904224,-5.064881330066257,-227.91965985298157,738.0,510.08034014701843,45,1.0504490561459376,45,0,5.094444380866157,8.034214781051404,0.3106368524918388,-2.32777771419949,-104.74999713897704,738.0,633.250002861023,45,0.792229402103564,45,0,16.4,28.85827437668441,1.0,-16.4,-738.0,738.0,0.0,45,2.097193112556086,45,0,-38.77237382893837,56.89218658095775,-54.46206965192659,56.9973787444501,-38.77237382893837,56.89218658095776,-32.594050833854055,49.91166765440896,-117.58440675715644
validation_fold_3,ridge_global_v1,days_1_7_aggregate,7,aggregate,dept_id,FOODS_2,3.360056607496171,5.903780838957495,0.34673802829198813,-1.3068224106516158,-109.77308249473572,814.0,704.2269175052643,84,0.5696427605094316,84,0,3.8363095294861567,5.924562973395855,0.3958845214703159,1.3898809580575853,116.75000047683716,814.0,930.7500004768372,84,0.6853356646185479,84,0,9.69047619047619,19.112449196419444,1.0,-9.69047619047619,-814.0,814.0,0.0,84,1.3286288731606255,84,0,12.41435077981771,65.32619717080118,0.3507791972451357,69.11028629411076,12.414350779817708,65.3261971708012,16.88120290274255,57.12551698847777,5.9759468553369635
validation_fold_3,ridge_global_v1,days_1_7_aggregate,7,aggregate,dept_id,FOODS_3,4.999015746060868,7.823964225421356,0.2681404305446701,-1.4950768034360562,-255.6581333875656,3188.0,2932.3418666124344,171,0.7335771130102352,171,0,4.839181241933366,7.700867586031938,0.2595671243320594,0.7690058033368741,131.49999237060547,3188.0,3319.499992370605,171,0.6896020706956247,171,0,18.64327485380117,36.812945854089705,1.0,-18.64327485380117,-3188.0,3188.0,0.0,171,1.97571966663066,171,0,-3.3029245266218803,73.18595694553298,-1.5984775483309763,78.74670433484975,-3.3029245266218834,73.18595694553298,-6.376872138775827,62.87038462995825,-94.41684275315102
validation_fold_3,ridge_global_v1,days_1_7_aggregate,7,aggregate,intermittency_class,highly_intermittent,1.6429830228581148,2.2603060317829096,0.7980203253882272,-1.464294622926151,-24.893008589744568,35.0,10.106991410255432,17,0.9325246147395143,17,0,1.1470588235294117,1.395897350009916,0.5571428571428572,-0.3823529411764705,-6.5,35.0,28.5,17,0.6969970927022768,17,0,2.0588235294117645,2.711630722733202,1.0,-2.0588235294117645,-35.0,35.0,0.0,17,1.1502807436573297,17,0,-43.23441737737412,20.197967461177274,-61.924946112037034,16.64403221156078,-43.23441737737411,20.197967461177278,-33.79175099914561,18.93069410389828,-282.9693629191473
validation_fold_3,ridge_global_v1,days_1_7_aggregate,7,aggregate,intermittency_class,intermittent,3.014835703704092,4.548911646836593,0.43026396564260583,-1.5466456247700586,-222.71696996688843,1009.0,786.2830300331116,144,0.7582799169619778,144,0,2.7378472056653766,4.069971746994727,0.3907333970424323,0.3177083167764876,45.74999761581421,1009.0,1054.7499976158142,144,0.7014812232620096,144,0,7.006944444444445,17.85687698214768,1.0,-7.006944444444445,-1009.0,1009.0,0.0,144,1.4319904675035926,144,0,-10.117018125246297,56.97360343573942,-11.767646794981202,74.5257154910999,-10.117018125246311,56.97360343573942,-8.096965651602828,47.04713933718448,-386.8130744774133
validation_fold_3,ridge_global_v1,days_1_7_aggregate,7,aggregate,intermittency_class,regular,7.144928474220441,11.142963863316862,0.2687080784406497,-2.487344584019064,-345.7408971786499,3696.0,3350.25910282135,139,0.6871702103670009,139,0,6.9442445494288165,9.882606684401186,0.2611607122214842,0.7499999862780674,104.24999809265135,3696.0,3800.2499980926514,139,0.7070375991791521,139,0,26.58992805755396,42.735256618784696,1.0,-26.58992805755396,-3696.0,3696.0,0.0,139,2.2882386938249453,139,0,-2.889931703343183,73.12919215593504,-12.753286851990554,73.92559505909492,-2.8899317033431804,73.12919215593503,2.809947990773987,69.96946987124191,-231.6459506036397
validation_fold_3,ridge_global_v1,days_1_7_aggregate,7,aggregate,overall,all,4.850707035462062,8.23116257043633,0.307006774396333,-1.977836252450943,-593.3508757352829,4740.0,4146.649124264717,300,0.7352062857803655,300,0,4.5966666332880655,7.301597918993178,0.2909282679296244,0.4783333190282186,143.49999570846558,4740.0,4883.499995708466,300,0.7038015767052341,300,0,15.8,31.617400272634686,1.0,-15.8,-4740.0,4740.0,0.0,300,1.8127552613478648,300,0,-5.526622277419261,69.2993225603667,-12.730975626925936,73.96635238995118,-5.526622277419258,69.2993225603667,-4.462153839175652,59.44260643139954,-313.4849431917293
validation_fold_3,ridge_global_v1,days_1_7_aggregate,7,aggregate,store_id,CA_1,5.6163117992877964,8.557486727291845,0.3009813397260341,-2.4214901435375213,-242.14901435375214,1866.0,1623.8509856462479,100,0.8215088841840056,100,0,5.2849999523162845,7.399577607845506,0.2832261496418158,-0.2550000476837158,-25.500004768371586,1866.0,1840.4999952316284,100,0.764374916427166,100,0,18.66,37.45183573604904,1.0,-18.66,-1866.0,1866.0,0.0,100,1.9876021610007029,100,0,-6.268909176173336,69.9018660273966,-15.648313739133563,77.15068818628058,-6.2689091761733575,69.90186602739658,-7.474600033174111,58.668344183606706,-849.603800286723
validation_fold_3,ridge_global_v1,days_1_7_aggregate,7,aggregate,store_id,TX_2,4.394523993730545,7.147676623486834,0.27919466287995837,-1.2959539449214936,-129.59539449214935,1574.0,1444.4046055078506,100,0.6807030766063334,100,0,4.245000019073486,6.997588886474646,0.2696950456844654,0.32,32.0,1574.0,1606.0,100,0.679598760844644,100,0,15.74,30.28464957697216,1.0,-15.74,-1574.0,1574.0,0.0,100,1.839493322449277,100,0,-3.5223550997696926,72.08053371200415,-2.1448493109146023,76.3983512329567,-3.522355099769693,72.08053371200415,-0.1624952582781272,62.99507759560766,-304.9856077879667
validation_fold_3,ridge_global_v1,days_1_7_aggregate,7,aggregate,store_id,WI_3,4.541285313367844,8.884607564835926,0.34932963948983414,-2.216064668893814,-221.6064668893814,1300.0,1078.3935331106186,100,0.7034068965507575,100,0,4.259999928474426,7.497999567437598,0.3276923021903404,1.3700000047683716,137.00000047683716,1300.0,1437.0000004768372,100,0.6674310528438923,100,0,13.0,26.06108209572273,1.0,-13.0,-1300.0,1300.0,0.0,100,1.611170300593613,100,0,-6.602943418220921,65.06703605101659,-18.493039175677016,65.90852393541206,-6.602943418220937,65.06703605101659,-5.390196268749238,56.341865519020736,-61.756544611727065
validation_fold_3,ridge_global_v1,days_1_7_daily,7,daily,demand_band,high,2.5447775517707263,4.2304814395506884,0.497610283119953,-0.40631984202204674,-281.5796505212784,3544.0,3262.4203494787216,693,0.6935699350605332,99,0,2.657544824468109,4.1903424247009085,0.5196609941750563,0.0977633497415682,67.75000137090683,3544.0,3611.750001370907,693,0.7160716373395418,99,0,5.113997113997114,8.594437611871871,1.0,-5.113997113997114,-3544.0,3544.0,0.0,693,1.206638714346692,99,0,4.24328770145777,50.23897168800471,-0.9578934316482495,50.77651813183285,4.243287701457764,50.23897168800471,3.142381447003033,42.52049707885832,-315.61571191671516
validation_fold_3,ridge_global_v1,days_1_7_daily,7,daily,demand_band,low,0.60194137688151,1.0726750983903222,0.9208507156266809,-0.29378104192697985,-203.59026205539703,453.0,249.40973794460297,693,0.7090367280459815,99,0,0.6563595130254782,1.0434168949314528,1.004099652376725,-0.0779220793143581,-54.00000096485019,453.0,398.9999990351498,693,0.6734714546650381,99,0,0.6536796536796536,1.3153549825650603,1.0,-0.6536796536796536,-453.0,453.0,0.0,693,0.7983606901603473,99,0,8.290903851325137,7.914928437331916,-2.8040760697852636,18.449763553675115,8.290903851325124,7.914928437331914,-5.280888021992315,11.18842187688693,-277.0189970698678
validation_fold_3,ridge_global_v1,days_1_7_daily,7,daily,demand_band,medium,0.918905335815013,1.493500797755037,0.883039582465571,-0.15151395400365195,-108.18096315860748,743.0,634.8190368413925,714,0.6437872834452149,102,0,0.9958483342404792,1.492013045508906,0.9569794221368804,0.1817226775762747,129.74999178946018,743.0,872.7499917894602,714,0.6616804375857773,102,0,1.0406162464985995,1.938479579782179,1.0,-1.0406162464985995,-743.0,743.0,0.0,714,0.7871557431870368,102,0,7.726377178122178,11.696041753442904,-0.0997144261311405,22.955040985117982,7.726377178122171,11.696041753442898,2.7041987527767715,18.213480747958677,16.623529861837525
validation_fold_3,ridge_global_v1,days_1_7_daily,7,daily,dept_id,FOODS_1,1.7573082151867094,3.5537499561227586,0.7500705796528638,-0.723554475723751,-227.91965985298157,738.0,510.08034014701843,315,0.9143918217864381,45,0,1.786281178489564,3.419477842196521,0.7624370883796919,-0.3325396649421207,-104.74999445676804,738.0,633.250005543232,315,0.889062646879898,45,0,2.342857142857143,5.2317710740655095,1.0,-2.342857142857143,-738.0,738.0,0.0,315,1.1487878999233605,45,0,1.6219710341097267,24.992942034713625,-3.92668471979298,32.07367245598521,1.6219710341097158,24.992942034713618,-2.848975265739823,20.40377324243751,-117.5844123285826
validation_fold_3,ridge_global_v1,days_1_7_daily,7,daily,dept_id,FOODS_2,0.9966371201333546,1.8016831363568273,0.7199295167548064,-0.18668891580737368,-109.77308249473572,814.0,704.2269175052643,588,0.5598887659528925,84,0,1.0814504337680786,1.7534110443278543,0.7811951536309953,0.198554422592326,116.75000048428774,814.0,930.7500004842876,588,0.5851341392610766,84,0,1.3843537414965987,3.132558885331292,1.0,-1.3843537414965987,-814.0,814.0,0.0,588,0.7096645529609459,84,0,7.842552093599933,28.007048324519356,-2.7530391225223183,42.48525878337046,7.8425520935999415,28.007048324519356,4.314459132407597,21.10515262219893,5.975946861337209
validation_fold_3,ridge_global_v1,days_1_7_daily,7,daily,dept_id,FOODS_3,1.4178779556438539,2.727644907741274,0.5323713654032914,-0.2135824004908652,-255.6581333875656,3188.0,2932.3418666124344,1197,0.680386399055697,171,0,1.511278187344123,2.7452804147392085,0.5674403984475895,0.1098579667234729,131.49998616799712,3188.0,3319.499986167997,1197,0.6777607247641921,171,0,2.663324979114453,5.829518982063523,1.0,-2.663324979114453,-3188.0,3188.0,0.0,1197,0.979400870795345,171,0,6.180214369692453,46.762863459670854,0.6423936477764112,53.2097774081568,6.180214369692463,46.762863459670854,-0.38740431476290876,30.530345709905937,-94.41685192342989
validation_fold_3,ridge_global_v1,days_1_7_daily,7,daily,intermittency_class,highly_intermittent,0.28803214405765054,0.5833872424360086,0.9793092897960118,-0.2091849461323073,-24.893008589744568,35.0,10.106991410255432,119,0.7235541367566655,17,0,0.3739495794249682,0.5335390003425976,1.2714285700448922,-0.0546218487708007,-6.50000000372529,35.0,28.49999999627471,119,0.6928757573758197,17,0,0.2941176470588235,0.6284568268332179,1.0,-0.2941176470588235,-35.0,35.0,0.0,119,0.7533161551381022,17,0,22.975673752444138,2.069071020398801,-9.34294251430585,7.171468663060612,22.975673752444155,2.069071020398816,-4.427688377644536,3.9508004943794983,-282.96936269965954
validation_fold_3,ridge_global_v1,days_1_7_daily,7,daily,intermittency_class,intermittent,0.7462793354477201,1.3755774404783159,0.7455397127168503,-0.22094937496715122,-222.71696996688843,1009.0,786.2830300331116,1008,0.6698198995114814,144,0,0.8293296459190075,1.3959221691966022,0.828507713663389,0.0453869015318415,45.74999674409628,1009.0,1054.7499967440965,1008,0.6597327669960402,144,0,1.0009920634920637,2.8492201662131262,1.0,-1.0009920634920637,-1009.0,1009.0,0.0,1008,0.8010295513881174,144,0,10.014149485667623,25.446028728315,1.4574400469615967,51.72091448774968,10.014149485667614,25.446028728314975,-1.528972490084258,16.38012625742217,-386.81308375312346
validation_fold_3,ridge_global_v1,days_1_7_daily,7,daily,intermittency_class,regular,2.1071420678866977,3.633342743422257,0.5547211125686571,-0.355334940574152,-345.7408971786499,3696.0,3350.25910282135,973,0.68899191873698,139,0,2.186132716847716,3.58629100063433,0.5755159993216524,0.1071428524718867,104.24999545514584,3696.0,3800.249995455146,973,0.7070198879092371,139,0,3.7985611510791366,6.938283209495673,1.0,-3.7985611510791366,-3696.0,3696.0,0.0,973,1.0836704806765325,139,0,3.613259540569823,44.527888743134284,-1.3119889819204453,47.63340391684074,3.61325954056982,44.52788874313429,2.5498531909149706,36.42053271518071,-231.64595899422093
validation_fold_3,ridge_global_v1,days_1_7_daily,7,daily,overall,all,1.3508450606323423,2.6540713725564786,0.5984756597738226,-0.2825480360644204,-593.3508757352829,4740.0,4146.649124264717,2100,0.6817478751965228,300,0,1.4321768650146467,2.628804326106963,0.6345087376647169,0.0683333296169127,143.49999219551682,4740.0,4883.499992195517,2100,0.6835205691406757,300,0,2.257142857142857,5.120918816365822,1.0,-2.257142857142857,-4740.0,4740.0,0.0,2100,0.9292827561709156,300,0,5.67889388308703,40.15243402261775,-0.9611611712056971,48.17196937248067,5.678893883087037,40.15243402261775,0.2593475638021473,26.637197271835063,-313.48495331403984
validation_fold_3,ridge_global_v1,days_1_7_daily,7,daily,store_id,CA_1,1.5565733553682055,3.093171148395738,0.5839235523889302,-0.34592716336250307,-242.14901435375214,1866.0,1623.8509856462479,700,0.7297818395425527,100,0,1.6349999996168272,3.100341487860544,0.6133440513032042,-0.0364285615512302,-25.49999308586121,1866.0,1840.5000069141388,700,0.7300118621152742,100,0,2.665714285714286,6.092618484691126,1.0,-2.665714285714286,-1866.0,1866.0,0.0,700,1.004423596377174,100,0,4.796736652415992,41.60764476110698,0.23127579632379236,49.23084128494302,4.796736652416002,41.607644761106975,0.03150942945708066,27.343220313144627,-849.6042353361082
validation_fold_3,ridge_global_v1,days_1_7_daily,7,daily,store_id,TX_2,1.3271824371814729,2.4684762909514864,0.5902336124695241,-0.18513627784592765,-129.59539449214935,1574.0,1444.4046055078506,700,0.6636369683055482,100,0,1.4170408166785324,2.484015221900612,0.6301960429955354,0.0457142802061779,31.99999614432454,1574.0,1605.9999961443243,700,0.6737847170494616,100,0,2.2485714285714287,4.887593623509572,1.0,-2.2485714285714287,-1574.0,1574.0,0.0,700,0.9320349472360208,100,0,6.341269668412429,40.97663875304759,0.6255569938591683,49.49505869150023,6.341269668412445,40.97663875304759,1.5060817627848495,28.796986607252798,-304.98565658463116
validation_fold_3,ridge_global_v1,days_1_7_daily,7,daily,store_id,WI_3,1.1687793893473488,2.3390599820470785,0.6293427481101109,-0.31658066698483056,-221.6064668893814,1300.0,1078.3935331106186,700,0.6518248177414676,100,0,1.2444897787485805,2.22472191315966,0.6701098808646202,0.1957142701957907,136.9999891370535,1300.0,1436.9999891370535,700,0.6467651282572914,100,0,1.8571428571428568,4.202720207539058,1.0,-1.8571428571428568,-1300.0,1300.0,0.0,700,0.8513897248995519,100,0,6.083648953498326,37.0657251889889,-5.139431953768546,44.34414220934453,6.083648953498316,37.06572518898891,-0.7823070946650396,23.439900825867873,-61.75655800066406
validation_fold_3,ridge_global_v1,days_1_30_aggregate,30,aggregate,demand_band,high,35.523379571510084,62.12938210643246,0.24562191490288438,13.070383633025969,1293.967979669571,14318.0,15611.967979669571,99,1.2458066771540983,99,0,33.18831246308606,56.00464382190375,0.2294763887306551,11.72655094994439,1160.9285440444946,14318.0,15478.928544044496,99,1.2412177772139144,99,0,144.62626262626262,216.8002385477088,1.0,-144.62626262626262,-14318.0,14318.0,0.0,99,5.39897503916754,99,0,-7.035811510516588,75.43780850971157,-10.93612576843724,71.34256746089311,-7.035811510516614,75.43780850971156,-0.36970949211542786,76.92512619309707,-11.45974369461084
validation_fold_3,ridge_global_v1,days_1_30_aggregate,30,aggregate,demand_band,low,7.756268591591806,10.252616682078408,0.40800775269266143,0.6235642950944226,61.73286521434784,1882.0,1943.7328652143478,99,1.2050372159512135,99,0,7.210678109014877,10.78405838981884,0.379307721993875,-1.7373737650688248,-172.00000274181366,1882.0,1709.9999972581863,99,1.0639478363694217,99,0,19.01010101010101,24.961788980177467,1.0,-19.01010101010101,-1882.0,1882.0,0.0,99,2.7453186390398656,99,0,-7.566424049560964,59.19922473073386,4.928030696144628,58.92675524891198,-7.566424049560964,59.19922473073386,-13.260930165828453,56.105743107012984,64.10879986611744
validation_fold_3,ridge_global_v1,days_1_30_aggregate,30,aggregate,demand_band,medium,12.025614705740237,16.643446812447444,0.32631356743429213,-0.5404985418506697,-55.13085126876831,3759.0,3703.8691487312317,102,1.151082661704498,102,0,12.618347275490857,19.311634244245983,0.3423972923916114,-0.1827734358170453,-18.642890453338623,3759.0,3740.357109546661,102,1.2014739422482896,102,0,36.85294117647059,45.1099962835942,1.0,-36.85294117647059,-3759.0,3759.0,0.0,102,3.53790068652926,102,0,4.697386724344709,67.36864325657078,13.816476627779663,63.10474798575763,4.697386724344696,67.36864325657079,4.194121800885303,67.46424606865577,-195.72051290413137
validation_fold_3,ridge_global_v1,days_1_30_aggregate,30,aggregate,dept_id,FOODS_1,12.850121654404534,17.782103767287506,0.23640861588234016,5.449797940254212,245.2409073114395,2446.0,2691.2409073114395,45,1.0748131260961569,45,0,11.639683310190836,17.827796332283764,0.2141397174810252,5.953969118330214,267.9286103248596,2446.0,2713.92861032486,45,0.9754961348013248,45,0,54.355555555555554,89.87621116476447,1.0,-54.355555555555554,-2446.0,2446.0,0.0,45,3.432321483640879,45,0,-10.39923777955306,76.35913841176598,0.2562995680712111,80.21489386697813,-10.399237779553062,76.35913841176598,-10.181177326249431,68.68553452178276,8.46781647764738
validation_fold_3,ridge_global_v1,days_1_30_aggregate,30,aggregate,dept_id,FOODS_2,15.188659865231742,28.12280366978382,0.28761213450844597,-3.403378102041426,-285.8837605714798,4436.0,4150.11623942852,84,1.230231697484453,84,0,14.57908136504037,29.346761711155157,0.2760691692207825,-5.322278965087164,-447.0714330673218,4436.0,3988.928566932678,84,1.090983341192574,84,0,52.80952380952381,101.1026117132396,1.0,-52.80952380952381,-4436.0,4436.0,0.0,84,3.568897037371745,84,0,-4.181185939829508,71.2387865491554,4.170674956978613,72.18389990799706,-4.181185939829499,71.2387865491554,-12.763563936701727,65.5290784631199,36.05412034268128
validation_fold_3,ridge_global_v1,days_1_30_aggregate,30,aggregate,dept_id,FOODS_3,21.38710505850831,44.599767368658775,0.27966620516975765,7.843349981726262,1341.2128468751907,13077.0,14418.21284687519,171,1.2183504306915998,171,0,20.690894181965387,39.98703741615634,0.2705622776719493,6.72180393913336,1149.4284735918045,13077.0,14226.428473591805,171,1.2586070826189473,171,0,76.47368421052632,147.10371485444074,1.0,-76.47368421052632,-13077.0,13077.0,0.0,171,4.169059217926616,171,0,-3.3648177329607925,72.03337948302423,-11.535563148868611,69.68141327172445,-3.36481773296079,72.03337948302423,3.1985082940722265,70.77637023113532,-16.685194223881254
validation_fold_3,ridge_global_v1,days_1_30_aggregate,30,aggregate,intermittency_class,highly_intermittent,5.3785593229181625,6.001206210516836,0.6262706060932107,1.7996509355657242,30.59406590461731,146.0,176.5940659046173,17,1.4708262861737158,17,0,4.092436895650976,5.717908438005879,0.4765166248360725,-1.4033613134832943,-23.857142329216003,146.0,122.142857670784,17,1.057913250824186,17,0,8.588235294117647,10.397963601533888,1.0,-8.588235294117647,-146.0,146.0,0.0,17,2.247394681152476,17,0,-31.426811458814342,37.37293939067893,-4.954569937285613,42.28479305667555,-31.426811458814353,37.37293939067893,-39.03089738481323,34.55416182530662,-28.238602437942106
validation_fold_3,ridge_global_v1,days_1_30_aggregate,30,aggregate,intermittency_class,intermittent,10.182801268994808,14.283025237330941,0.307727887247692,-1.0634790551331308,-153.14098393917084,4765.0,4611.859016060829,144,1.2268563211352874,144,0,10.798115173975626,18.125524514105116,0.3263228929805856,-1.698908819092645,-244.6428699493408,4765.0,4520.357130050659,144,1.2012538832154525,144,0,33.09027777777778,73.23103660485916,1.0,-33.09027777777778,-4765.0,4765.0,0.0,144,3.293589744535008,144,0,5.6983454525821005,69.2272112752308,21.19938252702137,80.49594011020294,5.698345452582108,69.22721127523079,-2.1313094823305563,62.75017788202106,37.402228819960165
validation_fold_3,ridge_global_v1,days_1_30_aggregate,30,aggregate,intermittency_class,regular,28.4427264525736,53.02489932340506,0.26272853381896133,10.238251162947511,1423.116911649704,15048.0,16471.116911649704,139,1.13937136548813,139,0,26.34583796014031,47.39272585522796,0.2433593485153843,8.912127072862583,1238.7856631278992,15048.0,16286.7856631279,139,1.1496162115614352,139,0,108.2589928057554,172.7559096429027,1.0,-108.2589928057554,-15048.0,15048.0,0.0,139,4.70984396673298,139,0,-7.95908824614254,73.72714661810387,-11.884046267737112,69.3064628393837,-7.959088246142549,73.72714661810387,0.8911535841505358,75.80872373828417,-14.879995305755621
validation_fold_3,ridge_global_v1,days_1_30_aggregate,30,aggregate,overall,all,18.370992893775306,37.4524984270916,0.27613096187848046,4.3352333120505016,1300.5699936151505,19959.0,21259.56999361515,300,1.200146589704282,300,0,17.6219049624602,34.64431596501219,0.2648715611372343,3.234285502831141,970.2856508493423,19959.0,20929.285650849342,300,1.1692057928469195,300,0,66.53,128.09474358198048,1.0,-66.53,-19959.0,19959.0,0.0,300,3.890503147228392,300,0,-4.250890768681832,72.38690381215194,-8.10575236906231,70.76187720136849,-4.250890768681833,72.38690381215196,-2.6463088916130175,69.15189258851338,-34.03990798758003
validation_fold_3,ridge_global_v1,days_1_30_aggregate,30,aggregate,store_id,CA_1,19.68885714292526,33.991510002103254,0.2627633410239592,6.160203428268432,616.0203428268433,7493.0,8109.020342826843,100,1.2720553686814577,100,0,18.264285888671875,30.34634998863389,0.2437513130744945,3.9485716438293457,394.85716438293457,7493.0,7887.857164382935,100,1.240551040665839,100,0,74.93,143.97267101780116,1.0,-74.93,-7493.0,7493.0,0.0,100,4.062915544588997,100,0,-7.799764321127681,73.72366589760409,-12.011856499495478,76.39030396407631,-7.799764321127706,73.72366589760408,-2.539543072625966,68.69107037246727,-56.01093215303128
validation_fold_3,ridge_global_v1,days_1_30_aggregate,30,aggregate,store_id,TX_2,17.032185529470443,39.335017438664416,0.2681811609112021,8.498804720640182,849.8804720640182,6351.0,7200.880472064018,100,1.1009709985940592,100,0,17.278571532964705,37.63448779970149,0.2720606445121195,5.3185710680484775,531.8571068048477,6351.0,6882.857106804848,100,1.1134293246455196,100,0,63.51,118.91925832261148,1.0,-63.51,-6351.0,6351.0,0.0,100,3.738881564726023,100,0,1.4259628061509457,73.1818839088798,-4.518540674748906,66.92292064927453,1.4259628061509533,73.18188390887978,1.1189148494383951,70.55346687145635,-59.794888738012396
validation_fold_3,ridge_global_v1,days_1_30_aggregate,30,aggregate,store_id,WI_3,18.391936008930205,38.79951760229471,0.30076755533818816,-1.6533082127571106,-165.33082127571106,6115.0,5949.669178724289,100,1.2274134018373295,100,0,17.32285746574402,35.54476412176982,0.2832846682869013,0.4357137966156006,43.57137966156006,6115.0,6158.57137966156,100,1.1536370132293992,100,0,61.15,119.81181077005722,1.0,-61.15,-6115.0,6115.0,0.0,100,3.8697123323701534,100,0,-6.17149073298266,69.92324446618119,-9.156773327781002,67.61628310855035,-6.17149073298269,69.92324446618119,-6.395112826816003,68.28153370548986,-279.44821247322295
validation_fold_3,ridge_global_v1,days_1_30_daily,30,daily,demand_band,high,2.8152272300688104,4.389942482259785,0.5839659780209783,0.435679454434199,1293.967979669571,14318.0,15611.967979669571,2970,0.7505339966270413,99,0,2.767508421020476,4.36379284694271,0.574067607936221,0.3908850428632614,1160.9285773038864,14318.0,15478.928577303886,2970,0.7472991590188319,99,0,4.820875420875421,8.23301230306937,1.0,-4.820875420875421,-14318.0,14318.0,0.0,2970,1.2215053387905803,99,0,-1.7242516295845156,41.60340219790217,-0.5992409867804619,46.67878146346071,-1.7242516295845343,41.60340219790217,-0.43287050027683754,38.556633950519654,-11.459740501405534
validation_fold_3,ridge_global_v1,days_1_30_daily,30,daily,demand_band,low,0.7123098440443225,1.0537561774423285,1.1241021449583624,0.02078547650314742,61.73286521434784,1882.0,1943.7328652143478,2970,0.8070000027700863,99,0,0.6590428088500042,1.0281519684120626,1.0400409895241831,-0.0579124593047381,-172.00000413507223,1882.0,1709.9999958649278,2970,0.7311074153430734,99,0,0.6336700336700337,1.27287156469222,1.0,-0.6336700336700337,-1882.0,1882.0,0.0,2970,0.8641664292903318,99,0,-8.082484852124635,-12.410214495836223,-2.4903136712183285,17.214257378973933,-8.082484852124635,-12.410214495836236,-10.380497562235798,6.615210286193546,64.10880015684836
validation_fold_3,ridge_global_v1,days_1_30_daily,30,daily,demand_band,medium,1.0449380171065237,1.4848847459549284,0.8506279149630122,-0.01801661806168899,-55.13085126876831,3759.0,3703.8691487312317,3060,0.7477228281484481,102,0,1.0535480818035556,1.5112101077829854,0.8576369061768768,-0.0060924484741454,-18.642892330884933,3759.0,3740.357107669115,3060,0.7394117320025068,102,0,1.2284313725490197,2.0323366248883934,1.0,-1.2284313725490197,-3759.0,3759.0,0.0,3060,0.9525099461471755,102,0,0.8172445895675212,14.937208503698796,1.7420054096036663,26.937067030592363,0.8172445895675053,14.937208503698784,-1.1240146438348928,21.49973539143339,-195.72048312179146
validation_fold_3,ridge_global_v1,days_1_30_daily,30,daily,dept_id,FOODS_1,1.4429238615212616,2.496521724516263,0.796380708525635,0.18165993134180705,245.2409073114395,2446.0,2691.2409073114395,1350,0.8099648304436415,45,0,1.381904768259437,2.493568833444822,0.7627029587695175,0.1984656260631702,267.92859518527985,2446.0,2713.92859518528,1350,0.7419785520858647,45,0,1.811851851851852,3.852272056851645,1.0,-1.811851851851852,-2446.0,2446.0,0.0,1350,0.9586109316017511,45,0,-4.41557874778018,20.36192914743651,-0.11842027506262084,35.19352507630001,-4.415578747780184,20.3619291474365,-9.162836064014579,15.506405806340595,8.467811305527544
validation_fold_3,ridge_global_v1,days_1_30_daily,30,daily,dept_id,FOODS_2,1.2606517023037351,2.2733237893696114,0.7161502005873337,-0.1134459367347142,-285.8837605714798,4436.0,4150.11623942852,2520,0.7446081910097287,84,0,1.2317460308413184,2.3094512628654336,0.6997294855094955,-0.1774092962285356,-447.0714264959097,4436.0,3988.9285735040894,2520,0.6977444841723669,84,0,1.7603174603174605,3.96662665045842,1.0,-1.7603174603174605,-4436.0,4436.0,0.0,2520,0.9409518412580709,84,0,-2.3467233292136793,28.384979941266632,1.5643314962618975,42.68873807150756,-2.3467233292136753,28.38497994126663,-6.716456797641255,20.86649301688244,36.054119402753784
validation_fold_3,ridge_global_v1,days_1_30_daily,30,daily,dept_id,FOODS_3,1.666570358597047,2.989392285407906,0.6537819025466737,0.2614449993908754,1341.2128468751907,13077.0,14418.21284687519,5130,0.7688192338986914,171,0,1.643497631221022,2.9568015104992504,0.6447306605615847,0.2240601388203819,1149.428512148559,13077.0,14226.42851214856,5130,0.758963017612524,171,0,2.549122807017544,5.5686570661576775,1.0,-2.549122807017544,-13077.0,13077.0,0.0,5130,1.061170017305646,171,0,-1.4038795637863664,34.621809745332634,-1.1022307311779096,46.31753670781241,-1.4038795637863763,34.621809745332634,-1.2986424973870496,27.549853335400968,-16.685190309760152
validation_fold_3,ridge_global_v1,days_1_30_daily,30,daily,intermittency_class,highly_intermittent,0.44224757961198397,0.6441815055301081,1.544837435630903,0.059988364518857466,30.59406590461731,146.0,176.5940659046173,510,0.9195673049230053,17,0,0.3896358543459107,0.5895498513207372,1.3610567514822909,-0.0467787115158987,-23.857142873108387,146.0,122.1428571268916,510,0.8030397872350756,17,0,0.2862745098039215,0.6567895774291853,1.0,-0.2862745098039215,-146.0,146.0,0.0,510,0.8766988395877408,17,0,-13.50279361595036,-54.48374356309033,-9.266672544651225,1.9196516407017126,-13.502793615950353,-54.48374356309029,-14.51080252064999,-4.889759561609896,-28.238599514373536
validation_fold_3,ridge_global_v1,days_1_30_daily,30,daily,intermittency_class,intermittent,0.8984278760850429,1.420700936774197,0.8145243283709098,-0.03544930183777103,-153.14098393917084,4765.0,4611.859016060829,4320,0.7847434509009226,144,0,0.8968915345699147,1.5058988630881347,0.8131314647097653,-0.0566302942353542,-244.64287109673023,4765.0,4520.35712890327,4320,0.7438208100975305,144,0,1.1030092592592593,2.803808587010282,1.0,-1.1030092592592593,-4765.0,4765.0,0.0,4320,0.9350238341202162,144,0,-0.17129624440763508,18.547567162909015,5.657612765522847,49.32960319202464,-0.17129624440762617,18.54756716290902,-5.5016800078538015,16.07235855765063,37.40222911354734
validation_fold_3,ridge_global_v1,days_1_30_daily,30,daily,intermittency_class,regular,2.2943742810965158,3.7407083298601846,0.6358014853915783,0.34127503876491705,1423.116911649704,15048.0,16471.116911649704,4170,0.7325747719282981,139,0,2.236793421576921,3.6877785533890206,0.6198450669840351,0.2970709100258436,1238.785694807768,15048.0,16286.785694807768,4170,0.7267652840938391,139,0,3.60863309352518,6.6531757981763,1.0,-3.60863309352518,-15048.0,15048.0,0.0,4170,1.1085626414440253,139,0,-2.5742591588543196,36.41985146084217,-1.435275348150237,43.775597649388,-2.574259158854325,36.41985146084217,-0.7993623198034993,33.91670037030667,-14.879992367892195
validation_fold_3,ridge_global_v1,days_1_30_daily,30,daily,overall,all,1.519366160273552,2.734176138632478,0.6851192666196687,0.14450777706835005,1300.5699936151505,19959.0,21259.56999361515,9000,0.7682119813715246,300,0,1.4889682536704674,2.7220223943500144,0.6714121089751093,0.1078095200931032,970.2856808379292,19959.0,20929.28568083793,9000,0.7392741584202811,300,0,2.2176666666666667,4.93023551386972,1.0,-2.2176666666666667,-19959.0,19959.0,0.0,9000,1.0121250651567408,300,0,-2.0415416197189225,31.48807333803313,-0.4464968513003695,44.54268703917482,-2.041541619718924,31.48807333803313,-3.9143560777343143,24.099105158258592,-34.03990384481316
validation_fold_3,ridge_global_v1,days_1_30_daily,30,daily,store_id,CA_1,1.6729803857803345,2.9420388891441855,0.6698173171414659,0.2053401142756144,616.0203428268433,7493.0,8109.020342826843,3000,0.7763334035769972,100,0,1.651833336999019,2.974721459377193,0.6613505953552725,0.1316190574963887,394.8571724891663,7493.0,7887.857172489166,3000,0.755827651976913,100,0,2.4976666666666665,5.554907740007929,1.0,-2.4976666666666665,-7493.0,7493.0,0.0,3000,1.0388583419868755,100,0,-1.2802168540643768,33.01826828585341,1.0986766552539677,47.03712416401021,-1.280216854064384,33.018268285853416,-2.7130195020584558,25.27052320798469,-56.01092895020042
validation_fold_3,ridge_global_v1,days_1_30_daily,30,daily,store_id,TX_2,1.4629219574530918,2.5080571062613433,0.6910354073939972,0.2832934906880061,849.8804720640182,6351.0,7200.880472064018,3000,0.7355982749915971,100,0,1.4218095241189004,2.471900928899255,0.6716152688327351,0.1772857087776065,531.8571263328195,6351.0,6882.85712633282,3000,0.7047707712164865,100,0,2.117,4.499962962810546,1.0,-2.117,-6351.0,6351.0,0.0,3000,0.969750470822572,100,0,-2.8915570360712666,30.89645926060029,-1.4626871546259201,44.26493891196643,-2.8915570360712826,30.896459260600285,-4.374117803140463,24.145613008298913,-59.794882870891485
validation_fold_3,ridge_global_v1,days_1_30_daily,30,daily,store_id,WI_3,1.4221961375872294,2.735180834551319,0.6977250061752557,-0.055110273758570354,-165.33082127571106,6115.0,5949.669178724289,3000,0.7927042655459795,100,0,1.3932618998934825,2.6961001062380414,0.6835299590646684,0.0145237940053145,43.57138201594353,6115.0,6158.571382015944,3000,0.7572240520674438,100,0,2.0383333333333336,4.6706530592626985,1.0,-2.0383333333333336,-6115.0,6115.0,0.0,3000,1.0277663826607748,100,0,-2.0767263998218137,30.227499382474445,-1.449528087731435,41.439006497667584,-2.0767263998218244,30.22749938247443,-4.685563457957298,22.871162268048227,-279.4481919697056
