fold,baseline_name,horizon,horizon_days,evaluation_type,segment_type,segment_value,mae,rmse,wape,bias,aggregate_bias,actual_sum,forecast_sum,observations,rmsse,rmsse_defined_series,rmsse_undefined_series
combined,croston_sba,day_1_daily,1,daily,demand_band,high,2.9217068651308518,4.472428431661258,0.6292581138099078,0.03518247524094501,10.449195146560669,1379.0,1389.4491951465607,297,0.6124239746468749,297,0
combined,last_value,day_1_daily,1,daily,demand_band,high,2.7003367003367003,4.058494852944928,0.5815808556925308,-0.05387205387205387,-16.0,1379.0,1363.0,297,0.6354946844783784,297,0
combined,mean_28,day_1_daily,1,daily,demand_band,high,2.454545459261647,3.95012673661562,0.5286439459033424,0.10101008365049909,29.999994844198227,1379.0,1408.9999948441982,297,0.5527256250348582,297,0
combined,seasonal_naive_7,day_1_daily,1,daily,demand_band,high,2.872053872053872,4.613331581712752,0.6185641769398115,0.25252525252525254,75.0,1379.0,1454.0,297,0.6549622755507165,297,0
combined,zero,day_1_daily,1,daily,demand_band,high,4.643097643097643,7.628362812027178,1.0,-4.643097643097643,-1379.0,1379.0,0.0,297,0.9733314851269428,297,0
combined,croston_sba,day_1_daily,1,daily,demand_band,low,0.6113934239767718,0.8181111241161877,1.0873284246772528,0.04855094843164638,14.419631684198976,167.0,181.41963168419898,297,0.5103784216464231,297,0
combined,last_value,day_1_daily,1,daily,demand_band,low,0.6262626262626263,1.1281521496355325,1.1137724550898203,-0.013468013468013467,-4.0,167.0,163.0,297,0.5152030393259419,297,0
combined,mean_28,day_1_daily,1,daily,demand_band,low,0.5631313133821745,0.7926987422493798,1.0014970064341664,0.029461278407662002,8.749999687075615,167.0,175.74999968707561,297,0.47423920657418905,297,0
combined,seasonal_naive_7,day_1_daily,1,daily,demand_band,low,0.7441077441077442,1.248568203552597,1.3233532934131738,0.1111111111111111,33.0,167.0,200.0,297,0.5994134816447155,297,0
combined,zero,day_1_daily,1,daily,demand_band,low,0.5622895622895623,1.084012995809633,1.0,-0.5622895622895623,-167.0,167.0,0.0,297,0.447790649180151,297,0
combined,croston_sba,day_1_daily,1,daily,demand_band,medium,1.0542508434820799,1.4668901208253486,0.9926177172477428,0.1734377933678284,53.071964770555496,325.0,378.0719647705555,306,0.5491786967392801,306,0
combined,last_value,day_1_daily,1,daily,demand_band,medium,1.1797385620915033,2.008966827107481,1.1107692307692307,0.15359477124183007,47.0,325.0,372.0,306,0.63567202757952,306,0
combined,mean_28,day_1_daily,1,daily,demand_band,medium,0.9163165255967114,1.3734811284029045,0.8627472517925959,0.09325396480172678,28.535713229328394,325.0,353.5357132293284,306,0.48250039669126316,306,0
combined,seasonal_naive_7,day_1_daily,1,daily,demand_band,medium,1.1699346405228759,1.8541597818775022,1.1015384615384616,0.06535947712418301,20.0,325.0,345.0,306,0.6288968784019076,306,0
combined,zero,day_1_daily,1,daily,demand_band,medium,1.0620915032679739,1.934381054849193,1.0,-1.0620915032679739,-325.0,325.0,0.0,306,0.540307817528088,306,0
combined,croston_sba,day_1_daily,1,daily,dept_id,FOODS_1,1.477437045066445,2.5913747395636144,0.6807303791261777,-0.1734786700319361,-23.41962045431137,293.0,269.58037954568863,135,0.6114792975091224,135,0
combined,last_value,day_1_daily,1,daily,dept_id,FOODS_1,1.8148148148148149,3.17046555758801,0.8361774744027304,0.22962962962962963,31.0,293.0,324.0,135,0.7313826735331811,135,0
combined,mean_28,day_1_daily,1,daily,dept_id,FOODS_1,1.440211642919867,2.628086857243167,0.6635787433248534,-0.15608465966803056,-21.071429055184126,293.0,271.9285709448159,135,0.5918748454071918,135,0
combined,seasonal_naive_7,day_1_daily,1,daily,dept_id,FOODS_1,1.8296296296296297,2.8609762643519407,0.8430034129692833,-0.15555555555555556,-21.0,293.0,272.0,135,0.7915630257103603,135,0
combined,zero,day_1_daily,1,daily,dept_id,FOODS_1,2.1703703703703705,4.311053836962047,1.0,-2.1703703703703705,-293.0,293.0,0.0,135,0.7702164759711791,135,0
combined,croston_sba,day_1_daily,1,daily,dept_id,FOODS_2,1.2930821130673091,2.3942869344643745,1.2158831809438877,0.4581876982535635,115.463299959898,268.0,383.463299959898,252,0.49468808236394585,252,0
combined,last_value,day_1_daily,1,daily,dept_id,FOODS_2,1.0912698412698412,1.844124087688692,1.0261194029850746,-0.003968253968253968,-1.0,268.0,267.0,252,0.5428199472062082,252,0
combined,mean_28,day_1_daily,1,daily,dept_id,FOODS_2,0.7953514725058561,1.1491333029809327,0.7478678025055066,0.18424036186779774,46.428571190685034,268.0,314.42857119068503,252,0.42265630004692195,252,0
combined,seasonal_naive_7,day_1_daily,1,daily,dept_id,FOODS_2,1.2142857142857142,2.7945525240230875,1.1417910447761195,0.23809523809523808,60.0,268.0,328.0,252,0.5508458499718105,252,0
combined,zero,day_1_daily,1,daily,dept_id,FOODS_2,1.0634920634920635,2.0911757154806176,1.0,-1.0634920634920635,-268.0,268.0,0.0,252,0.4654583753359877,252,0
combined,croston_sba,day_1_daily,1,daily,dept_id,FOODS_3,1.6503330417028237,2.944194597219072,0.646275458315686,-0.0274910095599834,-14.102887904271483,1310.0,1295.8971120957285,513,0.5737034911927549,513,0
combined,last_value,day_1_daily,1,daily,dept_id,FOODS_3,1.6159844054580896,2.8921484085630866,0.632824427480916,-0.005847953216374269,-3.0,1310.0,1307.0,513,0.5862486876925388,513,0
combined,mean_28,day_1_daily,1,daily,dept_id,FOODS_3,1.5239487630451283,2.8383782551249173,0.596782988887138,0.08173209673509031,41.92856562510133,1310.0,1351.9285656251013,513,0.5189886640031547,513,0
combined,seasonal_naive_7,day_1_daily,1,daily,dept_id,FOODS_3,1.713450292397661,3.0470642247684157,0.6709923664122137,0.17348927875243664,89.0,1310.0,1399.0,513,0.6224520117236495,513,0
combined,zero,day_1_daily,1,daily,dept_id,FOODS_3,2.5536062378167643,5.437219218176762,1.0,-2.5536062378167643,-1310.0,1310.0,0.0,513,0.7137090277037499,513,0
combined,croston_sba,day_1_daily,1,daily,intermittency_class,highly_intermittent,0.4192755278199911,0.7495914338649166,1.481440198297302,-0.02615934248381066,-1.386445151641965,15.0,13.613554848358035,53,0.5712374962907113,53,0
combined,last_value,day_1_daily,1,daily,intermittency_class,highly_intermittent,0.33962264150943394,0.8467473838610141,1.2,-0.11320754716981132,-6.0,15.0,9.0,53,0.4761803826721534,53,0
combined,mean_28,day_1_daily,1,daily,intermittency_class,highly_intermittent,0.3780323458870627,0.6714049161228316,1.3357142888009548,-0.03706199345442484,-1.9642856530845165,15.0,13.035714346915483,53,0.5381255867648683,53,0
combined,seasonal_naive_7,day_1_daily,1,daily,intermittency_class,highly_intermittent,0.33962264150943394,0.8241633836921342,1.2,0.07547169811320754,4.0,15.0,19.0,53,0.48803195260162896,53,0
combined,zero,day_1_daily,1,daily,intermittency_class,highly_intermittent,0.2830188679245283,0.835531691527718,1.0,-0.2830188679245283,-15.0,15.0,0.0,53,0.3956851426452306,53,0
combined,croston_sba,day_1_daily,1,daily,intermittency_class,intermittent,0.8244504058634183,1.3410084837723866,0.9302045155160558,0.16329060646158636,70.37825138494372,382.0,452.3782513849437,431,0.5156215282907555,431,0
combined,last_value,day_1_daily,1,daily,intermittency_class,intermittent,0.8723897911832946,1.668599034465448,0.9842931937172775,0.09744779582366589,42.0,382.0,424.0,431,0.5694918443830576,431,0
combined,mean_28,day_1_daily,1,daily,intermittency_class,intermittent,0.7234835894886413,1.2623425751599922,0.8162864582973937,0.11460059366065775,49.39285586774349,382.0,431.3928558677435,431,0.4574961556009753,431,0
combined,seasonal_naive_7,day_1_daily,1,daily,intermittency_class,intermittent,0.9071925754060325,1.505596674314757,1.0235602094240839,0.09976798143851508,43.0,382.0,425.0,431,0.598066271733357,431,0
combined,zero,day_1_daily,1,daily,intermittency_class,intermittent,0.8863109048723898,2.6939822945313243,1.0,-0.8863109048723898,-382.0,382.0,0.0,431,0.4624702956972287,431,0
combined,croston_sba,day_1_daily,1,daily,intermittency_class,regular,2.390316865550211,3.795604885781212,0.6746077449585398,0.021511984057724476,8.948985368013382,1474.0,1482.9489853680134,416,0.5985878050591487,416,0
combined,last_value,day_1_daily,1,daily,intermittency_class,regular,2.295673076923077,3.558238003887274,0.6478968792401628,-0.021634615384615384,-9.0,1474.0,1465.0,416,0.63842384422715,416,0
combined,mean_28,day_1_daily,1,daily,intermittency_class,regular,2.0307348964091103,3.3567620124453734,0.5731246383352713,0.04773350371620976,19.85713754594326,1474.0,1493.8571375459433,416,0.5455581183001327,416,0
combined,seasonal_naive_7,day_1_daily,1,daily,intermittency_class,regular,2.4591346153846154,4.0498694185976305,0.6940298507462687,0.19471153846153846,81.0,1474.0,1555.0,416,0.6763456444064033,416,0
combined,zero,day_1_daily,1,daily,intermittency_class,regular,3.543269230769231,6.126079182792706,1.0,-3.543269230769231,-1474.0,1474.0,0.0,416,0.8824794616516805,416,0
combined,croston_sba,day_1_daily,1,daily,overall,all,1.524368382189423,2.748333108629289,0.7332611138270875,0.08660087955701683,77.94079160131514,1871.0,1948.9407916013151,900,0.5572455476681436,900,0
combined,last_value,day_1_daily,1,daily,overall,all,1.498888888888889,2.6884526735238947,0.721004810261892,0.03,27.0,1871.0,1898.0,900,0.5958587382324625,900,0
combined,mean_28,day_1_daily,1,daily,overall,all,1.307380953675343,2.4490633055828317,0.6288844779838635,0.07476189751178026,67.28570776060224,1871.0,1938.2857077606022,900,0.502948529306015,900,0
combined,seasonal_naive_7,day_1_daily,1,daily,overall,all,1.5911111111111111,2.9507061301774304,0.7653661143773384,0.14222222222222222,128.0,1871.0,1999.0,900,0.6277689385311411,900,0
combined,zero,day_1_daily,1,daily,overall,all,2.078888888888889,4.567639798991744,1.0,-2.078888888888889,-1871.0,1871.0,0.0,900,0.652674962280891,900,0
combined,croston_sba,day_1_daily,1,daily,store_id,CA_1,1.7287984239558378,3.085756728607665,0.6815236888130767,-0.10021581694483757,-30.06474508345127,761.0,730.9352549165487,300,0.5707000435311299,300,0
combined,last_value,day_1_daily,1,daily,store_id,CA_1,1.5866666666666667,2.8272483678186697,0.6254927726675427,-0.04,-12.0,761.0,749.0,300,0.5918973607270517,300,0
combined,mean_28,day_1_daily,1,daily,store_id,CA_1,1.4814285852387548,2.9463773884426723,0.5840060125776957,-0.12976190647731226,-38.928571943193674,761.0,722.0714280568063,300,0.5084207854077644,300,0
combined,seasonal_naive_7,day_1_daily,1,daily,store_id,CA_1,1.7566666666666666,3.0072135496724095,0.6925098554533509,-0.056666666666666664,-17.0,761.0,744.0,300,0.6625083412413215,300,0
combined,zero,day_1_daily,1,daily,store_id,CA_1,2.5366666666666666,5.705844956416768,1.0,-2.5366666666666666,-761.0,761.0,0.0,300,0.7116000210833332,300,0
combined,croston_sba,day_1_daily,1,daily,store_id,TX_2,1.5059469393640756,2.7764514921680954,0.6961233926182168,-0.03138481887678305,-9.415445663034916,649.0,639.5845543369651,300,0.549684691417759,300,0
combined,last_value,day_1_daily,1,daily,store_id,TX_2,1.56,2.691963347942662,0.7211093990755008,-0.006666666666666667,-2.0,649.0,647.0,300,0.6057473723982247,300,0
combined,mean_28,day_1_daily,1,daily,store_id,TX_2,1.2763095262646675,2.3148046641131326,0.5899735868711868,-0.032738105008999506,-9.821431502699852,649.0,639.1785684973001,300,0.4963635283625581,300,0
combined,seasonal_naive_7,day_1_daily,1,daily,store_id,TX_2,1.55,2.7658633371878665,0.7164869029275809,0.20333333333333334,61.0,649.0,710.0,300,0.6312085697658218,300,0
combined,zero,day_1_daily,1,daily,store_id,TX_2,2.1633333333333336,4.455333881989093,1.0,-2.1633333333333336,-649.0,649.0,0.0,300,0.6926391582738726,300,0
combined,croston_sba,day_1_daily,1,daily,store_id,WI_3,1.338359783248355,2.33011311988364,0.8709499674067386,0.3914032744926711,117.42098234780133,461.0,578.4209823478013,300,0.5513519080555418,300,0
combined,last_value,day_1_daily,1,daily,store_id,WI_3,1.35,2.5383721817994567,0.8785249457700651,0.13666666666666666,41.0,461.0,502.0,300,0.5899314815721113,300,0
combined,mean_28,day_1_daily,1,daily,store_id,WI_3,1.1644047495226066,1.9885353595374522,0.7577471255027808,0.3867857040216525,116.03571120649576,461.0,577.0357112064958,300,0.5040612741477228,300,0
combined,seasonal_naive_7,day_1_daily,1,daily,store_id,WI_3,1.4666666666666666,3.0702877172451877,0.9544468546637744,0.28,84.0,461.0,545.0,300,0.58958990458628,300,0
combined,zero,day_1_daily,1,daily,store_id,WI_3,1.5366666666666666,3.191133549905634,1.0,-1.5366666666666666,-461.0,461.0,0.0,300,0.553785707485467,300,0
combined,croston_sba,days_1_7_aggregate,7,aggregate,demand_band,high,11.826272961667893,20.021011981991492,0.36806068003933395,0.6166477496375139,183.1443816423416,9543.0,9726.144381642342,297,0.8891758321897224,297,0
combined,last_value,days_1_7_aggregate,7,aggregate,demand_band,high,15.737373737373737,25.223979825736425,0.4897830870795347,-0.006734006734006734,-2.0,9543.0,9541.0,297,1.3757717962704765,297,0
combined,mean_28,days_1_7_aggregate,7,aggregate,demand_band,high,8.107744066000787,13.11214892764306,0.25233155062372775,1.0774410389087818,319.9999885559082,9543.0,9862.999988555908,297,0.7073143429750134,297,0
combined,seasonal_naive_7,days_1_7_aggregate,7,aggregate,demand_band,high,8.542087542087542,14.151774703998338,0.26584931363302944,0.696969696969697,207.0,9543.0,9750.0,297,0.7170262488465474,297,0
combined,zero,days_1_7_aggregate,7,aggregate,demand_band,high,32.13131313131313,49.891633408569454,1.0,-32.13131313131313,-9543.0,9543.0,0.0,297,2.5243107985040263,297,0
combined,croston_sba,days_1_7_aggregate,7,aggregate,demand_band,low,2.336270866520477,3.1164032499289256,0.5729747707321071,0.19844251013163364,58.93742550909519,1211.0,1269.9374255090952,297,0.7263530960531339,297,0
combined,last_value,days_1_7_aggregate,7,aggregate,demand_band,low,3.952861952861953,5.924326383450113,0.9694467382328654,-0.2356902356902357,-70.0,1211.0,1141.0,297,1.2253535367780108,297,0
combined,mean_28,days_1_7_aggregate,7,aggregate,demand_band,low,2.071548819943309,3.0241382978074296,0.5080511969638009,0.06481480999827786,19.249998569488525,1211.0,1230.2499985694885,297,0.6463665478611524,297,0
combined,seasonal_naive_7,days_1_7_aggregate,7,aggregate,demand_band,low,2.303030303030303,3.252556621970566,0.564822460776218,0.08080808080808081,24.0,1211.0,1235.0,297,0.7330187942966685,297,0
combined,zero,days_1_7_aggregate,7,aggregate,demand_band,low,4.077441077441078,5.9974742158426135,1.0,-4.077441077441078,-1211.0,1211.0,0.0,297,1.212543500105161,297,0
combined,croston_sba,days_1_7_aggregate,7,aggregate,demand_band,medium,4.110989646194807,5.774729662728508,0.5686992910197156,1.4199468879138721,434.5037477016449,2212.0,2646.503747701645,306,0.8263444239568358,306,0
combined,last_value,days_1_7_aggregate,7,aggregate,demand_band,medium,7.281045751633987,11.844305876637366,1.0072332730560578,1.2810457516339868,392.0,2212.0,2604.0,306,1.5265674790038728,306,0
combined,mean_28,days_1_7_aggregate,7,aggregate,demand_band,medium,3.1380718829585055,4.442235436878431,0.4341094015304262,0.858660121369206,262.74999713897705,2212.0,2474.749997138977,306,0.6509266614032644,306,0
combined,seasonal_naive_7,days_1_7_aggregate,7,aggregate,demand_band,medium,3.303921568627451,5.265189666310438,0.45705244122965644,0.8529411764705882,261.0,2212.0,2473.0,306,0.6867729081610654,306,0
combined,zero,days_1_7_aggregate,7,aggregate,demand_band,medium,7.228758169934641,9.943960626489652,1.0,-7.228758169934641,-2212.0,2212.0,0.0,306,1.4097094526598986,306,0
combined,croston_sba,days_1_7_aggregate,7,aggregate,dept_id,FOODS_1,5.563276819829587,8.958358690742871,0.3816272208724565,-0.5995358281665378,-80.9373368024826,1968.0,1887.0626631975174,135,0.8683304783147691,135,0
combined,last_value,days_1_7_aggregate,7,aggregate,dept_id,FOODS_1,11.540740740740741,23.06287701689224,0.7916666666666666,2.2222222222222223,300.0,1968.0,2268.0,135,1.7351845440527318,135,0
combined,mean_28,days_1_7_aggregate,7,aggregate,dept_id,FOODS_1,4.522222211625841,7.013875029354038,0.3102134139072604,-0.4777778095669217,-64.50000429153442,1968.0,1903.4999957084656,135,0.7237704349778938,135,0
combined,seasonal_naive_7,days_1_7_aggregate,7,aggregate,dept_id,FOODS_1,5.62962962962963,10.198765357376098,0.3861788617886179,-0.45925925925925926,-62.0,1968.0,1906.0,135,0.9279914251156828,135,0
combined,zero,days_1_7_aggregate,7,aggregate,dept_id,FOODS_1,14.577777777777778,24.672671941659274,1.0,-14.577777777777778,-1968.0,1968.0,0.0,135,1.9209425732457188,135,0
combined,croston_sba,days_1_7_aggregate,7,aggregate,dept_id,FOODS_2,6.71781887634406,15.67797592649248,0.912117649158784,3.2866789644199703,828.2430990338326,1856.0,2684.2430990338326,252,0.8512742546859197,252,0
combined,last_value,days_1_7_aggregate,7,aggregate,dept_id,FOODS_2,6.440476190476191,10.350024921371729,0.8744612068965517,0.051587301587301584,13.0,1856.0,1869.0,252,1.2725041191576625,252,0
combined,mean_28,days_1_7_aggregate,7,aggregate,dept_id,FOODS_2,3.375000011353266,5.023802483461606,0.45824353602425805,1.369047619047619,345.0,1856.0,2201.0,252,0.7124476240100758,252,0
combined,seasonal_naive_7,days_1_7_aggregate,7,aggregate,dept_id,FOODS_2,3.1865079365079363,5.533089495487974,0.4326508620689655,0.7896825396825397,199.0,1856.0,2055.0,252,0.6319391368184857,252,0
combined,zero,days_1_7_aggregate,7,aggregate,dept_id,FOODS_2,7.365079365079365,13.234454792351427,1.0,-7.365079365079365,-1856.0,1856.0,0.0,252,1.2893392615173416,252,0
combined,croston_sba,days_1_7_aggregate,7,aggregate,dept_id,FOODS_3,5.887535323960739,10.757215113004882,0.33037690015224885,-0.13785615473346635,-70.72020737826824,9142.0,9071.279792621732,513,0.7815355919406909,513,0
combined,last_value,days_1_7_aggregate,7,aggregate,dept_id,FOODS_3,9.541910331384015,16.726034614281076,0.5354408225771166,0.01364522417153996,7.0,9142.0,9149.0,513,1.3347815224478288,513,0
combined,mean_28,days_1_7_aggregate,7,aggregate,dept_id,FOODS_3,4.917153960780094,9.55297118681586,0.27592430342159135,0.6267056307132713,321.4999885559082,9142.0,9463.499988555908,513,0.6315418576904199,513,0
combined,seasonal_naive_7,days_1_7_aggregate,7,aggregate,dept_id,FOODS_3,5.202729044834308,9.80800087131001,0.29194924524174143,0.6920077972709552,355.0,9142.0,9497.0,513,0.6945192647991142,513,0
combined,zero,days_1_7_aggregate,7,aggregate,dept_id,FOODS_3,17.820662768031188,35.70258343506281,1.0,-17.820662768031188,-9142.0,9142.0,0.0,513,1.8654504442696207,513,0
combined,croston_sba,days_1_7_aggregate,7,aggregate,intermittency_class,highly_intermittent,1.3364640049776941,1.8551088475901856,0.8236347937653231,0.17537517339553474,9.29488418996334,86.0,95.29488418996334,53,0.6848595709577334,53,0
combined,last_value,days_1_7_aggregate,7,aggregate,intermittency_class,highly_intermittent,1.9811320754716981,2.9620237854649947,1.2209302325581395,-0.4339622641509434,-23.0,86.0,63.0,53,1.0599339932082443,53,0
combined,mean_28,days_1_7_aggregate,7,aggregate,intermittency_class,highly_intermittent,1.0047169811320755,1.2862663534725114,0.6191860465116279,0.09905660377358491,5.25,86.0,91.25,53,0.5951969248352807,53,0
combined,seasonal_naive_7,days_1_7_aggregate,7,aggregate,intermittency_class,highly_intermittent,1.6415094339622642,2.580770690799662,1.0116279069767442,0.4339622641509434,23.0,86.0,109.0,53,0.8972277022151972,53,0
combined,zero,days_1_7_aggregate,7,aggregate,intermittency_class,highly_intermittent,1.6226415094339623,2.502828588496669,1.0,-1.6226415094339623,-86.0,86.0,0.0,53,0.8819952874353293,53,0
combined,croston_sba,days_1_7_aggregate,7,aggregate,intermittency_class,intermittent,3.2919517890344916,4.840574599664583,0.512398418589334,0.9226165985701532,397.64775398373604,2769.0,3166.647753983736,431,0.8049077186841432,431,0
combined,last_value,days_1_7_aggregate,7,aggregate,intermittency_class,intermittent,5.5429234338747095,10.259396688774316,0.8627663416395811,0.4617169373549884,199.0,2769.0,2968.0,431,1.3661134713282899,431,0
combined,mean_28,days_1_7_aggregate,7,aggregate,intermittency_class,intermittent,2.6223897679499295,4.0380476653987225,0.4081798447043769,0.5817865174773674,250.74998903274536,2769.0,3019.7499890327454,431,0.6606966982738068,431,0
combined,seasonal_naive_7,days_1_7_aggregate,7,aggregate,intermittency_class,intermittent,2.7981438515081205,4.604043416092226,0.4355362946912243,0.46403712296983757,200.0,2769.0,2969.0,431,0.7013240319653636,431,0
combined,zero,days_1_7_aggregate,7,aggregate,intermittency_class,intermittent,6.424593967517401,17.03558443056625,1.0,-6.424593967517401,-2769.0,2769.0,0.0,431,1.304123134664302,431,0
combined,croston_sba,days_1_7_aggregate,7,aggregate,intermittency_class,regular,9.554265710023733,17.11508819014729,0.39309410892788776,0.6481800881715921,269.6429166793823,10111.0,10380.642916679382,416,0.8400497629934962,416,0
combined,last_value,days_1_7_aggregate,7,aggregate,intermittency_class,regular,13.41826923076923,21.733083607185684,0.5520720007912174,0.34615384615384615,144.0,10111.0,10255.0,416,1.42954919400975,416,0
combined,mean_28,days_1_7_aggregate,7,aggregate,intermittency_class,regular,6.7307692147218265,11.25554079986273,0.2769261194070102,0.8317307577683375,345.9999952316284,10111.0,10456.999995231628,416,0.6849064158544701,416,0
combined,seasonal_naive_7,days_1_7_aggregate,7,aggregate,intermittency_class,regular,7.064903846153846,12.1703651737135,0.2906735238848779,0.6466346153846154,269.0,10111.0,10380.0,416,0.6995003887412116,416,0
combined,zero,days_1_7_aggregate,7,aggregate,intermittency_class,regular,24.30528846153846,39.67454740180991,1.0,-24.30528846153846,-10111.0,10111.0,0.0,416,2.2413317257847862,416,0
combined,croston_sba,days_1_7_aggregate,7,aggregate,overall,all,6.0713759430083964,12.11695525328552,0.4214282237164551,0.7517617276145352,676.5855548530817,12966.0,13642.585554853082,900,0.8140816504654667,900,0
combined,last_value,days_1_7_aggregate,7,aggregate,overall,all,8.973333333333333,16.40860208007441,0.6228597871355854,0.35555555555555557,320.0,12966.0,13286.0,900,1.3774043027673175,900,0
combined,mean_28,days_1_7_aggregate,7,aggregate,overall,all,4.426111092567444,8.152530243544,0.30722659133971153,0.6688888714048598,601.9999842643738,12966.0,13567.999984264374,900,0.6680297588530447,900,0
combined,seasonal_naive_7,days_1_7_aggregate,7,aggregate,overall,all,4.702222222222222,8.88856943870422,0.32639210242171834,0.5466666666666666,492.0,12966.0,13458.0,900,0.7120176530120235,900,0
combined,zero,days_1_7_aggregate,7,aggregate,overall,all,14.406666666666666,29.443467489033587,1.0,-14.406666666666666,-12966.0,12966.0,0.0,900,1.7124631324453974,900,0
combined,croston_sba,days_1_7_aggregate,7,aggregate,store_id,CA_1,6.524002083539963,12.003593762997808,0.38226574708241967,-0.011510669787724814,-3.453200936317444,5120.0,5116.546799063683,300,0.8216005659429192,300,0
combined,last_value,days_1_7_aggregate,7,aggregate,store_id,CA_1,10.243333333333334,18.728498783048966,0.6001953125,0.41,123.0,5120.0,5243.0,300,1.4192844263620126,300,0
combined,mean_28,days_1_7_aggregate,7,aggregate,store_id,CA_1,4.719999993642171,8.63717737418826,0.276562499627471,-0.21833335558573405,-65.50000667572021,5120.0,5054.49999332428,300,0.6586331305835831,300,0
combined,seasonal_naive_7,days_1_7_aggregate,7,aggregate,store_id,CA_1,5.253333333333333,9.96259671638541,0.3078125,-0.14666666666666667,-44.0,5120.0,5076.0,300,0.7142354252822025,300,0
combined,zero,days_1_7_aggregate,7,aggregate,store_id,CA_1,17.066666666666666,36.060412273479805,1.0,-17.066666666666666,-5120.0,5120.0,0.0,300,1.8326175885560054,300,0
combined,croston_sba,days_1_7_aggregate,7,aggregate,store_id,TX_2,5.592994402647019,11.24062365275266,0.38840238907270963,0.5236395597457886,157.09186792373657,4320.0,4477.091867923737,300,0.7605984719740452,300,0
combined,last_value,days_1_7_aggregate,7,aggregate,store_id,TX_2,8.143333333333333,14.043385156957942,0.5655092592592592,0.6966666666666667,209.0,4320.0,4529.0,300,1.2836964079875388,300,0
combined,mean_28,days_1_7_aggregate,7,aggregate,store_id,TX_2,4.039166668256124,6.880119294065216,0.2804976852955642,0.5141666491826375,154.24999475479126,4320.0,4474.249994754791,300,0.6325015976588838,300,0
combined,seasonal_naive_7,days_1_7_aggregate,7,aggregate,store_id,TX_2,4.42,8.038241930505285,0.30694444444444446,1.1666666666666667,350.0,4320.0,4670.0,300,0.6719865569974424,300,0
combined,zero,days_1_7_aggregate,7,aggregate,store_id,TX_2,14.4,28.19562613834517,1.0,-14.4,-4320.0,4320.0,0.0,300,1.7150709847207335,300,0
combined,croston_sba,days_1_7_aggregate,7,aggregate,store_id,WI_3,6.097131342838208,13.039322470913444,0.5187576298501028,1.743156292885542,522.9468878656626,3526.0,4048.9468878656626,300,0.8600459134794357,300,0
combined,last_value,days_1_7_aggregate,7,aggregate,store_id,WI_3,8.533333333333333,16.116864872962523,0.7260351673284174,-0.04,-12.0,3526.0,3514.0,300,1.4292320739524014,300,0
combined,mean_28,days_1_7_aggregate,7,aggregate,store_id,WI_3,4.5191666158040364,8.800816645172238,0.38450084649495486,1.7108333206176758,513.2499961853027,3526.0,4039.2499961853027,300,0.7129545483166669,300,0
combined,seasonal_naive_7,days_1_7_aggregate,7,aggregate,store_id,WI_3,4.433333333333334,8.552972192947509,0.3771979580260919,0.62,186.0,3526.0,3712.0,300,0.7498309767564257,300,0
combined,zero,days_1_7_aggregate,7,aggregate,store_id,WI_3,11.753333333333334,22.481251447965853,1.0,-11.753333333333334,-3526.0,3526.0,0.0,300,1.5897008240594535,300,0
combined,croston_sba,days_1_7_daily,7,daily,demand_band,high,2.8391634286052048,4.594890446684063,0.6185288450246486,0.08809252815099793,183.14436602592468,9543.0,9726.144366025925,2079,0.7325016587729357,297,0
combined,last_value,days_1_7_daily,7,daily,demand_band,high,2.9552669552669553,5.090900501607542,0.643822697265011,-0.000962000962000962,-2.0,9543.0,9541.0,2079,0.8271942251108462,297,0
combined,mean_28,days_1_7_daily,7,daily,demand_band,high,2.4283996347253742,4.054791622353233,0.5290414796808187,0.15392013656055198,319.9999639093876,9543.0,9862.999963909388,2079,0.6755162967407654,297,0
combined,seasonal_naive_7,days_1_7_daily,7,daily,demand_band,high,2.9057239057239057,4.960401153695092,0.633029445666981,0.09956709956709957,207.0,9543.0,9750.0,2079,0.8348089477492476,297,0
combined,zero,days_1_7_daily,7,daily,demand_band,high,4.590187590187591,7.983237609647024,1.0,-4.590187590187591,-9543.0,9543.0,0.0,2079,1.1387102122908428,297,0
combined,croston_sba,days_1_7_daily,7,daily,demand_band,low,0.6835925442450189,0.9883696264726928,1.1735663909871135,0.02834892822962618,58.93742178939283,1211.0,1269.9374217893928,2079,0.6726224020309355,297,0
combined,last_value,days_1_7_daily,7,daily,demand_band,low,0.6964886964886965,1.2226812728383039,1.1957060280759704,-0.03367003367003367,-70.0,1211.0,1141.0,2079,0.7616200866360733,297,0
combined,mean_28,days_1_7_daily,7,daily,demand_band,low,0.6447296090219788,0.9825029942977794,1.1068479415001602,0.009259258205641802,19.249997809529305,1211.0,1230.2499978095293,2079,0.6424962353893386,297,0
combined,seasonal_naive_7,days_1_7_daily,7,daily,demand_band,low,0.7070707070707071,1.2483755678647186,1.2138728323699421,0.011544011544011544,24.0,1211.0,1235.0,2079,0.8417391663157245,297,0
combined,zero,days_1_7_daily,7,daily,demand_band,low,0.5824915824915825,1.2299376052249613,1.0,-0.5824915824915825,-1211.0,1211.0,0.0,2079,0.7288171876043616,297,0
combined,croston_sba,days_1_7_daily,7,daily,demand_band,medium,1.0799530638950545,1.4798981171641805,1.0457773340249579,0.20284955807371077,434.5037533938885,2212.0,2646.5037533938885,2142,0.6840985986558039,306,0
combined,last_value,days_1_7_daily,7,daily,demand_band,medium,1.253968253968254,2.0910640878767546,1.2142857142857142,0.1830065359477124,392.0,2212.0,2604.0,2142,0.8468785240314464,306,0
combined,mean_28,days_1_7_daily,7,daily,demand_band,medium,0.9425270079915958,1.38284515727935,0.9127002039412289,0.12266572950760914,262.74999260529876,2212.0,2474.7499926052988,2142,0.6158709024003692,306,0
combined,seasonal_naive_7,days_1_7_daily,7,daily,demand_band,medium,1.173202614379085,1.9159510294730748,1.1360759493670887,0.12184873949579832,261.0,2212.0,2473.0,2142,0.8536722071659685,306,0
combined,zero,days_1_7_daily,7,daily,demand_band,medium,1.0326797385620916,1.8781758040912364,1.0,-1.0326797385620916,-2212.0,2212.0,0.0,2142,0.7615113233194677,306,0
combined,croston_sba,days_1_7_daily,7,daily,dept_id,FOODS_1,1.557326841606665,2.773975971332145,0.7478017608324686,-0.08564798220124825,-80.9373431801796,1968.0,1887.0626568198204,945,0.7851568894819085,135,0
combined,last_value,days_1_7_daily,7,daily,dept_id,FOODS_1,2.0783068783068783,4.112440797406002,0.9979674796747967,0.31746031746031744,300.0,1968.0,2268.0,945,1.0117148240466296,135,0
combined,mean_28,days_1_7_daily,7,daily,dept_id,FOODS_1,1.4736961424311317,2.6572751220067317,0.7076437269295831,-0.06825397183734273,-64.50000338628888,1968.0,1903.4999966137111,945,0.744289252793401,135,0
combined,seasonal_naive_7,days_1_7_daily,7,daily,dept_id,FOODS_1,1.8497354497354497,3.3186980299142332,0.8882113821138211,-0.0656084656084656,-62.0,1968.0,1906.0,945,1.0452206724168738,135,0
combined,zero,days_1_7_daily,7,daily,dept_id,FOODS_1,2.0825396825396827,4.298886283727831,1.0,-2.0825396825396827,-1968.0,1968.0,0.0,945,1.0050899153606514,135,0
combined,croston_sba,days_1_7_daily,7,daily,dept_id,FOODS_2,1.3901130722544226,2.563406015412347,1.3212066053107767,0.4695255667342891,828.243099719286,1856.0,2684.243099719286,1764,0.6597727153678744,252,0
combined,last_value,days_1_7_daily,7,daily,dept_id,FOODS_2,1.104875283446712,1.934148315206313,1.0501077586206897,0.007369614512471655,13.0,1856.0,1869.0,1764,0.7320228619617875,252,0
combined,mean_28,days_1_7_daily,7,daily,dept_id,FOODS_2,0.940557172372008,1.4386865486884497,0.8939347263277059,0.19557823034852337,344.99999833479524,1856.0,2200.9999983347952,1764,0.5987941954427816,252,0
combined,seasonal_naive_7,days_1_7_daily,7,daily,dept_id,FOODS_2,1.094671201814059,2.0684159811802396,1.0404094827586208,0.11281179138321995,199.0,1856.0,2055.0,1764,0.751180956563031,252,0
combined,zero,days_1_7_daily,7,daily,dept_id,FOODS_2,1.0521541950113378,2.264785133446498,1.0,-1.0521541950113378,-1856.0,1856.0,0.0,1764,0.6986702091101108,252,0
combined,croston_sba,days_1_7_daily,7,daily,dept_id,FOODS_3,1.5909874145485163,2.9736157198109803,0.6249437547192871,-0.019693738604817705,-70.72021532990038,9142.0,9071.2797846701,3591,0.6908325787420345,513,0
combined,last_value,days_1_7_daily,7,daily,dept_id,FOODS_3,1.7724867724867726,3.491446364547722,0.696237147232553,0.001949317738791423,7.0,9142.0,9149.0,3591,0.799164554545404,513,0
combined,mean_28,days_1_7_daily,7,daily,dept_id,FOODS_3,1.4915463219735738,2.888466556764289,0.5858830499023303,0.089529367690256,321.4999593757093,9142.0,9463.49995937571,3591,0.6404113680281945,513,0
combined,seasonal_naive_7,days_1_7_daily,7,daily,dept_id,FOODS_3,1.7669172932330828,3.5124396035819485,0.6940494421352001,0.09885825675299359,355.0,9142.0,9497.0,3591,0.8357818585573515,513,0
combined,zero,days_1_7_daily,7,daily,dept_id,FOODS_3,2.5458089668615984,5.700400841846795,1.0,-2.5458089668615984,-9142.0,9142.0,0.0,3591,0.9277311334019436,513,0
combined,croston_sba,days_1_7_daily,7,daily,intermittency_class,highly_intermittent,0.3790682763152447,0.555850919473169,1.6352829129413464,0.025053595521580176,9.294883938506246,86.0,95.29488393850625,371,0.6538004046717795,53,0
combined,last_value,days_1_7_daily,7,daily,intermittency_class,highly_intermittent,0.30997304582210244,0.6463665812929988,1.3372093023255813,-0.06199460916442048,-23.0,86.0,63.0,371,0.6895176044497351,53,0
combined,mean_28,days_1_7_daily,7,daily,intermittency_class,highly_intermittent,0.34742010094606973,0.5220171696598045,1.4987541564068823,0.014150944550965995,5.250000428408384,86.0,91.25000042840838,371,0.6241920724630394,53,0
combined,seasonal_naive_7,days_1_7_daily,7,daily,intermittency_class,highly_intermittent,0.3908355795148248,0.8640779639377475,1.686046511627907,0.06199460916442048,23.0,86.0,109.0,371,0.896700701738994,53,0
combined,zero,days_1_7_daily,7,daily,intermittency_class,highly_intermittent,0.23180592991913745,0.6054558773412049,1.0,-0.23180592991913745,-86.0,86.0,0.0,371,0.6360298432132278,53,0
combined,croston_sba,days_1_7_daily,7,daily,intermittency_class,intermittent,0.8710639321578332,1.391647979695112,0.9490790477862704,0.13180237311720452,397.64775969460607,2769.0,3166.647759694606,3017,0.6704703927488802,431,0
combined,last_value,days_1_7_daily,7,daily,intermittency_class,intermittent,0.9436526350679483,1.8990952611017555,1.028169014084507,0.06595956247928406,199.0,2769.0,2968.0,3017,0.7884350081211295,431,0
combined,mean_28,days_1_7_daily,7,daily,intermittency_class,intermittent,0.779901981104337,1.3383830193658992,0.849752357165686,0.08311236031627592,250.74999107420444,2769.0,3019.7499910742044,3017,0.6149231715707998,431,0
combined,seasonal_naive_7,days_1_7_daily,7,daily,intermittency_class,intermittent,0.8942658269804441,1.6399471280190847,0.9743589743589743,0.06629101756711965,200.0,2769.0,2969.0,3017,0.8225542612594118,431,0
combined,zero,days_1_7_daily,7,daily,intermittency_class,intermittent,0.9177991382167716,2.7168314910960043,1.0,-0.9177991382167716,-2769.0,2769.0,0.0,3017,0.7357536143557253,431,0
combined,croston_sba,days_1_7_daily,7,daily,intermittency_class,regular,2.3586658367395894,3.916122369091916,0.6793032258516154,0.09259714889288931,269.6428975760937,10111.0,10380.642897576094,2912,0.7284419628006108,416,0
combined,last_value,days_1_7_daily,7,daily,intermittency_class,regular,2.5123626373626373,4.358583800645888,0.7235683908614381,0.04945054945054945,144.0,10111.0,10255.0,2912,0.8525547053038819,416,0
combined,mean_28,days_1_7_daily,7,daily,intermittency_class,regular,2.0350519967122147,3.4559196791542415,0.5861014157280159,0.1188186685513746,345.9999628216028,10111.0,10456.999962821603,2912,0.6773849793019184,416,0
combined,seasonal_naive_7,days_1_7_daily,7,daily,intermittency_class,regular,2.4660027472527473,4.3009630278616635,0.7102165957867669,0.09237637362637363,269.0,10111.0,10380.0,2912,0.8584434170074756,416,0
combined,zero,days_1_7_daily,7,daily,intermittency_class,regular,3.472184065934066,6.44063657184206,1.0,-3.472184065934066,-10111.0,10111.0,0.0,2912,1.050141137564938,416,0
combined,croston_sba,days_1_7_daily,7,daily,overall,all,1.5296935127648925,2.8344837398332015,0.7432569127270416,0.10739453035066762,676.585541209206,12966.0,13642.585541209206,6300,0.6962844636082509,900,0
combined,last_value,days_1_7_daily,7,daily,overall,all,1.6314285714285715,3.2454119018544336,0.7926885701064322,0.050793650793650794,320.0,12966.0,13286.0,6300,0.8122474210471751,900,0
combined,mean_28,days_1_7_daily,7,daily,overall,all,1.3345918331537692,2.528707621543472,0.6484597060673103,0.09555554830543106,601.9999543242157,12966.0,13567.999954324216,6300,0.64434024241906,900,0
combined,seasonal_naive_7,days_1_7_daily,7,daily,overall,all,1.5911111111111111,3.1436002007606216,0.7730988739780965,0.07809523809523809,492.0,12966.0,13458.0,6300,0.84350942807787,900,0
combined,zero,days_1_7_daily,7,daily,overall,all,2.058095238095238,4.767615623155744,1.0,-2.058095238095238,-12966.0,12966.0,0.0,6300,0.8751978918940366,900,0
combined,croston_sba,days_1_7_daily,7,daily,store_id,CA_1,1.7229014500904651,3.274846199029029,0.7066587978886674,-0.0016443883734089987,-3.4532155841588974,5120.0,5116.546784415841,2100,0.7298721186393992,300,0
combined,last_value,days_1_7_daily,7,daily,store_id,CA_1,1.889047619047619,3.8655376019877172,0.7748046875,0.05857142857142857,123.0,5120.0,5243.0,2100,0.8533740161938107,300,0
combined,mean_28,days_1_7_daily,7,daily,store_id,CA_1,1.5192857146990442,3.050663482297807,0.6231445314195299,-0.031190477905883675,-65.50000360235572,5120.0,5054.499996397644,2100,0.6734539957169717,300,0
combined,seasonal_naive_7,days_1_7_daily,7,daily,store_id,CA_1,1.7771428571428571,3.500204075683098,0.72890625,-0.02095238095238095,-44.0,5120.0,5076.0,2100,0.8639246523937498,300,0
combined,zero,days_1_7_daily,7,daily,store_id,CA_1,2.4380952380952383,5.858489972843238,1.0,-2.4380952380952383,-5120.0,5120.0,0.0,2100,0.9286854140362844,300,0
combined,croston_sba,days_1_7_daily,7,daily,store_id,TX_2,1.4716138183396488,2.6209709790671325,0.7153678283595515,0.07480565731369314,157.0918803587556,4320.0,4477.091880358756,2100,0.676035618519271,300,0
combined,last_value,days_1_7_daily,7,daily,store_id,TX_2,1.5576190476190477,2.8836980226289795,0.757175925925926,0.09952380952380953,209.0,4320.0,4529.0,2100,0.7797895729471789,300,0
combined,mean_28,days_1_7_daily,7,daily,store_id,TX_2,1.2919557807310706,2.2927987278012902,0.6280340600776038,0.07345237118147668,154.24997948110104,4320.0,4474.249979481101,2100,0.6280434847159125,300,0
combined,seasonal_naive_7,days_1_7_daily,7,daily,store_id,TX_2,1.5609523809523809,2.9350103431309598,0.7587962962962963,0.16666666666666666,350.0,4320.0,4670.0,2100,0.8190808843049137,300,0
combined,zero,days_1_7_daily,7,daily,store_id,TX_2,2.057142857142857,4.5293750225873435,1.0,-2.057142857142857,-4320.0,4320.0,0.0,2100,0.8709334754674497,300,0
combined,croston_sba,days_1_7_daily,7,daily,store_id,WI_3,1.3945652698645634,2.5512325871486965,0.8305692191479249,0.2490223221117187,522.9468764346093,3526.0,4048.9468764346093,2100,0.6829456536660824,300,0
combined,last_value,days_1_7_daily,7,daily,store_id,WI_3,1.4476190476190476,2.8879058156387303,0.8621667612024957,-0.005714285714285714,-12.0,3526.0,3514.0,2100,0.803578674000536,300,0
combined,mean_28,days_1_7_daily,7,daily,store_id,WI_3,1.1925340040311927,2.1493285038177694,0.710244301890387,0.24440475164070016,513.2499784454703,3526.0,4039.2499784454703,2100,0.6315232468242953,300,0
combined,seasonal_naive_7,days_1_7_daily,7,daily,store_id,WI_3,1.4352380952380952,2.9632671801497046,0.8547929665343165,0.08857142857142856,186.0,3526.0,3712.0,2100,0.8475227475349466,300,0
combined,zero,days_1_7_daily,7,daily,store_id,WI_3,1.6790476190476191,3.6542213032783515,1.0,-1.6790476190476191,-3526.0,3526.0,0.0,2100,0.8259747861783757,300,0
combined,croston_sba,days_1_30_aggregate,30,aggregate,demand_band,high,41.75370039602723,77.60909873605476,0.28439705113338426,-6.466411605025783,-1920.5242466926575,43604.0,41683.47575330734,297,1.487511514292883,297,0
combined,last_value,days_1_30_aggregate,30,aggregate,demand_band,high,72.11447811447812,111.74399553765983,0.4911934684891294,-9.138047138047138,-2714.0,43604.0,40890.0,297,2.893584532278653,297,0
combined,mean_28,days_1_30_aggregate,30,aggregate,demand_band,high,36.60509915143151,65.23933011889731,0.24932837464395832,-4.49158359938599,-1334.0003290176392,43604.0,42269.99967098236,297,1.3627325583621932,297,0
combined,seasonal_naive_7,days_1_30_aggregate,30,aggregate,demand_band,high,37.24242424242424,62.77792080076673,0.2536693881295294,-6.34006734006734,-1883.0,43604.0,41721.0,297,1.414564313060459,297,0
combined,zero,days_1_30_aggregate,30,aggregate,demand_band,high,146.8148148148148,218.20167979182256,1.0,-146.8148148148148,-43604.0,43604.0,0.0,297,5.5946253661552445,297,0
combined,croston_sba,days_1_30_aggregate,30,aggregate,demand_band,low,7.540880327072208,10.448402776573642,0.41337051626807786,0.08279115322864417,24.588972508907318,5418.0,5442.588972508907,297,1.111745280073428,297,0
combined,last_value,days_1_30_aggregate,30,aggregate,demand_band,low,18.08080808080808,26.12363765719553,0.991140642303433,-1.7777777777777777,-528.0,5418.0,4890.0,297,2.703963734841364,297,0
combined,mean_28,days_1_30_aggregate,30,aggregate,demand_band,low,6.970418377757474,10.233505849747326,0.38209934628903097,-0.4898990557249949,-145.5000195503235,5418.0,5272.4999804496765,297,1.0419822386190296,297,0
combined,seasonal_naive_7,days_1_30_aggregate,30,aggregate,demand_band,low,9.377104377104377,13.763881881375053,0.5140273163528978,-0.3333333333333333,-99.0,5418.0,5319.0,297,1.4455818051574607,297,0
combined,zero,days_1_30_aggregate,30,aggregate,demand_band,low,18.242424242424242,25.07000300169608,1.0,-18.242424242424242,-5418.0,5418.0,0.0,297,2.6110972123972145,297,0
combined,croston_sba,days_1_30_aggregate,30,aggregate,demand_band,medium,13.249687490899579,20.762544520755366,0.3719295818929705,1.441695939481648,441.1589574813843,10901.0,11342.158957481384,306,1.2641086424562842,306,0
combined,last_value,days_1_30_aggregate,30,aggregate,demand_band,medium,32.71568627450981,49.40022624382581,0.9183561141179708,0.8464052287581699,259.0,10901.0,11160.0,306,3.331916838355519,306,0
combined,mean_28,days_1_30_aggregate,30,aggregate,demand_band,medium,10.860644135210249,15.786390614982578,0.3048671778161945,-0.9638189244893641,-294.9285908937454,10901.0,10606.071409106255,306,1.0765736392688965,306,0
combined,seasonal_naive_7,days_1_30_aggregate,30,aggregate,demand_band,medium,14.006535947712418,20.09845049794388,0.39317493807907533,-0.9934640522875817,-304.0,10901.0,10597.0,306,1.42762350005621,306,0
combined,zero,days_1_30_aggregate,30,aggregate,demand_band,medium,35.62418300653595,44.48385915689191,1.0,-35.62418300653595,-10901.0,10901.0,0.0,306,3.445840780678711,306,0
combined,croston_sba,days_1_30_aggregate,30,aggregate,dept_id,FOODS_1,16.565944505620887,26.08002813182564,0.28113167922801,0.9808250391924823,132.4113802909851,7955.0,8087.411380290985,135,1.290040095644496,135,0
combined,last_value,days_1_30_aggregate,30,aggregate,dept_id,FOODS_1,45.474074074074075,89.4717418663155,0.7717159019484601,13.074074074074074,1765.0,7955.0,9720.0,135,3.4349105821002057,135,0
combined,mean_28,days_1_30_aggregate,30,aggregate,dept_id,FOODS_1,15.63068850570255,24.599649705795766,0.26525995578502126,1.5026455057991877,202.85714328289032,7955.0,8157.85714328289,135,1.2320325508810608,135,0
combined,seasonal_naive_7,days_1_30_aggregate,30,aggregate,dept_id,FOODS_1,18.014814814814816,28.822059452979953,0.30571967316153364,1.2592592592592593,170.0,7955.0,8125.0,135,1.5847413344542436,135,0
combined,zero,days_1_30_aggregate,30,aggregate,dept_id,FOODS_1,58.925925925925924,97.02389930855715,1.0,-58.925925925925924,-7955.0,7955.0,0.0,135,3.7604069152895674,135,0
combined,croston_sba,days_1_30_aggregate,30,aggregate,dept_id,FOODS_2,21.83913432605683,57.44258126074305,0.5016829398510776,2.1186469093201654,533.8990211486816,10970.0,11503.899021148682,252,1.3261823135841846,252,0
combined,last_value,days_1_30_aggregate,30,aggregate,dept_id,FOODS_2,35.26984126984127,61.36321735734237,0.8102096627164995,-11.746031746031745,-2960.0,10970.0,8010.0,252,2.90805335833002,252,0
combined,mean_28,days_1_30_aggregate,30,aggregate,dept_id,FOODS_2,16.679138285300088,42.36942378645236,0.383148846663229,-6.099773279731235,-1537.1428664922714,10970.0,9432.857133507729,252,1.2057637651589777,252,0
combined,seasonal_naive_7,days_1_30_aggregate,30,aggregate,dept_id,FOODS_2,18.511904761904763,42.83259217442895,0.4252506836827712,-8.408730158730158,-2119.0,10970.0,8851.0,252,1.3860919522750137,252,0
combined,zero,days_1_30_aggregate,30,aggregate,dept_id,FOODS_2,43.53174603174603,77.41026551013249,1.0,-43.53174603174603,-10970.0,10970.0,0.0,252,3.3686397207513736,252,0
combined,croston_sba,days_1_30_aggregate,30,aggregate,dept_id,FOODS_3,21.354835260332678,44.80589178117533,0.2672089001549018,-4.134671965189147,-2121.0867181420326,40998.0,38876.91328185797,513,1.267920383203111,513,0
combined,last_value,days_1_30_aggregate,30,aggregate,dept_id,FOODS_3,42.44054580896686,71.57931573119296,0.5310502951363482,-3.4853801169590644,-1788.0,40998.0,39210.0,513,2.8957037290228866,513,0
combined,mean_28,days_1_30_aggregate,30,aggregate,dept_id,FOODS_3,19.399610166428847,40.40167324845049,0.24274354884087024,-0.8579789790493703,-440.14321625232697,40998.0,40557.85678374767,513,1.1178459359272903,513,0
combined,seasonal_naive_7,days_1_30_aggregate,30,aggregate,dept_id,FOODS_3,21.510721247563353,38.890484511960615,0.26915947119371675,-0.6569200779727096,-337.0,40998.0,40661.0,513,1.4095144951331307,513,0
combined,zero,days_1_30_aggregate,30,aggregate,dept_id,FOODS_3,79.91812865497076,153.90958334052686,1.0,-79.91812865497076,-40998.0,40998.0,0.0,513,4.161744135525006,513,0
combined,croston_sba,days_1_30_aggregate,30,aggregate,intermittency_class,highly_intermittent,4.924659865082435,6.708090081987196,0.6289324646972748,-0.12440290203634298,-6.593353807926178,415.0,408.4066461920738,53,1.1758662909903437,53,0
combined,last_value,days_1_30_aggregate,30,aggregate,intermittency_class,highly_intermittent,9.11320754716981,11.550545196639968,1.163855421686747,-2.7358490566037736,-145.0,415.0,270.0,53,2.367757024310122,53,0
combined,mean_28,days_1_30_aggregate,30,aggregate,intermittency_class,highly_intermittent,4.0768193501346515,5.8147418278355785,0.520654037487076,-0.45148240620235225,-23.92856752872467,415.0,391.07143247127533,53,1.1100490828456624,53,0
combined,seasonal_naive_7,days_1_30_aggregate,30,aggregate,intermittency_class,highly_intermittent,7.226415094339623,13.339542579354628,0.9228915662650602,1.0,53.0,415.0,468.0,53,1.8534980629247921,53,0
combined,zero,days_1_30_aggregate,30,aggregate,intermittency_class,highly_intermittent,7.830188679245283,9.74292195913971,1.0,-7.830188679245283,-415.0,415.0,0.0,53,2.0297591107846706,53,0
combined,croston_sba,days_1_30_aggregate,30,aggregate,intermittency_class,intermittent,10.710245418991125,17.619783752773895,0.33907123369951336,-0.09896161661347215,-42.652456760406494,13614.0,13571.347543239594,431,1.2179164999280196,431,0
combined,last_value,days_1_30_aggregate,30,aggregate,intermittency_class,intermittent,24.80278422273782,40.792326743073744,0.7852210959306596,-2.074245939675174,-894.0,13614.0,12720.0,431,3.0097461091810174,431,0
combined,mean_28,days_1_30_aggregate,30,aggregate,intermittency_class,intermittent,9.34554186663882,15.092461337866183,0.2958666479007883,-1.5596620190171244,-672.2143301963806,13614.0,12941.78566980362,431,1.089964754406643,431,0
combined,seasonal_naive_7,days_1_30_aggregate,30,aggregate,intermittency_class,intermittent,11.951276102088167,18.70735676721266,0.378360511238431,-2.0580046403712298,-887.0,13614.0,12727.0,431,1.4354987271572959,431,0
combined,zero,days_1_30_aggregate,30,aggregate,intermittency_class,intermittent,31.587006960556845,75.15197286513536,1.0,-31.587006960556845,-13614.0,13614.0,0.0,431,3.122028842818019,431,0
combined,croston_sba,days_1_30_aggregate,30,aggregate,intermittency_class,regular,33.2157983138011,66.08970192086306,0.3010801433420765,-3.378679101283734,-1405.5305061340332,45894.0,44488.46949386597,416,1.3739268933340207,416,0
combined,last_value,days_1_30_aggregate,30,aggregate,intermittency_class,regular,61.60096153846154,97.2424853731046,0.5583736436135442,-4.673076923076923,-1944.0,45894.0,43950.0,416,3.0272757031874487,416,0
combined,mean_28,days_1_30_aggregate,30,aggregate,intermittency_class,regular,28.897321734290855,55.28505373388657,0.2619358923054211,-2.5920337541745258,-1078.2860417366028,45894.0,44815.7139582634,416,1.2380394658163993,416,0
combined,seasonal_naive_7,days_1_30_aggregate,30,aggregate,intermittency_class,regular,30.283653846153847,53.486698562137136,0.2745021135660435,-3.4903846153846154,-1452.0,45894.0,44442.0,416,1.368703940836812,416,0
combined,zero,days_1_30_aggregate,30,aggregate,intermittency_class,regular,110.32211538461539,173.3001093035298,1.0,-110.32211538461539,-45894.0,45894.0,0.0,416,4.899892357191376,416,0
combined,croston_sba,days_1_30_aggregate,30,aggregate,overall,all,20.772105385528672,46.58584489594824,0.31198195762855335,-1.6164181296692954,-1454.7763167023659,59923.0,58468.223683297634,900,1.2875516805760192,900,0
combined,last_value,days_1_30_aggregate,30,aggregate,overall,all,40.88777777777778,71.94132640175913,0.6141047677853245,-3.3144444444444443,-2983.0,59923.0,56940.0,900,2.980042653190482,900,0
combined,mean_28,days_1_30_aggregate,30,aggregate,overall,all,18.072539790603848,39.03622343071313,0.27143644029076425,-1.971587710513009,-1774.428939461708,59923.0,58148.57106053829,900,1.1595909203552281,900,0
combined,seasonal_naive_7,days_1_30_aggregate,30,aggregate,overall,all,20.14666666666667,38.73514052008991,0.3025883216794887,-2.54,-2286.0,59923.0,57637.0,900,1.429240209031025,900,0
combined,zero,days_1_30_aggregate,30,aggregate,overall,all,66.58111111111111,128.81053700860207,1.0,-66.58111111111111,-59923.0,59923.0,0.0,900,3.879474316353073,900,0
combined,croston_sba,days_1_30_aggregate,30,aggregate,store_id,CA_1,21.04542758464813,38.50312311143542,0.28170749042452436,-1.6131413666407268,-483.942409992218,22412.0,21928.057590007782,300,1.3018453622903319,300,0
combined,last_value,days_1_30_aggregate,30,aggregate,store_id,CA_1,46.08,78.33968768553183,0.6168124219168303,0.19333333333333333,58.0,22412.0,22470.0,300,3.120770463930033,300,0
combined,mean_28,days_1_30_aggregate,30,aggregate,store_id,CA_1,18.101905191342038,33.226981012272034,0.24230642322874402,-2.4995240604877473,-749.8572181463242,22412.0,21662.142781853676,300,1.1510158669049668,300,0
combined,seasonal_naive_7,days_1_30_aggregate,30,aggregate,store_id,CA_1,20.066666666666666,35.489810744306126,0.2686061038729252,-2.4133333333333336,-724.0,22412.0,21688.0,300,1.3818696409204725,300,0
combined,zero,days_1_30_aggregate,30,aggregate,store_id,CA_1,74.70666666666666,147.86178230586384,1.0,-74.70666666666666,-22412.0,22412.0,0.0,300,3.993609038900489,300,0
combined,croston_sba,days_1_30_aggregate,30,aggregate,store_id,TX_2,21.113499151865643,48.773420307644514,0.3210039400749895,-1.8148778216044108,-544.4633464813232,19732.0,19187.536653518677,300,1.241637482468273,300,0
combined,last_value,days_1_30_aggregate,30,aggregate,store_id,TX_2,38.38666666666666,65.67201331871388,0.5836205148996554,-1.0733333333333333,-322.0,19732.0,19410.0,300,2.8139625229720058,300,0
combined,mean_28,days_1_30_aggregate,30,aggregate,store_id,TX_2,17.749762042363486,39.07440286700812,0.2698625893325079,-1.8554767592748007,-556.6430277824402,19732.0,19175.35697221756,300,1.1074365308030416,300,0
combined,seasonal_naive_7,days_1_30_aggregate,30,aggregate,store_id,TX_2,20.466666666666665,40.011248418413544,0.31116967362659637,1.04,312.0,19732.0,20044.0,300,1.3813158446392853,300,0
combined,zero,days_1_30_aggregate,30,aggregate,store_id,TX_2,65.77333333333333,124.59620111918875,1.0,-65.77333333333333,-19732.0,19732.0,0.0,300,3.785245461148596,300,0
combined,croston_sba,days_1_30_aggregate,30,aggregate,store_id,WI_3,20.15738942007224,51.47218487851024,0.34013256235005745,-1.4212352007627487,-426.3705602288246,17779.0,17352.629439771175,300,1.3191721969694532,300,0
combined,last_value,days_1_30_aggregate,30,aggregate,store_id,WI_3,38.196666666666665,71.25126899454727,0.6445244389448226,-9.063333333333333,-2719.0,17779.0,15060.0,300,3.005394972669407,300,0
combined,mean_28,days_1_30_aggregate,30,aggregate,store_id,WI_3,18.365952138106028,44.05268428364531,0.30990413642116027,-1.5597623117764792,-467.9286935329437,17779.0,17311.071306467056,300,1.220320363357677,300,0
combined,seasonal_naive_7,days_1_30_aggregate,30,aggregate,store_id,WI_3,19.906666666666666,40.50687184499275,0.33590190674391135,-6.246666666666667,-1874.0,17779.0,15905.0,300,1.524535141533317,300,0
combined,zero,days_1_30_aggregate,30,aggregate,store_id,WI_3,59.263333333333335,111.30652870938583,1.0,-59.263333333333335,-17779.0,17779.0,0.0,300,3.8595684490101347,300,0
combined,croston_sba,days_1_30_daily,30,daily,demand_band,high,2.9546780591995763,4.738585678271303,0.6037561119958771,-0.21554704215523904,-1920.52414560318,43604.0,41683.47585439682,8910,0.7929938033890276,297,0
combined,last_value,days_1_30_daily,30,daily,demand_band,high,3.2585858585858585,5.44388782972072,0.6658563434547289,-0.30460157126823795,-2714.0,43604.0,40890.0,8910,0.9184756528312527,297,0
combined,mean_28,days_1_30_daily,30,daily,demand_band,high,2.7226230593442113,4.526682981045078,0.5563382134381462,-0.14971943374568497,-1334.0001546740532,43604.0,42269.99984532595,8910,0.7641220233085735,297,0
combined,seasonal_naive_7,days_1_30_daily,30,daily,demand_band,high,3.1473625140291808,5.246868554636149,0.6431290707274562,-0.21133557800224467,-1883.0,43604.0,41721.0,8910,0.9158161165179844,297,0
combined,zero,days_1_30_daily,30,daily,demand_band,high,4.893827160493827,8.28637273262391,1.0,-4.893827160493827,-43604.0,43604.0,0.0,8910,1.255834678921424,297,0
combined,croston_sba,days_1_30_daily,30,daily,demand_band,low,0.6994380697260969,1.016175258004994,1.1502386860944118,0.0027597026404005912,24.588950525969267,5418.0,5442.588950525969,8910,0.7405072990025352,297,0
combined,last_value,days_1_30_daily,30,daily,demand_band,low,0.7375982042648709,1.292124117974509,1.2129937246216316,-0.05925925925925926,-528.0,5418.0,4890.0,8910,0.8645037393368228,297,0
combined,mean_28,days_1_30_daily,30,daily,demand_band,low,0.6634519798152241,1.0137424946194882,1.0910589036828435,-0.016329967383583787,-145.50000938773155,5418.0,5272.499990612268,8910,0.7165487052943479,297,0
combined,seasonal_naive_7,days_1_30_daily,30,daily,demand_band,low,0.7529741863075197,1.3121635905785356,1.23827980804725,-0.011111111111111112,-99.0,5418.0,5319.0,8910,0.9339090022996901,297,0
combined,zero,days_1_30_daily,30,daily,demand_band,low,0.6080808080808081,1.2687206455003177,1.0,-0.6080808080808081,-5418.0,5418.0,0.0,8910,0.8302311793954583,297,0
combined,croston_sba,days_1_30_daily,30,daily,demand_band,medium,1.1240668251266406,1.5441275751839112,0.9466042981985654,0.048056529751270685,441.1589431166649,10901.0,11342.158943116665,9180,0.7682870773811228,306,0
combined,last_value,days_1_30_daily,30,daily,demand_band,medium,1.3377995642701526,2.148693680260268,1.1265938904687642,0.028213507625272333,259.0,10901.0,11160.0,9180,0.9726870463901798,306,0
combined,mean_28,days_1_30_daily,30,daily,demand_band,medium,1.0127917818359884,1.4772436251674885,0.8528968495784216,-0.03212729881483096,-294.9286031201482,10901.0,10606.071396879852,9180,0.7274518573892176,306,0
combined,seasonal_naive_7,days_1_30_daily,30,daily,demand_band,medium,1.2383442265795206,1.9524299144415147,1.0428401064122557,-0.033115468409586055,-304.0,10901.0,10597.0,9180,0.9520689973743474,306,0
combined,zero,days_1_30_daily,30,daily,demand_band,medium,1.1874727668845315,2.0258406899579553,1.0,-1.1874727668845315,-10901.0,10901.0,0.0,9180,0.9426325194740242,306,0
combined,croston_sba,days_1_30_daily,30,daily,dept_id,FOODS_1,1.5191006193116858,2.5819118538765964,0.7733950356018011,0.032694169474236756,132.41138637065887,7955.0,8087.411386370659,4050,0.8302243877870623,135,0
combined,last_value,days_1_30_daily,30,daily,dept_id,FOODS_1,1.9864197530864198,3.8477506656727622,1.011313639220616,0.43580246913580245,1765.0,7955.0,9720.0,4050,1.0558369515834185,135,0
combined,mean_28,days_1_30_daily,30,daily,dept_id,FOODS_1,1.475185187022995,2.5657177466745162,0.7510370845308775,0.050088179838142274,202.85712834447622,7955.0,8157.857128344476,4050,0.8087256193073223,135,0
combined,seasonal_naive_7,days_1_30_daily,30,daily,dept_id,FOODS_1,1.7664197530864199,3.086089858912723,0.8993086109365179,0.04197530864197531,170.0,7955.0,8125.0,4050,1.0713035787311445,135,0
combined,zero,days_1_30_daily,30,daily,dept_id,FOODS_1,1.9641975308641975,4.046000921501393,1.0,-1.9641975308641975,-7955.0,7955.0,0.0,4050,1.0460296479856535,135,0
combined,croston_sba,days_1_30_daily,30,daily,dept_id,FOODS_2,1.4439396032245544,2.7708165367128936,0.9950942024045243,0.07062156068742591,533.8989987969398,10970.0,11503.89899879694,7560,0.7477707880390428,252,0
combined,last_value,days_1_30_daily,30,daily,dept_id,FOODS_2,1.4087301587301588,2.8626864209992586,0.9708295350957156,-0.3915343915343915,-2960.0,10970.0,8010.0,7560,0.8770176274391513,252,0
combined,mean_28,days_1_30_daily,30,daily,dept_id,FOODS_2,1.1810846552134506,2.4506688028845884,0.8139471279319678,-0.20332577569833982,-1537.142864279449,10970.0,9432.857135720551,7560,0.7119901668707999,252,0
combined,seasonal_naive_7,days_1_30_daily,30,daily,dept_id,FOODS_2,1.386111111111111,2.904498426770294,0.9552415679124886,-0.2802910052910053,-2119.0,10970.0,8851.0,7560,0.8894648038255285,252,0
combined,zero,days_1_30_daily,30,daily,dept_id,FOODS_2,1.4510582010582012,3.2663913068265673,1.0,-1.4510582010582012,-10970.0,10970.0,0.0,7560,0.9080402679206866,252,0
combined,croston_sba,days_1_30_daily,30,daily,dept_id,FOODS_3,1.6769699320857927,3.081267446783733,0.6295079578223414,-0.13782239357557793,-2121.0866371281445,40998.0,38876.913362871855,15390,0.7602868268066774,513,0
combined,last_value,days_1_30_daily,30,daily,dept_id,FOODS_3,1.896816114359974,3.5995090272378802,0.7120347334016294,-0.11617933723196881,-1788.0,40998.0,39210.0,15390,0.9037830118730718,513,0
combined,mean_28,days_1_30_daily,30,daily,dept_id,FOODS_3,1.5960920828660252,3.012845739928462,0.5991476939194138,-0.028599287280504235,-440.14303124696016,40998.0,40557.85696875304,15390,0.7285769865462731,513,0
combined,seasonal_naive_7,days_1_30_daily,30,daily,dept_id,FOODS_3,1.8510071474983756,3.543794510431402,0.6948387726230548,-0.021897335932423653,-337.0,40998.0,40661.0,15390,0.9199422218180545,513,0
combined,zero,days_1_30_daily,30,daily,dept_id,FOODS_3,2.6639376218323587,5.795149323831964,1.0,-2.6639376218323587,-40998.0,40998.0,0.0,15390,1.0486685397370161,513,0
combined,croston_sba,days_1_30_daily,30,daily,intermittency_class,highly_intermittent,0.40376802446941534,0.6074988950959134,1.5469666479671575,-0.004146763867458458,-6.593354549258947,415.0,408.40664545074105,1590,0.7771013972043948,53,0
combined,last_value,days_1_30_daily,30,daily,intermittency_class,highly_intermittent,0.340251572327044,0.6835902262937035,1.3036144578313253,-0.09119496855345911,-145.0,415.0,270.0,1590,0.8441731067890469,53,0
combined,mean_28,days_1_30_daily,30,daily,intermittency_class,highly_intermittent,0.37996406164840335,0.5971805674463199,1.4557659229420754,-0.01504941483807264,-23.928569592535496,415.0,391.0714304074645,1590,0.7595917096228761,53,0
combined,seasonal_naive_7,days_1_30_daily,30,daily,intermittency_class,highly_intermittent,0.42830188679245285,0.926547659884658,1.6409638554216868,0.03333333333333333,53.0,415.0,468.0,1590,1.0310576884899503,53,0
combined,zero,days_1_30_daily,30,daily,intermittency_class,highly_intermittent,0.2610062893081761,0.6515583641446041,1.0,-0.2610062893081761,-415.0,415.0,0.0,1590,0.8035695162742408,53,0
combined,croston_sba,days_1_30_daily,30,daily,intermittency_class,intermittent,0.9293185905924345,1.518687292240294,0.8826273965300557,-0.003298720684585328,-42.65245845168829,13614.0,13571.347541548312,12930,0.7622397305188499,431,0
combined,last_value,days_1_30_daily,30,daily,intermittency_class,intermittent,1.0185614849187936,1.952015239629631,0.9673865138827678,-0.0691415313225058,-894.0,13614.0,12720.0,12930,0.9210241558476826,431,0
combined,mean_28,days_1_30_daily,30,daily,intermittency_class,intermittent,0.8537785873877293,1.4881366490350392,0.8108827041959261,-0.05198873348551394,-672.2143239676952,13614.0,12941.785676032305,12930,0.7276239585989821,431,0
combined,seasonal_naive_7,days_1_30_daily,30,daily,intermittency_class,intermittent,0.9802784222737819,1.7737233026081052,0.9310268840899074,-0.06860015467904099,-887.0,13614.0,12727.0,12930,0.9378363953838739,431,0
combined,zero,days_1_30_daily,30,daily,intermittency_class,intermittent,1.0529002320185614,2.869984949743745,1.0,-1.0529002320185614,-13614.0,13614.0,0.0,12930,0.9063772484450761,431,0
combined,croston_sba,days_1_30_daily,30,daily,intermittency_class,regular,2.4213964445611986,4.010671874521686,0.6584526872385009,-0.1126226313268909,-1405.5304389595985,45894.0,44488.4695610404,12480,0.771235517267934,416,0
combined,last_value,days_1_30_daily,30,daily,intermittency_class,regular,2.7384615384615385,4.662521052403148,0.7446725062099621,-0.15576923076923077,-1944.0,45894.0,43950.0,12480,0.9266455044210163,416,0
combined,mean_28,days_1_30_daily,30,daily,intermittency_class,regular,2.229475734232423,3.8247045695874995,0.6062635020530057,-0.08640111166840563,-1078.2858736217022,45894.0,44815.7141263783,12480,0.7415749711297945,416,0
combined,seasonal_naive_7,days_1_30_daily,30,daily,intermittency_class,regular,2.625320512820513,4.507650192329731,0.7139059572057349,-0.11634615384615385,-1452.0,45894.0,44442.0,12480,0.9179036768869775,416,0
combined,zero,days_1_30_daily,30,daily,intermittency_class,regular,3.677403846153846,6.678491116243518,1.0,-3.677403846153846,-45894.0,45894.0,0.0,12480,1.1412724337423148,416,0
combined,croston_sba,days_1_30_daily,30,daily,overall,all,1.58804104308853,2.9259730512121167,0.7155367415414834,-0.05388060192446466,-1454.7762519605458,59923.0,58468.223748039454,27000,0.7672729700987975,900,0
combined,last_value,days_1_30_daily,30,daily,overall,all,1.7735925925925926,3.449718184947222,0.7991422325317491,-0.11048148148148149,-2983.0,59923.0,56940.0,27000,0.919096795188126,900,0
combined,mean_28,days_1_30_daily,30,daily,overall,all,1.4617539687468497,2.8005500074317324,0.6586345335875197,-0.06571958396970122,-1774.428767181933,59923.0,58148.57123281807,27000,0.735954971951298,900,0
combined,seasonal_naive_7,days_1_30_daily,30,daily,overall,all,1.7081481481481482,3.3089329151611757,0.7696543898002437,-0.08466666666666667,-2286.0,59923.0,57637.0,27000,0.9341127483171108,900,0
combined,zero,days_1_30_daily,30,daily,overall,all,2.2193703703703704,4.9583935570572315,1.0,-2.2193703703703704,-59923.0,59923.0,0.0,27000,1.0088967898657395,900,0
combined,croston_sba,days_1_30_daily,30,daily,store_id,CA_1,1.7198259981473287,3.099746189995169,0.690631535932802,-0.05377137250039313,-483.94235250353813,22412.0,21928.057647496462,9000,0.7734879701118982,300,0
combined,last_value,days_1_30_daily,30,daily,store_id,CA_1,1.9973333333333334,3.8445054587322702,0.8020703194717116,0.0064444444444444445,58.0,22412.0,22470.0,9000,0.9422770450779248,300,0
combined,mean_28,days_1_30_daily,30,daily,store_id,CA_1,1.5961507975202467,3.0311577518991233,0.640967212996708,-0.0833174620328678,-749.8571582958102,22412.0,21662.14284170419,9000,0.7412164497539989,300,0
combined,seasonal_naive_7,days_1_30_daily,30,daily,store_id,CA_1,1.8457777777777777,3.4632354814537227,0.7412100660360521,-0.08044444444444444,-724.0,22412.0,21688.0,9000,0.9345979015867971,300,0
combined,zero,days_1_30_daily,30,daily,store_id,CA_1,2.490222222222222,5.679221386383485,1.0,-2.490222222222222,-22412.0,22412.0,0.0,9000,1.026473862511079,300,0
combined,croston_sba,days_1_30_daily,30,daily,store_id,TX_2,1.5411533644960986,2.7463982764757877,0.702938388428182,-0.060495929987894166,-544.4633698910475,19732.0,19187.536630108953,9000,0.7422285521588655,300,0
combined,last_value,days_1_30_daily,30,daily,store_id,TX_2,1.693111111111111,3.1131263314481084,0.7722481248733023,-0.035777777777777776,-322.0,19732.0,19410.0,9000,0.8754067112169036,300,0
combined,mean_28,days_1_30_daily,30,daily,store_id,TX_2,1.398198413413432,2.5682669617311147,0.637734934153704,-0.061849216120110614,-556.6429450809956,19732.0,19175.357054919004,9000,0.7097649082720963,300,0
combined,seasonal_naive_7,days_1_30_daily,30,daily,store_id,TX_2,1.676,3.1308500798061574,0.7644435434826677,0.034666666666666665,312.0,19732.0,20044.0,9000,0.9054044561404214,300,0
combined,zero,days_1_30_daily,30,daily,store_id,TX_2,2.1924444444444444,4.706236996440645,1.0,-2.1924444444444444,-19732.0,19732.0,0.0,9000,0.9826194880128344,300,0
combined,croston_sba,days_1_30_daily,30,daily,store_id,WI_3,1.5031437666221625,2.9210999561534843,0.7609142189999135,-0.04737450328510669,-426.37052956596017,17779.0,17352.62947043404,9000,0.7861023880256289,300,0
combined,last_value,days_1_30_daily,30,daily,store_id,WI_3,1.6303333333333334,3.35110263777296,0.8252995106586423,-0.3021111111111111,-2719.0,17779.0,15060.0,9000,0.9396066292695495,300,0
combined,mean_28,days_1_30_daily,30,daily,store_id,WI_3,1.3909126953068707,2.7830430339396326,0.7041011450453815,-0.05199207375612524,-467.92866380512714,17779.0,17311.071336194873,9000,0.7568835578277987,300,0
combined,seasonal_naive_7,days_1_30_daily,30,daily,store_id,WI_3,1.6026666666666667,3.324287726549687,0.8112942235221329,-0.20822222222222223,-1874.0,17779.0,15905.0,9000,0.9623358872241136,300,0
combined,zero,days_1_30_daily,30,daily,store_id,WI_3,1.9754444444444443,4.399406525632495,1.0,-1.9754444444444443,-17779.0,17779.0,0.0,9000,1.0175970190733046,300,0
validation_fold_1,croston_sba,day_1_daily,1,daily,demand_band,high,3.45487453690683,5.384500504565311,0.5938065610308614,-1.5017043276868685,-148.66872844099998,576.0,427.331271559,99,0.7219574519364774,99,0
validation_fold_1,last_value,day_1_daily,1,daily,demand_band,high,2.9292929292929295,4.572645941803379,0.5034722222222222,-0.18181818181818182,-18.0,576.0,558.0,99,0.6978606855524483,99,0
validation_fold_1,mean_28,day_1_daily,1,daily,demand_band,high,2.623376635589985,4.436111721260891,0.45089285924202865,-1.5353535720796296,-152.00000363588333,576.0,423.99999636411667,99,0.6076985440408827,99,0
validation_fold_1,seasonal_naive_7,day_1_daily,1,daily,demand_band,high,2.8585858585858586,4.132893427226025,0.4913194444444444,-0.31313131313131315,-31.0,576.0,545.0,99,0.732809255392898,99,0
validation_fold_1,zero,day_1_daily,1,daily,demand_band,high,5.818181818181818,9.50810393317408,1.0,-5.818181818181818,-576.0,576.0,0.0,99,1.2194090576306529,99,0
validation_fold_1,croston_sba,day_1_daily,1,daily,demand_band,low,0.60252030763888,0.8494635407364581,0.8644856587862191,-0.1398701100525531,-13.847140895202756,69.0,55.152859104797244,99,0.5116060265201228,99,0
validation_fold_1,last_value,day_1_daily,1,daily,demand_band,low,0.7676767676767676,1.1976407785072427,1.1014492753623188,-0.12121212121212122,-12.0,69.0,57.0,99,0.652545888869671,99,0
validation_fold_1,mean_28,day_1_daily,1,daily,demand_band,low,0.5869408355216787,0.8144347440370877,0.8421325031397999,-0.1194083687632975,-11.821428507566452,69.0,57.17857149243355,99,0.5021827511909898,99,0
validation_fold_1,seasonal_naive_7,day_1_daily,1,daily,demand_band,low,0.7575757575757576,1.2268049987877068,1.0869565217391304,0.09090909090909091,9.0,69.0,78.0,99,0.5898034562994361,99,0
validation_fold_1,zero,day_1_daily,1,daily,demand_band,low,0.696969696969697,1.2268049987877068,1.0,-0.696969696969697,-69.0,69.0,0.0,99,0.5568875927028203,99,0
validation_fold_1,croston_sba,day_1_daily,1,daily,demand_band,medium,1.1929898375973982,1.8017034890728327,0.9506637768354267,-0.03784061471621195,-3.8597427010536194,128.0,124.14025729894638,102,0.5962128575301053,102,0
validation_fold_1,last_value,day_1_daily,1,daily,demand_band,medium,1.3823529411764706,2.2987635210021486,1.1015625,0.24509803921568626,25.0,128.0,153.0,102,0.7156825441043136,102,0
validation_fold_1,mean_28,day_1_daily,1,daily,demand_band,medium,1.011904763057828,1.706638520054891,0.8063616080617066,-0.14775910137184695,-15.071428339928389,128.0,112.92857166007161,102,0.5025592013006255,102,0
validation_fold_1,seasonal_naive_7,day_1_daily,1,daily,demand_band,medium,1.392156862745098,2.266551323478201,1.109375,0.1568627450980392,16.0,128.0,144.0,102,0.7210746444545988,102,0
validation_fold_1,zero,day_1_daily,1,daily,demand_band,medium,1.2549019607843137,2.3845910571424866,1.0,-1.2549019607843137,-128.0,128.0,0.0,102,0.6326643738948502,102,0
validation_fold_1,croston_sba,day_1_daily,1,daily,dept_id,FOODS_1,1.6233651647965113,2.8718775034046806,0.5619340955064847,-0.8927391711208555,-40.1732627004385,130.0,89.8267372995615,45,0.7245368613783664,45,0
validation_fold_1,last_value,day_1_daily,1,daily,dept_id,FOODS_1,2.1555555555555554,3.441575866437415,0.7461538461538462,0.5111111111111111,23.0,130.0,153.0,45,0.9316897808596208,45,0
validation_fold_1,mean_28,day_1_daily,1,daily,dept_id,FOODS_1,1.6095238166550796,2.977333128598858,0.5571428596113737,-0.9396825604140758,-42.28571521863341,130.0,87.71428478136659,45,0.6898565087729543,45,0
validation_fold_1,seasonal_naive_7,day_1_daily,1,daily,dept_id,FOODS_1,2.088888888888889,2.9814239699997196,0.7230769230769231,0.044444444444444446,2.0,130.0,132.0,45,0.9683944804533733,45,0
validation_fold_1,zero,day_1_daily,1,daily,dept_id,FOODS_1,2.888888888888889,5.387227693556513,1.0,-2.888888888888889,-130.0,130.0,0.0,45,1.0739257029198428,45,0
validation_fold_1,croston_sba,day_1_daily,1,daily,dept_id,FOODS_2,1.4390224633472306,2.6914392419098676,1.3894009990938778,0.5969585222857339,50.14451587200165,87.0,137.14451587200165,84,0.524485775162516,84,0
validation_fold_1,last_value,day_1_daily,1,daily,dept_id,FOODS_2,1.25,1.9730324738475904,1.206896551724138,0.25,21.0,87.0,108.0,84,0.703518555511142,84,0
validation_fold_1,mean_28,day_1_daily,1,daily,dept_id,FOODS_2,0.7942176856810138,1.17683079728075,0.7668308689333927,0.05017006485944703,4.21428544819355,87.0,91.21428544819355,84,0.44834874655574497,84,0
validation_fold_1,seasonal_naive_7,day_1_daily,1,daily,dept_id,FOODS_2,1.1071428571428572,1.8159347586350802,1.0689655172413792,0.03571428571428571,3.0,87.0,90.0,84,0.5924489297203346,84,0
validation_fold_1,zero,day_1_daily,1,daily,dept_id,FOODS_2,1.0357142857142858,1.828999205915108,1.0,-1.0357142857142858,-87.0,87.0,0.0,84,0.5322331072049382,84,0
validation_fold_1,croston_sba,day_1_daily,1,daily,dept_id,FOODS_3,1.9265364544324532,3.6620434715771877,0.5925139095466718,-1.0312682175954357,-176.3468652088195,556.0,379.6531347911805,171,0.6214943389450077,171,0
validation_fold_1,last_value,day_1_daily,1,daily,dept_id,FOODS_3,1.7836257309941521,3.3254292252525453,0.5485611510791367,-0.28654970760233917,-49.0,556.0,507.0,171,0.6179431085661459,171,0
validation_fold_1,mean_28,day_1_daily,1,daily,dept_id,FOODS_3,1.6484962463466049,3.2405925133615052,0.5070015433907723,-0.8235171386721538,-140.8214307129383,556.0,415.1785692870617,171,0.5405523342406646,171,0
validation_fold_1,seasonal_naive_7,day_1_daily,1,daily,dept_id,FOODS_3,1.8304093567251463,3.1409388844776003,0.5629496402877698,-0.06432748538011696,-11.0,556.0,545.0,171,0.6499696519005862,171,0
validation_fold_1,zero,day_1_daily,1,daily,dept_id,FOODS_3,3.2514619883040936,6.879072424891352,1.0,-3.2514619883040936,-556.0,556.0,0.0,171,0.8617011513665548,171,0
validation_fold_1,croston_sba,day_1_daily,1,daily,intermittency_class,highly_intermittent,0.5178580968123343,1.084490112128353,1.1651807178277522,-0.2082992439261741,-3.749386390671134,8.0,4.250613609328866,18,0.6818001046157253,18,0
validation_fold_1,last_value,day_1_daily,1,daily,intermittency_class,highly_intermittent,0.6666666666666666,1.3333333333333333,1.5,-0.2222222222222222,-4.0,8.0,4.0,18,0.90496243467638,18,0
validation_fold_1,mean_28,day_1_daily,1,daily,intermittency_class,highly_intermittent,0.47817460426853764,0.9492134858868134,1.0758928596042097,-0.18452380866640145,-3.321428555995226,8.0,4.678571444004774,18,0.6727566193224281,18,0
validation_fold_1,seasonal_naive_7,day_1_daily,1,daily,intermittency_class,highly_intermittent,0.3333333333333333,0.7453559924999299,0.75,0.0,0.0,8.0,8.0,18,0.43637199146617195,18,0
validation_fold_1,zero,day_1_daily,1,daily,intermittency_class,highly_intermittent,0.4444444444444444,1.247219128924647,1.0,-0.4444444444444444,-8.0,8.0,0.0,18,0.5902428788394825,18,0
validation_fold_1,croston_sba,day_1_daily,1,daily,intermittency_class,intermittent,0.8759911286178976,1.6778919073478644,0.8639912501436798,-0.016199957967425387,-2.3327939473092556,146.0,143.66720605269074,144,0.514592065056651,144,0
validation_fold_1,last_value,day_1_daily,1,daily,intermittency_class,intermittent,0.9097222222222222,1.6051133570215186,0.8972602739726028,-0.006944444444444444,-1.0,146.0,145.0,144,0.5920259682991716,144,0
validation_fold_1,mean_28,day_1_daily,1,daily,intermittency_class,intermittent,0.7628968163496919,1.5653346911756387,0.752446175029833,-0.07738095185615951,-11.142857067286968,146.0,134.85714293271303,144,0.45362218540019544,144,0
validation_fold_1,seasonal_naive_7,day_1_daily,1,daily,intermittency_class,intermittent,0.9513888888888888,1.596437005055668,0.9383561643835616,0.13194444444444445,19.0,146.0,165.0,144,0.609606179707388,144,0
validation_fold_1,zero,day_1_daily,1,daily,intermittency_class,intermittent,1.0138888888888888,3.395258131243894,1.0,-1.0138888888888888,-146.0,146.0,0.0,144,0.5114238460499893,144,0
validation_fold_1,croston_sba,day_1_daily,1,daily,intermittency_class,regular,2.8108904694301495,4.541482219419613,0.6266605569973516,-1.1615466065164926,-160.29343169927597,619.0,458.70656830072403,138,0.6997306998842997,138,0
validation_fold_1,last_value,day_1_daily,1,daily,intermittency_class,regular,2.63768115942029,4.124862755731781,0.5880452342487884,0.0,0.0,619.0,619.0,138,0.7619478775882191,138,0
validation_fold_1,mean_28,day_1_daily,1,daily,intermittency_class,regular,2.1925466017446658,3.751256869394512,0.4888068352839481,-1.191511412029681,-164.42857486009598,619.0,454.571425139904,138,0.60658023851585,138,0
validation_fold_1,seasonal_naive_7,day_1_daily,1,daily,intermittency_class,regular,2.5869565217391304,3.7945422286011894,0.5767366720516963,-0.18115942028985507,-25.0,619.0,594.0,138,0.7887701917946028,138,0
validation_fold_1,zero,day_1_daily,1,daily,intermittency_class,regular,4.4855072463768115,7.609585869247371,1.0,-4.4855072463768115,-619.0,619.0,0.0,138,1.1312733976085467,138,0
validation_fold_1,croston_sba,day_1_daily,1,daily,overall,all,1.7445568434831997,3.302945545145299,0.677059577030996,-0.5545853734575212,-166.37561203725636,773.0,606.6243879627436,300,0.6097883194509138,300,0
validation_fold_1,last_value,day_1_daily,1,daily,overall,all,1.69,3.028200785945344,0.6558861578266494,-0.016666666666666666,-5.0,773.0,768.0,300,0.688966234554766,300,0
validation_fold_1,mean_28,day_1_daily,1,daily,overall,all,1.4034523849065106,2.7754780118712787,0.5446775103130054,-0.5963095349445939,-178.89286048337817,773.0,594.1071395166218,300,0.5371309558687307,300,0
validation_fold_1,seasonal_naive_7,day_1_daily,1,daily,overall,all,1.6666666666666667,2.80713376952364,0.6468305304010349,-0.02,-6.0,773.0,767.0,300,0.6816275739730338,300,0
validation_fold_1,zero,day_1_daily,1,daily,overall,all,2.5766666666666667,5.6800821590302135,1.0,-2.5766666666666667,-773.0,773.0,0.0,300,0.8012837817342953,300,0
validation_fold_1,croston_sba,day_1_daily,1,daily,store_id,CA_1,1.9687486922740935,3.6863145128580745,0.611412637352203,-0.8843015307188034,-88.43015307188034,322.0,233.56984692811966,100,0.6132824604701059,100,0
validation_fold_1,last_value,day_1_daily,1,daily,store_id,CA_1,1.54,3.0166206257996713,0.4782608695652174,-0.06,-6.0,322.0,316.0,100,0.6218330121859654,100,0
validation_fold_1,mean_28,day_1_daily,1,daily,store_id,CA_1,1.6110714382305742,3.460434198335907,0.5003327447921038,-0.9967857211455703,-99.67857211455703,322.0,222.32142788544297,100,0.5334232730033324,100,0
validation_fold_1,seasonal_naive_7,day_1_daily,1,daily,store_id,CA_1,1.89,2.8407745422683583,0.5869565217391305,0.15,15.0,322.0,337.0,100,0.7524778054185268,100,0
validation_fold_1,zero,day_1_daily,1,daily,store_id,CA_1,3.22,7.383765976789893,1.0,-3.22,-322.0,322.0,0.0,100,0.891307753426611,100,0
validation_fold_1,croston_sba,day_1_daily,1,daily,store_id,TX_2,1.7234530399739743,3.37601481351009,0.6528231212022629,-0.7855423064529896,-78.55423064529896,264.0,185.44576935470104,100,0.578492802329452,100,0
validation_fold_1,last_value,day_1_daily,1,daily,store_id,TX_2,1.72,2.891366458960192,0.6515151515151515,-0.38,-38.0,264.0,226.0,100,0.6672377974744366,100,0
validation_fold_1,mean_28,day_1_daily,1,daily,store_id,TX_2,1.3214285809546709,2.403075221287723,0.5005411291494966,-0.7292857369035483,-72.92857369035482,264.0,191.07142630964518,100,0.509123897231221,100,0
validation_fold_1,seasonal_naive_7,day_1_daily,1,daily,store_id,TX_2,1.63,2.8930952282978866,0.6174242424242424,0.01,1.0,264.0,265.0,100,0.688243589418425,100,0
validation_fold_1,zero,day_1_daily,1,daily,store_id,TX_2,2.64,5.364699432400664,1.0,-2.64,-264.0,264.0,0.0,100,0.7908335046587486,100,0
validation_fold_1,croston_sba,day_1_daily,1,daily,store_id,WI_3,1.5414687982015312,2.7824372614378734,0.8243148653484124,0.006087716799229383,0.6087716799229383,187.0,187.60877167992294,100,0.6375896955531836,100,0
validation_fold_1,last_value,day_1_daily,1,daily,store_id,WI_3,1.81,3.170173496829472,0.9679144385026738,0.39,39.0,187.0,226.0,100,0.7778278940038962,100,0
validation_fold_1,mean_28,day_1_daily,1,daily,store_id,WI_3,1.2778571355342865,2.315266555488402,0.6833460617830409,-0.0628571467846632,-6.28571467846632,187.0,180.71428532153368,100,0.5688456973716383,100,0
validation_fold_1,seasonal_naive_7,day_1_daily,1,daily,store_id,WI_3,1.48,2.6832815729997477,0.7914438502673797,-0.22,-22.0,187.0,165.0,100,0.6041613270821496,100,0
validation_fold_1,zero,day_1_daily,1,daily,store_id,WI_3,1.87,3.6728735344413916,1.0,-1.87,-187.0,187.0,0.0,100,0.7217100871175262,100,0
validation_fold_1,croston_sba,days_1_7_aggregate,7,aggregate,demand_band,high,12.763677252663506,22.13817158939055,0.44228353098133955,1.3567566558568165,134.31890892982483,2857.0,2991.318908929825,99,0.9449682951127285,99,0
validation_fold_1,last_value,days_1_7_aggregate,7,aggregate,demand_band,high,16.353535353535353,28.830574399446505,0.5666783339166959,10.595959595959595,1049.0,2857.0,3906.0,99,1.4367957181258522,99,0
validation_fold_1,mean_28,days_1_7_aggregate,7,aggregate,demand_band,high,7.388888864806204,13.082199304588203,0.25603780105558777,1.1212120874963625,110.99999666213989,2857.0,2967.99999666214,99,0.6859955714491445,99,0
validation_fold_1,seasonal_naive_7,days_1_7_aggregate,7,aggregate,demand_band,high,7.090909090909091,11.5075732639094,0.2457122856142807,1.797979797979798,178.0,2857.0,3035.0,99,0.5985182330570745,99,0
validation_fold_1,zero,days_1_7_aggregate,7,aggregate,demand_band,high,28.858585858585858,43.88333937552468,1.0,-28.858585858585858,-2857.0,2857.0,0.0,99,2.3780821307892754,99,0
validation_fold_1,croston_sba,days_1_7_aggregate,7,aggregate,demand_band,low,2.2797593259149127,3.0071386837523937,0.5656545695879107,-0.13060589225003214,-12.929983332753181,399.0,386.0700166672468,99,0.7156890999465387,99,0
validation_fold_1,last_value,days_1_7_aggregate,7,aggregate,demand_band,low,4.08080808080808,5.872380137972037,1.012531328320802,0.0,0.0,399.0,399.0,99,1.260990277373634,99,0
validation_fold_1,mean_28,days_1_7_aggregate,7,aggregate,demand_band,low,2.0176767724933047,2.9140681069084846,0.5006265676111207,0.012626257809725676,1.2499995231628418,399.0,400.24999952316284,99,0.6336406622034956,99,0
validation_fold_1,seasonal_naive_7,days_1_7_aggregate,7,aggregate,demand_band,low,2.303030303030303,3.2473765635439547,0.5714285714285714,0.20202020202020202,20.0,399.0,419.0,99,0.7233205041079902,99,0
validation_fold_1,zero,days_1_7_aggregate,7,aggregate,demand_band,low,4.03030303030303,5.744562646538029,1.0,-4.03030303030303,-399.0,399.0,0.0,99,1.1996916832211386,99,0
validation_fold_1,croston_sba,days_1_7_aggregate,7,aggregate,demand_band,medium,3.9615734967530942,5.4958344275860425,0.595988933139846,1.8723705714824153,190.98179829120636,678.0,868.9817982912064,102,0.7818621336551339,102,0
validation_fold_1,last_value,days_1_7_aggregate,7,aggregate,demand_band,medium,7.833333333333333,12.766761377829202,1.1784660766961652,3.8529411764705883,393.0,678.0,1071.0,102,1.6129712281771913,102,0
validation_fold_1,mean_28,days_1_7_aggregate,7,aggregate,demand_band,medium,2.8284313725490198,4.1518363525118875,0.42551622418879054,1.1029411764705883,112.5,678.0,790.5,102,0.5710653137303132,102,0
validation_fold_1,seasonal_naive_7,days_1_7_aggregate,7,aggregate,demand_band,medium,3.1176470588235294,5.041008302500835,0.4690265486725664,1.2352941176470589,126.0,678.0,804.0,102,0.6213537745534822,102,0
validation_fold_1,zero,days_1_7_aggregate,7,aggregate,demand_band,medium,6.647058823529412,9.35781103949959,1.0,-6.647058823529412,-678.0,678.0,0.0,102,1.313413426136693,102,0
validation_fold_1,croston_sba,days_1_7_aggregate,7,aggregate,dept_id,FOODS_1,4.715632800261179,6.817908629463346,0.34061553131902583,0.12860369549857245,5.7871662974357605,623.0,628.7871662974358,45,0.8259282370529039,45,0
validation_fold_1,last_value,days_1_7_aggregate,7,aggregate,dept_id,FOODS_1,15.28888888888889,31.598874804158594,1.1043338683788122,9.955555555555556,448.0,623.0,1071.0,45,1.9550992694254246,45,0
validation_fold_1,mean_28,days_1_7_aggregate,7,aggregate,dept_id,FOODS_1,4.322222211625841,6.50598010821474,0.31219903615274935,-0.20000003178914388,-9.000001430511475,623.0,613.9999985694885,45,0.7089563527716897,45,0
validation_fold_1,seasonal_naive_7,days_1_7_aggregate,7,aggregate,dept_id,FOODS_1,5.444444444444445,8.56997342145496,0.39325842696629215,2.3777777777777778,107.0,623.0,730.0,45,0.9412198130311419,45,0
validation_fold_1,zero,days_1_7_aggregate,7,aggregate,dept_id,FOODS_1,13.844444444444445,22.086194783167155,1.0,-13.844444444444445,-623.0,623.0,0.0,45,1.9432999813004361,45,0
validation_fold_1,croston_sba,days_1_7_aggregate,7,aggregate,dept_id,FOODS_2,7.1389176072109315,17.36852376341772,1.1599015067808864,5.273947740594546,443.01161020994186,517.0,960.0116102099419,84,0.8266510138774108,84,0
validation_fold_1,last_value,days_1_7_aggregate,7,aggregate,dept_id,FOODS_2,6.916666666666667,10.70324828309256,1.1237911025145069,2.8452380952380953,239.0,517.0,756.0,84,1.5387818522317986,84,0
validation_fold_1,mean_28,days_1_7_aggregate,7,aggregate,dept_id,FOODS_2,2.9464285998117354,4.515021269813612,0.47872340886689707,1.44642858845847,121.50000143051147,517.0,638.5000014305115,84,0.6643369822022002,84,0
validation_fold_1,seasonal_naive_7,days_1_7_aggregate,7,aggregate,dept_id,FOODS_2,2.607142857142857,3.778069549890463,0.42359767891682787,0.39285714285714285,33.0,517.0,550.0,84,0.5696775740031967,84,0
validation_fold_1,zero,days_1_7_aggregate,7,aggregate,dept_id,FOODS_2,6.154761904761905,8.759348747263719,1.0,-6.154761904761905,-517.0,517.0,0.0,84,1.2812214990830246,84,0
validation_fold_1,croston_sba,days_1_7_aggregate,7,aggregate,dept_id,FOODS_3,6.324609139945075,12.106774602857367,0.38708237757000996,-0.7978248691175416,-136.42805261909962,2794.0,2657.5719473809004,171,0.8043834146819178,171,0
validation_fold_1,last_value,days_1_7_aggregate,7,aggregate,dept_id,FOODS_3,9.08187134502924,16.71449278338556,0.5558339298496778,4.415204678362573,755.0,2794.0,3549.0,171,1.2536066439585232,171,0
validation_fold_1,mean_28,days_1_7_aggregate,7,aggregate,dept_id,FOODS_3,4.548245591726917,9.65033781788828,0.27836435081793226,0.6564327262298405,112.24999618530273,2794.0,2906.2499961853027,171,0.5917269400724705,171,0
validation_fold_1,seasonal_naive_7,days_1_7_aggregate,7,aggregate,dept_id,FOODS_3,4.584795321637427,8.46112541420193,0.28060128847530424,1.0760233918128654,184.0,2794.0,2978.0,171,0.6083760946264718,171,0
validation_fold_1,zero,days_1_7_aggregate,7,aggregate,dept_id,FOODS_3,16.339181286549707,31.940368415266033,1.0,-16.339181286549707,-2794.0,2794.0,0.0,171,1.7140156255642103,171,0
validation_fold_1,croston_sba,days_1_7_aggregate,7,aggregate,intermittency_class,highly_intermittent,1.4560697136653795,2.129209556322793,0.7708604366463774,-0.23587246653106478,-4.245704397559166,34.0,29.754295602440834,18,0.7311901808850965,18,0
validation_fold_1,last_value,days_1_7_aggregate,7,aggregate,intermittency_class,highly_intermittent,2.4444444444444446,3.696845502136472,1.2941176470588236,-0.3333333333333333,-6.0,34.0,28.0,18,1.2958937865326314,18,0
validation_fold_1,mean_28,days_1_7_aggregate,7,aggregate,intermittency_class,highly_intermittent,0.8472222222222222,1.1102427162061856,0.4485294117647059,-0.06944444444444445,-1.25,34.0,32.75,18,0.5427580658753816,18,0
validation_fold_1,seasonal_naive_7,days_1_7_aggregate,7,aggregate,intermittency_class,highly_intermittent,1.8333333333333333,3.2058973436118907,0.9705882352941176,0.8333333333333334,15.0,34.0,49.0,18,0.9628111128529184,18,0
validation_fold_1,zero,days_1_7_aggregate,7,aggregate,intermittency_class,highly_intermittent,1.8888888888888888,3.1269438398822866,1.0,-1.8888888888888888,-34.0,34.0,0.0,18,0.9895351948868627,18,0
validation_fold_1,croston_sba,days_1_7_aggregate,7,aggregate,intermittency_class,intermittent,3.1679055167155132,4.555562346217201,0.5392179602920023,1.1088224709447887,159.67043581604958,846.0,1005.6704358160496,144,0.7695332230501405,144,0
validation_fold_1,last_value,days_1_7_aggregate,7,aggregate,intermittency_class,intermittent,5.506944444444445,10.367885780406512,0.9373522458628841,1.1736111111111112,169.0,846.0,1015.0,144,1.3325269104442412,144,0
validation_fold_1,mean_28,days_1_7_aggregate,7,aggregate,intermittency_class,intermittent,2.4027777545981936,3.6786026560232523,0.4089834475911819,0.6805555257532332,97.99999570846558,846.0,943.9999957084656,144,0.6023789617764878,144,0
validation_fold_1,seasonal_naive_7,days_1_7_aggregate,7,aggregate,intermittency_class,intermittent,2.2916666666666665,3.2956199888808646,0.3900709219858156,0.3611111111111111,52.0,846.0,898.0,144,0.5962197022648795,144,0
validation_fold_1,zero,days_1_7_aggregate,7,aggregate,intermittency_class,intermittent,5.875,14.764352715615782,1.0,-5.875,-846.0,846.0,0.0,144,1.2182880604470485,144,0
validation_fold_1,croston_sba,days_1_7_aggregate,7,aggregate,intermittency_class,regular,10.22458745431209,18.925058527642488,0.4620147572675404,1.1372898005057073,156.9459924697876,3054.0,3210.9459924697876,138,0.8708754519459356,138,0
validation_fold_1,last_value,days_1_7_aggregate,7,aggregate,intermittency_class,regular,14.384057971014492,25.05110718141002,0.6499672560576293,9.268115942028986,1279.0,3054.0,4333.0,138,1.5680718519345258,138,0
validation_fold_1,mean_28,days_1_7_aggregate,7,aggregate,intermittency_class,regular,6.221014503119648,11.284006575282463,0.28110674572053423,0.9275362353393997,128.00000047683716,3054.0,3182.000000476837,138,0.6694234308009581,138,0
validation_fold_1,seasonal_naive_7,days_1_7_aggregate,7,aggregate,intermittency_class,regular,6.413043478260869,10.424678078649636,0.28978388998035365,1.8623188405797102,257.0,3054.0,3311.0,138,0.6598107451181262,138,0
validation_fold_1,zero,days_1_7_aggregate,7,aggregate,intermittency_class,regular,22.130434782608695,35.23029822529861,1.0,-22.130434782608695,-3054.0,3054.0,0.0,138,2.1371207452219942,138,0
validation_fold_1,croston_sba,days_1_7_aggregate,7,aggregate,overall,all,6.31126905982693,13.228232297089956,0.48128640517236376,1.04123574629426,312.370723888278,3934.0,4246.370723888278,300,0.8138500658123036,300,0
validation_fold_1,last_value,days_1_7_aggregate,7,aggregate,overall,all,9.406666666666666,18.468712281405363,0.71733604473818,4.806666666666667,1442.0,3934.0,5376.0,300,1.4386795960950753,300,0
validation_fold_1,mean_28,days_1_7_aggregate,7,aggregate,overall,all,4.065833326975505,8.070974213416507,0.31005338029808116,0.7491666539510091,224.74999618530273,3934.0,4158.749996185303,300,0.6296421637736778,300,0
validation_fold_1,seasonal_naive_7,days_1_7_aggregate,7,aggregate,overall,all,4.16,7.471278337741139,0.3172343670564311,1.08,324.0,3934.0,4258.0,300,0.6474670666126553,300,0
validation_fold_1,zero,days_1_7_aggregate,7,aggregate,overall,all,13.113333333333333,26.00307674103201,1.0,-13.113333333333333,-3934.0,3934.0,0.0,300,1.6272259235099122,300,0
validation_fold_1,croston_sba,days_1_7_aggregate,7,aggregate,store_id,CA_1,5.871762511730194,11.042944584973226,0.38731942689513155,1.1898893475532533,118.98893475532532,1516.0,1634.9889347553253,100,0.7219749459889604,100,0
validation_fold_1,last_value,days_1_7_aggregate,7,aggregate,store_id,CA_1,10.74,21.27580785775243,0.7084432717678101,6.96,696.0,1516.0,2212.0,100,1.5712370143573795,100,0
validation_fold_1,mean_28,days_1_7_aggregate,7,aggregate,store_id,CA_1,3.2375000143051147,4.890360421284708,0.2135554099145854,0.40250000476837156,40.25000047683716,1516.0,1556.2500004768372,100,0.5170964475253902,100,0
validation_fold_1,seasonal_naive_7,days_1_7_aggregate,7,aggregate,store_id,CA_1,4.23,7.42630459919333,0.279023746701847,0.85,85.0,1516.0,1601.0,100,0.5942531620839852,100,0
validation_fold_1,zero,days_1_7_aggregate,7,aggregate,store_id,CA_1,15.16,31.01128826733904,1.0,-15.16,-1516.0,1516.0,0.0,100,1.6902232612252632,100,0
validation_fold_1,croston_sba,days_1_7_aggregate,7,aggregate,store_id,TX_2,6.643041826486588,14.158806389866681,0.5021195636044283,-0.2487961745262146,-24.87961745262146,1323.0,1298.1203825473785,100,0.799337192791075,100,0
validation_fold_1,last_value,days_1_7_aggregate,7,aggregate,store_id,TX_2,8.45,15.99906247253257,0.6386999244142101,2.59,259.0,1323.0,1582.0,100,1.2563567783740959,100,0
validation_fold_1,mean_28,days_1_7_aggregate,7,aggregate,store_id,TX_2,3.994999966621399,6.680475223427945,0.3019652280137112,0.14499995708465577,14.499995708465576,1323.0,1337.4999957084656,100,0.621124269699694,100,0
validation_fold_1,seasonal_naive_7,days_1_7_aggregate,7,aggregate,store_id,TX_2,4.18,7.994998436522674,0.31594860166288735,1.14,114.0,1323.0,1437.0,100,0.623440017653917,100,0
validation_fold_1,zero,days_1_7_aggregate,7,aggregate,store_id,TX_2,13.23,26.208586379276543,1.0,-13.23,-1323.0,1323.0,0.0,100,1.586948345336311,100,0
validation_fold_1,croston_sba,days_1_7_aggregate,7,aggregate,store_id,WI_3,6.419002841264009,14.231653650395037,0.5862103051382657,2.1826140658557414,218.26140658557415,1095.0,1313.2614065855742,100,0.9202380586568758,100,0
validation_fold_1,last_value,days_1_7_aggregate,7,aggregate,store_id,WI_3,9.03,17.738376475878507,0.8246575342465754,4.87,487.0,1095.0,1582.0,100,1.4884449955537509,100,0
validation_fold_1,mean_28,days_1_7_aggregate,7,aggregate,store_id,WI_3,4.965,11.263991299712549,0.4534246575342466,1.7,170.0,1095.0,1265.0,100,0.7507057740959489,100,0
validation_fold_1,seasonal_naive_7,days_1_7_aggregate,7,aggregate,store_id,WI_3,4.07,6.956292115775472,0.37168949771689497,1.25,125.0,1095.0,1220.0,100,0.7247080201000639,100,0
validation_fold_1,zero,days_1_7_aggregate,7,aggregate,store_id,WI_3,10.95,19.490767044936945,1.0,-10.95,-1095.0,1095.0,0.0,100,1.6045061639681628,100,0
validation_fold_1,croston_sba,days_1_7_daily,7,daily,demand_band,high,2.852867784653219,4.383957310344308,0.6919976810516909,0.19382236783982698,134.3189009130001,2857.0,2991.318900913,693,0.7275991526658161,99,0
validation_fold_1,last_value,days_1_7_daily,7,daily,demand_band,high,3.0432900432900434,5.116676184826941,0.7381869093454673,1.5137085137085138,1049.0,2857.0,3906.0,693,0.8279177827754949,99,0
validation_fold_1,mean_28,days_1_7_daily,7,daily,demand_band,high,2.214491847101572,3.5650809298240853,0.5371518551072417,0.1601731234470659,110.99997454881668,2857.0,2967.9999745488167,693,0.6449343012341715,99,0
validation_fold_1,seasonal_naive_7,days_1_7_daily,7,daily,demand_band,high,2.58008658008658,4.256223691894038,0.6258312915645782,0.25685425685425683,178.0,2857.0,3035.0,693,0.780177702719361,99,0
validation_fold_1,zero,days_1_7_daily,7,daily,demand_band,high,4.1226551226551225,6.9654890365312845,1.0,-4.1226551226551225,-2857.0,2857.0,0.0,693,1.0740639014535263,99,0
validation_fold_1,croston_sba,days_1_7_daily,7,daily,demand_band,low,0.6779820890465555,0.997961789100876,1.1775478388703333,-0.018657988840431877,-12.929986266419291,399.0,386.0700137335807,693,0.6838502336496358,99,0
validation_fold_1,last_value,days_1_7_daily,7,daily,demand_band,low,0.7388167388167388,1.2309149097933274,1.2832080200501252,0.0,0.0,399.0,399.0,693,0.8009205509557293,99,0
validation_fold_1,mean_28,days_1_7_daily,7,daily,demand_band,low,0.6607400544020005,0.9923109369733533,1.147601147119264,0.001803752448823717,1.2500004470348358,399.0,400.25000044703484,693,0.666205842209019,99,0
validation_fold_1,seasonal_naive_7,days_1_7_daily,7,daily,demand_band,low,0.7417027417027418,1.2724180205607036,1.2882205513784462,0.02886002886002886,20.0,399.0,419.0,693,0.8904484414128091,99,0
validation_fold_1,zero,days_1_7_daily,7,daily,demand_band,low,0.5757575757575758,1.2185435916898848,1.0,-0.5757575757575758,-399.0,399.0,0.0,693,0.7480292153678144,99,0
validation_fold_1,croston_sba,days_1_7_daily,7,daily,demand_band,medium,1.080895256011092,1.456232762828784,1.138287924471858,0.26748151413532867,190.98180109262466,678.0,868.9818010926247,714,0.6704324753209516,102,0
validation_fold_1,last_value,days_1_7_daily,7,daily,demand_band,medium,1.3627450980392157,2.1978471768722123,1.435103244837758,0.5504201680672269,393.0,678.0,1071.0,714,0.8723626085246974,102,0
validation_fold_1,mean_28,days_1_7_daily,7,daily,demand_band,medium,0.9183673474061138,1.3623481165916809,0.9671302154099783,0.15756302747969367,112.50000162050128,678.0,790.5000016205013,714,0.5839039012047205,102,0
validation_fold_1,seasonal_naive_7,days_1_7_daily,7,daily,demand_band,medium,1.165266106442577,1.9185078235200301,1.2271386430678466,0.17647058823529413,126.0,678.0,804.0,714,0.8261751222785583,102,0
validation_fold_1,zero,days_1_7_daily,7,daily,demand_band,medium,0.9495798319327731,1.814198590731082,1.0,-0.9495798319327731,-678.0,678.0,0.0,714,0.722359959769901,102,0
validation_fold_1,croston_sba,days_1_7_daily,7,daily,dept_id,FOODS_1,1.4095864339007271,2.320350109243743,0.7127122418599182,0.01837193999025557,5.787161096930504,623.0,628.7871610969305,315,0.7454498388663973,45,0
validation_fold_1,last_value,days_1_7_daily,7,daily,dept_id,FOODS_1,2.507936507936508,4.981234627348767,1.2680577849117174,1.4222222222222223,448.0,623.0,1071.0,315,1.0580466981037406,45,0
validation_fold_1,mean_28,days_1_7_daily,7,daily,dept_id,FOODS_1,1.3795918324991825,2.3020005040199494,0.697546432162508,-0.02857144930296474,-9.000006530433893,623.0,613.9999934695661,315,0.7232089888417162,45,0
validation_fold_1,seasonal_naive_7,days_1_7_daily,7,daily,dept_id,FOODS_1,1.9396825396825397,3.2781140532372794,0.9807383627608347,0.3396825396825397,107.0,623.0,730.0,315,1.1419914281243824,45,0
validation_fold_1,zero,days_1_7_daily,7,daily,dept_id,FOODS_1,1.9777777777777779,3.793478112560581,1.0,-1.9777777777777779,-623.0,623.0,0.0,315,0.993874517360157,45,0
validation_fold_1,croston_sba,days_1_7_daily,7,daily,dept_id,FOODS_2,1.487415955940477,2.7168763093282897,1.6916839112050297,0.7534211073197475,443.01161110401154,517.0,960.0116111040115,588,0.6814515656315093,84,0
validation_fold_1,last_value,days_1_7_daily,7,daily,dept_id,FOODS_2,1.2023809523809523,1.887571235759866,1.367504835589942,0.4064625850340136,239.0,517.0,756.0,588,0.8460384113849303,84,0
validation_fold_1,mean_28,days_1_7_daily,7,daily,dept_id,FOODS_2,0.8656462564000061,1.2810170210497187,0.9845261097934306,0.20663264989346064,121.49999813735485,517.0,638.4999981373549,588,0.6090464319326588,84,0
validation_fold_1,seasonal_naive_7,days_1_7_daily,7,daily,dept_id,FOODS_2,0.9336734693877551,1.5654648741216917,1.0618955512572534,0.05612244897959184,33.0,517.0,550.0,588,0.7412253880919758,84,0
validation_fold_1,zero,days_1_7_daily,7,daily,dept_id,FOODS_2,0.8792517006802721,1.670573651932357,1.0,-0.8792517006802721,-517.0,517.0,0.0,588,0.7141456169371613,84,0
validation_fold_1,croston_sba,days_1_7_daily,7,daily,dept_id,FOODS_3,1.5873165133618496,2.815234683352479,0.6800350273780007,-0.11397498451272896,-136.42805646173656,2794.0,2657.5719435382634,1197,0.6861428506779659,171,0
validation_fold_1,last_value,days_1_7_daily,7,daily,dept_id,FOODS_3,1.7518796992481203,3.2612506890468707,0.7505368647100931,0.6307435254803676,755.0,2794.0,3549.0,1197,0.7693371528532623,171,0
validation_fold_1,mean_28,days_1_7_daily,7,daily,dept_id,FOODS_3,1.42412578762698,2.6143512747345796,0.6101211767321028,0.09377609441055292,112.24998500943184,2794.0,2906.249985009432,1197,0.6178758324183437,171,0
validation_fold_1,seasonal_naive_7,days_1_7_daily,7,daily,dept_id,FOODS_3,1.6491228070175439,3.096606599340267,0.7065139584824625,0.15371762740183792,184.0,2794.0,2978.0,1197,0.7953760460595006,171,0
validation_fold_1,zero,days_1_7_daily,7,daily,dept_id,FOODS_3,2.334168755221387,5.074877926109384,1.0,-2.334168755221387,-2794.0,2794.0,0.0,1197,0.873423095660316,171,0
validation_fold_1,croston_sba,days_1_7_daily,7,daily,intermittency_class,highly_intermittent,0.39672379123253954,0.6577667859414762,1.4702116969205878,-0.033696069322999504,-4.245704734697938,34.0,29.754295265302062,126,0.6969966422366974,18,0
validation_fold_1,last_value,days_1_7_daily,7,daily,intermittency_class,highly_intermittent,0.38095238095238093,0.7867957924694432,1.411764705882353,-0.047619047619047616,-6.0,34.0,28.0,126,0.7905129694987241,18,0
validation_fold_1,mean_28,days_1_7_daily,7,daily,intermittency_class,highly_intermittent,0.3721655337879109,0.6043938699587281,1.379201684037552,-0.009920634063226836,-1.2499998919665813,34.0,32.75000010803342,126,0.6800658388558252,18,0
validation_fold_1,seasonal_naive_7,days_1_7_daily,7,daily,intermittency_class,highly_intermittent,0.48412698412698413,1.116257920926766,1.7941176470588236,0.11904761904761904,15.0,34.0,49.0,126,1.051724566576524,18,0
validation_fold_1,zero,days_1_7_daily,7,daily,intermittency_class,highly_intermittent,0.2698412698412698,0.7346308866924529,1.0,-0.2698412698412698,-34.0,34.0,0.0,126,0.6982389377328844,18,0
validation_fold_1,croston_sba,days_1_7_daily,7,daily,intermittency_class,intermittent,0.8644732455242543,1.3402485141454001,1.0300106755182605,0.15840321663574922,159.6704423688352,846.0,1005.6704423688352,1008,0.6575686146445131,144,0
validation_fold_1,last_value,days_1_7_daily,7,daily,intermittency_class,intermittent,0.939484126984127,1.888509532400685,1.1193853427895981,0.16765873015873015,169.0,846.0,1015.0,1008,0.7728730661818037,144,0
validation_fold_1,mean_28,days_1_7_daily,7,daily,intermittency_class,intermittent,0.7509212013600128,1.2840942713450818,0.8947146228970365,0.0972222227470151,98.00000052899122,846.0,944.0000005289912,1008,0.5893101989868752,144,0
validation_fold_1,seasonal_naive_7,days_1_7_daily,7,daily,intermittency_class,intermittent,0.8452380952380952,1.5105449452916095,1.0070921985815602,0.051587301587301584,52.0,846.0,898.0,1008,0.7815248485778459,144,0
validation_fold_1,zero,days_1_7_daily,7,daily,intermittency_class,intermittent,0.8392857142857143,2.412763679150648,1.0,-0.8392857142857143,-846.0,846.0,0.0,1008,0.7059994113725255,144,0
validation_fold_1,croston_sba,days_1_7_daily,7,daily,intermittency_class,regular,2.3781179566067445,3.7601441570684835,0.752214127728263,0.1624699566305054,156.9459781050682,3054.0,3210.945978105068,966,0.731027403325336,138,0
validation_fold_1,last_value,days_1_7_daily,7,daily,intermittency_class,regular,2.6904761904761907,4.431325531117402,0.8510150622134905,1.324016563146998,1279.0,3054.0,4333.0,966,0.9037175806358954,138,0
validation_fold_1,mean_28,days_1_7_daily,7,daily,intermittency_class,regular,1.9093463411612541,3.0704865106190176,0.6039386265755636,0.13250515111731692,127.99997597932816,3054.0,3181.999975979328,966,0.6685450606539308,138,0
validation_fold_1,seasonal_naive_7,days_1_7_daily,7,daily,intermittency_class,regular,2.2991718426501033,3.7860756107110043,0.7272429600523903,0.2660455486542443,257.0,3054.0,3311.0,966,0.8564581909268879,138,0
validation_fold_1,zero,days_1_7_daily,7,daily,intermittency_class,regular,3.1614906832298137,5.670927639271645,1.0,-3.1614906832298137,-3054.0,3054.0,0.0,966,1.013302306847877,138,0
validation_fold_1,croston_sba,days_1_7_daily,7,daily,overall,all,1.5326848453646968,2.7188162542939605,0.8181591701235037,0.14874795987581213,312.3707157392055,3934.0,4246.3707157392055,2100,0.6937253390932228,300,0
validation_fold_1,last_value,days_1_7_daily,7,daily,overall,all,1.7114285714285715,3.28358108806601,0.9135739705134723,0.6866666666666666,1442.0,3934.0,5376.0,2100,0.8341199370297011,300,0
validation_fold_1,mean_28,days_1_7_daily,7,daily,overall,all,1.2610714256142577,2.2694089127722585,0.6731698001499596,0.10702379838873943,224.7499766163528,3934.0,4158.749976616353,2100,0.6312035737458579,300,0
validation_fold_1,seasonal_naive_7,days_1_7_daily,7,daily,overall,all,1.4923809523809524,2.7863613412135773,0.7966446365022878,0.15428571428571428,324.0,3934.0,4258.0,2100,0.8322061691383259,300,0
validation_fold_1,zero,days_1_7_daily,7,daily,overall,all,1.8733333333333333,4.197618372363071,1.0,-1.8733333333333333,-3934.0,3934.0,0.0,2100,0.8468931148728088,300,0
validation_fold_1,croston_sba,days_1_7_daily,7,daily,store_id,CA_1,1.6466837970273835,2.858451929788574,0.760342122637974,0.1699841835669109,118.98892849683762,1516.0,1634.9889284968376,700,0.7056882213127293,100,0
validation_fold_1,last_value,days_1_7_daily,7,daily,store_id,CA_1,2.005714285714286,3.862641583165593,0.9261213720316622,0.9942857142857143,696.0,1516.0,2212.0,700,0.9106751909411446,100,0
validation_fold_1,mean_28,days_1_7_daily,7,daily,store_id,CA_1,1.3457653040066362,2.4839715770552724,0.62139558892127,0.05749999314014401,40.249995198100805,1516.0,1556.2499951981008,700,0.6344787781047653,100,0
validation_fold_1,seasonal_naive_7,days_1_7_daily,7,daily,store_id,CA_1,1.65,2.9191486038618475,0.7618733509234829,0.12142857142857143,85.0,1516.0,1601.0,700,0.8586499044250666,100,0
validation_fold_1,zero,days_1_7_daily,7,daily,store_id,CA_1,2.165714285714286,5.0307625096571025,1.0,-2.165714285714286,-1516.0,1516.0,0.0,700,0.8827906400867745,100,0
validation_fold_1,croston_sba,days_1_7_daily,7,daily,store_id,TX_2,1.5103206083817142,2.701895774234088,0.7991114330061979,-0.03554230645298958,-24.879614517092705,1323.0,1298.1203854829073,700,0.6562207066865128,100,0
validation_fold_1,last_value,days_1_7_daily,7,daily,store_id,TX_2,1.532857142857143,2.9039382126445363,0.8110355253212396,0.37,259.0,1323.0,1582.0,700,0.7512443023277939,100,0
validation_fold_1,mean_28,days_1_7_daily,7,daily,store_id,TX_2,1.207244895047375,2.02972174847776,0.6387539127234789,0.02071426309645176,14.499984167516232,1323.0,1337.4999841675162,700,0.5969776212611745,100,0
validation_fold_1,seasonal_naive_7,days_1_7_daily,7,daily,store_id,TX_2,1.4714285714285715,2.8,0.7785336356764928,0.16285714285714287,114.0,1323.0,1437.0,700,0.792213582929512,100,0
validation_fold_1,zero,days_1_7_daily,7,daily,store_id,TX_2,1.89,4.150559342684171,1.0,-1.89,-1323.0,1323.0,0.0,700,0.8122713934335865,100,0
validation_fold_1,croston_sba,days_1_7_daily,7,daily,store_id,WI_3,1.441050130684993,2.589381637399763,0.9212192616251097,0.3118020025135151,218.26140175946057,1095.0,1313.2614017594606,700,0.7192670892804256,100,0
validation_fold_1,last_value,days_1_7_daily,7,daily,store_id,WI_3,1.5957142857142856,2.9988092875101513,1.0200913242009133,0.6957142857142857,487.0,1095.0,1582.0,700,0.8404403178201647,100,0
validation_fold_1,mean_28,days_1_7_daily,7,daily,store_id,WI_3,1.2302040777887617,2.271731777355862,0.7864318305498933,0.24285713892962252,169.99999725073576,1095.0,1264.9999972507358,700,0.6621543218716339,100,0
validation_fold_1,seasonal_naive_7,days_1_7_daily,7,daily,store_id,WI_3,1.3557142857142856,2.6324893162176366,0.8666666666666667,0.17857142857142858,125.0,1095.0,1220.0,700,0.8457550200603989,100,0
validation_fold_1,zero,days_1_7_daily,7,daily,store_id,WI_3,1.5642857142857143,3.213142653895982,1.0,-1.5642857142857143,-1095.0,1095.0,0.0,700,0.8456173110980653,100,0
validation_fold_1,croston_sba,days_1_30_aggregate,30,aggregate,demand_band,high,55.060995862941546,100.53729506189987,0.3870101945638064,-12.778402299591988,-1265.061827659607,14085.0,12819.938172340393,99,1.9085539259041162,99,0
validation_fold_1,last_value,days_1_30_aggregate,30,aggregate,demand_band,high,69.26262626262626,115.24462344215122,0.4868299609513667,26.818181818181817,2655.0,14085.0,16740.0,99,2.974534557898012,99,0
validation_fold_1,mean_28,days_1_30_aggregate,30,aggregate,demand_band,high,34.748919149841925,60.78803806698841,0.24424160424809022,-13.787881022751934,-1365.0002212524414,14085.0,12719.999778747559,99,1.4428663478621582,99,0
validation_fold_1,seasonal_naive_7,days_1_30_aggregate,30,aggregate,demand_band,high,29.95959595959596,44.896289018990956,0.21057862974795882,-9.93939393939394,-984.0,14085.0,13101.0,99,1.2960317943818083,99,0
validation_fold_1,zero,days_1_30_aggregate,30,aggregate,demand_band,high,142.27272727272728,213.78009564253006,1.0,-142.27272727272728,-14085.0,14085.0,0.0,99,5.656872703512579,99,0
validation_fold_1,croston_sba,days_1_30_aggregate,30,aggregate,demand_band,low,7.547101947394284,10.531247751295693,0.40474707085158945,-1.9334769700512742,-191.41422003507614,1846.0,1654.5857799649239,99,1.1124942982809547,99,0
validation_fold_1,last_value,days_1_30_aggregate,30,aggregate,demand_band,low,18.565656565656564,25.563942409478855,0.9956663055254604,-1.3737373737373737,-136.0,1846.0,1710.0,99,2.7468211146123145,99,0
validation_fold_1,mean_28,days_1_30_aggregate,30,aggregate,demand_band,low,6.882395245812156,10.522680543725748,0.3690992033236205,-1.3196248502442331,-130.64286017417908,1846.0,1715.357139825821,99,1.0396354557107816,99,0
validation_fold_1,seasonal_naive_7,days_1_30_aggregate,30,aggregate,demand_band,low,9.797979797979798,14.802402207449678,0.5254604550379198,-0.2222222222222222,-22.0,1846.0,1824.0,99,1.504102409115916,99,0
validation_fold_1,zero,days_1_30_aggregate,30,aggregate,demand_band,low,18.646464646464647,25.133582508209404,1.0,-18.646464646464647,-1846.0,1846.0,0.0,99,2.671179277129774,99,0
validation_fold_1,croston_sba,days_1_30_aggregate,30,aggregate,demand_band,medium,13.553388922822242,20.46904054130599,0.3989742193731223,2.5412522203782024,259.20772647857666,3465.0,3724.2077264785767,102,1.3504586299872583,102,0
validation_fold_1,last_value,days_1_30_aggregate,30,aggregate,demand_band,medium,35.48039215686274,54.17247329359347,1.0444444444444445,11.029411764705882,1125.0,3465.0,4590.0,102,3.4974597434247165,102,0
validation_fold_1,mean_28,days_1_30_aggregate,30,aggregate,demand_band,medium,9.009804039609199,13.218505673426826,0.2652236686984526,-0.7563022784158295,-77.14283239841461,3465.0,3387.8571676015854,102,0.9112885382402806,102,0
validation_fold_1,seasonal_naive_7,days_1_30_aggregate,30,aggregate,demand_band,medium,13.950980392156863,21.113837113302235,0.4106782106782107,0.16666666666666666,17.0,3465.0,3482.0,102,1.383022148440329,102,0
validation_fold_1,zero,days_1_30_aggregate,30,aggregate,demand_band,medium,33.970588235294116,43.202101437632074,1.0,-33.970588235294116,-3465.0,3465.0,0.0,102,3.309853049063927,102,0
validation_fold_1,croston_sba,days_1_30_aggregate,30,aggregate,dept_id,FOODS_1,16.195358186297945,25.778250720458935,0.2585282434847136,-2.7599528789520265,-124.19787955284119,2819.0,2694.802120447159,45,1.2710004444987526,45,0
validation_fold_1,last_value,days_1_30_aggregate,30,aggregate,dept_id,FOODS_1,65.93333333333334,127.85434420985989,1.0525008868393047,39.355555555555554,1771.0,2819.0,4590.0,45,4.115722619519822,45,0
validation_fold_1,mean_28,days_1_30_aggregate,30,aggregate,dept_id,FOODS_1,17.926984980371262,28.093964134709,0.28617038812227985,-4.168255130449931,-187.5714808702469,2819.0,2631.428519129753,45,1.3779188560236468,45,0
validation_fold_1,seasonal_naive_7,days_1_30_aggregate,30,aggregate,dept_id,FOODS_1,20.488888888888887,32.321991137785915,0.32706633557999293,6.622222222222222,298.0,2819.0,3117.0,45,1.84037469130221,45,0
validation_fold_1,zero,days_1_30_aggregate,30,aggregate,dept_id,FOODS_1,62.644444444444446,102.46332677272066,1.0,-62.644444444444446,-2819.0,2819.0,0.0,45,4.041816222729126,45,0
validation_fold_1,croston_sba,days_1_30_aggregate,30,aggregate,dept_id,FOODS_2,27.38117208367302,73.36484882454735,0.8588567793235751,17.0992321343649,1436.3354992866516,2678.0,4114.335499286652,84,1.4110330986409378,84,0
validation_fold_1,last_value,days_1_30_aggregate,30,aggregate,dept_id,FOODS_2,30.38095238095238,44.83408567256879,0.9529499626587006,6.690476190476191,562.0,2678.0,3240.0,84,3.2344755950124786,84,0
validation_fold_1,mean_28,days_1_30_aggregate,30,aggregate,dept_id,FOODS_2,9.937074919541677,14.805792334266254,0.31169316401848424,0.6955782089914594,58.42856955528259,2678.0,2736.4285695552826,84,1.0866286115338823,84,0
validation_fold_1,seasonal_naive_7,days_1_30_aggregate,30,aggregate,dept_id,FOODS_2,12.05952380952381,16.909774575389118,0.3782673637042569,-3.607142857142857,-303.0,2678.0,2375.0,84,1.3066776348380758,84,0
validation_fold_1,zero,days_1_30_aggregate,30,aggregate,dept_id,FOODS_2,31.88095238095238,43.11225657126598,1.0,-31.88095238095238,-2678.0,2678.0,0.0,84,3.215871755703427,84,0
validation_fold_1,croston_sba,days_1_30_aggregate,30,aggregate,dept_id,FOODS_3,26.618934385609208,57.85432154236783,0.3274939045930768,-14.674888543566766,-2509.405940949917,13899.0,11389.594059050083,171,1.526951778741168,171,0
validation_fold_1,last_value,days_1_30_aggregate,30,aggregate,dept_id,FOODS_3,39.73684210526316,67.29671576842644,0.4888840923807468,7.666666666666667,1311.0,13899.0,15210.0,171,2.7266177634409545,171,0
validation_fold_1,mean_28,days_1_30_aggregate,30,aggregate,dept_id,FOODS_3,19.877611227202834,44.63475690522469,0.2445551133068339,-8.442356739824975,-1443.6430025100708,13899.0,12455.35699748993,171,1.0844208044697043,171,0
validation_fold_1,seasonal_naive_7,days_1_30_aggregate,30,aggregate,dept_id,FOODS_3,20.023391812865498,33.82825560375501,0.24634865817684726,-5.754385964912281,-984.0,13899.0,12915.0,171,1.3199050459192427,171,0
validation_fold_1,zero,days_1_30_aggregate,30,aggregate,dept_id,FOODS_3,81.28070175438596,155.76322186751824,1.0,-81.28070175438596,-13899.0,13899.0,0.0,171,4.152439763662075,171,0
validation_fold_1,croston_sba,days_1_30_aggregate,30,aggregate,intermittency_class,highly_intermittent,5.347484545575248,7.026452827037455,0.7129979394100331,-0.41564396686024135,-7.4815914034843445,135.0,127.51840859651566,18,1.31850188846945,18,0
validation_fold_1,last_value,days_1_30_aggregate,30,aggregate,intermittency_class,highly_intermittent,9.277777777777779,12.03005495507906,1.237037037037037,-0.8333333333333334,-15.0,135.0,120.0,18,2.4388100451839985,18,0
validation_fold_1,mean_28,days_1_30_aggregate,30,aggregate,intermittency_class,highly_intermittent,4.829364928934309,6.833685501007032,0.643915323857908,0.2976190580262078,5.357143044471741,135.0,140.35714304447174,18,1.4087204534147801,18,0
validation_fold_1,seasonal_naive_7,days_1_30_aggregate,30,aggregate,intermittency_class,highly_intermittent,8.61111111111111,19.48361134674758,1.1481481481481481,4.166666666666667,75.0,135.0,210.0,18,2.1613819856473175,18,0
validation_fold_1,zero,days_1_30_aggregate,30,aggregate,intermittency_class,highly_intermittent,7.5,9.559753599799992,1.0,-7.5,-135.0,135.0,0.0,18,1.9738480294421714,18,0
validation_fold_1,croston_sba,days_1_30_aggregate,30,aggregate,intermittency_class,intermittent,11.69380776087443,18.622095794579888,0.3851574376866235,-0.430443180931939,-61.98381805419922,4372.0,4310.016181945801,144,1.318816958182937,144,0
validation_fold_1,last_value,days_1_30_aggregate,30,aggregate,intermittency_class,intermittent,23.86111111111111,40.813260372362095,0.7859103385178408,-0.1527777777777778,-22.0,4372.0,4350.0,144,2.8522367049692026,144,0
validation_fold_1,mean_28,days_1_30_aggregate,30,aggregate,intermittency_class,intermittent,7.9384920199712115,12.027394890496545,0.26146908757453213,-2.265872961945004,-326.28570652008057,4372.0,4045.7142934799194,144,0.957521896378859,144,0
validation_fold_1,seasonal_naive_7,days_1_30_aggregate,30,aggregate,intermittency_class,intermittent,10.583333333333334,15.846485765339617,0.34858188472095153,-3.2916666666666665,-474.0,4372.0,3898.0,144,1.3046565880324903,144,0
validation_fold_1,zero,days_1_30_aggregate,30,aggregate,intermittency_class,intermittent,30.36111111111111,72.91185698423055,1.0,-30.36111111111111,-4372.0,4372.0,0.0,144,3.0441475971482026,144,0
validation_fold_1,croston_sba,days_1_30_aggregate,30,aggregate,intermittency_class,regular,42.03249502873075,85.27694042522255,0.38958186002853407,-8.172484867814658,-1127.8029117584229,14889.0,13761.197088241577,138,1.6173034672625313,138,0
validation_fold_1,last_value,days_1_30_aggregate,30,aggregate,intermittency_class,regular,63.1231884057971,102.02354800645823,0.5850627980388206,26.67391304347826,3681.0,14889.0,18570.0,138,3.3951770947751174,138,0
validation_fold_1,mean_28,days_1_30_aggregate,30,aggregate,intermittency_class,regular,27.611802301545072,51.98496863086604,0.2559224069859104,-9.071430074995842,-1251.8573503494263,14889.0,13637.142649650574,138,1.2715868711174485,138,0
validation_fold_1,seasonal_naive_7,days_1_30_aggregate,30,aggregate,intermittency_class,regular,26.666666666666668,40.263804006122896,0.2471623346094432,-4.27536231884058,-590.0,14889.0,14299.0,138,1.387725513542449,138,0
validation_fold_1,zero,days_1_30_aggregate,30,aggregate,intermittency_class,regular,107.8913043478261,170.4689822608309,1.0,-107.8913043478261,-14889.0,14889.0,0.0,138,4.986924917165313,138,0
validation_fold_1,croston_sba,days_1_30_aggregate,30,aggregate,overall,all,25.268824511170386,59.28414510328575,0.39083560287436153,-3.9908944040536882,-1197.2683212161064,19396.0,18198.731678783894,300,1.4561018481767412,300,0
validation_fold_1,last_value,days_1_30_aggregate,30,aggregate,overall,all,41.04666666666667,74.80828831085496,0.6348731697257166,12.146666666666667,3644.0,19396.0,23040.0,300,3.077183684692811,300,0
validation_fold_1,mean_28,days_1_30_aggregate,30,aggregate,overall,all,16.801667124032974,36.26787708226814,0.25987317679985006,-5.242619712750117,-1572.785913825035,19396.0,17823.214086174965,300,1.1290636981807654,300,0
validation_fold_1,seasonal_naive_7,days_1_30_aggregate,30,aggregate,overall,all,17.863333333333333,29.816941493050557,0.2762940812538668,-3.296666666666667,-989.0,19396.0,18407.0,300,1.3942718176239612,300,0
validation_fold_1,zero,days_1_30_aggregate,30,aggregate,overall,all,64.65333333333334,126.19302674870748,1.0,-64.65333333333334,-19396.0,19396.0,0.0,300,3.8736071902937117,300,0
validation_fold_1,croston_sba,days_1_30_aggregate,30,aggregate,store_id,CA_1,22.198977837562563,44.833658709869226,0.31043179747675237,-1.4390456342697144,-143.90456342697144,7151.0,7007.095436573029,100,1.345389451449136,100,0
validation_fold_1,last_value,days_1_30_aggregate,30,aggregate,store_id,CA_1,48.05,86.08710704861674,0.6719339952454202,23.29,2329.0,7151.0,9480.0,100,3.4223144530142475,100,0
validation_fold_1,mean_28,days_1_30_aggregate,30,aggregate,store_id,CA_1,14.023572698831558,25.06631307673291,0.19610645642331923,-4.8135720980167385,-481.3572098016739,7151.0,6669.642790198326,100,0.999066567117611,100,0
validation_fold_1,seasonal_naive_7,days_1_30_aggregate,30,aggregate,store_id,CA_1,14.92,21.14804955545546,0.20864214795133548,-1.76,-176.0,7151.0,6975.0,100,1.2382222488136332,100,0
validation_fold_1,zero,days_1_30_aggregate,30,aggregate,store_id,CA_1,71.51,143.54229341904775,1.0,-71.51,-7151.0,7151.0,0.0,100,3.8930522096677826,100,0
validation_fold_1,croston_sba,days_1_30_aggregate,30,aggregate,store_id,TX_2,27.874863829612732,66.15421241446029,0.42395230159106817,-10.116269307136536,-1011.6269307136536,6575.0,5563.373069286346,100,1.4615889169729335,100,0
validation_fold_1,last_value,days_1_30_aggregate,30,aggregate,store_id,TX_2,39.35,68.68544241686152,0.5984790874524715,2.05,205.0,6575.0,6780.0,100,2.897398946429245,100,0
validation_fold_1,mean_28,days_1_30_aggregate,30,aggregate,store_id,TX_2,17.207143421173097,34.350055584226766,0.26170560336384935,-8.428572554588317,-842.8572554588318,6575.0,5732.142744541168,100,1.121058633136326,100,0
validation_fold_1,seasonal_naive_7,days_1_30_aggregate,30,aggregate,store_id,TX_2,18.28,33.17830616532435,0.2780228136882129,-3.48,-348.0,6575.0,6227.0,100,1.2664238223207682,100,0
validation_fold_1,zero,days_1_30_aggregate,30,aggregate,store_id,TX_2,65.75,129.06002479466676,1.0,-65.75,-6575.0,6575.0,0.0,100,3.8025035805689424,100,0
validation_fold_1,croston_sba,days_1_30_aggregate,30,aggregate,store_id,WI_3,25.73263186633587,64.47784742368309,0.4538383045209148,-0.41736827075481414,-41.736827075481415,5670.0,5628.263172924519,100,1.561327176108154,100,0
validation_fold_1,last_value,days_1_30_aggregate,30,aggregate,store_id,WI_3,35.74,68.26536457091547,0.6303350970017637,11.1,1110.0,5670.0,6780.0,100,2.9118376546349403,100,0
validation_fold_1,mean_28,days_1_30_aggregate,30,aggregate,store_id,WI_3,19.17428525209427,46.23667758677382,0.338170815733585,-2.4857144856452944,-248.57144856452942,5670.0,5421.428551435471,100,1.26706589428836,100,0
validation_fold_1,seasonal_naive_7,days_1_30_aggregate,30,aggregate,store_id,WI_3,20.39,33.453101500458814,0.35961199294532625,-4.65,-465.0,5670.0,5205.0,100,1.6781693817374816,100,0
validation_fold_1,zero,days_1_30_aggregate,30,aggregate,store_id,WI_3,56.7,102.53370177653784,1.0,-56.7,-5670.0,5670.0,0.0,100,3.925265780644411,100,0
validation_fold_1,croston_sba,days_1_30_daily,30,daily,demand_band,high,3.1517992071230405,4.994818869539103,0.6645966379237082,-0.42594675192929277,-1265.0618532299995,14085.0,12819.93814677,2970,0.8434171858451579,99,0
validation_fold_1,last_value,days_1_30_daily,30,daily,demand_band,high,3.213131313131313,5.336141937243684,0.6775292864749733,0.8939393939393939,2655.0,14085.0,16740.0,2970,0.9350707248371847,99,0
validation_fold_1,mean_28,days_1_30_daily,30,daily,demand_band,high,2.5182299259134413,4.2217468733304315,0.5310005594577863,-0.45959599632205383,-1365.0001090765,14085.0,12719.9998909235,2970,0.7642830474414579,99,0
validation_fold_1,seasonal_naive_7,days_1_30_daily,30,daily,demand_band,high,2.8,4.633504102659268,0.5904153354632588,-0.33131313131313134,-984.0,14085.0,13101.0,2970,0.8889010463550019,99,0
validation_fold_1,zero,days_1_30_daily,30,daily,demand_band,high,4.742424242424242,8.031021503974847,1.0,-4.742424242424242,-14085.0,14085.0,0.0,2970,1.2600973484304312,99,0
validation_fold_1,croston_sba,days_1_30_daily,30,daily,demand_band,low,0.6875273378271145,1.0079471578926942,1.1061517840447075,-0.06444923463167766,-191.41422685608268,1846.0,1654.5857731439173,2970,0.745798281189794,99,0
validation_fold_1,last_value,days_1_30_daily,30,daily,demand_band,low,0.7663299663299663,1.272342414153996,1.2329360780065006,-0.04579124579124579,-136.0,1846.0,1710.0,2970,0.8850028386326849,99,0
validation_fold_1,mean_28,days_1_30_daily,30,daily,demand_band,low,0.6723184223177056,1.0078477369763574,1.081682402103784,-0.04398749334242207,-130.64285522699356,1846.0,1715.3571447730064,2970,0.7324331773779797,99,0
validation_fold_1,seasonal_naive_7,days_1_30_daily,30,daily,demand_band,low,0.8074074074074075,1.3451496606056923,1.2990249187432286,-0.007407407407407408,-22.0,1846.0,1824.0,2970,0.9777969475488363,99,0
validation_fold_1,zero,days_1_30_daily,30,daily,demand_band,low,0.6215488215488215,1.2627797886459835,1.0,-0.6215488215488215,-1846.0,1846.0,0.0,2970,0.8511723747524111,99,0
validation_fold_1,croston_sba,days_1_30_daily,30,daily,demand_band,medium,1.116447991882664,1.5249241018550725,0.9859540707535214,0.08470840489163119,259.2077189683914,3465.0,3724.2077189683914,3060,0.7655909697100998,102,0
validation_fold_1,last_value,days_1_30_daily,30,daily,demand_band,medium,1.4526143790849673,2.2628716789279317,1.2828282828282829,0.36764705882352944,1125.0,3465.0,4590.0,3060,0.9868778804906558,102,0
validation_fold_1,mean_28,days_1_30_daily,30,daily,demand_band,medium,0.9679738577503979,1.433178845841043,0.8548340561951566,-0.02521008176400381,-77.14285019785166,3465.0,3387.8571498021483,3060,0.6917655714843005,102,0
validation_fold_1,seasonal_naive_7,days_1_30_daily,30,daily,demand_band,medium,1.218627450980392,1.9465907855208062,1.0761904761904761,0.005555555555555556,17.0,3465.0,3482.0,3060,0.910620464337203,102,0
validation_fold_1,zero,days_1_30_daily,30,daily,demand_band,medium,1.1323529411764706,1.9833456911791636,1.0,-1.1323529411764706,-3465.0,3465.0,0.0,3060,0.9099755487198012,102,0
validation_fold_1,croston_sba,days_1_30_daily,30,daily,dept_id,FOODS_1,1.5774439976833485,2.795986190834012,0.7554272425940122,-0.0919984303801148,-124.19788101315498,2819.0,2694.802118986845,1350,0.8740599762428825,45,0
validation_fold_1,last_value,days_1_30_daily,30,daily,dept_id,FOODS_1,2.6259259259259258,5.024163833139025,1.2575381340901028,1.3118518518518518,1771.0,2819.0,4590.0,1350,1.2007627340902771,45,0
validation_fold_1,mean_28,days_1_30_daily,30,daily,dept_id,FOODS_1,1.5844444440415613,2.8206652928888696,0.75877970892377,-0.1389418196733351,-187.5714565590024,2819.0,2631.4285434409976,1350,0.8787120566496484,45,0
validation_fold_1,seasonal_naive_7,days_1_30_daily,30,daily,dept_id,FOODS_1,1.9881481481481482,3.3719979789985595,0.9521106775452288,0.22074074074074074,298.0,2819.0,3117.0,1350,1.2117131080164543,45,0
validation_fold_1,zero,days_1_30_daily,30,daily,dept_id,FOODS_1,2.0881481481481483,4.329485471097512,1.0,-2.0881481481481483,-2819.0,2819.0,0.0,1350,1.139992803570888,45,0
validation_fold_1,croston_sba,days_1_30_daily,30,daily,dept_id,FOODS_2,1.5008035259942214,2.7383560285604807,1.4122572387996408,0.5699743953016069,1436.3354761600494,2678.0,4114.335476160049,2520,0.739959106745283,84,0
validation_fold_1,last_value,days_1_30_daily,30,daily,dept_id,FOODS_2,1.2261904761904763,1.93690146925116,1.1538461538461537,0.22301587301587303,562.0,2678.0,3240.0,2520,0.9135978315627897,84,0
validation_fold_1,mean_28,days_1_30_daily,30,daily,dept_id,FOODS_2,0.8946712018892405,1.327296677566579,0.841886269141481,0.023185937875320042,58.4285634458065,2678.0,2736.4285634458065,2520,0.682884621634105,84,0
validation_fold_1,seasonal_naive_7,days_1_30_daily,30,daily,dept_id,FOODS_2,1.0416666666666667,1.7042197861089041,0.9802091112770724,-0.12023809523809524,-303.0,2678.0,2375.0,2520,0.8572081016103277,84,0
validation_fold_1,zero,days_1_30_daily,30,daily,dept_id,FOODS_2,1.0626984126984127,1.8929694486000912,1.0,-1.0626984126984127,-2678.0,2678.0,0.0,2520,0.8742620210401988,84,0
validation_fold_1,croston_sba,days_1_30_daily,30,daily,dept_id,FOODS_3,1.7363657721803027,3.267751473800574,0.6408775027904852,-0.489162954437541,-2509.4059562645853,13899.0,11389.594043735415,5130,0.7832359429786955,171,0
validation_fold_1,last_value,days_1_30_daily,30,daily,dept_id,FOODS_3,1.8769980506822612,3.4628352646603675,0.6927836535002518,0.25555555555555554,1311.0,13899.0,15210.0,5130,0.8776157058960652,171,0
validation_fold_1,mean_28,days_1_30_daily,30,daily,dept_id,FOODS_3,1.5681008130108636,3.028662856566613,0.5787723700083265,-0.2814118755142591,-1443.6429213881493,13899.0,12455.35707861185,5130,0.712459905158035,171,0
validation_fold_1,seasonal_naive_7,days_1_30_daily,30,daily,dept_id,FOODS_3,1.7805068226120857,3.3643005987156553,0.657169580545363,-0.19181286549707602,-984.0,13899.0,12915.0,5130,0.8839404582623785,171,0
validation_fold_1,zero,days_1_30_daily,30,daily,dept_id,FOODS_3,2.7093567251461987,5.8238435758613365,1.0,-2.7093567251461987,-13899.0,13899.0,0.0,5130,1.0356463312073363,171,0
validation_fold_1,croston_sba,days_1_30_daily,30,daily,intermittency_class,highly_intermittent,0.39330537510276947,0.6082599517009349,1.5732215004110779,-0.013854799481729666,-7.48159172013402,135.0,127.51840827986598,540,0.7674060889003836,18,0
validation_fold_1,last_value,days_1_30_daily,30,daily,intermittency_class,highly_intermittent,0.34629629629629627,0.6898738478344616,1.385185185185185,-0.027777777777777776,-15.0,135.0,120.0,540,0.839278821921266,18,0
validation_fold_1,mean_28,days_1_30_daily,30,daily,intermittency_class,highly_intermittent,0.3874338626447651,0.6058147611080825,1.5497354505790604,0.009920635778043006,5.357143320143223,135.0,140.35714332014322,540,0.781212970319745,18,0
validation_fold_1,seasonal_naive_7,days_1_30_daily,30,daily,intermittency_class,highly_intermittent,0.49074074074074076,1.1229920351948677,1.962962962962963,0.1388888888888889,75.0,135.0,210.0,540,1.117572396222432,18,0
validation_fold_1,zero,days_1_30_daily,30,daily,intermittency_class,highly_intermittent,0.25,0.6454972243679028,1.0,-0.25,-135.0,135.0,0.0,540,0.7799820113920072,18,0
validation_fold_1,croston_sba,days_1_30_daily,30,daily,intermittency_class,intermittent,0.9272316287168199,1.5408848632916357,0.9162032561886234,-0.014348106115573534,-61.98381841927767,4372.0,4310.016181580722,4320,0.7650500232180286,144,0
validation_fold_1,last_value,days_1_30_daily,30,daily,intermittency_class,intermittent,1.0041666666666667,1.9595445426973113,0.9922232387923148,-0.005092592592592593,-22.0,4372.0,4350.0,4320,0.8933853030632863,144,0
validation_fold_1,mean_28,days_1_30_daily,30,daily,intermittency_class,intermittent,0.8158895503695088,1.4662004344025867,0.8061854660558734,-0.07552910000430765,-326.28571201860905,4372.0,4045.714287981391,4320,0.702553806218857,144,0
validation_fold_1,seasonal_naive_7,days_1_30_daily,30,daily,intermittency_class,intermittent,0.950925925925926,1.7380544678845176,0.939615736505032,-0.10972222222222222,-474.0,4372.0,3898.0,4320,0.9000315432893193,144,0
validation_fold_1,zero,days_1_30_daily,30,daily,intermittency_class,intermittent,1.012037037037037,2.809952550014561,1.0,-1.012037037037037,-4372.0,4372.0,0.0,4320,0.8872519322656693,144,0
validation_fold_1,croston_sba,days_1_30_daily,30,daily,intermittency_class,regular,2.5606534190943853,4.221306083143831,0.7120092118376489,-0.2724161717338838,-1127.8029509782791,14889.0,13761.19704902172,4140,0.8075514290093289,138,0
validation_fold_1,last_value,days_1_30_daily,30,daily,intermittency_class,regular,2.8355072463768116,4.615689479588144,0.7884344146685472,0.8891304347826087,3681.0,14889.0,18570.0,4140,0.9934371315787531,138,0
validation_fold_1,mean_28,days_1_30_daily,30,daily,intermittency_class,regular,2.1024327187290512,3.56958805929517,0.5845974515103951,-0.3023809772470723,-1251.8572458028793,14889.0,13637.14275419712,4140,0.7500392245453055,138,0
validation_fold_1,seasonal_naive_7,days_1_30_daily,30,daily,intermittency_class,regular,2.4323671497584543,4.022941457567397,0.6763382362818188,-0.14251207729468598,-590.0,14889.0,14299.0,4140,0.927286546327601,138,0
validation_fold_1,zero,days_1_30_daily,30,daily,intermittency_class,regular,3.5963768115942027,6.482883446258908,1.0,-3.5963768115942027,-14889.0,14889.0,0.0,4140,1.1596322761826714,138,0
validation_fold_1,croston_sba,days_1_30_daily,30,daily,overall,all,1.6465700770736569,3.0592173655598387,0.7640302481781249,-0.13302981790196564,-1197.2683611176908,19396.0,18198.73163888231,9000,0.784742033822968,300,0
validation_fold_1,last_value,days_1_30_daily,30,daily,overall,all,1.8071111111111111,3.416398363449113,0.8385234068880182,0.4048888888888889,3644.0,19396.0,23040.0,9000,0.9361627553118799,300,0
validation_fold_1,mean_28,days_1_30_daily,30,daily,overall,all,1.3819920665514138,2.6296765531410378,0.6412625592370965,-0.17475397938903836,-1572.7858145013452,19396.0,17823.214185498655,9000,0.7291166484950766,300,0
validation_fold_1,seasonal_naive_7,days_1_30_daily,30,daily,overall,all,1.6047777777777779,2.9950514742376853,0.7446380697050938,-0.10988888888888888,-989.0,19396.0,18407.0,9000,0.9256212958629155,300,0
validation_fold_1,zero,days_1_30_daily,30,daily,overall,all,2.155111111111111,4.811213753074974,1.0,-2.155111111111111,-19396.0,19396.0,0.0,9000,1.0061106952150702,300,0
validation_fold_1,croston_sba,days_1_30_daily,30,daily,store_id,CA_1,1.7262918572922548,3.078846641304069,0.7242169727138532,-0.04796819738547007,-143.90459215641022,7151.0,7007.09540784359,3000,0.7778102594596351,100,0
validation_fold_1,last_value,days_1_30_daily,30,daily,store_id,CA_1,2.0963333333333334,3.9345054750671444,0.8794574185428612,0.7763333333333333,2329.0,7151.0,9480.0,3000,0.9886533665249623,100,0
validation_fold_1,mean_28,days_1_30_daily,30,daily,store_id,CA_1,1.4638571478550633,2.8185161453169467,0.6141199054069626,-0.16045238781223695,-481.35716343671083,7151.0,6669.642836563289,3000,0.7213445940177371,100,0
validation_fold_1,seasonal_naive_7,days_1_30_daily,30,daily,store_id,CA_1,1.7433333333333334,3.1438829494750595,0.7313662424835687,-0.058666666666666666,-176.0,7151.0,6975.0,3000,0.9400727965033784,100,0
validation_fold_1,zero,days_1_30_daily,30,daily,store_id,CA_1,2.3836666666666666,5.489960534162943,1.0,-2.3836666666666666,-7151.0,7151.0,0.0,3000,1.0119162244866868,100,0
validation_fold_1,croston_sba,days_1_30_daily,30,daily,store_id,TX_2,1.6319812140862147,3.0320124775142454,0.7446302117503641,-0.33720897311965625,-1011.6269193589687,6575.0,5563.373080641031,3000,0.755867029433193,100,0
validation_fold_1,last_value,days_1_30_daily,30,daily,store_id,TX_2,1.6876666666666666,3.0939187664406016,0.7700380228136882,0.06833333333333333,205.0,6575.0,6780.0,3000,0.8776052092549047,100,0
validation_fold_1,mean_28,days_1_30_daily,30,daily,store_id,TX_2,1.3218333372622728,2.375180997237314,0.6031178725151055,-0.2809524035702149,-842.8572107106447,6575.0,5732.142789289355,3000,0.6990077224665359,100,0
validation_fold_1,seasonal_naive_7,days_1_30_daily,30,daily,store_id,TX_2,1.5453333333333332,2.840422503783548,0.7050950570342205,-0.116,-348.0,6575.0,6227.0,3000,0.8650791062962534,100,0
validation_fold_1,zero,days_1_30_daily,30,daily,store_id,TX_2,2.191666666666667,4.778877134502065,1.0,-2.191666666666667,-6575.0,6575.0,0.0,3000,0.9760461571183768,100,0
validation_fold_1,croston_sba,days_1_30_daily,30,daily,store_id,WI_3,1.581437159842501,3.066600131213266,0.8367392380119053,-0.013912283200770616,-41.73684960231185,5670.0,5628.263150397688,3000,0.8205488125760761,100,0
validation_fold_1,last_value,days_1_30_daily,30,daily,store_id,WI_3,1.6373333333333333,3.1563692221707313,0.8663139329805997,0.37,1110.0,5670.0,6780.0,3000,0.9422296901557726,100,0
validation_fold_1,mean_28,days_1_30_daily,30,daily,store_id,WI_3,1.3602857145369054,2.6758322614412235,0.7197278912893679,-0.0828571467846632,-248.5714403539896,5670.0,5421.42855964601,3000,0.7669976290009568,100,0
validation_fold_1,seasonal_naive_7,days_1_30_daily,30,daily,store_id,WI_3,1.5256666666666667,2.9931588664820317,0.8072310405643739,-0.155,-465.0,5670.0,5205.0,3000,0.971711984789115,100,0
validation_fold_1,zero,days_1_30_daily,30,daily,store_id,WI_3,1.89,4.057831933434405,1.0,-1.89,-5670.0,5670.0,0.0,3000,1.0303697040401476,100,0
validation_fold_2,croston_sba,day_1_daily,1,daily,demand_band,high,2.59949483925646,3.9772012912429653,0.6899463514380416,1.2458101477887895,123.33520463109016,373.0,496.33520463109016,99,0.5369290109953893,99,0
validation_fold_2,last_value,day_1_daily,1,daily,demand_band,high,2.2323232323232323,3.279874350882326,0.5924932975871313,0.1717171717171717,17.0,373.0,390.0,99,0.5611416648976413,99,0
validation_fold_2,mean_28,day_1_daily,1,daily,demand_band,high,2.1323953936196336,3.3242745947499257,0.5659708953574899,0.970057702726788,96.03571256995201,373.0,469.035712569952,99,0.4956870746353394,99,0
validation_fold_2,seasonal_naive_7,day_1_daily,1,daily,demand_band,high,2.404040404040404,4.189935029992179,0.6380697050938338,0.32323232323232326,32.0,373.0,405.0,99,0.5454935691677619,99,0
validation_fold_2,zero,day_1_daily,1,daily,demand_band,high,3.7676767676767677,6.415731927193979,1.0,-3.7676767676767677,-373.0,373.0,0.0,99,0.820794244886534,99,0
validation_fold_2,croston_sba,day_1_daily,1,daily,demand_band,low,0.6429077443676163,0.8576389099687173,1.1786641980072967,0.0843762687285139,8.353250604122877,54.0,62.35325060412288,99,0.5474341921470833,99,0
validation_fold_2,last_value,day_1_daily,1,daily,demand_band,low,0.5757575757575758,1.2102257907706582,1.0555555555555556,0.0707070707070707,7.0,54.0,61.0,99,0.4701612766907478,99,0
validation_fold_2,mean_28,day_1_daily,1,daily,demand_band,low,0.5923520939593966,0.8399704766551107,1.0859788389255602,0.0764790740654324,7.571428332477808,54.0,61.57142833247781,99,0.5075219152298499,99,0
validation_fold_2,seasonal_naive_7,day_1_daily,1,daily,demand_band,low,0.898989898989899,1.4459976109624424,1.6481481481481481,0.1717171717171717,17.0,54.0,71.0,99,0.7449379152048486,99,0
validation_fold_2,zero,day_1_daily,1,daily,demand_band,low,0.5454545454545454,1.0540925533894598,1.0,-0.5454545454545454,-54.0,54.0,0.0,99,0.4540817115130385,99,0
validation_fold_2,croston_sba,day_1_daily,1,daily,demand_band,medium,1.0178635887363379,1.3025671058685473,1.027941446050559,0.27988554230507684,28.548325315117836,101.0,129.54832531511784,102,0.547551275108178,102,0
validation_fold_2,last_value,day_1_daily,1,daily,demand_band,medium,1.0392156862745099,1.9250668437592438,1.0495049504950495,0.11764705882352941,12.0,101.0,113.0,102,0.5856131971557688,102,0
validation_fold_2,mean_28,day_1_daily,1,daily,demand_band,medium,0.8676470535642961,1.1682769101799726,0.8762376184510713,0.14635854229038836,14.928571313619614,101.0,115.92857131361961,102,0.4761513698337811,102,0
validation_fold_2,seasonal_naive_7,day_1_daily,1,daily,demand_band,medium,1.0294117647058822,1.5371223432242522,1.0396039603960396,0.029411764705882353,3.0,101.0,104.0,102,0.5974464996551938,102,0
validation_fold_2,zero,day_1_daily,1,daily,demand_band,medium,0.9901960784313726,1.6538724611187705,1.0,-0.9901960784313726,-101.0,101.0,0.0,102,0.5154381697997512,102,0
validation_fold_2,croston_sba,day_1_daily,1,daily,dept_id,FOODS_1,1.3921894480784733,2.170129939503489,0.737041472512133,0.18170729941791958,8.176828473806381,85.0,93.17682847380638,45,0.5878026991532729,45,0
validation_fold_2,last_value,day_1_daily,1,daily,dept_id,FOODS_1,1.7777777777777777,3.183289703016886,0.9411764705882353,0.13333333333333333,6.0,85.0,91.0,45,0.8081409744080604,45,0
validation_fold_2,mean_28,day_1_daily,1,daily,dept_id,FOODS_1,1.354761901497841,2.2205811723628126,0.7172268890282687,0.1944444368282954,8.749999657273293,85.0,93.74999965727329,45,0.5724335287670645,45,0
validation_fold_2,seasonal_naive_7,day_1_daily,1,daily,dept_id,FOODS_1,1.4666666666666666,2.4765567494675613,0.7764705882352941,-0.6666666666666666,-30.0,85.0,55.0,45,0.6988265069933691,45,0
validation_fold_2,zero,day_1_daily,1,daily,dept_id,FOODS_1,1.8888888888888888,3.101970699768491,1.0,-1.8888888888888888,-85.0,85.0,0.0,45,0.7412741325636811,45,0
validation_fold_2,croston_sba,day_1_daily,1,daily,dept_id,FOODS_2,1.3739585080849273,2.6260242720403877,1.7225748459572223,0.8260566697766384,69.38876026123762,67.0,136.38876026123762,84,0.5151070617668685,84,0
validation_fold_2,last_value,day_1_daily,1,daily,dept_id,FOODS_2,0.8690476190476191,1.3930097596485784,1.0895522388059702,0.17857142857142858,15.0,67.0,82.0,84,0.4690453507586194,84,0
validation_fold_2,mean_28,day_1_daily,1,daily,dept_id,FOODS_2,0.7801870716558326,1.0655521908181367,0.9781449853595513,0.27678571379787864,23.249999959021807,67.0,90.2499999590218,84,0.4472034284019121,84,0
validation_fold_2,seasonal_naive_7,day_1_daily,1,daily,dept_id,FOODS_2,0.9880952380952381,1.686783357529382,1.2388059701492538,0.13095238095238096,11.0,67.0,78.0,84,0.5561258432655514,84,0
validation_fold_2,zero,day_1_daily,1,daily,dept_id,FOODS_2,0.7976190476190477,1.475998451412273,1.0,-0.7976190476190477,-67.0,67.0,0.0,84,0.40966731768125975,84,0
validation_fold_2,croston_sba,day_1_daily,1,daily,dept_id,FOODS_3,1.4430345145451744,2.4431370461623474,0.6562736754979384,0.483457262077701,82.67119181528687,376.0,458.6711918152869,171,0.5466787866773375,171,0
validation_fold_2,last_value,day_1_daily,1,daily,dept_id,FOODS_3,1.3508771929824561,2.3804761428476167,0.6143617021276596,0.08771929824561403,15.0,376.0,391.0,171,0.503306339269311,171,0
validation_fold_2,mean_28,day_1_daily,1,daily,dept_id,FOODS_3,1.3552631646046165,2.401057058934801,0.616356386030291,0.5060567988289727,86.53571259975433,376.0,462.53571259975433,171,0.4945060405814087,171,0
validation_fold_2,seasonal_naive_7,day_1_daily,1,daily,dept_id,FOODS_3,1.654970760233918,3.1260086091630335,0.7526595744680851,0.4152046783625731,71.0,376.0,447.0,171,0.6463771711620484,171,0
validation_fold_2,zero,day_1_daily,1,daily,dept_id,FOODS_3,2.198830409356725,4.7437246944366604,1.0,-2.198830409356725,-376.0,376.0,0.0,171,0.6492282008920516,171,0
validation_fold_2,croston_sba,day_1_daily,1,daily,intermittency_class,highly_intermittent,0.45728434353239006,0.6136347153768485,1.3718530305971701,-0.0645341510987944,-1.1616147197782993,6.0,4.838385280221701,18,0.649633842433114,18,0
validation_fold_2,last_value,day_1_daily,1,daily,intermittency_class,highly_intermittent,0.2222222222222222,0.4714045207910317,0.6666666666666666,-0.1111111111111111,-2.0,6.0,4.0,18,0.3429577718930707,18,0
validation_fold_2,mean_28,day_1_daily,1,daily,intermittency_class,highly_intermittent,0.39285714531110394,0.567321552225015,1.1785714359333117,-0.09523809266587098,-1.7142856679856777,6.0,4.285714332014322,18,0.5784375305558513,18,0
validation_fold_2,seasonal_naive_7,day_1_daily,1,daily,intermittency_class,highly_intermittent,0.3888888888888889,1.0274023338281628,1.1666666666666667,0.05555555555555555,1.0,6.0,7.0,18,0.6277965184616207,18,0
validation_fold_2,zero,day_1_daily,1,daily,intermittency_class,highly_intermittent,0.3333333333333333,0.6666666666666666,1.0,-0.3333333333333333,-6.0,6.0,0.0,18,0.5085630738187418,18,0
validation_fold_2,croston_sba,day_1_daily,1,daily,intermittency_class,intermittent,0.8089262453409342,1.1556141035459728,0.9639704423646133,0.25471054403098314,36.42360779643059,120.0,156.4236077964306,143,0.5342469953475022,143,0
validation_fold_2,last_value,day_1_daily,1,daily,intermittency_class,intermittent,0.7692307692307693,1.651445647689541,0.9166666666666666,0.13986013986013987,20.0,120.0,140.0,143,0.5417164640454462,143,0
validation_fold_2,mean_28,day_1_daily,1,daily,intermittency_class,intermittent,0.7062937056684827,1.0626093956862332,0.8416666659216087,0.18081917462649044,25.857141971588135,120.0,145.85714197158813,143,0.47675597782622364,143,0
validation_fold_2,seasonal_naive_7,day_1_daily,1,daily,intermittency_class,intermittent,0.9790209790209791,1.591058934002299,1.1666666666666667,0.15384615384615385,22.0,120.0,142.0,143,0.6786333670802595,143,0
validation_fold_2,zero,day_1_daily,1,daily,intermittency_class,intermittent,0.8391608391608392,2.3204774044612857,1.0,-0.8391608391608392,-120.0,120.0,0.0,143,0.4520573804288207,143,0
validation_fold_2,croston_sba,day_1_daily,1,daily,intermittency_class,regular,2.164837198291751,3.4077027782298117,0.7485382352302323,0.8990991904581194,124.97478747367859,402.0,526.9747874736786,139,0.5403701990910079,139,0
validation_fold_2,last_value,day_1_daily,1,daily,intermittency_class,regular,1.9424460431654675,2.9308579047019587,0.6716417910447762,0.12949640287769784,18.0,402.0,420.0,139,0.5625384393853585,139,0
validation_fold_2,mean_28,day_1_daily,1,daily,intermittency_class,regular,1.7998458432207862,2.858579760830702,0.6223347567355455,0.6790852943341509,94.39285591244698,402.0,496.392855912447,139,0.4985406427377273,139,0
validation_fold_2,seasonal_naive_7,day_1_daily,1,daily,intermittency_class,regular,2.050359712230216,3.6035553986016877,0.7089552238805971,0.20863309352517986,29.0,402.0,431.0,139,0.5780384970714527,139,0
validation_fold_2,zero,day_1_daily,1,daily,intermittency_class,regular,2.8920863309352516,5.149561691203513,1.0,-2.8920863309352516,-402.0,402.0,0.0,139,0.7553170667127594,139,0
validation_fold_2,croston_sba,day_1_daily,1,daily,overall,all,1.4160664727663,2.4575565474297196,0.8045832231626705,0.5341226018344363,160.23678055033088,528.0,688.2367805503309,300,0.5440072905737964,300,0
validation_fold_2,last_value,day_1_daily,1,daily,overall,all,1.28,2.3007245235649862,0.7272727272727273,0.12,36.0,528.0,564.0,300,0.5394384577571297,300,0
validation_fold_2,mean_28,day_1_daily,1,daily,overall,all,1.1941666691129407,2.0841430549716224,0.6785037892687162,0.3951190407201648,118.53571221604943,528.0,646.5357122160494,300,0.49295043239899805,300,0
validation_fold_2,seasonal_naive_7,day_1_daily,1,daily,overall,all,1.44,2.6993826454703798,0.8181818181818182,0.17333333333333334,52.0,528.0,580.0,300,0.6289741997257274,300,0
validation_fold_2,zero,day_1_daily,1,daily,overall,all,1.76,3.8574603043971822,1.0,-1.76,-528.0,528.0,0.0,300,0.5959580433437742,300,0
validation_fold_2,croston_sba,day_1_daily,1,daily,store_id,CA_1,1.6841322688758373,2.8316175601638602,0.7796908652202951,0.3326935486495495,33.26935486495495,216.0,249.26935486495495,100,0.5688554930805535,100,0
validation_fold_2,last_value,day_1_daily,1,daily,store_id,CA_1,1.52,2.5729360660537215,0.7037037037037037,-0.14,-14.0,216.0,202.0,100,0.5494456139016493,100,0
validation_fold_2,mean_28,day_1_daily,1,daily,store_id,CA_1,1.421071441695094,2.5606246664995087,0.6579034452292102,0.20821427755057811,20.82142775505781,216.0,236.8214277550578,100,0.5045197485729378,100,0
validation_fold_2,seasonal_naive_7,day_1_daily,1,daily,store_id,CA_1,1.67,3.3211443810831227,0.7731481481481481,-0.05,-5.0,216.0,211.0,100,0.6299889112929755,100,0
validation_fold_2,zero,day_1_daily,1,daily,store_id,CA_1,2.16,5.065570056765576,1.0,-2.16,-216.0,216.0,0.0,100,0.6192903282324657,100,0
validation_fold_2,croston_sba,day_1_daily,1,daily,store_id,TX_2,1.3406780211627483,2.283066611752696,0.7169401182688494,0.4696958787739277,46.96958787739277,187.0,233.96958787739277,100,0.5673260759126899,100,0
validation_fold_2,last_value,day_1_daily,1,daily,store_id,TX_2,1.26,2.177154105707724,0.6737967914438503,0.22,22.0,187.0,209.0,100,0.5529217348537265,100,0
validation_fold_2,mean_28,day_1_daily,1,daily,store_id,TX_2,1.1582142863795162,1.9608834300375493,0.6193659285451958,0.3167857130989432,31.678571309894323,187.0,218.67857130989432,100,0.5231614921271263,100,0
validation_fold_2,seasonal_naive_7,day_1_daily,1,daily,store_id,TX_2,1.35,2.2869193252058544,0.7219251336898396,0.05,5.0,187.0,192.0,100,0.644502491678541,100,0
validation_fold_2,zero,day_1_daily,1,daily,store_id,TX_2,1.87,3.5397740040855714,1.0,-1.87,-187.0,187.0,0.0,100,0.6938781707468887,100,0
validation_fold_2,croston_sba,day_1_daily,1,daily,store_id,WI_3,1.2233891282603144,2.2109503365557046,0.9787113026082516,0.7999783780798316,79.99783780798316,125.0,204.99783780798316,100,0.49584030272814594,100,0
validation_fold_2,last_value,day_1_daily,1,daily,store_id,WI_3,1.06,2.1260291625469296,0.848,0.28,28.0,125.0,153.0,100,0.5159480245160133,100,0
validation_fold_2,mean_28,day_1_daily,1,daily,store_id,WI_3,1.0032142792642116,1.6214482143681888,0.8025714234113693,0.660357131510973,66.0357131510973,125.0,191.0357131510973,100,0.45117005649693,100,0
validation_fold_2,seasonal_naive_7,day_1_daily,1,daily,store_id,WI_3,1.3,2.3664319132398464,1.04,0.52,52.0,125.0,177.0,100,0.6124311962056654,100,0
validation_fold_2,zero,day_1_daily,1,daily,store_id,WI_3,1.25,2.539685019840059,1.0,-1.25,-125.0,125.0,0.0,100,0.4747056310519684,100,0
validation_fold_2,croston_sba,days_1_7_aggregate,7,aggregate,demand_band,high,12.264741572466763,21.674822444421615,0.38644475355640023,3.3570347049019555,332.3464357852936,3142.0,3474.3464357852936,99,0.8571545193678743,99,0
validation_fold_2,last_value,days_1_7_aggregate,7,aggregate,demand_band,high,14.343434343434344,21.34090774625914,0.4519414385741566,-4.161616161616162,-412.0,3142.0,2730.0,99,1.3378892737392207,99,0
validation_fold_2,mean_28,days_1_7_aggregate,7,aggregate,demand_band,high,8.684343400627675,14.715118790403293,0.27363144387719285,1.4267676045196225,141.24999284744263,3142.0,3283.2499928474426,99,0.713282539004631,99,0
validation_fold_2,seasonal_naive_7,days_1_7_aggregate,7,aggregate,demand_band,high,8.818181818181818,15.784854011412845,0.27784850413749207,0.45454545454545453,45.0,3142.0,3187.0,99,0.7434096301117122,99,0
validation_fold_2,zero,days_1_7_aggregate,7,aggregate,demand_band,high,31.737373737373737,51.523849533076145,1.0,-31.737373737373737,-3142.0,3142.0,0.0,99,2.5354271186489106,99,0
validation_fold_2,croston_sba,days_1_7_aggregate,7,aggregate,demand_band,low,2.196823802560267,2.8493030946076936,0.6058093494525527,0.7825530806575158,77.47275498509407,359.0,436.47275498509407,99,0.6884679606122275,99,0
validation_fold_2,last_value,days_1_7_aggregate,7,aggregate,demand_band,low,3.9393939393939394,6.651497894641796,1.0863509749303621,0.6868686868686869,68.0,359.0,427.0,99,1.2039270487773732,99,0
validation_fold_2,mean_28,days_1_7_aggregate,7,aggregate,demand_band,low,1.9545454545454546,2.7599681596758034,0.5389972144846796,0.7272727272727273,72.0,359.0,431.0,99,0.6101500169288834,99,0
validation_fold_2,seasonal_naive_7,days_1_7_aggregate,7,aggregate,demand_band,low,2.2525252525252526,3.160680146724592,0.6211699164345403,0.6363636363636364,63.0,359.0,422.0,99,0.7082413299463617,99,0
validation_fold_2,zero,days_1_7_aggregate,7,aggregate,demand_band,low,3.6262626262626263,5.670230608318779,1.0,-3.6262626262626263,-359.0,359.0,0.0,99,1.0567340264427227,99,0
validation_fold_2,croston_sba,days_1_7_aggregate,7,aggregate,demand_band,medium,4.410764946657069,6.2119911947521285,0.5687712067749949,1.135669371661018,115.83827590942383,791.0,906.8382759094238,102,0.8978355951615915,102,0
validation_fold_2,last_value,days_1_7_aggregate,7,aggregate,demand_band,medium,7.215686274509804,12.637479272107282,0.9304677623261695,0.0,0.0,791.0,791.0,102,1.5609511141276349,102,0
validation_fold_2,mean_28,days_1_7_aggregate,7,aggregate,demand_band,medium,3.2499999859753776,4.526745115631773,0.4190897579892396,0.20098038748198865,20.499999523162842,791.0,811.4999995231628,102,0.6879788018298897,102,0
validation_fold_2,seasonal_naive_7,days_1_7_aggregate,7,aggregate,demand_band,medium,3.049019607843137,4.676809705302092,0.393173198482933,0.10784313725490197,11.0,791.0,802.0,102,0.6628605055318042,102,0
validation_fold_2,zero,days_1_7_aggregate,7,aggregate,demand_band,medium,7.754901960784314,10.60937432318286,1.0,-7.754901960784314,-791.0,791.0,0.0,102,1.5058677488181647,102,0
validation_fold_2,croston_sba,days_1_7_aggregate,7,aggregate,dept_id,FOODS_1,4.678322790728675,7.207157910189367,0.3468278839914174,1.0052843319045173,45.23779493570328,607.0,652.2377949357033,45,0.7440110496984815,45,0
validation_fold_2,last_value,days_1_7_aggregate,7,aggregate,dept_id,FOODS_1,9.244444444444444,17.052858997833766,0.685337726523888,0.6666666666666666,30.0,607.0,637.0,45,1.7645642538896498,45,0
validation_fold_2,mean_28,days_1_7_aggregate,7,aggregate,dept_id,FOODS_1,4.150000042385525,6.380199406416512,0.3076606291719088,1.0944443172878688,49.2499942779541,607.0,656.2499942779541,45,0.6701255500584279,45,0
validation_fold_2,seasonal_naive_7,days_1_7_aggregate,7,aggregate,dept_id,FOODS_1,3.8,5.882176467941097,0.28171334431630973,0.022222222222222223,1.0,607.0,608.0,45,0.7323059594755393,45,0
validation_fold_2,zero,days_1_7_aggregate,7,aggregate,dept_id,FOODS_1,13.488888888888889,22.4860450551497,1.0,-13.488888888888889,-607.0,607.0,0.0,45,1.7223346258806342,45,0
validation_fold_2,croston_sba,days_1_7_aggregate,7,aggregate,dept_id,FOODS_2,7.487694260619936,17.39922122332273,1.1980310816991897,5.115730037291844,429.72132313251495,525.0,954.721323132515,84,0.9414281940360237,84,0
validation_fold_2,last_value,days_1_7_aggregate,7,aggregate,dept_id,FOODS_2,5.392857142857143,7.7957558660985224,0.8628571428571429,0.5833333333333334,49.0,525.0,574.0,84,1.1753393420005864,84,0
validation_fold_2,mean_28,days_1_7_aggregate,7,aggregate,dept_id,FOODS_2,3.3422619047619047,4.497767300105973,0.5347619047619048,1.270833310626802,106.74999809265137,525.0,631.7499980926514,84,0.7876702252094794,84,0
validation_fold_2,seasonal_naive_7,days_1_7_aggregate,7,aggregate,dept_id,FOODS_2,2.9404761904761907,4.1418307431330295,0.4704761904761905,0.44047619047619047,37.0,525.0,562.0,84,0.6905894188130721,84,0
validation_fold_2,zero,days_1_7_aggregate,7,aggregate,dept_id,FOODS_2,6.25,9.134575862648258,1.0,-6.25,-525.0,525.0,0.0,84,1.2581674123083741,84,0
validation_fold_2,croston_sba,days_1_7_aggregate,7,aggregate,dept_id,FOODS_3,6.094164638665685,11.718627677299178,0.3297791624088076,0.29648157082803067,50.69834861159325,3160.0,3210.6983486115932,171,0.772136787655291,171,0
validation_fold_2,last_value,days_1_7_aggregate,7,aggregate,dept_id,FOODS_3,9.807017543859649,16.678416910584616,0.5306962025316456,-2.473684210526316,-423.0,3160.0,2737.0,171,1.3609528270004567,171,0
validation_fold_2,mean_28,days_1_7_aggregate,7,aggregate,dept_id,FOODS_3,5.364035048679999,11.015688535513334,0.29026898522920247,0.4546783625730994,77.75,3160.0,3237.75,171,0.6132965623031645,171,0
validation_fold_2,seasonal_naive_7,days_1_7_aggregate,7,aggregate,dept_id,FOODS_3,5.783625730994152,12.064398352273484,0.3129746835443038,0.47368421052631576,81.0,3160.0,3241.0,171,0.7038709780894504,171,0
validation_fold_2,zero,days_1_7_aggregate,7,aggregate,dept_id,FOODS_3,18.47953216374269,38.06104668626181,1.0,-18.47953216374269,-3160.0,3160.0,0.0,171,1.9066160406139916,171,0
validation_fold_2,croston_sba,days_1_7_aggregate,7,aggregate,intermittency_class,highly_intermittent,1.2768259429269366,1.7908133575057967,1.3519333513344036,0.9371498376131058,16.868697077035904,17.0,33.868697077035904,18,0.6308228494509679,18,0
validation_fold_2,last_value,days_1_7_aggregate,7,aggregate,intermittency_class,highly_intermittent,1.7222222222222223,2.6770630673681683,1.8235294117647058,0.6111111111111112,11.0,17.0,28.0,18,0.9047611701811,18,0
validation_fold_2,mean_28,days_1_7_aggregate,7,aggregate,intermittency_class,highly_intermittent,1.0277777777777777,1.3411230782859234,1.088235294117647,0.7222222222222222,13.0,17.0,30.0,18,0.5514911808096836,18,0
validation_fold_2,seasonal_naive_7,days_1_7_aggregate,7,aggregate,intermittency_class,highly_intermittent,1.2777777777777777,1.90029237516523,1.3529411764705883,0.7222222222222222,13.0,17.0,30.0,18,0.6985227773801242,18,0
validation_fold_2,zero,days_1_7_aggregate,7,aggregate,intermittency_class,highly_intermittent,0.9444444444444444,1.3123346456686351,1.0,-0.9444444444444444,-17.0,17.0,0.0,18,0.5210746713296845,18,0
validation_fold_2,croston_sba,days_1_7_aggregate,7,aggregate,intermittency_class,intermittent,3.474822338644441,5.371469073583224,0.5436538232233644,1.2654913263721066,180.96525967121124,914.0,1094.9652596712112,143,0.8328370571433288,143,0
validation_fold_2,last_value,days_1_7_aggregate,7,aggregate,intermittency_class,intermittent,5.146853146853147,10.365353801996314,0.8052516411378556,0.46153846153846156,66.0,914.0,980.0,143,1.3564891203320038,143,0
validation_fold_2,mean_28,days_1_7_aggregate,7,aggregate,intermittency_class,intermittent,2.727272697261997,4.340309416155751,0.4266958377554328,0.748251718241018,106.99999570846558,914.0,1020.9999957084656,143,0.6783525196536164,143,0
validation_fold_2,seasonal_naive_7,days_1_7_aggregate,7,aggregate,intermittency_class,intermittent,2.986013986013986,5.013966507652413,0.4671772428884026,0.6223776223776224,89.0,914.0,1003.0,143,0.7357598036311236,143,0
validation_fold_2,zero,days_1_7_aggregate,7,aggregate,intermittency_class,intermittent,6.391608391608392,18.277962580219825,1.0,-6.391608391608392,-914.0,914.0,0.0,143,1.2617969441637888,143,0
validation_fold_2,croston_sba,days_1_7_aggregate,7,aggregate,intermittency_class,regular,9.796478671135663,18.4012297876078,0.40515041216538444,2.3584425174932684,327.82350993156433,3361.0,3688.8235099315643,139,0.8211895378625824,139,0
validation_fold_2,last_value,days_1_7_aggregate,7,aggregate,intermittency_class,regular,12.798561151079136,19.016274741283354,0.5293067539422791,-3.028776978417266,-421.0,3361.0,2940.0,139,1.443116433808815,139,0
validation_fold_2,mean_28,days_1_7_aggregate,7,aggregate,intermittency_class,regular,7.023381291533545,12.452770482540599,0.29046414743325283,0.8183452997276252,113.74999666213989,3361.0,3474.74999666214,139,0.6781468292016203,139,0
validation_fold_2,seasonal_naive_7,days_1_7_aggregate,7,aggregate,intermittency_class,regular,6.884892086330935,13.202081806623415,0.2847366855102648,0.1223021582733813,17.0,3361.0,3378.0,139,0.6729363647330967,139,0
validation_fold_2,zero,days_1_7_aggregate,7,aggregate,intermittency_class,regular,24.179856115107913,40.64896221918098,1.0,-24.179856115107913,-3361.0,3361.0,0.0,139,2.297886019022794,139,0
validation_fold_2,croston_sba,days_1_7_aggregate,7,aggregate,overall,all,6.271976655622323,13.070295875976107,0.4383953859941046,1.7521915555993717,525.6574666798115,4292.0,4817.6574666798115,300,0.8153195207483747,300,0
validation_fold_2,last_value,days_1_7_aggregate,7,aggregate,overall,all,8.486666666666666,14.805179273934286,0.5931966449207828,-1.1466666666666667,-344.0,4292.0,3948.0,300,1.369522765233872,300,0
validation_fold_2,mean_28,days_1_7_aggregate,7,aggregate,overall,all,4.615833317438762,8.996515502761005,0.32263513402414457,0.7791666412353515,233.74999237060547,4292.0,4525.7499923706055,300,0.6706455360802221,300,0
validation_fold_2,seasonal_naive_7,days_1_7_aggregate,7,aggregate,overall,all,4.69,9.641403770544342,0.32781919850885366,0.39666666666666667,119.0,4292.0,4411.0,300,0.7044173886999778,300,0
validation_fold_2,zero,days_1_7_aggregate,7,aggregate,overall,all,14.306666666666667,30.412716638494057,1.0,-14.306666666666667,-4292.0,4292.0,0.0,300,1.6974082124784151,300,0
validation_fold_2,croston_sba,days_1_7_aggregate,7,aggregate,store_id,CA_1,7.473286513090134,15.184169269625496,0.4299934702583506,0.06885486960411072,6.885486960411072,1738.0,1744.885486960411,100,0.8582931976636371,100,0
validation_fold_2,last_value,days_1_7_aggregate,7,aggregate,store_id,CA_1,9.24,16.217274740226856,0.5316455696202531,-3.24,-324.0,1738.0,1414.0,100,1.2887881325400077,100,0
validation_fold_2,mean_28,days_1_7_aggregate,7,aggregate,store_id,CA_1,5.637500014305115,12.047121031805576,0.32436708943067405,-0.8025000238418579,-80.25000238418579,1738.0,1657.7499976158142,100,0.6944280277981936,100,0
validation_fold_2,seasonal_naive_7,days_1_7_aggregate,7,aggregate,store_id,CA_1,5.6,12.898061869908982,0.3222094361334868,-0.78,-78.0,1738.0,1660.0,100,0.703073470365084,100,0
validation_fold_2,zero,days_1_7_aggregate,7,aggregate,store_id,CA_1,17.38,39.20102039488258,1.0,-17.38,-1738.0,1738.0,0.0,100,1.8200273434420493,100,0
validation_fold_2,croston_sba,days_1_7_aggregate,7,aggregate,store_id,TX_2,5.2604383456707,10.667772796649716,0.36967240658262124,2.147871096134186,214.78710961341858,1423.0,1637.7871096134186,100,0.7277675157549715,100,0
validation_fold_2,last_value,days_1_7_aggregate,7,aggregate,store_id,TX_2,8.18,12.991535705989497,0.5748418833450457,0.4,40.0,1423.0,1463.0,100,1.343284977989754,100,0
validation_fold_2,mean_28,days_1_7_aggregate,7,aggregate,store_id,TX_2,3.8775000190734863,6.957954086278323,0.2724877033783195,1.0774999904632567,107.74999904632568,1423.0,1530.7499990463257,100,0.5967817624323135,100,0
validation_fold_2,seasonal_naive_7,days_1_7_aggregate,7,aggregate,store_id,TX_2,3.92,6.390618123468183,0.275474349964863,1.12,112.0,1423.0,1535.0,100,0.6522978587300955,100,0
validation_fold_2,zero,days_1_7_aggregate,7,aggregate,store_id,TX_2,14.23,27.94512479843309,1.0,-14.23,-1423.0,1423.0,0.0,100,1.7187712863766114,100,0
validation_fold_2,croston_sba,days_1_7_aggregate,7,aggregate,store_id,WI_3,6.082205108106137,12.966785646685732,0.5377723349342296,3.0398487010598183,303.9848701059818,1131.0,1434.9848701059818,100,0.8598978488265154,100,0
validation_fold_2,last_value,days_1_7_aggregate,7,aggregate,store_id,WI_3,8.04,15.026643005009468,0.7108753315649867,-0.6,-60.0,1131.0,1071.0,100,1.4764951851718544,100,0
validation_fold_2,mean_28,days_1_7_aggregate,7,aggregate,store_id,WI_3,4.332499918937683,7.018947453324311,0.3830680741766298,2.062499957084656,206.24999570846558,1131.0,1337.2499957084656,100,0.7207268180101596,100,0
validation_fold_2,seasonal_naive_7,days_1_7_aggregate,7,aggregate,store_id,WI_3,4.55,8.465813605318747,0.40229885057471265,0.85,85.0,1131.0,1216.0,100,0.757880837004754,100,0
validation_fold_2,zero,days_1_7_aggregate,7,aggregate,store_id,WI_3,11.31,21.381066390617658,1.0,-11.31,-1131.0,1131.0,0.0,100,1.5534260076165836,100,0
validation_fold_2,croston_sba,days_1_7_daily,7,daily,demand_band,high,2.9017328804447535,4.921775116718612,0.6400066474055425,0.4795763815550233,332.34643241763115,3142.0,3474.346432417631,693,0.7186968129144986,99,0
validation_fold_2,last_value,days_1_7_daily,7,daily,demand_band,high,2.6984126984126986,4.891905143268411,0.5951623169955442,-0.5945165945165946,-412.0,3142.0,2730.0,693,0.805324697546537,99,0
validation_fold_2,mean_28,days_1_7_daily,7,daily,demand_band,high,2.413162232606442,4.365230077518735,0.5322474306799059,0.20382393649302175,141.24998798966408,3142.0,3283.249987989664,693,0.665542951648583,99,0
validation_fold_2,seasonal_naive_7,days_1_7_daily,7,daily,demand_band,high,2.8932178932178934,5.330491667204951,0.6381285805219605,0.06493506493506493,45.0,3142.0,3187.0,693,0.8333167907092748,99,0
validation_fold_2,zero,days_1_7_daily,7,daily,demand_band,high,4.533910533910534,8.295411551806987,1.0,-4.533910533910534,-3142.0,3142.0,0.0,693,1.135428021072311,99,0
validation_fold_2,croston_sba,days_1_7_daily,7,daily,demand_band,low,0.6514580129749246,0.91255859940327,1.2575498690574447,0.11179329614554133,77.47275422886014,359.0,436.47275422886014,693,0.6198373639391657,99,0
validation_fold_2,last_value,days_1_7_daily,7,daily,demand_band,low,0.6810966810966811,1.2529906503983061,1.3147632311977715,0.09812409812409813,68.0,359.0,427.0,693,0.7120772425621684,99,0
validation_fold_2,mean_28,days_1_7_daily,7,daily,demand_band,low,0.6170892596384577,0.9069380293862301,1.1912057296084992,0.10389610148245983,71.99999832734466,359.0,430.99999832734466,693,0.5878114092939587,99,0
validation_fold_2,seasonal_naive_7,days_1_7_daily,7,daily,demand_band,low,0.6652236652236653,1.2066434668071824,1.2841225626740946,0.09090909090909091,63.0,359.0,422.0,693,0.7878679636850865,99,0
validation_fold_2,zero,days_1_7_daily,7,daily,demand_band,low,0.5180375180375181,1.1503183573395337,1.0,-0.5180375180375181,-359.0,359.0,0.0,693,0.6400616572849235,99,0
validation_fold_2,croston_sba,days_1_7_daily,7,daily,demand_band,medium,1.0782883042673104,1.4226812175944312,0.9733221861527933,0.1622384834815474,115.83827720582485,791.0,906.8382772058249,714,0.6831791705809531,102,0
validation_fold_2,last_value,days_1_7_daily,7,daily,demand_band,medium,1.207282913165266,2.1203297666466248,1.0897597977243996,0.0,0.0,791.0,791.0,714,0.8365772162374384,102,0
validation_fold_2,mean_28,days_1_7_daily,7,daily,demand_band,medium,0.9133653423281944,1.2863463251718763,0.8244536718360693,0.028711483466858957,20.499999195337296,791.0,811.4999991953373,714,0.6020283684106096,102,0
validation_fold_2,seasonal_naive_7,days_1_7_daily,7,daily,demand_band,medium,1.1134453781512605,1.7951849697538838,1.0050568900126422,0.015406162464985995,11.0,791.0,802.0,714,0.8162730067816896,102,0
validation_fold_2,zero,days_1_7_daily,7,daily,demand_band,medium,1.107843137254902,1.8797907983012767,1.0,-1.107843137254902,-791.0,791.0,0.0,714,0.775018267001465,102,0
validation_fold_2,croston_sba,days_1_7_daily,7,daily,dept_id,FOODS_1,1.326269988691996,2.1025242186385458,0.688262020490904,0.14361206132268148,45.23779931664467,607.0,652.2377993166447,315,0.6551813059880035,45,0
validation_fold_2,last_value,days_1_7_daily,7,daily,dept_id,FOODS_1,1.6507936507936507,3.0488092913854246,0.85667215815486,0.09523809523809523,30.0,607.0,637.0,315,0.943245139459376,45,0
validation_fold_2,mean_28,days_1_7_daily,7,daily,dept_id,FOODS_1,1.255215416304649,2.047266027737135,0.6513885603557897,0.1563491987330573,49.24999760091305,607.0,656.249997600913,315,0.6205961226585892,45,0
validation_fold_2,seasonal_naive_7,days_1_7_daily,7,daily,dept_id,FOODS_1,1.507936507936508,2.6505465144752365,0.7825370675453048,0.0031746031746031746,1.0,607.0,608.0,315,0.8725847751084052,45,0
validation_fold_2,zero,days_1_7_daily,7,daily,dept_id,FOODS_1,1.926984126984127,3.6985625693457016,1.0,-1.926984126984127,-607.0,607.0,0.0,315,0.8726073287984365,45,0
validation_fold_2,croston_sba,days_1_7_daily,7,daily,dept_id,FOODS_2,1.4641663749277793,2.694321651860713,1.639866339919113,0.7308185745385432,429.72132182866335,525.0,954.7213218286633,588,0.6681135800668417,84,0
validation_fold_2,last_value,days_1_7_daily,7,daily,dept_id,FOODS_2,0.9506802721088435,1.5236235005501102,1.0647619047619048,0.08333333333333333,49.0,525.0,574.0,588,0.6837894165322581,84,0
validation_fold_2,mean_28,days_1_7_daily,7,daily,dept_id,FOODS_2,0.8745748269479392,1.2222937689202449,0.979523806181692,0.1815476185597834,106.74999971315265,525.0,631.7499997131526,588,0.6022020151346092,84,0
validation_fold_2,seasonal_naive_7,days_1_7_daily,7,daily,dept_id,FOODS_2,0.9404761904761905,1.5490835561536307,1.0533333333333332,0.06292517006802721,37.0,525.0,562.0,588,0.7333850517848569,84,0
validation_fold_2,zero,days_1_7_daily,7,daily,dept_id,FOODS_2,0.8928571428571429,1.6685363662330457,1.0,-0.8928571428571429,-525.0,525.0,0.0,588,0.672200457432225,84,0
validation_fold_2,croston_sba,days_1_7_daily,7,daily,dept_id,FOODS_3,1.6320419912207047,3.3142811404941144,0.6182133745225264,0.042354505185470445,50.69834270700812,3160.0,3210.698342707008,1197,0.6818389439338894,171,0
validation_fold_2,last_value,days_1_7_daily,7,daily,dept_id,FOODS_3,1.7752715121136173,3.722742765880952,0.6724683544303798,-0.3533834586466165,-423.0,3160.0,2737.0,1197,0.7933878705415144,171,0
validation_fold_2,mean_28,days_1_7_daily,7,daily,dept_id,FOODS_3,1.5392349909496188,3.264708257314924,0.5830583177742702,0.06495404193674213,77.74998819828033,3160.0,3237.7499881982803,1197,0.6255975469020475,171,0
validation_fold_2,seasonal_naive_7,days_1_7_daily,7,daily,dept_id,FOODS_3,1.8654970760233918,4.023427633848039,0.7066455696202532,0.06766917293233082,81.0,3160.0,3241.0,1197,0.8355934394559524,171,0
validation_fold_2,zero,days_1_7_daily,7,daily,dept_id,FOODS_3,2.6399331662489556,6.143779923307129,1.0,-2.6399331662489556,-3160.0,3160.0,0.0,1197,0.93036943375017,171,0
validation_fold_2,croston_sba,days_1_7_daily,7,daily,intermittency_class,highly_intermittent,0.33887185401741476,0.4438113410738472,2.5116384474231914,0.133878547313904,16.868696961551905,17.0,33.868696961551905,126,0.5674101988841254,18,0
validation_fold_2,last_value,days_1_7_daily,7,daily,intermittency_class,highly_intermittent,0.2777777777777778,0.5270462766947299,2.0588235294117645,0.0873015873015873,11.0,17.0,28.0,126,0.5646928457364309,18,0
validation_fold_2,mean_28,days_1_7_daily,7,daily,intermittency_class,highly_intermittent,0.29761904954082435,0.41015317215931935,2.2058823671849335,0.10317460574682742,13.000000324100256,17.0,30.000000324100256,126,0.5034503814304054,18,0
validation_fold_2,seasonal_naive_7,days_1_7_daily,7,daily,intermittency_class,highly_intermittent,0.29365079365079366,0.6606874726434099,2.176470588235294,0.10317460317460317,13.0,17.0,30.0,126,0.7270350081037571,18,0
validation_fold_2,zero,days_1_7_daily,7,daily,intermittency_class,highly_intermittent,0.1349206349206349,0.408248290463863,1.0,-0.1349206349206349,-17.0,17.0,0.0,126,0.46305034298674524,18,0
validation_fold_2,croston_sba,days_1_7_daily,7,daily,intermittency_class,intermittent,0.8607192529545916,1.4073312960558164,0.9426476719995035,0.1807844701049092,180.96525457501411,914.0,1094.9652545750141,1001,0.6534121106050176,143,0
validation_fold_2,last_value,days_1_7_daily,7,daily,intermittency_class,intermittent,0.8991008991008991,1.8932552877030568,0.9846827133479212,0.06593406593406594,66.0,914.0,980.0,1001,0.7720880424486896,143,0
validation_fold_2,mean_28,days_1_7_daily,7,daily,intermittency_class,intermittent,0.7593121108237084,1.33274375403561,0.831587990081545,0.10689310070041652,106.99999380111694,914.0,1020.999993801117,1001,0.5955923066117127,143,0
validation_fold_2,seasonal_naive_7,days_1_7_daily,7,daily,intermittency_class,intermittent,0.8841158841158842,1.675169784288687,0.9682713347921226,0.08891108891108891,89.0,914.0,1003.0,1001,0.8125288277254791,143,0
validation_fold_2,zero,days_1_7_daily,7,daily,intermittency_class,intermittent,0.913086913086913,2.8652731475009867,1.0,-0.913086913086913,-914.0,914.0,0.0,1001,0.6999834765719232,143,0
validation_fold_2,croston_sba,days_1_7_daily,7,daily,intermittency_class,regular,2.392580999561106,4.155509798754693,0.6926454366477108,0.33692036209224063,327.8235123157501,3361.0,3688.82351231575,973,0.7089772914484762,139,0
validation_fold_2,last_value,days_1_7_daily,7,daily,intermittency_class,regular,2.3319630010277494,4.211641478872227,0.6750966974114847,-0.43268242548818087,-421.0,3361.0,2940.0,973,0.8271986103133971,139,0
validation_fold_2,mean_28,days_1_7_daily,7,daily,intermittency_class,regular,2.0087725748934946,3.6773189769492394,0.5815339825561947,0.11690646596827217,113.74999138712883,3361.0,3474.749991387129,973,0.656526392805551,139,0
validation_fold_2,seasonal_naive_7,days_1_7_daily,7,daily,intermittency_class,regular,2.403905447070915,4.549262163050216,0.6959238321927997,0.017471736896197326,17.0,3361.0,3378.0,973,0.8235890997565682,139,0
validation_fold_2,zero,days_1_7_daily,7,daily,intermittency_class,regular,3.4542651593011304,6.63921205344787,1.0,-3.4542651593011304,-3361.0,3361.0,0.0,973,1.0531855976112894,139,0
validation_fold_2,croston_sba,days_1_7_daily,7,daily,overall,all,1.5391710182793794,2.992800775514484,0.7530892680304512,0.2503130780249124,525.6574638523161,4292.0,4817.657463852316,2100,0.6739971963592333,300,0
validation_fold_2,last_value,days_1_7_daily,7,daily,overall,all,1.5257142857142858,3.1533806500023944,0.7465051258154707,-0.16380952380952382,-344.0,4292.0,3948.0,2100,0.7851788937566018,300,0
validation_fold_2,mean_28,days_1_7_daily,7,daily,overall,all,1.310527208832403,2.6687558351088025,0.641217879438035,0.11130951691064096,233.74998551234603,4292.0,4525.749985512346,2100,0.6182965843706459,300,0
validation_fold_2,seasonal_naive_7,days_1_7_daily,7,daily,overall,all,1.552857142857143,3.3095101061723837,0.7597856477166822,0.056666666666666664,119.0,4292.0,4411.0,2100,0.8125237912559137,300,0
validation_fold_2,zero,days_1_7_daily,7,daily,overall,all,2.0438095238095237,4.934234151990222,1.0,-2.0438095238095237,-4292.0,4292.0,0.0,2100,0.8494178046383853,300,0
validation_fold_2,croston_sba,days_1_7_daily,7,daily,store_id,CA_1,1.8124365707593304,3.7256940090713995,0.7299802068650928,0.009836405792406628,6.885484054684639,1738.0,1744.8854840546846,700,0.714529773078522,100,0
validation_fold_2,last_value,days_1_7_daily,7,daily,store_id,CA_1,1.7314285714285715,3.813509819425819,0.6973532796317606,-0.46285714285714286,-324.0,1738.0,1414.0,700,0.7762608147649896,100,0
validation_fold_2,mean_28,days_1_7_daily,7,daily,store_id,CA_1,1.577091840473669,3.4838787162742,0.6351923408121797,-0.11464286530656474,-80.25000571459532,1738.0,1657.7499942854047,700,0.6558713469308759,100,0
validation_fold_2,seasonal_naive_7,days_1_7_daily,7,daily,store_id,CA_1,1.7457142857142858,3.863750953228149,0.7031070195627158,-0.11142857142857143,-78.0,1738.0,1660.0,700,0.81602391679071,100,0
validation_fold_2,zero,days_1_7_daily,7,daily,store_id,CA_1,2.4828571428571427,6.36687858036753,1.0,-2.4828571428571427,-1738.0,1738.0,0.0,700,0.8988420056449047,100,0
validation_fold_2,croston_sba,days_1_7_daily,7,daily,store_id,TX_2,1.4528439735301903,2.610580417538519,0.7146808021582103,0.30683873591678484,214.78711514174938,1423.0,1637.7871151417494,700,0.6672061104818691,100,0
validation_fold_2,last_value,days_1_7_daily,7,daily,store_id,TX_2,1.5171428571428571,2.8172935340753646,0.7463106113843991,0.05714285714285714,40.0,1423.0,1463.0,700,0.7886347177540297,100,0
validation_fold_2,mean_28,days_1_7_daily,7,daily,store_id,TX_2,1.2515816304673042,2.3410843683524263,0.6156761358588285,0.15392857024180037,107.74999916926026,1423.0,1530.7499991692603,700,0.6133681158371014,100,0
validation_fold_2,seasonal_naive_7,days_1_7_daily,7,daily,store_id,TX_2,1.5171428571428571,2.8938358132910227,0.7463106113843991,0.16,112.0,1423.0,1535.0,700,0.8001219151662342,100,0
validation_fold_2,zero,days_1_7_daily,7,daily,store_id,TX_2,2.032857142857143,4.519955751995809,1.0,-2.032857142857143,-1423.0,1423.0,0.0,700,0.8684940857327414,100,0
validation_fold_2,croston_sba,days_1_7_daily,7,daily,store_id,WI_3,1.3522325105486173,2.484882991227996,0.8369255149284103,0.43426409236554586,303.9848646558821,1131.0,1434.9848646558821,700,0.6402557055173085,100,0
validation_fold_2,last_value,days_1_7_daily,7,daily,store_id,WI_3,1.3285714285714285,2.7113517977991295,0.8222811671087533,-0.08571428571428572,-60.0,1131.0,1071.0,700,0.7906411487507862,100,0
validation_fold_2,mean_28,days_1_7_daily,7,daily,store_id,WI_3,1.102908155556236,1.9361524198340887,0.6826133588765386,0.29464284579668726,206.24999205768108,1131.0,1337.249992057681,700,0.585650290343961,100,0
validation_fold_2,seasonal_naive_7,days_1_7_daily,7,daily,store_id,WI_3,1.3957142857142857,3.091231839528424,0.8638373121131742,0.12142857142857143,85.0,1131.0,1216.0,700,0.8214255418107967,100,0
validation_fold_2,zero,days_1_7_daily,7,daily,store_id,WI_3,1.6157142857142857,3.4746017243501655,1.0,-1.6157142857142857,-1131.0,1131.0,0.0,700,0.78091732253751,100,0
validation_fold_2,croston_sba,days_1_30_aggregate,30,aggregate,demand_band,high,31.43417078075987,49.93574359348138,0.2047222490161981,-3.14084766850327,-310.94391918182373,15201.0,14890.056080818176,99,1.2347846996387184,99,0
validation_fold_2,last_value,days_1_30_aggregate,30,aggregate,demand_band,high,74.43434343434343,109.86828661647729,0.48477073876718635,-35.36363636363637,-3501.0,15201.0,11700.0,99,2.944633322065438,99,0
validation_fold_2,mean_28,days_1_30_aggregate,30,aggregate,demand_band,high,41.87806584136655,77.05066438023398,0.27274051169628893,-11.413420725350429,-1129.9286518096924,15201.0,14071.071348190308,99,1.4041135500105073,99,0
validation_fold_2,seasonal_naive_7,days_1_30_aggregate,30,aggregate,demand_band,high,44.72727272727273,79.69487265359501,0.2912966252220249,-16.727272727272727,-1656.0,15201.0,13545.0,99,1.5212185576336594,99,0
validation_fold_2,zero,days_1_30_aggregate,30,aggregate,demand_band,high,153.54545454545453,223.90097468444944,1.0,-153.54545454545453,-15201.0,15201.0,0.0,99,5.728028355785616,99,0
validation_fold_2,croston_sba,days_1_30_aggregate,30,aggregate,demand_band,low,7.221617896147449,9.87287546227346,0.42304152172698073,1.8242174013696535,180.5975227355957,1690.0,1870.5975227355957,99,1.084456685943976,99,0
validation_fold_2,last_value,days_1_30_aggregate,30,aggregate,demand_band,low,17.373737373737374,27.82739003865861,1.017751479289941,1.4141414141414141,140.0,1690.0,1830.0,99,2.586314905421002,99,0
validation_fold_2,mean_28,days_1_30_aggregate,30,aggregate,demand_band,low,6.818181778445388,9.335480959763757,0.3994082816959133,1.5873014481380732,157.14284336566925,1690.0,1847.1428433656693,99,1.0223634237768862,99,0
validation_fold_2,seasonal_naive_7,days_1_30_aggregate,30,aggregate,demand_band,low,7.878787878787879,10.970115511854665,0.46153846153846156,1.2323232323232323,122.0,1690.0,1812.0,99,1.2267005463051988,99,0
validation_fold_2,zero,days_1_30_aggregate,30,aggregate,demand_band,low,17.07070707070707,25.11428423680979,1.0,-17.07070707070707,-1690.0,1690.0,0.0,99,2.4167937210220036,99,0
validation_fold_2,croston_sba,days_1_30_aggregate,30,aggregate,demand_band,medium,12.786261161168417,19.243380951278215,0.3546909541580578,2.053429234261606,209.44978189468384,3677.0,3886.449781894684,102,1.2077271632703455,102,0
validation_fold_2,last_value,days_1_30_aggregate,30,aggregate,demand_band,medium,31.186274509803923,51.24728591569987,0.8651074245308675,-2.8137254901960786,-287.0,3677.0,3390.0,102,3.3481898177441223,102,0
validation_fold_2,mean_28,days_1_30_aggregate,30,aggregate,demand_band,medium,10.953781090530695,14.140801834566476,0.3038579470313111,-1.9523810592352175,-199.1428680419922,3677.0,3477.857131958008,102,1.1169584373181187,102,0
validation_fold_2,seasonal_naive_7,days_1_30_aggregate,30,aggregate,demand_band,medium,13.07843137254902,17.280840575052828,0.36279575741093284,-2.4313725490196076,-248.0,3677.0,3429.0,102,1.4015341519803883,102,0
validation_fold_2,zero,days_1_30_aggregate,30,aggregate,demand_band,medium,36.049019607843135,45.112169568058405,1.0,-36.049019607843135,-3677.0,3677.0,0.0,102,3.489768606442946,102,0
validation_fold_2,croston_sba,days_1_30_aggregate,30,aggregate,dept_id,FOODS_1,18.534899992412992,28.635360351225863,0.310063382772708,2.3401077641381156,105.30484938621521,2690.0,2795.304849386215,45,1.4252645733849039,45,0
validation_fold_2,last_value,days_1_30_aggregate,30,aggregate,dept_id,FOODS_1,38.4,71.09930457543949,0.6423791821561339,0.8888888888888888,40.0,2690.0,2730.0,45,3.7219677208819664,45,0
validation_fold_2,mean_28,days_1_30_aggregate,30,aggregate,dept_id,FOODS_1,17.325397226545547,26.61441628283189,0.28983006512808535,2.7222225295172797,122.50001382827759,2690.0,2812.5000138282776,45,1.3426826618182108,45,0
validation_fold_2,seasonal_naive_7,days_1_30_aggregate,30,aggregate,dept_id,FOODS_1,13.488888888888889,19.92039714017324,0.22565055762081784,-2.6444444444444444,-119.0,2690.0,2571.0,45,1.3069667020769125,45,0
validation_fold_2,zero,days_1_30_aggregate,30,aggregate,dept_id,FOODS_1,59.77777777777778,98.30790631706306,1.0,-59.77777777777778,-2690.0,2690.0,0.0,45,3.8070830394986976,45,0
validation_fold_2,croston_sba,days_1_30_aggregate,30,aggregate,dept_id,FOODS_2,14.10561610403515,20.729961755535314,0.30728001886383627,2.805509714853196,235.66281604766846,3856.0,4091.6628160476685,84,1.2281851745639358,84,0
validation_fold_2,last_value,days_1_30_aggregate,30,aggregate,dept_id,FOODS_2,37.642857142857146,71.78987194782921,0.8200207468879668,-16.61904761904762,-1396.0,3856.0,2460.0,84,2.6589183886158594,84,0
validation_fold_2,mean_28,days_1_30_aggregate,30,aggregate,dept_id,FOODS_2,25.521258571318217,65.61295837265108,0.5559610269685504,-13.672619083098002,-1148.5000029802322,3856.0,2707.4999970197678,84,1.4396793427504764,84,0
validation_fold_2,seasonal_naive_7,days_1_30_aggregate,30,aggregate,dept_id,FOODS_2,26.142857142857142,66.0183957047471,0.5695020746887967,-17.095238095238095,-1436.0,3856.0,2420.0,84,1.472519454177212,84,0
validation_fold_2,zero,days_1_30_aggregate,30,aggregate,dept_id,FOODS_2,45.904761904761905,76.78960123052376,1.0,-45.904761904761905,-3856.0,3856.0,0.0,84,3.3211503691789495,84,0
validation_fold_2,croston_sba,days_1_30_aggregate,30,aggregate,dept_id,FOODS_3,18.199879912605063,35.97341821585161,0.22194975503176906,-1.531370058394315,-261.86427998542786,14022.0,13760.135720014572,171,1.0847286980150335,171,0
validation_fold_2,last_value,days_1_30_aggregate,30,aggregate,dept_id,FOODS_3,43.1578947368421,71.70349930697593,0.5263157894736842,-13.403508771929825,-2292.0,14022.0,11730.0,171,2.913693238875072,171,0
validation_fold_2,mean_28,days_1_30_aggregate,30,aggregate,dept_id,FOODS_3,17.63032509011832,36.13393029431051,0.21500396451363804,-0.8533841364564951,-145.92868733406067,14022.0,13876.07131266594,171,1.0105099206932195,171,0
validation_fold_2,seasonal_naive_7,days_1_30_aggregate,30,aggregate,dept_id,FOODS_3,21.86549707602339,40.981025419631024,0.26665240336613893,-1.327485380116959,-227.0,14022.0,13795.0,171,1.3596218657754364,171,0
validation_fold_2,zero,days_1_30_aggregate,30,aggregate,dept_id,FOODS_3,82.0,158.6278516580157,1.0,-82.0,-14022.0,14022.0,0.0,171,4.163733424986326,171,0
validation_fold_2,croston_sba,days_1_30_aggregate,30,aggregate,intermittency_class,highly_intermittent,5.198547151353624,7.372179864196781,0.6983123039131733,0.6195310751597086,11.151559352874756,134.0,145.15155935287476,18,1.1906827375408673,18,0
validation_fold_2,last_value,days_1_30_aggregate,30,aggregate,intermittency_class,highly_intermittent,9.222222222222221,11.803954139750516,1.2388059701492538,-0.7777777777777778,-14.0,134.0,120.0,18,2.346186825033179,18,0
validation_fold_2,mean_28,days_1_30_aggregate,30,aggregate,intermittency_class,highly_intermittent,3.3095238672362433,4.688058416634089,0.44456290753919686,-0.3015871246655782,-5.428568243980408,134.0,128.5714317560196,18,0.8606171091857164,18,0
validation_fold_2,seasonal_naive_7,days_1_30_aggregate,30,aggregate,intermittency_class,highly_intermittent,6.0,8.205689083394114,0.8059701492537313,-0.2222222222222222,-4.0,134.0,130.0,18,1.5504590080401792,18,0
validation_fold_2,zero,days_1_30_aggregate,30,aggregate,intermittency_class,highly_intermittent,7.444444444444445,9.273618495495704,1.0,-7.444444444444445,-134.0,134.0,0.0,18,1.8801254867797976,18,0
validation_fold_2,croston_sba,days_1_30_aggregate,30,aggregate,intermittency_class,intermittent,10.135032940577794,17.234950350656543,0.32372341087840617,1.508449174307443,215.70823192596436,4477.0,4692.708231925964,143,1.132190112362993,143,0
validation_fold_2,last_value,days_1_30_aggregate,30,aggregate,intermittency_class,intermittent,23.587412587412587,42.9314789881724,0.7534062988608443,-1.937062937062937,-277.0,4477.0,4200.0,143,3.0060502199685906,143,0
validation_fold_2,mean_28,days_1_30_aggregate,30,aggregate,intermittency_class,intermittent,9.299700060090819,14.492447260448444,0.2970420166613775,-0.70829198410461,-101.28575372695923,4477.0,4375.714246273041,143,1.111266411801974,143,0
validation_fold_2,seasonal_naive_7,days_1_30_aggregate,30,aggregate,intermittency_class,intermittent,11.748251748251748,19.386752018998795,0.37525128434219346,-1.2727272727272727,-182.0,4477.0,4295.0,143,1.3847804077004358,143,0
validation_fold_2,zero,days_1_30_aggregate,30,aggregate,intermittency_class,intermittent,31.307692307692307,79.17604532840822,1.0,-31.307692307692307,-4477.0,4477.0,0.0,143,3.0276940842810047,143,0
validation_fold_2,croston_sba,days_1_30_aggregate,30,aggregate,intermittency_class,regular,25.81466300882024,42.4797916431809,0.22486922092034925,-1.062995725398441,-147.7564058303833,15957.0,15809.243594169617,139,1.2191193703785497,139,0
validation_fold_2,last_value,days_1_30_aggregate,30,aggregate,intermittency_class,regular,62.81294964028777,95.7177730953397,0.5471579870903052,-24.151079136690647,-3357.0,15957.0,12600.0,139,2.9998754793162044,139,0
validation_fold_2,mean_28,days_1_30_aggregate,30,aggregate,intermittency_class,regular,32.72507659994441,64.94811242435219,0.2850652157292895,-7.6634126224106165,-1065.2143545150757,15957.0,14891.785645484924,139,1.293156663009891,139,0
validation_fold_2,seasonal_naive_7,days_1_30_aggregate,30,aggregate,intermittency_class,regular,34.201438848920866,66.58104813851327,0.2979256752522404,-11.482014388489208,-1596.0,15957.0,14361.0,139,1.3602058586047554,139,0
validation_fold_2,zero,days_1_30_aggregate,30,aggregate,intermittency_class,regular,114.79856115107914,176.59984030888108,1.0,-114.79856115107914,-15957.0,15957.0,0.0,139,5.003534321200827,139,0
validation_fold_2,croston_sba,days_1_30_aggregate,30,aggregate,overall,all,17.103739058176675,31.3201506019737,0.24947110644948478,0.2636779514948527,79.10338544845581,20568.0,20647.103385448456,300,1.1759768927542067,300,0
validation_fold_2,last_value,days_1_30_aggregate,30,aggregate,overall,all,40.9,71.63742038906761,0.5965577596266044,-12.16,-3648.0,20568.0,16920.0,300,2.9635974531035267,300,0
validation_fold_2,mean_28,days_1_30_aggregate,30,aggregate,overall,all,19.794047285318374,45.3419527861291,0.28871130812891443,-3.906428921620051,-1171.9286764860153,20568.0,19396.071323513985,300,1.1805032700380003,300,0
validation_fold_2,seasonal_naive_7,days_1_30_aggregate,30,aggregate,overall,all,21.80666666666667,47.29869624700734,0.3180669000388954,-5.94,-1782.0,20568.0,18786.0,300,1.3833349159731552,300,0
validation_fold_2,zero,days_1_30_aggregate,30,aggregate,overall,all,68.56,132.07391869706902,1.0,-68.56,-20568.0,20568.0,0.0,300,3.874312611537116,300,0
validation_fold_2,croston_sba,days_1_30_aggregate,30,aggregate,store_id,CA_1,20.493103222846983,35.31596550074204,0.2638144081210992,-2.8991939783096314,-289.91939783096313,7768.0,7478.080602169037,100,1.226321892878908,100,0
validation_fold_2,last_value,days_1_30_aggregate,30,aggregate,store_id,CA_1,44.06,69.476614770727,0.5671987641606591,-17.08,-1708.0,7768.0,6060.0,100,2.905368704260701,100,0
validation_fold_2,mean_28,days_1_30_aggregate,30,aggregate,store_id,CA_1,22.017856986522673,41.98661444646624,0.28344306110353595,-6.633571727275848,-663.3571727275848,7768.0,7104.642827272415,100,1.2134299929314496,100,0
validation_fold_2,seasonal_naive_7,days_1_30_aggregate,30,aggregate,store_id,CA_1,23.9,46.83887274476191,0.3076725025746653,-7.42,-742.0,7768.0,7026.0,100,1.3853927848166223,100,0
validation_fold_2,zero,days_1_30_aggregate,30,aggregate,store_id,CA_1,77.68,155.7459469777625,1.0,-77.68,-7768.0,7768.0,0.0,100,4.024859362444688,100,0
validation_fold_2,croston_sba,days_1_30_aggregate,30,aggregate,store_id,TX_2,17.31912244796753,34.87113996335949,0.2544684461940571,2.130876727104187,213.0876727104187,6806.0,7019.087672710419,100,1.1502274383430344,100,0
validation_fold_2,last_value,days_1_30_aggregate,30,aggregate,store_id,TX_2,40.02,68.65391467352754,0.5880105789009697,-5.36,-536.0,6806.0,6270.0,100,2.8847135016714542,100,0
validation_fold_2,mean_28,days_1_30_aggregate,30,aggregate,store_id,TX_2,18.763571172952652,44.54375250980105,0.27569161288499344,-2.4564287912845613,-245.64287912845612,6806.0,6560.357120871544,100,1.0878216346272793,100,0
validation_fold_2,seasonal_naive_7,days_1_30_aggregate,30,aggregate,store_id,TX_2,21.45,44.30677149150003,0.31516309138995,-2.71,-271.0,6806.0,6535.0,100,1.3545176521424132,100,0
validation_fold_2,zero,days_1_30_aggregate,30,aggregate,store_id,TX_2,68.06,125.59601904519108,1.0,-68.06,-6806.0,6806.0,0.0,100,3.8143512381508224,100,0
validation_fold_2,croston_sba,days_1_30_aggregate,30,aggregate,store_id,WI_3,13.498991503715516,21.900723266530072,0.22520840012872065,1.5593511056900025,155.93511056900024,5994.0,6149.935110569,100,1.1513813470406777,100,0
validation_fold_2,last_value,days_1_30_aggregate,30,aggregate,store_id,WI_3,38.62,76.5205854656118,0.644310977644311,-14.04,-1404.0,5994.0,4590.0,100,3.100710153378424,100,0
validation_fold_2,mean_28,days_1_30_aggregate,30,aggregate,store_id,WI_3,18.600713696479797,49.200166331508115,0.31032221715848846,-2.6292862462997437,-262.92862462997437,5994.0,5731.071375370026,100,1.2402581825552716,100,0
validation_fold_2,seasonal_naive_7,days_1_30_aggregate,30,aggregate,store_id,WI_3,20.07,50.542358472869076,0.33483483483483484,-7.69,-769.0,5994.0,5225.0,100,1.4100943109604305,100,0
validation_fold_2,zero,days_1_30_aggregate,30,aggregate,store_id,WI_3,59.94,110.90266002220145,1.0,-59.94,-5994.0,5994.0,0.0,100,3.783727234015838,100,0
validation_fold_2,croston_sba,days_1_30_daily,30,daily,demand_band,high,2.8279563645923176,4.55861102426202,0.5525314389079129,-0.10469490271626097,-310.9438610672951,15201.0,14890.056138932705,2970,0.7678702894808833,99,0
validation_fold_2,last_value,days_1_30_daily,30,daily,demand_band,high,3.326936026936027,5.605582835224088,0.6500230248009999,-1.1787878787878787,-3501.0,15201.0,11700.0,2970,0.9299544901550835,99,0
validation_fold_2,mean_28,days_1_30_daily,30,daily,demand_band,high,2.882130831098717,4.960518295414888,0.5631161481720406,-0.3804473477782625,-1129.9286229014397,15201.0,14071.07137709856,2970,0.7807838634654307,99,0
validation_fold_2,seasonal_naive_7,days_1_30_daily,30,daily,demand_band,high,3.391919191919192,5.730831025464304,0.6627195579238208,-0.5575757575757576,-1656.0,15201.0,13545.0,2970,0.9531131773730188,99,0
validation_fold_2,zero,days_1_30_daily,30,daily,demand_band,high,5.118181818181818,8.585576347113875,1.0,-5.118181818181818,-15201.0,15201.0,0.0,2970,1.28590134954326,99,0
validation_fold_2,croston_sba,days_1_30_daily,30,daily,demand_band,low,0.6894786909674153,1.010760807776505,1.211687403652795,0.06080724515949034,180.5975181236863,1690.0,1870.5975181236863,2970,0.7162484629319628,99,0
validation_fold_2,last_value,days_1_30_daily,30,daily,demand_band,low,0.7205387205387206,1.331817319956973,1.2662721893491125,0.04713804713804714,140.0,1690.0,1830.0,2970,0.8220639412482412,99,0
validation_fold_2,mean_28,days_1_30_daily,30,daily,demand_band,low,0.6589947082779625,1.0050711443047526,1.158114960701508,0.05291005049640884,157.14284997433424,1690.0,1847.1428499743342,2970,0.6861055231619899,99,0
validation_fold_2,seasonal_naive_7,days_1_30_daily,30,daily,demand_band,low,0.6989898989898989,1.2649110640673518,1.2284023668639052,0.04107744107744108,122.0,1690.0,1812.0,2970,0.8859009865387419,99,0
validation_fold_2,zero,days_1_30_daily,30,daily,demand_band,low,0.569023569023569,1.2704886517168952,1.0,-0.569023569023569,-1690.0,1690.0,0.0,2970,0.7753547341436321,99,0
validation_fold_2,croston_sba,days_1_30_daily,30,daily,demand_band,medium,1.141442659097949,1.548632065472803,0.949908767157934,0.0684476338083448,209.44975945353508,3677.0,3886.449759453535,3060,0.7819864684834362,102,0
validation_fold_2,last_value,days_1_30_daily,30,daily,demand_band,medium,1.2905228758169935,2.214701325412597,1.0739733478379114,-0.09379084967320261,-287.0,3677.0,3390.0,3060,0.9992948519335628,102,0
validation_fold_2,mean_28,days_1_30_daily,30,daily,demand_band,medium,1.016853405954012,1.486266661895578,0.8462255703615111,-0.06507936620634366,-199.1428605914116,3677.0,3477.8571394085884,3060,0.7511782686808455,102,0
validation_fold_2,seasonal_naive_7,days_1_30_daily,30,daily,demand_band,medium,1.2209150326797387,1.935056703159999,1.0160456894207235,-0.08104575163398693,-248.0,3677.0,3429.0,3060,0.9800790935132946,102,0
validation_fold_2,zero,days_1_30_daily,30,daily,demand_band,medium,1.2016339869281045,2.061077197895866,1.0,-1.2016339869281045,-3677.0,3677.0,0.0,3060,0.9654120635550958,102,0
validation_fold_2,croston_sba,days_1_30_daily,30,daily,dept_id,FOODS_1,1.5110255470761547,2.3872049509948985,0.7583213712092226,0.07800359571421588,105.30485421419144,2690.0,2795.3048542141914,1350,0.8288425449440925,45,0
validation_fold_2,last_value,days_1_30_daily,30,daily,dept_id,FOODS_1,1.7822222222222222,3.2255921075741183,0.8944237918215613,0.02962962962962963,40.0,2690.0,2730.0,1350,1.093493168622373,45,0
validation_fold_2,mean_28,days_1_30_daily,30,daily,dept_id,FOODS_1,1.459206348767987,2.36107696722628,0.73231545384267,0.09074073312459169,122.49998971819878,2690.0,2812.499989718199,1350,0.8054862491864534,45,0
validation_fold_2,seasonal_naive_7,days_1_30_daily,30,daily,dept_id,FOODS_1,1.654074074074074,2.8840557861764355,0.8301115241635688,-0.08814814814814814,-119.0,2690.0,2571.0,1350,1.0344519006466626,45,0
validation_fold_2,zero,days_1_30_daily,30,daily,dept_id,FOODS_1,1.9925925925925927,3.940295157209156,1.0,-1.9925925925925927,-2690.0,2690.0,0.0,1350,1.0394852087843207,45,0
validation_fold_2,croston_sba,days_1_30_daily,30,daily,dept_id,FOODS_2,1.4009654561796832,2.5721839007113685,0.9155687109887971,0.09351698723695581,235.66280783712864,3856.0,4091.6628078371286,2520,0.7545840899253777,84,0
validation_fold_2,last_value,days_1_30_daily,30,daily,dept_id,FOODS_2,1.511111111111111,3.44457245025843,0.9875518672199171,-0.553968253968254,-1396.0,3856.0,2460.0,2520,0.8542816000379997,84,0
validation_fold_2,mean_28,days_1_30_daily,30,daily,dept_id,FOODS_2,1.4168367329097928,3.3048526651675894,0.9259410183954041,-0.4557539687418039,-1148.5000012293458,3856.0,2707.499998770654,2520,0.7553413948059279,84,0
validation_fold_2,seasonal_naive_7,days_1_30_daily,30,daily,dept_id,FOODS_2,1.5182539682539682,3.4630704790484907,0.9922199170124482,-0.5698412698412698,-1436.0,3856.0,2420.0,2520,0.9040366621255211,84,0
validation_fold_2,zero,days_1_30_daily,30,daily,dept_id,FOODS_2,1.53015873015873,3.562369462938423,1.0,-1.53015873015873,-3856.0,3856.0,0.0,2520,0.9089069414637903,84,0
validation_fold_2,croston_sba,days_1_30_daily,30,daily,dept_id,FOODS_3,1.6314384432215439,3.0501449568461654,0.5968677231298332,-0.05104566189890716,-261.86424554139376,14022.0,13760.135754458606,5130,0.7368853695787508,171,0
validation_fold_2,last_value,days_1_30_daily,30,daily,dept_id,FOODS_3,1.9017543859649122,3.684856529272956,0.6957637997432606,-0.44678362573099417,-2292.0,14022.0,11730.0,5130,0.9029886117833555,171,0
validation_fold_2,mean_28,days_1_30_daily,30,daily,dept_id,FOODS_3,1.5766778043661898,3.0522523628590004,0.5768333430608011,-0.028446125147635476,-145.92862200737,14022.0,13876.07137799263,5130,0.7143080368682604,171,0
validation_fold_2,seasonal_naive_7,days_1_30_daily,30,daily,dept_id,FOODS_3,1.9155945419103313,3.7541659770494786,0.7008272714306091,-0.0442495126705653,-227.0,14022.0,13795.0,5130,0.9329886234969399,171,0
validation_fold_2,zero,days_1_30_daily,30,daily,dept_id,FOODS_3,2.7333333333333334,5.985329693505698,1.0,-2.7333333333333334,-14022.0,14022.0,0.0,5130,1.0491892706980661,171,0
validation_fold_2,croston_sba,days_1_30_daily,30,daily,intermittency_class,highly_intermittent,0.4070893758976901,0.6251065415712641,1.6405094252593482,0.02065103408639078,11.15155840665102,134.0,145.15155840665102,540,0.7611864259967143,18,0
validation_fold_2,last_value,days_1_30_daily,30,daily,intermittency_class,highly_intermittent,0.37037037037037035,0.6965523563847769,1.492537313432836,-0.025925925925925925,-14.0,134.0,120.0,540,0.8109749854884588,18,0
validation_fold_2,mean_28,days_1_30_daily,30,daily,intermittency_class,highly_intermittent,0.36335978977106237,0.595642719577247,1.4642857199729378,-0.0100529074806858,-5.428570039570332,134.0,128.57142996042967,540,0.6969361534033749,18,0
validation_fold_2,seasonal_naive_7,days_1_30_daily,30,daily,intermittency_class,highly_intermittent,0.3888888888888889,0.816496580927726,1.5671641791044777,-0.007407407407407408,-4.0,134.0,130.0,540,0.9453439892405799,18,0
validation_fold_2,zero,days_1_30_daily,30,daily,intermittency_class,highly_intermittent,0.24814814814814815,0.6526300069150406,1.0,-0.24814814814814815,-134.0,134.0,0.0,540,0.7580904380270572,18,0
validation_fold_2,croston_sba,days_1_30_daily,30,daily,intermittency_class,intermittent,0.9236457166832922,1.5241190020232962,0.8850659201633512,0.0502816396020787,215.70823389291763,4477.0,4692.708233892918,4290,0.760388007890462,143,0
validation_fold_2,last_value,days_1_30_daily,30,daily,intermittency_class,intermittent,0.9904428904428905,2.0101722664469683,0.9490730399821309,-0.06456876456876456,-277.0,4477.0,4200.0,4290,0.9322186414142948,143,0
validation_fold_2,mean_28,days_1_30_daily,30,daily,intermittency_class,intermittent,0.8485181463834567,1.4920650996245437,0.8130763564853762,-0.023609729802413975,-101.28574085235596,4477.0,4375.714259147644,4290,0.7365593105356745,143,0
validation_fold_2,seasonal_naive_7,days_1_30_daily,30,daily,intermittency_class,intermittent,0.9631701631701631,1.7828501839904491,0.9229394683940139,-0.04242424242424243,-182.0,4477.0,4295.0,4290,0.9518487929858875,143,0
validation_fold_2,zero,days_1_30_daily,30,daily,intermittency_class,intermittent,1.0435897435897437,2.9930377642580885,1.0,-1.0435897435897437,-4477.0,4477.0,0.0,4290,0.8967893966451769,143,0
validation_fold_2,croston_sba,days_1_30_daily,30,daily,intermittency_class,regular,2.3398868739319076,3.8533022183835977,0.6114763592339446,-0.03543318364260008,-147.75637578964233,15957.0,15809.243624210358,4170,0.7500254350928441,139,0
validation_fold_2,last_value,days_1_30_daily,30,daily,intermittency_class,regular,2.7628297362110312,4.798206099635606,0.7220028827473836,-0.8050359712230216,-3357.0,15957.0,12600.0,4170,0.9170725478065913,139,0
validation_fold_2,mean_28,days_1_30_daily,30,daily,intermittency_class,regular,2.348287083862497,4.186866882865789,0.6136715635587273,-0.2554470797665685,-1065.2143226265907,15957.0,14891.78567737341,4170,0.7479812986597026,139,0
validation_fold_2,seasonal_naive_7,days_1_30_daily,30,daily,intermittency_class,regular,2.7683453237410074,4.891043054224056,0.7234442564391803,-0.38273381294964026,-1596.0,15957.0,14361.0,4170,0.9273374141173234,139,0
validation_fold_2,zero,days_1_30_daily,30,daily,intermittency_class,regular,3.8266187050359712,6.891711213714443,1.0,-3.8266187050359712,-15957.0,15957.0,0.0,4170,1.1557544687976606,139,0
validation_fold_2,croston_sba,days_1_30_daily,30,daily,overall,all,1.5488440724280146,2.830239840363616,0.6777322370600997,0.008789268501102924,79.10341650992632,20568.0,20647.103416509926,9000,0.7556345875806075,300,0
validation_fold_2,last_value,days_1_30_daily,30,daily,overall,all,1.7744444444444445,3.5528079661648535,0.7764488525865422,-0.4053333333333333,-3648.0,20568.0,16920.0,9000,0.9179263320205087,300,0
validation_fold_2,mean_28,days_1_30_daily,30,daily,overall,all,1.5143015860186684,3.0339143598484974,0.6626173801131863,-0.13021429261316855,-1171.928633518517,20568.0,19396.071366481483,9000,0.7394741089385363,300,0
validation_fold_2,seasonal_naive_7,days_1_30_daily,30,daily,overall,all,1.765111111111111,3.555152754961608,0.7723648385842085,-0.198,-1782.0,20568.0,18786.0,9000,0.9401015658854012,300,0
validation_fold_2,zero,days_1_30_daily,30,daily,overall,all,2.2853333333333334,5.128547552670249,1.0,-2.2853333333333334,-20568.0,20568.0,0.0,9000,1.0084546092254072,300,0
validation_fold_2,croston_sba,days_1_30_daily,30,daily,store_id,CA_1,1.7207066944042841,3.193398983182515,0.6645365709594301,-0.09663978468378386,-289.91935405135155,7768.0,7478.080645948648,3000,0.7614347900104897,100,0
validation_fold_2,last_value,days_1_30_daily,30,daily,store_id,CA_1,1.92,3.7650143868693693,0.741503604531411,-0.5693333333333334,-1708.0,7768.0,6060.0,3000,0.9039181227120433,100,0
validation_fold_2,mean_28,days_1_30_daily,30,daily,store_id,CA_1,1.672761907706658,3.2818822234204217,0.6460203042121491,-0.2211190557827552,-663.3571673482656,7768.0,7104.642832651734,3000,0.7464771032673467,100,0
validation_fold_2,seasonal_naive_7,days_1_30_daily,30,daily,store_id,CA_1,1.892,3.6892637025112025,0.7306900102986612,-0.24733333333333332,-742.0,7768.0,7026.0,3000,0.9252757443759227,100,0
validation_fold_2,zero,days_1_30_daily,30,daily,store_id,CA_1,2.5893333333333333,5.98030099576936,1.0,-2.5893333333333333,-7768.0,7768.0,0.0,3000,1.0286470210596752,100,0
validation_fold_2,croston_sba,days_1_30_daily,30,daily,store_id,TX_2,1.5111053804804881,2.680057290656559,0.6660764239555487,0.07102921210726103,213.08763632178307,6806.0,7019.087636321783,3000,0.7499102114240571,100,0
validation_fold_2,last_value,days_1_30_daily,30,daily,store_id,TX_2,1.7473333333333334,3.326960574859081,0.7702027622685865,-0.17866666666666667,-536.0,6806.0,6270.0,3000,0.8987801052344772,100,0
validation_fold_2,mean_28,days_1_30_daily,30,daily,store_id,TX_2,1.4509523788591225,2.834820380240779,0.6395617303228575,-0.08188095356772343,-245.6428607031703,6806.0,6560.35713929683,3000,0.7255162311332666,100,0
validation_fold_2,seasonal_naive_7,days_1_30_daily,30,daily,store_id,TX_2,1.7663333333333333,3.4197953155123186,0.7785777255362915,-0.09033333333333333,-271.0,6806.0,6535.0,3000,0.937081029435534,100,0
validation_fold_2,zero,days_1_30_daily,30,daily,store_id,TX_2,2.268666666666667,4.833080453154765,1.0,-2.268666666666667,-6806.0,6806.0,0.0,3000,1.0020618360975546,100,0
validation_fold_2,croston_sba,days_1_30_daily,30,daily,store_id,WI_3,1.4147201423992712,2.578811453936078,0.7080681393389746,0.0519783780798316,155.9351342394948,5994.0,6149.935134239495,3000,0.7555587613072755,100,0
validation_fold_2,last_value,days_1_30_daily,30,daily,store_id,WI_3,1.656,3.552933060632206,0.8288288288288288,-0.468,-1404.0,5994.0,4590.0,3000,0.9510807681150056,100,0
validation_fold_2,mean_28,days_1_30_daily,30,daily,store_id,WI_3,1.4191904714902241,2.9676508406571878,0.7103055412863984,-0.08764286848902703,-262.92860546708107,5994.0,5731.071394532919,3000,0.7464289924149956,100,0
validation_fold_2,seasonal_naive_7,days_1_30_daily,30,daily,store_id,WI_3,1.637,3.5512908451247225,0.8193193193193193,-0.25633333333333336,-769.0,5994.0,5225.0,3000,0.9579479238447465,100,0
validation_fold_2,zero,days_1_30_daily,30,daily,store_id,WI_3,1.998,4.447845920592724,1.0,-1.998,-5994.0,5994.0,0.0,3000,0.9946549705189915,100,0
validation_fold_3,croston_sba,day_1_daily,1,daily,demand_band,high,2.7107512192292647,3.898316615446613,0.6241031876830168,0.36144160562091404,35.78271895647049,430.0,465.7827189564705,99,0.5783854610087581,99,0
validation_fold_3,last_value,day_1_daily,1,daily,demand_band,high,2.9393939393939394,4.212775183590355,0.6767441860465117,-0.15151515151515152,-15.0,430.0,415.0,99,0.6474817029850453,99,0
validation_fold_3,mean_28,day_1_daily,1,daily,demand_band,high,2.607864348575322,4.01006420412051,0.6004152802533882,0.8683261203043389,85.96428591012955,430.0,515.9642859101295,99,0.5547912564283527,99,0
validation_fold_3,seasonal_naive_7,day_1_daily,1,daily,demand_band,high,3.3535353535353534,5.404823883543405,0.772093023255814,0.7474747474747475,74.0,430.0,504.0,99,0.6865840020914893,99,0
validation_fold_3,zero,day_1_daily,1,daily,demand_band,high,4.343434343434343,6.558208673875894,1.0,-4.343434343434343,-430.0,430.0,0.0,99,0.8797911528636418,99,0
validation_fold_3,croston_sba,day_1_daily,1,daily,demand_band,low,0.588752219923819,0.7421486557793572,1.3246924948285927,0.20114668661897833,19.913521975278854,44.0,63.913521975278854,99,0.4720950462720631,99,0
validation_fold_3,last_value,day_1_daily,1,daily,demand_band,low,0.5353535353535354,0.9587449708822046,1.2045454545454546,0.010101010101010102,1.0,44.0,45.0,99,0.42290195241740713,99,0
validation_fold_3,mean_28,day_1_daily,1,daily,demand_band,low,0.510101010665448,0.7185120276963182,1.1477272739972582,0.1313131299208511,12.999999862164259,44.0,56.99999986216426,99,0.4130129533017274,99,0
validation_fold_3,seasonal_naive_7,day_1_daily,1,daily,demand_band,low,0.5757575757575758,1.039619199903542,1.2954545454545454,0.0707070707070707,7.0,44.0,51.0,99,0.463499073429862,99,0
validation_fold_3,zero,day_1_daily,1,daily,demand_band,low,0.4444444444444444,0.9534625892455924,1.0,-0.4444444444444444,-44.0,44.0,0.0,99,0.3324026433245943,99,0
validation_fold_3,croston_sba,day_1_daily,1,daily,demand_band,medium,0.9518991041125036,1.229830619189909,1.011392798119535,0.2782684525146204,28.38338215649128,96.0,124.38338215649128,102,0.5037719575795567,102,0
validation_fold_3,last_value,day_1_daily,1,daily,demand_band,medium,1.1176470588235294,1.7656860023298393,1.1875,0.09803921568627451,10.0,96.0,106.0,102,0.6057203414784782,102,0
validation_fold_3,mean_28,day_1_daily,1,daily,demand_band,medium,0.8693977601680101,1.1755276488632393,0.9237351201785108,0.28116245348663893,28.67857025563717,96.0,124.67857025563717,102,0.46879061893938284,102,0
validation_fold_3,seasonal_naive_7,day_1_daily,1,daily,demand_band,medium,1.088235294117647,1.6774163139173526,1.15625,0.00980392156862745,1.0,96.0,97.0,102,0.5681694910959302,102,0
validation_fold_3,zero,day_1_daily,1,daily,demand_band,medium,0.9411764705882353,1.6744914358178875,1.0,-0.9411764705882353,-96.0,96.0,0.0,102,0.4728209088896627,102,0
validation_fold_3,croston_sba,day_1_daily,1,daily,dept_id,FOODS_1,1.4167565223243501,2.6811424381509177,0.817359532110202,0.19059586160712771,8.576813772320747,78.0,86.57681377232075,45,0.5220983319957283,45,0
validation_fold_3,last_value,day_1_daily,1,daily,dept_id,FOODS_1,1.511111111111111,2.859681411936962,0.8717948717948718,0.044444444444444446,2.0,78.0,80.0,45,0.45431726533186206,45,0
validation_fold_3,mean_28,day_1_daily,1,daily,dept_id,FOODS_1,1.356349210606681,2.631544847791565,0.7825091599653928,0.2769841445816888,12.464286506175995,78.0,90.464286506176,45,0.5133344986815567,45,0
validation_fold_3,seasonal_naive_7,day_1_daily,1,daily,dept_id,FOODS_1,1.9333333333333333,3.0876096471758427,1.1153846153846154,0.15555555555555556,7.0,78.0,85.0,45,0.707468089684338,45,0
validation_fold_3,zero,day_1_daily,1,daily,dept_id,FOODS_1,1.7333333333333334,4.136557881996952,1.0,-1.7333333333333334,-78.0,78.0,0.0,45,0.49544959243001363,45,0
validation_fold_3,croston_sba,day_1_daily,1,daily,dept_id,FOODS_2,1.0662653677697693,1.7487084100566395,0.7856692183566721,-0.04845209730168184,-4.069976173341274,114.0,109.93002382665873,84,0.44447141016245295,84,0
validation_fold_3,last_value,day_1_daily,1,daily,dept_id,FOODS_2,1.1547619047619047,2.090226690827485,0.8508771929824561,-0.44047619047619047,-37.0,114.0,77.0,84,0.4558959353488635,84,0
validation_fold_3,mean_28,day_1_daily,1,daily,dept_id,FOODS_2,0.8116496601807219,1.2004956673282199,0.5980576443436899,0.22576530694606758,18.964285783469677,114.0,132.96428578346968,84,0.372416725183109,84,0
validation_fold_3,seasonal_naive_7,day_1_daily,1,daily,dept_id,FOODS_2,1.5476190476190477,4.157609203101499,1.1403508771929824,0.5476190476190477,46.0,114.0,160.0,84,0.5039627769295457,84,0
validation_fold_3,zero,day_1_daily,1,daily,dept_id,FOODS_2,1.3571428571428572,2.7559459528877004,1.0,-1.3571428571428572,-114.0,114.0,0.0,84,0.4544747011217654,84,0
validation_fold_3,croston_sba,day_1_daily,1,daily,dept_id,FOODS_3,1.5814281561308436,2.5739783341803677,0.7154079753925245,0.4653379268377845,79.57278548926115,378.0,457.57278548926115,171,0.5529373479559198,171,0
validation_fold_3,last_value,day_1_daily,1,daily,dept_id,FOODS_3,1.713450292397661,2.892822333402378,0.7751322751322751,0.18128654970760233,31.0,378.0,409.0,171,0.6374966152421593,171,0
validation_fold_3,mean_28,day_1_daily,1,daily,dept_id,FOODS_3,1.5680868781841637,2.81116675414011,0.7093726353690265,0.562656630048452,96.2142837382853,378.0,474.2142837382853,171,0.5219076171873905,171,0
validation_fold_3,seasonal_naive_7,day_1_daily,1,daily,dept_id,FOODS_3,1.654970760233918,2.866421858171935,0.7486772486772487,0.1695906432748538,29.0,378.0,407.0,171,0.5710092121083135,171,0
validation_fold_3,zero,day_1_daily,1,daily,dept_id,FOODS_3,2.210526315789474,4.34344299790194,1.0,-2.210526315789474,-378.0,378.0,0.0,171,0.6301977308526436,171,0
validation_fold_3,croston_sba,day_1_daily,1,daily,intermittency_class,highly_intermittent,0.27464935577967586,0.3282783278756165,4.66903904825449,0.20732682110632167,3.5245559588074684,1.0,4.524555958807468,17,0.37116330920756396,17,0
validation_fold_3,last_value,day_1_daily,1,daily,intermittency_class,highly_intermittent,0.11764705882352941,0.3429971702850177,2.0,0.0,0.0,1.0,1.0,17,0.1632350919631776,17,0
validation_fold_3,mean_28,day_1_daily,1,daily,intermittency_class,highly_intermittent,0.25630251997533965,0.3325571172990141,4.357142839580774,0.18067226887625806,3.071428570896387,1.0,4.071428570896387,17,0.3528918471017053,17,0
validation_fold_3,seasonal_naive_7,day_1_daily,1,daily,intermittency_class,highly_intermittent,0.29411764705882354,0.6416889479197478,5.0,0.17647058823529413,3.0,1.0,4.0,17,0.39474472406976885,17,0
validation_fold_3,zero,day_1_daily,1,daily,intermittency_class,highly_intermittent,0.058823529411764705,0.24253562503633297,1.0,-0.058823529411764705,-1.0,1.0,0.0,17,0.0701650242558343,17,0
validation_fold_3,croston_sba,day_1_daily,1,daily,intermittency_class,intermittent,0.7883260369611284,1.1139711609567204,0.9786116320896765,0.2519960939987666,36.28743753582239,116.0,152.2874375358224,144,0.498154867989341,144,0
validation_fold_3,last_value,day_1_daily,1,daily,intermittency_class,intermittent,0.9375,1.7460272366464136,1.1637931034482758,0.1597222222222222,23.0,116.0,139.0,144,0.5745402162188766,144,0
validation_fold_3,mean_28,day_1_daily,1,daily,intermittency_class,intermittent,0.7011408722545538,1.0944816654368088,0.8703817724539288,0.2408234094683495,34.678570963442326,116.0,150.67857096344233,144,0.44224405234195974,144,0
validation_fold_3,seasonal_naive_7,day_1_daily,1,daily,intermittency_class,intermittent,0.7916666666666666,1.3123346456686351,0.9827586206896551,0.013888888888888888,2.0,116.0,118.0,144,0.5065187621301107,144,0
validation_fold_3,zero,day_1_daily,1,daily,intermittency_class,intermittent,0.8055555555555556,2.2016408022704845,1.0,-0.8055555555555556,-116.0,116.0,0.0,144,0.42385734870129,144,0
validation_fold_3,croston_sba,day_1_daily,1,daily,intermittency_class,regular,2.1982486383091633,3.3207058560182503,0.6745177940948647,0.31847215534971773,44.26762959361076,453.0,497.26762959361076,139,0.5563901629274993,139,0
validation_fold_3,last_value,day_1_daily,1,daily,intermittency_class,regular,2.3093525179856114,3.522793201771294,0.7086092715231788,-0.19424460431654678,-27.0,453.0,426.0,139,0.5916738778183835,139,0
validation_fold_3,mean_28,day_1_daily,1,daily,intermittency_class,regular,2.100976357249905,3.4029869953364136,0.6446704495755778,0.6467111977956278,89.89285649359226,453.0,542.8928564935923,139,0.5319924817059266,139,0
validation_fold_3,seasonal_naive_7,day_1_daily,1,daily,intermittency_class,regular,2.741007194244604,4.669663306458341,0.8410596026490066,0.5539568345323741,77.0,453.0,530.0,139,0.6630370540465945,139,0
validation_fold_3,zero,day_1_daily,1,daily,intermittency_class,regular,3.258992805755396,5.320653392017339,1.0,-3.258992805755396,-453.0,453.0,0.0,139,0.7626378050650794,139,0
validation_fold_3,croston_sba,day_1_daily,1,daily,overall,all,1.4124818303187687,2.3897638314180614,0.7434114896414573,0.28026541029413543,84.07962308824062,570.0,654.0796230882406,300,0.5179410329797203,300,0
validation_fold_3,last_value,day_1_daily,1,daily,overall,all,1.5266666666666666,2.6870057685088806,0.8035087719298246,-0.013333333333333334,-4.0,570.0,566.0,300,0.559171522385492,300,0
validation_fold_3,mean_28,day_1_daily,1,daily,overall,all,1.3245238070065777,2.4386067244001293,0.6971177931613567,0.4254761867597699,127.64285602793097,570.0,697.642856027931,300,0.4787641996503166,300,0
validation_fold_3,seasonal_naive_7,day_1_daily,1,daily,overall,all,1.6666666666666667,3.3095820481343763,0.8771929824561403,0.2733333333333333,82.0,570.0,652.0,300,0.5727050418946622,300,0
validation_fold_3,zero,day_1_daily,1,daily,overall,all,1.9,3.9302247603243594,1.0,-1.9,-570.0,570.0,0.0,300,0.5607830617646032,300,0
validation_fold_3,croston_sba,day_1_daily,1,daily,store_id,CA_1,1.5335143107175826,2.6379368964601952,0.6876745787971222,0.2509605312347412,25.09605312347412,223.0,248.09605312347412,100,0.5299621770427304,100,0
validation_fold_3,last_value,day_1_daily,1,daily,store_id,CA_1,1.7,2.874021572639983,0.7623318385650224,0.08,8.0,223.0,231.0,100,0.6044134560935404,100,0
validation_fold_3,mean_28,day_1_daily,1,daily,store_id,CA_1,1.412142875790596,2.740805651935284,0.6332479263634959,0.3992857241630554,39.92857241630554,223.0,262.92857241630554,100,0.4873193346470229,100,0
validation_fold_3,seasonal_naive_7,day_1_daily,1,daily,store_id,CA_1,1.71,2.8337254630609507,0.7668161434977578,-0.27,-27.0,223.0,196.0,100,0.6050583070124622,100,0
validation_fold_3,zero,day_1_daily,1,daily,store_id,CA_1,2.23,4.182104733265296,1.0,-2.23,-223.0,223.0,0.0,100,0.6242019815909228,100,0
validation_fold_3,croston_sba,day_1_daily,1,daily,store_id,TX_2,1.4537097569555044,2.552680843808686,0.7341968469472244,0.22169197104871274,22.169197104871273,198.0,220.16919710487127,100,0.5032351960111351,100,0
validation_fold_3,last_value,day_1_daily,1,daily,store_id,TX_2,1.7,2.939387691339814,0.8585858585858586,0.14,14.0,198.0,212.0,100,0.597082584866511,100,0
validation_fold_3,mean_28,day_1_daily,1,daily,store_id,TX_2,1.3492857114598156,2.5406943054285125,0.6814574300302099,0.3142857087776065,31.42857087776065,198.0,229.42857087776065,100,0.45680519572932704,100,0
validation_fold_3,seasonal_naive_7,day_1_daily,1,daily,store_id,TX_2,1.67,3.057776970284131,0.8434343434343434,0.55,55.0,198.0,253.0,100,0.5608796282004995,100,0
validation_fold_3,zero,day_1_daily,1,daily,store_id,TX_2,1.98,4.2708313008125245,1.0,-1.98,-198.0,198.0,0.0,100,0.5932057994159805,100,0
validation_fold_3,croston_sba,day_1_daily,1,daily,store_id,WI_3,1.2502214232832194,1.912595866828099,0.8390747807269928,0.3681437285989523,36.81437285989523,149.0,185.81437285989523,100,0.5206257258852955,100,0
validation_fold_3,last_value,day_1_daily,1,daily,store_id,WI_3,1.18,2.181742422927143,0.7919463087248322,-0.26,-26.0,149.0,123.0,100,0.4760185261964244,100,0
validation_fold_3,mean_28,day_1_daily,1,daily,store_id,WI_3,1.2121428337693214,1.968061252489697,0.813518680382095,0.5628571273386478,56.285712733864784,149.0,205.28571273386478,100,0.4921680685745999,100,0
validation_fold_3,seasonal_naive_7,day_1_daily,1,daily,store_id,WI_3,1.62,3.9344631145812006,1.087248322147651,0.54,54.0,149.0,203.0,100,0.5521771904710249,100,0
validation_fold_3,zero,day_1_daily,1,daily,store_id,WI_3,1.49,3.257299494980466,1.0,-1.49,-149.0,149.0,0.0,100,0.4649414042869063,100,0
validation_fold_3,croston_sba,days_1_7_aggregate,7,aggregate,demand_band,high,10.450400059873408,15.57646278943454,0.29192708970865333,-2.8638481118462304,-283.5209630727768,3544.0,3260.479036927223,99,0.8654046820885642,99,0
validation_fold_3,last_value,days_1_7_aggregate,7,aggregate,demand_band,high,16.515151515151516,24.942155302040582,0.4613431151241535,-6.454545454545454,-639.0,3544.0,2905.0,99,1.3526303969463567,99,0
validation_fold_3,mean_28,days_1_7_aggregate,7,aggregate,demand_band,high,8.249999932568482,11.31842254209592,0.23045993039624146,0.6843434247103605,67.74999904632568,3544.0,3611.7499990463257,99,0.7226649184712647,99,0
validation_fold_3,seasonal_naive_7,days_1_7_aggregate,7,aggregate,demand_band,high,9.717171717171718,14.806495980897143,0.2714446952595937,-0.16161616161616163,-16.0,3544.0,3528.0,99,0.8091508833708556,99,0
validation_fold_3,zero,days_1_7_aggregate,7,aggregate,demand_band,high,35.7979797979798,53.731468499108665,1.0,-35.7979797979798,-3544.0,3544.0,0.0,99,2.6594231460738924,99,0
validation_fold_3,croston_sba,days_1_7_aggregate,7,aggregate,demand_band,low,2.5322294710862514,3.4604185383045283,0.5534011426877239,-0.0566196580125828,-5.605346143245697,453.0,447.3946538567543,99,0.7749022276006353,99,0
validation_fold_3,last_value,days_1_7_aggregate,7,aggregate,demand_band,low,3.8383838383838382,5.1541882547746125,0.8388520971302428,-1.393939393939394,-138.0,453.0,315.0,99,1.2111432841830254,99,0
validation_fold_3,mean_28,days_1_7_aggregate,7,aggregate,demand_band,low,2.2424242327911683,3.3655638693495944,0.4900662230603216,-0.5454545550876193,-54.000000953674316,453.0,398.9999990463257,99,0.6953089644510786,99,0
validation_fold_3,seasonal_naive_7,days_1_7_aggregate,7,aggregate,demand_band,low,2.3535353535353534,3.3469419179334743,0.5143487858719646,-0.5959595959595959,-59.0,453.0,394.0,99,0.7674945488356537,99,0
validation_fold_3,zero,days_1_7_aggregate,7,aggregate,demand_band,low,4.575757575757576,6.538927722308586,1.0,-4.575757575757576,-453.0,453.0,0.0,99,1.3812047906516218,99,0
validation_fold_3,croston_sba,days_1_7_aggregate,7,aggregate,demand_band,medium,3.9606304951742586,5.590123198434138,0.543720471746668,1.2518007205981834,127.68367350101471,743.0,870.6836735010147,102,0.7993355430537824,102,0
validation_fold_3,last_value,days_1_7_aggregate,7,aggregate,demand_band,medium,6.794117647058823,9.9079092984679,0.9327052489905787,-0.00980392156862745,-1.0,743.0,742.0,102,1.4057800947067922,102,0
validation_fold_3,mean_28,days_1_7_aggregate,7,aggregate,demand_band,medium,3.33578429035112,4.633702686841292,0.4579407774102479,1.2720588001550412,129.7499976158142,743.0,872.7499976158142,102,0.6937358686495905,102,0
validation_fold_3,seasonal_naive_7,days_1_7_aggregate,7,aggregate,demand_band,medium,3.7450980392156863,5.990188055576926,0.5141318977119784,1.2156862745098038,124.0,743.0,867.0,102,0.7761044443979097,102,0
validation_fold_3,zero,days_1_7_aggregate,7,aggregate,demand_band,medium,7.284313725490196,9.824439314441168,1.0,-7.284313725490196,-743.0,743.0,0.0,102,1.409847183024838,102,0
validation_fold_3,croston_sba,days_1_7_aggregate,7,aggregate,dept_id,FOODS_1,7.295874868498908,11.930195642733988,0.44487041881090905,-2.932495511902703,-131.96229803562164,738.0,606.0377019643784,45,1.0350521481929218,45,0
validation_fold_3,last_value,days_1_7_aggregate,7,aggregate,dept_id,FOODS_1,10.088888888888889,17.504285189632853,0.6151761517615176,-3.9555555555555557,-178.0,738.0,560.0,45,1.485890108843121,45,0
validation_fold_3,mean_28,days_1_7_aggregate,7,aggregate,dept_id,FOODS_1,5.094444380866157,8.034214781051404,0.3106368524918388,-2.32777771419949,-104.74999713897705,738.0,633.250002861023,45,0.792229402103564,45,0
validation_fold_3,seasonal_naive_7,days_1_7_aggregate,7,aggregate,dept_id,FOODS_1,7.644444444444445,14.2828568570857,0.46612466124661245,-3.7777777777777777,-170.0,738.0,568.0,45,1.110448502840367,45,0
validation_fold_3,zero,days_1_7_aggregate,7,aggregate,dept_id,FOODS_1,16.4,28.85827437668441,1.0,-16.4,-738.0,738.0,0.0,45,2.097193112556086,45,0
validation_fold_3,croston_sba,days_1_7_aggregate,7,aggregate,dept_id,FOODS_2,5.526844761201313,11.532487613542145,0.570337788625197,-0.5296408846264794,-44.48983430862427,814.0,769.5101656913757,84,0.785743556144325,84,0
validation_fold_3,last_value,days_1_7_aggregate,7,aggregate,dept_id,FOODS_2,7.011904761904762,12.084523750885438,0.7235872235872236,-3.2738095238095237,-275.0,814.0,539.0,84,1.1033911632406017,84,0
validation_fold_3,mean_28,days_1_7_aggregate,7,aggregate,dept_id,FOODS_2,3.8363095294861567,5.9245629733958545,0.39588452147031594,1.3898809580575853,116.75000047683716,814.0,930.7500004768372,84,0.6853356646185479,84,0
validation_fold_3,seasonal_naive_7,days_1_7_aggregate,7,aggregate,dept_id,FOODS_2,4.011904761904762,7.772815877574012,0.414004914004914,1.5357142857142858,129.0,814.0,943.0,84,0.6355504176391878,84,0
validation_fold_3,zero,days_1_7_aggregate,7,aggregate,dept_id,FOODS_2,9.69047619047619,19.112449196419444,1.0,-9.69047619047619,-814.0,814.0,0.0,84,1.3286288731606255,84,0
validation_fold_3,croston_sba,days_1_7_aggregate,7,aggregate,dept_id,FOODS_3,5.243832193271459,7.953163209618389,0.28127205302679403,0.08777483408911187,15.009496629238129,3188.0,3203.009496629238,171,0.7680865734848641,171,0
validation_fold_3,last_value,days_1_7_aggregate,7,aggregate,dept_id,FOODS_3,9.736842105263158,16.785018382631076,0.5222710163111669,-1.9005847953216375,-325.0,3188.0,2863.0,171,1.3897850963845064,171,0
validation_fold_3,mean_28,days_1_7_aggregate,7,aggregate,dept_id,FOODS_3,4.839181241933366,7.700867586031938,0.2595671243320594,0.7690058033368741,131.49999237060547,3188.0,3319.4999923706055,171,0.6896020706956247,171,0
validation_fold_3,seasonal_naive_7,days_1_7_aggregate,7,aggregate,dept_id,FOODS_3,5.239766081871345,8.452827479468679,0.2810539523212045,0.5263157894736842,90.0,3188.0,3278.0,171,0.7713107216814207,171,0
validation_fold_3,zero,days_1_7_aggregate,7,aggregate,dept_id,FOODS_3,18.64327485380117,36.812945854089705,1.0,-18.64327485380117,-3188.0,3188.0,0.0,171,1.9757196666306602,171,0
validation_fold_3,croston_sba,days_1_7_aggregate,7,aggregate,intermittency_class,highly_intermittent,1.2729688497150646,1.5916307515685373,0.6182991555758885,-0.19577108761843512,-3.328108489513397,35.0,31.671891510486603,17,0.6930189832182774,17,0
validation_fold_3,last_value,days_1_7_aggregate,7,aggregate,intermittency_class,highly_intermittent,1.7647058823529411,2.3008949665421112,0.8571428571428571,-1.6470588235294117,-28.0,35.0,7.0,17,0.9743948481876342,17,0
validation_fold_3,mean_28,days_1_7_aggregate,7,aggregate,intermittency_class,highly_intermittent,1.1470588235294117,1.3958973500099159,0.5571428571428572,-0.38235294117647056,-6.5,35.0,28.5,17,0.6969970927022768,17,0
validation_fold_3,seasonal_naive_7,days_1_7_aggregate,7,aggregate,intermittency_class,highly_intermittent,1.8235294117647058,2.461467759165609,0.8857142857142857,-0.29411764705882354,-5.0,35.0,30.0,17,1.038179893718276,17,0
validation_fold_3,zero,days_1_7_aggregate,7,aggregate,intermittency_class,highly_intermittent,2.0588235294117645,2.711630722733202,1.0,-2.0588235294117645,-35.0,35.0,0.0,17,1.1502807436573297,17,0
validation_fold_3,croston_sba,days_1_7_aggregate,7,aggregate,intermittency_class,intermittent,3.234397446115812,4.552505737885016,0.461598842656766,0.395917072892189,57.01205849647522,1009.0,1066.0120584964752,144,0.8125468295982604,144,0
validation_fold_3,last_value,days_1_7_aggregate,7,aggregate,intermittency_class,intermittent,5.972222222222222,10.042271766001068,0.8523290386521308,-0.25,-36.0,1009.0,973.0,144,1.4092575474378168,144,0
validation_fold_3,mean_28,days_1_7_aggregate,7,aggregate,intermittency_class,intermittent,2.7378472056653766,4.069971746994727,0.3907333970424323,0.3177083167764876,45.74999761581421,1009.0,1054.7499976158142,144,0.7014812232620096,144,0
validation_fold_3,seasonal_naive_7,days_1_7_aggregate,7,aggregate,intermittency_class,intermittent,3.1180555555555554,5.255288341809187,0.4449950445986125,0.4097222222222222,59.0,1009.0,1068.0,144,0.772231727303322,144,0
validation_fold_3,zero,days_1_7_aggregate,7,aggregate,intermittency_class,intermittent,7.006944444444445,17.85687698214768,1.0,-7.006944444444445,-1009.0,1009.0,0.0,144,1.4319904675035926,144,0
validation_fold_3,croston_sba,days_1_7_aggregate,7,aggregate,intermittency_class,regular,8.64655346321545,13.508698137118955,0.3251815290549101,-1.5476732785753209,-215.1265857219696,3696.0,3480.8734142780304,139,0.8283060667183907,139,0
validation_fold_3,last_value,days_1_7_aggregate,7,aggregate,intermittency_class,regular,13.079136690647482,20.710404711384868,0.49188311688311687,-5.136690647482014,-714.0,3696.0,2982.0,139,1.2784558621702602,139,0
validation_fold_3,mean_28,days_1_7_aggregate,7,aggregate,intermittency_class,regular,6.9442445494288165,9.882606684401186,0.2611607122214842,0.7499999862780674,104.24999809265137,3696.0,3800.2499980926514,139,0.7070375991791521,139,0
validation_fold_3,seasonal_naive_7,days_1_7_aggregate,7,aggregate,intermittency_class,regular,7.892086330935252,12.692545821247228,0.2968073593073593,-0.03597122302158273,-5.0,3696.0,3691.0,139,0.7654685193679291,139,0
validation_fold_3,zero,days_1_7_aggregate,7,aggregate,intermittency_class,regular,26.58992805755396,42.735256618784696,1.0,-26.58992805755396,-3696.0,3696.0,0.0,139,2.2882386938249453,139,0
validation_fold_3,croston_sba,days_1_7_aggregate,7,aggregate,overall,all,5.630882113575935,9.728465955074254,0.3563849438972111,-0.538142119050026,-161.44263571500778,4740.0,4578.557364284992,300,0.8130753648357218,300,0
validation_fold_3,last_value,days_1_7_aggregate,7,aggregate,overall,all,9.026666666666667,15.730225681788548,0.5713080168776371,-2.5933333333333333,-778.0,4740.0,3962.0,300,1.3240105469730055,300,0
validation_fold_3,mean_28,days_1_7_aggregate,7,aggregate,overall,all,4.5966666332880655,7.301597918993178,0.2909282679296244,0.4783333190282186,143.49999570846558,4740.0,4883.499995708466,300,0.7038015767052341,300,0
validation_fold_3,seasonal_naive_7,days_1_7_aggregate,7,aggregate,overall,all,5.256666666666667,9.393792276462863,0.33270042194092825,0.16333333333333333,49.0,4740.0,4789.0,300,0.7841685037234373,300,0
validation_fold_3,zero,days_1_7_aggregate,7,aggregate,overall,all,15.8,31.617400272634686,1.0,-15.8,-4740.0,4740.0,0.0,300,1.8127552613478648,300,0
validation_fold_3,croston_sba,days_1_7_aggregate,7,aggregate,store_id,CA_1,6.226957225799561,8.930462931215319,0.3337061750160536,-1.2932762265205384,-129.32762265205383,1866.0,1736.6723773479462,100,0.8845335541761601,100,0
validation_fold_3,last_value,days_1_7_aggregate,7,aggregate,store_id,CA_1,10.75,18.346934348822423,0.5760986066452305,-2.49,-249.0,1866.0,1617.0,100,1.3978281321886499,100,0
validation_fold_3,mean_28,days_1_7_aggregate,7,aggregate,store_id,CA_1,5.2849999523162845,7.399577607845506,0.28322614964181586,-0.2550000476837158,-25.500004768371582,1866.0,1840.4999952316284,100,0.764374916427166,100,0
validation_fold_3,seasonal_naive_7,days_1_7_aggregate,7,aggregate,store_id,CA_1,5.93,8.73212459828649,0.3177920685959271,-0.51,-51.0,1866.0,1815.0,100,0.8453796433975382,100,0
validation_fold_3,zero,days_1_7_aggregate,7,aggregate,store_id,CA_1,18.66,37.45183573604904,1.0,-18.66,-1866.0,1866.0,0.0,100,1.9876021610007029,100,0
validation_fold_3,croston_sba,days_1_7_aggregate,7,aggregate,store_id,TX_2,4.875503035783768,8.048707068952028,0.30975241650468666,-0.3281562423706055,-32.81562423706055,1574.0,1541.1843757629395,100,0.7546907073760891,100,0
validation_fold_3,last_value,days_1_7_aggregate,7,aggregate,store_id,TX_2,7.8,12.918978287774928,0.49555273189326554,-0.9,-90.0,1574.0,1484.0,100,1.2514474675987668,100,0
validation_fold_3,mean_28,days_1_7_aggregate,7,aggregate,store_id,TX_2,4.245000019073486,6.997588886474646,0.26969504568446545,0.32,32.0,1574.0,1606.0,100,0.679598760844644,100,0
validation_fold_3,seasonal_naive_7,days_1_7_aggregate,7,aggregate,store_id,TX_2,5.16,9.438220171197534,0.3278271918678526,1.24,124.0,1574.0,1698.0,100,0.7402217946083145,100,0
validation_fold_3,zero,days_1_7_aggregate,7,aggregate,store_id,TX_2,15.74,30.28464957697216,1.0,-15.74,-1574.0,1574.0,0.0,100,1.8394933224492775,100,0
validation_fold_3,croston_sba,days_1_7_aggregate,7,aggregate,store_id,WI_3,5.790186079144478,11.806536150349402,0.4453989291649598,0.007006111741065979,0.7006111741065979,1300.0,1300.7006111741066,100,0.8000018329549162,100,0
validation_fold_3,last_value,days_1_7_aggregate,7,aggregate,store_id,WI_3,8.53,15.453478572800364,0.6561538461538462,-4.39,-439.0,1300.0,861.0,100,1.322756041131599,100,0
validation_fold_3,mean_28,days_1_7_aggregate,7,aggregate,store_id,WI_3,4.259999928474426,7.497999567437598,0.32769230219034046,1.3700000047683716,137.00000047683716,1300.0,1437.0000004768372,100,0.6674310528438923,100,0
validation_fold_3,seasonal_naive_7,days_1_7_aggregate,7,aggregate,store_id,WI_3,4.68,9.969954864491614,0.36,-0.24,-24.0,1300.0,1276.0,100,0.7669040731644593,100,0
validation_fold_3,zero,days_1_7_aggregate,7,aggregate,store_id,WI_3,13.0,26.061082095722732,1.0,-13.0,-1300.0,1300.0,0.0,100,1.6111703005936133,100,0
validation_fold_3,croston_sba,days_1_7_daily,7,daily,demand_band,high,2.7628896207176417,4.460504753120843,0.5402603011166269,-0.4091211649418565,-283.5209673047066,3544.0,3260.4790326952934,693,0.7512090107384926,99,0
validation_fold_3,last_value,days_1_7_daily,7,daily,demand_band,high,3.1240981240981243,5.257441644059651,0.6108916478555305,-0.922077922077922,-639.0,3544.0,2905.0,693,0.8483401950105063,99,0
validation_fold_3,mean_28,days_1_7_daily,7,daily,demand_band,high,2.657544824468109,4.1903424247009085,0.5196609941750563,0.09776334974156829,67.75000137090683,3544.0,3611.750001370907,693,0.7160716373395418,99,0
validation_fold_3,seasonal_naive_7,days_1_7_daily,7,daily,demand_band,high,3.243867243867244,5.223711064670144,0.6343115124153499,-0.023088023088023088,-16.0,3544.0,3528.0,693,0.8909323498191066,99,0
validation_fold_3,zero,days_1_7_daily,7,daily,demand_band,high,5.113997113997114,8.594437611871871,1.0,-5.113997113997114,-3544.0,3544.0,0.0,693,1.206638714346692,99,0
validation_fold_3,croston_sba,days_1_7_daily,7,daily,demand_band,low,0.7213375307135768,1.0497297870171314,1.1035031098995778,-0.008088522616230909,-5.605346173048019,453.0,447.394653826952,693,0.714179608504005,99,0
validation_fold_3,last_value,days_1_7_daily,7,daily,demand_band,low,0.6695526695526696,1.1830939944532723,1.0242825607064017,-0.19913419913419914,-138.0,453.0,315.0,693,0.7718624663903221,99,0
validation_fold_3,mean_28,days_1_7_daily,7,daily,demand_band,low,0.6563595130254782,1.0434168949314528,1.004099652376725,-0.07792207931435813,-54.00000096485019,453.0,398.9999990351498,693,0.6734714546650381,99,0
validation_fold_3,seasonal_naive_7,days_1_7_daily,7,daily,demand_band,low,0.7142857142857143,1.2650251382042177,1.0927152317880795,-0.08513708513708514,-59.0,453.0,394.0,693,0.846901093849278,99,0
validation_fold_3,zero,days_1_7_daily,7,daily,demand_band,low,0.6536796536796536,1.3153549825650603,1.0,-0.6536796536796536,-453.0,453.0,0.0,693,0.7983606901603473,99,0
validation_fold_3,croston_sba,days_1_7_daily,7,daily,demand_band,medium,1.0806756314067614,1.5574529222825104,1.0384958288350303,0.17882867660425625,127.68367509543896,743.0,870.683675095439,714,0.6986841500655071,102,0
validation_fold_3,last_value,days_1_7_daily,7,daily,demand_band,medium,1.19187675070028,1.9471303311824415,1.14535666218035,-0.0014005602240896359,-1.0,743.0,742.0,714,0.8316957473322033,102,0
validation_fold_3,mean_28,days_1_7_daily,7,daily,demand_band,medium,0.9958483342404792,1.492013045508906,0.9569794221368805,0.18172267757627478,129.74999178946018,743.0,872.7499917894602,714,0.6616804375857773,102,0
validation_fold_3,seasonal_naive_7,days_1_7_daily,7,daily,demand_band,medium,1.2408963585434174,2.0271269564284795,1.1924629878869448,0.17366946778711484,124.0,743.0,867.0,714,0.9185684924376578,102,0
validation_fold_3,zero,days_1_7_daily,7,daily,demand_band,medium,1.0406162464985995,1.938479579782179,1.0,-1.0406162464985995,-743.0,743.0,0.0,714,0.7871557431870368,102,0
validation_fold_3,croston_sba,days_1_7_daily,7,daily,dept_id,FOODS_1,1.9361241022272715,3.6442002345034883,0.826394433877494,-0.4189279479166818,-131.96230359375477,738.0,606.0376964062452,315,0.9548395235913252,45,0
validation_fold_3,last_value,days_1_7_daily,7,daily,dept_id,FOODS_1,2.0761904761904764,4.077814540727843,0.8861788617886179,-0.5650793650793651,-178.0,738.0,560.0,315,1.0338526345767718,45,0
validation_fold_3,mean_28,days_1_7_daily,7,daily,dept_id,FOODS_1,1.786281178489564,3.4194778421965215,0.7624370883796919,-0.3325396649421207,-104.74999445676804,738.0,633.250005543232,315,0.889062646879898,45,0
validation_fold_3,seasonal_naive_7,days_1_7_daily,7,daily,dept_id,FOODS_1,2.1015873015873017,3.9076644264625986,0.8970189701897019,-0.5396825396825397,-170.0,738.0,568.0,315,1.121085814017833,45,0
validation_fold_3,zero,days_1_7_daily,7,daily,dept_id,FOODS_1,2.342857142857143,5.2317710740655095,1.0,-2.342857142857143,-738.0,738.0,0.0,315,1.1487878999233605,45,0
validation_fold_3,croston_sba,days_1_7_daily,7,daily,dept_id,FOODS_2,1.2187568858950113,2.2521911898597473,0.8803796669610156,-0.07566298165542333,-44.48983321338892,814.0,769.5101667866111,588,0.6297530004052724,84,0
validation_fold_3,last_value,days_1_7_daily,7,daily,dept_id,FOODS_2,1.16156462585034,2.310505436944406,0.8390663390663391,-0.467687074829932,-275.0,814.0,539.0,588,0.666240757968174,84,0
validation_fold_3,mean_28,days_1_7_daily,7,daily,dept_id,FOODS_2,1.0814504337680786,1.7534110443278543,0.7811951536309953,0.19855442259232609,116.75000048428774,814.0,930.7500004842877,588,0.5851341392610766,84,0
validation_fold_3,seasonal_naive_7,days_1_7_daily,7,daily,dept_id,FOODS_2,1.4098639455782314,2.8257200635503548,1.0184275184275184,0.2193877551020408,129.0,814.0,943.0,588,0.7789324298122599,84,0
validation_fold_3,zero,days_1_7_daily,7,daily,dept_id,FOODS_2,1.3843537414965987,3.1325588853312922,1.0,-1.3843537414965987,-814.0,814.0,0.0,588,0.7096645529609459,84,0
validation_fold_3,croston_sba,days_1_7_daily,7,daily,dept_id,FOODS_3,1.5536037390629949,2.7599212935761828,0.5833323951249701,0.01253926351280539,15.009498424828053,3188.0,3203.009498424828,1197,0.7045159416142484,171,0
validation_fold_3,last_value,days_1_7_daily,7,daily,dept_id,FOODS_3,1.7903091060985798,3.475057322090222,0.6722082810539524,-0.27151211361737676,-325.0,3188.0,2863.0,1197,0.8347686402414353,171,0
validation_fold_3,mean_28,days_1_7_daily,7,daily,dept_id,FOODS_3,1.511278187344123,2.7452804147392085,0.5674403984475895,0.10985796672347295,131.49998616799712,3188.0,3319.499986167997,1197,0.6777607247641921,171,0
validation_fold_3,seasonal_naive_7,days_1_7_daily,7,daily,dept_id,FOODS_3,1.7861319966583125,3.3518283891844796,0.6706398996235885,0.07518796992481203,90.0,3188.0,3278.0,1197,0.8763760901566016,171,0
validation_fold_3,zero,days_1_7_daily,7,daily,dept_id,FOODS_3,2.663324979114453,5.829518982063523,1.0,-2.663324979114453,-3188.0,3188.0,0.0,1197,0.979400870795345,171,0
validation_fold_3,croston_sba,days_1_7_daily,7,daily,intermittency_class,highly_intermittent,0.4029351194240466,0.5446078593129315,1.3699794060417585,-0.027967296540737152,-3.328108288347721,35.0,31.67189171165228,119,0.6995351945546766,17,0
validation_fold_3,last_value,days_1_7_daily,7,daily,intermittency_class,highly_intermittent,0.2689075630252101,0.5940885257860046,0.9142857142857143,-0.23529411764705882,-28.0,35.0,7.0,119,0.7147487271531276,17,0
validation_fold_3,mean_28,days_1_7_daily,7,daily,intermittency_class,highly_intermittent,0.37394957942496826,0.5335390003425976,1.2714285700448922,-0.05462184877080076,-6.50000000372529,35.0,28.49999999627471,119,0.6928757573758197,17,0
validation_fold_3,seasonal_naive_7,days_1_7_daily,7,daily,intermittency_class,highly_intermittent,0.3949579831932773,0.7390659560519331,1.3428571428571427,-0.04201680672268908,-5.0,35.0,30.0,119,0.9122038145836245,17,0
validation_fold_3,zero,days_1_7_daily,7,daily,intermittency_class,highly_intermittent,0.29411764705882354,0.6284568268332179,1.0,-0.29411764705882354,-35.0,35.0,0.0,119,0.7533161551381022,17,0
validation_fold_3,croston_sba,days_1_7_daily,7,daily,intermittency_class,intermittent,0.8879274599446308,1.4260118105562825,0.8870474525512269,0.05655958606225867,57.01206275075674,1009.0,1066.0120627507567,1008,0.7003119927044443,144,0
validation_fold_3,last_value,days_1_7_daily,7,daily,intermittency_class,intermittent,0.9920634920634921,1.915372233705708,0.9910802775024777,-0.03571428571428571,-36.0,1009.0,973.0,1008,0.8202303951379477,144,0
validation_fold_3,mean_28,days_1_7_daily,7,daily,intermittency_class,intermittent,0.8293296459190075,1.3959221691966022,0.828507713663389,0.04538690153184154,45.74999674409628,1009.0,1054.7499967440963,1008,0.6597327669960402,144,0
validation_fold_3,seasonal_naive_7,days_1_7_daily,7,daily,intermittency_class,intermittent,0.9533730158730159,1.7266009364212662,0.9524281466798811,0.05853174603174603,59.0,1009.0,1068.0,1008,0.8735394864087027,144,0
validation_fold_3,zero,days_1_7_daily,7,daily,intermittency_class,intermittent,1.0009920634920635,2.8492201662131262,1.0,-1.0009920634920635,-1009.0,1009.0,0.0,1008,0.8010295513881174,144,0
validation_fold_3,croston_sba,days_1_7_daily,7,daily,intermittency_class,regular,2.305438497359314,3.820010938776695,0.6069241498730013,-0.22109618997402328,-215.12659284472466,3696.0,3480.8734071552753,973,0.7453397939195648,139,0
validation_fold_3,last_value,days_1_7_daily,7,daily,intermittency_class,regular,2.5159301130524154,4.429648776557661,0.6623376623376623,-0.7338129496402878,-714.0,3696.0,2982.0,973,0.8271160032021518,139,0
validation_fold_3,mean_28,days_1_7_daily,7,daily,intermittency_class,regular,2.1861327168477156,3.58629100063433,0.5755159993216524,0.10714285247188678,104.24999545514584,3696.0,3800.249995455146,973,0.7070198879092371,139,0
validation_fold_3,seasonal_naive_7,days_1_7_daily,7,daily,intermittency_class,regular,2.6937307297019526,4.520479833374612,0.7091450216450217,-0.0051387461459403904,-5.0,3696.0,3691.0,973,0.8952686781369522,139,0
validation_fold_3,zero,days_1_7_daily,7,daily,intermittency_class,regular,3.7985611510791366,6.938283209495673,1.0,-3.7985611510791366,-3696.0,3696.0,0.0,973,1.0836704806765325,139,0
validation_fold_3,croston_sba,days_1_7_daily,7,daily,overall,all,1.517224674650601,2.784614139805243,0.6721881469971017,-0.07687744684872173,-161.44263838231564,4740.0,4578.557361617684,2100,0.7211308553722966,300,0
validation_fold_3,last_value,days_1_7_daily,7,daily,overall,all,1.6571428571428573,3.297329366681611,0.7341772151898734,-0.37047619047619046,-778.0,4740.0,3962.0,2100,0.8174434323552225,300,0
validation_fold_3,mean_28,days_1_7_daily,7,daily,overall,all,1.4321768650146467,2.628804326106963,0.6345087376647169,0.06833332961691277,143.49999219551682,4740.0,4883.499992195517,2100,0.6835205691406757,300,0
validation_fold_3,seasonal_naive_7,days_1_7_daily,7,daily,overall,all,1.7280952380952381,3.306055050963308,0.7656118143459916,0.023333333333333334,49.0,4740.0,4789.0,2100,0.8857983238393706,300,0
validation_fold_3,zero,days_1_7_daily,7,daily,overall,all,2.257142857142857,5.120918816365822,1.0,-2.257142857142857,-4740.0,4740.0,0.0,2100,0.9292827561709155,300,0
validation_fold_3,croston_sba,days_1_7_daily,7,daily,store_id,CA_1,1.7095839824846812,3.181557731323148,0.6413230373736747,-0.1847537544795445,-129.32762813568115,1866.0,1736.6723718643188,700,0.7693983615269459,100,0
validation_fold_3,last_value,days_1_7_daily,7,daily,store_id,CA_1,1.93,3.9197303114226765,0.7240085744908896,-0.3557142857142857,-249.0,1866.0,1617.0,700,0.8731860428752977,100,0
validation_fold_3,mean_28,days_1_7_daily,7,daily,store_id,CA_1,1.6349999996168272,3.1003414878605438,0.6133440513032042,-0.036428561551230296,-25.499993085861206,1866.0,1840.5000069141388,700,0.7300118621152742,100,0
validation_fold_3,seasonal_naive_7,days_1_7_daily,7,daily,store_id,CA_1,1.9357142857142857,3.6475040389677043,0.7261521972132905,-0.07285714285714286,-51.0,1866.0,1815.0,700,0.9171001359654727,100,0
validation_fold_3,zero,days_1_7_daily,7,daily,store_id,CA_1,2.665714285714286,6.092618484691126,1.0,-2.665714285714286,-1866.0,1866.0,0.0,700,1.004423596377174,100,0
validation_fold_3,croston_sba,days_1_7_daily,7,daily,store_id,TX_2,1.4516768731070415,2.5481553579161456,0.6455996259052917,-0.04687945752271584,-32.81562026590109,1574.0,1541.184379734099,700,0.704680038389431,100,0
validation_fold_3,last_value,days_1_7_daily,7,daily,store_id,TX_2,1.6228571428571428,2.92867595632273,0.7217280813214739,-0.12857142857142856,-90.0,1574.0,1484.0,700,0.7994896987597129,100,0
validation_fold_3,mean_28,days_1_7_daily,7,daily,store_id,TX_2,1.4170408166785324,2.484015221900612,0.6301960429955354,0.04571428020617792,31.99999614432454,1574.0,1605.9999961443245,700,0.6737847170494616,100,0
validation_fold_3,seasonal_naive_7,days_1_7_daily,7,daily,store_id,TX_2,1.6942857142857144,3.102993945945017,0.7534942820838628,0.17714285714285713,124.0,1574.0,1698.0,700,0.8649071548189947,100,0
validation_fold_3,zero,days_1_7_daily,7,daily,store_id,TX_2,2.2485714285714287,4.887593623509572,1.0,-2.2485714285714287,-1574.0,1574.0,0.0,700,0.9320349472360208,100,0
validation_fold_3,croston_sba,days_1_7_daily,7,daily,store_id,WI_3,1.39041316836008,2.5781432072309376,0.7486840137323508,0.0010008714560951505,0.7006100192666054,1300.0,1300.7006100192666,700,0.6893141662005131,100,0
validation_fold_3,last_value,days_1_7_daily,7,daily,store_id,WI_3,1.4185714285714286,2.9454565496225342,0.7638461538461538,-0.6271428571428571,-439.0,1300.0,861.0,700,0.7796545554306573,100,0
validation_fold_3,mean_28,days_1_7_daily,7,daily,store_id,WI_3,1.2444897787485805,2.22472191315966,0.6701098808646202,0.1957142701957907,136.9999891370535,1300.0,1436.9999891370535,700,0.6467651282572914,100,0
validation_fold_3,seasonal_naive_7,days_1_7_daily,7,daily,store_id,WI_3,1.5542857142857143,3.1396087108337016,0.8369230769230769,-0.03428571428571429,-24.0,1300.0,1276.0,700,0.8753876807336444,100,0
validation_fold_3,zero,days_1_7_daily,7,daily,store_id,WI_3,1.8571428571428572,4.202720207539058,1.0,-1.8571428571428572,-1300.0,1300.0,0.0,700,0.8513897248995519,100,0
validation_fold_3,croston_sba,days_1_30_aggregate,30,aggregate,demand_band,high,38.765934544380265,73.94721383034423,0.26804215113099916,-3.479984846982089,-344.5184998512268,14318.0,13973.481500148773,99,1.3191959173358143,99,0
validation_fold_3,last_value,days_1_30_aggregate,30,aggregate,demand_band,high,72.64646464646465,110.03543965376782,0.5023047911719514,-18.86868686868687,-1868.0,14318.0,12450.0,99,2.761585716872507,99,0
validation_fold_3,mean_28,days_1_30_aggregate,30,aggregate,demand_band,high,33.18831246308606,56.00464382190375,0.22947638873065512,11.72655094994439,1160.9285440444946,14318.0,15478.928544044495,99,1.2412177772139144,99,0
validation_fold_3,seasonal_naive_7,days_1_30_aggregate,30,aggregate,demand_band,high,37.04040404040404,58.789901558452414,0.25611118871350746,7.646464646464646,757.0,14318.0,15075.0,99,1.42644258716591,99,0
validation_fold_3,zero,days_1_30_aggregate,30,aggregate,demand_band,high,144.62626262626262,216.80023854770877,1.0,-144.62626262626262,-14318.0,14318.0,0.0,99,5.39897503916754,99,0
validation_fold_3,croston_sba,days_1_30_aggregate,30,aggregate,demand_band,low,7.853921137674891,10.914509272147948,0.41314462945261116,0.3576330283675531,35.405669808387756,1882.0,1917.4056698083878,99,1.1382848559953538,99,0
validation_fold_3,last_value,days_1_30_aggregate,30,aggregate,demand_band,low,18.303030303030305,24.888843795052946,0.9628055260361318,-5.373737373737374,-532.0,1882.0,1350.0,99,2.7787551844907767,99,0
validation_fold_3,mean_28,days_1_30_aggregate,30,aggregate,demand_band,low,7.210678109014877,10.78405838981884,0.379307721993875,-1.7373737650688248,-172.00000274181366,1882.0,1709.9999972581863,99,1.0639478363694217,99,0
validation_fold_3,seasonal_naive_7,days_1_30_aggregate,30,aggregate,demand_band,low,10.454545454545455,15.128740459099292,0.5499468650371945,-2.01010101010101,-199.0,1882.0,1683.0,99,1.605942460051267,99,0
validation_fold_3,zero,days_1_30_aggregate,30,aggregate,demand_band,low,19.01010101010101,24.961788980177467,1.0,-19.01010101010101,-1882.0,1882.0,0.0,99,2.7453186390398656,99,0
validation_fold_3,croston_sba,days_1_30_aggregate,30,aggregate,demand_band,medium,13.409412388708077,22.44906309428972,0.363862746381544,-0.2695936361948649,-27.49855089187622,3759.0,3731.501449108124,102,1.2341401341112492,102,0
validation_fold_3,last_value,days_1_30_aggregate,30,aggregate,demand_band,medium,31.480392156862745,41.954807619067225,0.8542165469539771,-5.676470588235294,-579.0,3759.0,3180.0,102,3.1501009538977196,102,0
validation_fold_3,mean_28,days_1_30_aggregate,30,aggregate,demand_band,medium,12.618347275490855,19.311634244245983,0.3423972923916114,-0.18277343581704533,-18.642890453338623,3759.0,3740.3571095466614,102,1.2014739422482896,102,0
validation_fold_3,seasonal_naive_7,days_1_30_aggregate,30,aggregate,demand_band,medium,14.990196078431373,21.619934519499616,0.406757116254323,-0.7156862745098039,-73.0,3759.0,3686.0,102,1.4983141997479126,102,0
validation_fold_3,zero,days_1_30_aggregate,30,aggregate,demand_band,medium,36.85294117647059,45.1099962835942,1.0,-36.85294117647059,-3759.0,3759.0,0.0,102,3.53790068652926,102,0
validation_fold_3,croston_sba,days_1_30_aggregate,30,aggregate,dept_id,FOODS_1,14.96757533815172,23.57968467598857,0.27536422331023197,3.3623202323913572,151.30441045761108,2446.0,2597.304410457611,45,1.1738552690498323,45,0
validation_fold_3,last_value,days_1_30_aggregate,30,aggregate,dept_id,FOODS_1,32.08888888888889,51.12468418810363,0.5903515944399019,-1.0222222222222221,-46.0,2446.0,2400.0,45,2.467041405898828,45,0
validation_fold_3,mean_28,days_1_30_aggregate,30,aggregate,dept_id,FOODS_1,11.639683310190836,17.827796332283764,0.2141397174810252,5.953969118330214,267.9286103248596,2446.0,2713.9286103248596,45,0.9754961348013247,45,0
validation_fold_3,seasonal_naive_7,days_1_30_aggregate,30,aggregate,dept_id,FOODS_1,20.066666666666666,32.41296037081463,0.36917416189697466,-0.2,-9.0,2446.0,2437.0,45,1.6068826099836078,45,0
validation_fold_3,zero,days_1_30_aggregate,30,aggregate,dept_id,FOODS_1,54.355555555555554,89.87621116476447,1.0,-54.355555555555554,-2446.0,2446.0,0.0,45,3.432321483640879,45,0
validation_fold_3,croston_sba,days_1_30_aggregate,30,aggregate,dept_id,FOODS_2,24.030614790462312,63.92822591200667,0.4550432016228211,-13.5488011212576,-1138.0992941856384,4436.0,3297.9007058143616,84,1.3393286675476803,84,0
validation_fold_3,last_value,days_1_30_aggregate,30,aggregate,dept_id,FOODS_2,37.785714285714285,64.28415342020443,0.7155094679891795,-25.30952380952381,-2126.0,4436.0,2310.0,84,2.8307660913617214,84,0
validation_fold_3,mean_28,days_1_30_aggregate,30,aggregate,dept_id,FOODS_2,14.57908136504037,29.346761711155153,0.2760691692207825,-5.322278965087164,-447.0714330673218,4436.0,3988.928566932678,84,1.090983341192574,84,0
validation_fold_3,seasonal_naive_7,days_1_30_aggregate,30,aggregate,dept_id,FOODS_2,17.333333333333332,29.31763649279746,0.32822362488728585,-4.523809523809524,-380.0,4436.0,4056.0,84,1.379078767809753,84,0
validation_fold_3,zero,days_1_30_aggregate,30,aggregate,dept_id,FOODS_2,52.80952380952381,101.10261171323961,1.0,-52.80952380952381,-4436.0,4436.0,0.0,84,3.568897037371745,84,0
validation_fold_3,croston_sba,days_1_30_aggregate,30,aggregate,dept_id,FOODS_3,19.24569148278376,37.16846076526354,0.2516642382470003,3.802242706393638,650.1835027933121,13077.0,13727.183502793312,171,1.192080672853132,171,0
validation_fold_3,last_value,days_1_30_aggregate,30,aggregate,dept_id,FOODS_3,44.42690058479532,75.50202351960877,0.5809436415079912,-4.719298245614035,-807.0,13077.0,12270.0,171,3.0468001847526347,171,0
validation_fold_3,mean_28,days_1_30_aggregate,30,aggregate,dept_id,FOODS_3,20.690894181965387,39.98703741615634,0.2705622776719493,6.72180393913336,1149.4284735918045,13077.0,14226.428473591805,171,1.2586070826189473,171,0
validation_fold_3,seasonal_naive_7,days_1_30_aggregate,30,aggregate,dept_id,FOODS_3,22.64327485380117,41.39582146893233,0.29609237592720045,5.111111111111111,874.0,13077.0,13951.0,171,1.5490165737047137,171,0
validation_fold_3,zero,days_1_30_aggregate,30,aggregate,dept_id,FOODS_3,76.47368421052632,147.10371485444074,1.0,-76.47368421052632,-13077.0,13077.0,0.0,171,4.169059217926616,171,0
validation_fold_3,croston_sba,days_1_30_aggregate,30,aggregate,intermittency_class,highly_intermittent,4.186964841449962,5.519791609425307,0.4875233034565024,-0.603724809253917,-10.26332175731659,146.0,135.7366782426834,17,1.009152362017795,17,0
validation_fold_3,last_value,days_1_30_aggregate,30,aggregate,intermittency_class,highly_intermittent,8.823529411764707,10.732030124269839,1.0273972602739727,-6.823529411764706,-116.0,146.0,30.0,17,2.3153634485016026,17,0
validation_fold_3,mean_28,days_1_30_aggregate,30,aggregate,intermittency_class,highly_intermittent,4.092436895650976,5.717908438005879,0.47651662483607254,-1.4033613134832943,-23.857142329216003,146.0,122.142857670784,17,1.057913250824186,17,0
validation_fold_3,seasonal_naive_7,days_1_30_aggregate,30,aggregate,intermittency_class,highly_intermittent,7.0588235294117645,9.029363862681905,0.821917808219178,-1.0588235294117647,-18.0,146.0,128.0,17,1.8483682028611197,17,0
validation_fold_3,zero,days_1_30_aggregate,30,aggregate,intermittency_class,highly_intermittent,8.588235294117647,10.397963601533887,1.0,-8.588235294117647,-146.0,146.0,0.0,17,2.2473946811524756,17,0
validation_fold_3,croston_sba,days_1_30_aggregate,30,aggregate,intermittency_class,intermittent,10.297901024421057,16.954386613249785,0.31120624292059434,-1.3637282682789698,-196.37687063217163,4765.0,4568.623129367828,144,1.2021471071022614,144,0
validation_fold_3,last_value,days_1_30_aggregate,30,aggregate,intermittency_class,intermittent,26.95138888888889,38.52857885893131,0.8144805876180483,-4.131944444444445,-595.0,4765.0,4170.0,144,3.1709257367079533,144,0
validation_fold_3,mean_28,days_1_30_aggregate,30,aggregate,intermittency_class,intermittent,10.798115173975626,18.125524514105113,0.3263228929805856,-1.6989088190926447,-244.64286994934082,4765.0,4520.357130050659,144,1.2012538832154525,144,0
validation_fold_3,seasonal_naive_7,days_1_30_aggregate,30,aggregate,intermittency_class,intermittent,13.520833333333334,20.569833629749063,0.408604407135362,-1.6041666666666667,-231.0,4765.0,4534.0,144,1.6167069751871783,144,0
validation_fold_3,zero,days_1_30_aggregate,30,aggregate,intermittency_class,intermittent,33.09027777777778,73.23103660485916,1.0,-33.09027777777778,-4765.0,4765.0,0.0,144,3.2935897445350077,144,0
validation_fold_3,croston_sba,days_1_30_aggregate,30,aggregate,intermittency_class,regular,31.8636663766216,63.62193909997838,0.2943281250897397,-0.9350445219081083,-129.97118854522705,15048.0,14918.028811454773,139,1.2871087529647838,139,0
validation_fold_3,last_value,days_1_30_aggregate,30,aggregate,intermittency_class,regular,58.87769784172662,93.83208636524435,0.543859649122807,-16.31654676258993,-2268.0,15048.0,12780.0,139,2.689421308072374,139,0
validation_fold_3,mean_28,days_1_30_aggregate,30,aggregate,intermittency_class,regular,26.34583796014031,47.39272585522796,0.24335934851538432,8.912127072862583,1238.7856631278992,15048.0,16286.7856631279,139,1.1496162115614352,139,0
validation_fold_3,seasonal_naive_7,days_1_30_aggregate,30,aggregate,intermittency_class,regular,29.9568345323741,50.193152102509075,0.2767145135566188,5.280575539568345,734.0,15048.0,15782.0,139,1.3583172962100354,139,0
validation_fold_3,zero,days_1_30_aggregate,30,aggregate,intermittency_class,regular,108.2589928057554,172.7559096429027,1.0,-108.2589928057554,-15048.0,15048.0,0.0,139,4.70984396673298,139,0
validation_fold_3,croston_sba,days_1_30_aggregate,30,aggregate,overall,all,19.943752587238947,44.89054621688499,0.2997708189875086,-1.122037936449051,-336.61138093471527,19959.0,19622.388619065285,300,1.2305763007971104,300,0
validation_fold_3,last_value,days_1_30_aggregate,30,aggregate,overall,all,40.71666666666667,69.27094147861233,0.6120046094493712,-9.93,-2979.0,19959.0,16980.0,300,2.899346821775108,300,0
validation_fold_3,mean_28,days_1_30_aggregate,30,aggregate,overall,all,17.6219049624602,34.64431596501219,0.2648715611372343,3.234285502831141,970.2856508493423,19959.0,20929.285650849342,300,1.1692057928469195,300,0
validation_fold_3,seasonal_naive_7,days_1_30_aggregate,30,aggregate,overall,all,20.77,37.0812171680848,0.3121899894784308,1.6166666666666667,485.0,19959.0,20444.0,300,1.5101138934959586,300,0
validation_fold_3,zero,days_1_30_aggregate,30,aggregate,overall,all,66.53,128.09474358198048,1.0,-66.53,-19959.0,19959.0,0.0,300,3.890503147228392,300,0
validation_fold_3,croston_sba,days_1_30_aggregate,30,aggregate,store_id,CA_1,20.44420169353485,34.499233258732325,0.2728440103234332,-0.5011844873428345,-50.11844873428345,7493.0,7442.881551265717,100,1.3338247425429524,100,0
validation_fold_3,last_value,days_1_30_aggregate,30,aggregate,store_id,CA_1,46.13,78.57054155343464,0.6156412651808354,-5.63,-563.0,7493.0,6930.0,100,3.034628234515151,100,0
validation_fold_3,mean_28,days_1_30_aggregate,30,aggregate,store_id,CA_1,18.264285888671875,30.34634998863389,0.24375131307449452,3.9485716438293457,394.85716438293457,7493.0,7887.857164382935,100,1.2405510406658393,100,0
validation_fold_3,seasonal_naive_7,days_1_30_aggregate,30,aggregate,store_id,CA_1,21.38,33.7262509034135,0.2853329774456159,1.94,194.0,7493.0,7687.0,100,1.521993889131162,100,0
validation_fold_3,zero,days_1_30_aggregate,30,aggregate,store_id,CA_1,74.93,143.97267101780116,1.0,-74.93,-7493.0,7493.0,0.0,100,4.062915544588997,100,0
validation_fold_3,croston_sba,days_1_30_aggregate,30,aggregate,store_id,TX_2,18.146511178016663,39.2958440931953,0.28572683322337683,2.540759115219116,254.07591152191162,6351.0,6605.075911521912,100,1.1130960920888513,100,0
validation_fold_3,last_value,days_1_30_aggregate,30,aggregate,store_id,TX_2,35.79,59.22322179685938,0.5635333018422296,0.09,9.0,6351.0,6360.0,100,2.659775120815317,100,0
validation_fold_3,mean_28,days_1_30_aggregate,30,aggregate,store_id,TX_2,17.278571532964705,37.63448779970149,0.2720606445121195,5.3185710680484775,531.8571068048477,6351.0,6882.857106804848,100,1.1134293246455196,100,0
validation_fold_3,seasonal_naive_7,days_1_30_aggregate,30,aggregate,store_id,TX_2,21.67,41.699040756353135,0.34120610927413003,9.31,931.0,6351.0,7282.0,100,1.5230060594546748,100,0
validation_fold_3,zero,days_1_30_aggregate,30,aggregate,store_id,TX_2,63.51,118.91925832261148,1.0,-63.51,-6351.0,6351.0,0.0,100,3.738881564726023,100,0
validation_fold_3,croston_sba,days_1_30_aggregate,30,aggregate,store_id,WI_3,21.240544890165328,57.54235796796762,0.34735151087760147,-5.405688437223435,-540.5688437223434,6115.0,5574.431156277657,100,1.2448080677595277,100,0
validation_fold_3,last_value,days_1_30_aggregate,30,aggregate,store_id,WI_3,40.23,68.66345461743096,0.6578904333605887,-24.25,-2425.0,6115.0,3690.0,100,3.0036371099948567,100,0
validation_fold_3,mean_28,days_1_30_aggregate,30,aggregate,store_id,WI_3,17.32285746574402,35.54476412176982,0.28328466828690135,0.4357137966156006,43.57137966156006,6115.0,6158.57137966156,100,1.1536370132293992,100,0
validation_fold_3,seasonal_naive_7,days_1_30_aggregate,30,aggregate,store_id,WI_3,19.26,35.33808144197984,0.3149632052330335,-6.4,-640.0,6115.0,5475.0,100,1.4853417319020394,100,0
validation_fold_3,zero,days_1_30_aggregate,30,aggregate,store_id,WI_3,61.15,119.81181077005722,1.0,-61.15,-6115.0,6115.0,0.0,100,3.8697123323701543,100,0
validation_fold_3,croston_sba,days_1_30_daily,30,daily,demand_band,high,2.8842786058833703,4.65117540853133,0.5982893881459429,-0.1159994718201634,-344.5184313058853,14318.0,13973.481568694115,2970,0.7676939348410415,99,0
validation_fold_3,last_value,days_1_30_daily,30,daily,demand_band,high,3.2356902356902357,5.38616509315992,0.671183126134935,-0.6289562289562289,-1868.0,14318.0,12450.0,2970,0.8904017435014903,99,0
validation_fold_3,mean_28,days_1_30_daily,30,daily,demand_band,high,2.7675084210204757,4.36379284694271,0.574067607936221,0.3908850428632614,1160.9285773038864,14318.0,15478.928577303886,2970,0.7472991590188319,99,0
validation_fold_3,seasonal_naive_7,days_1_30_daily,30,daily,demand_band,high,3.2501683501683503,5.31762206038605,0.6741863388741445,0.2548821548821549,757.0,14318.0,15075.0,2970,0.9054341258259326,99,0
validation_fold_3,zero,days_1_30_daily,30,daily,demand_band,high,4.820875420875421,8.23301230306937,1.0,-4.820875420875421,-14318.0,14318.0,0.0,2970,1.2215053387905805,99,0
validation_fold_3,croston_sba,days_1_30_daily,30,daily,demand_band,low,0.7213081803837609,1.0296803296672112,1.1383024950795801,0.011921097393389101,35.40565925836563,1882.0,1917.4056592583656,2970,0.7594751528858489,99,0
validation_fold_3,last_value,days_1_30_daily,30,daily,demand_band,low,0.725925925925926,1.2712834523274563,1.1455897980871412,-0.17912457912457913,-532.0,1882.0,1350.0,2970,0.8864444381295422,99,0
validation_fold_3,mean_28,days_1_30_daily,30,daily,demand_band,low,0.6590428088500042,1.0281519684120626,1.0400409895241831,-0.05791245930473812,-172.00000413507223,1882.0,1709.9999958649278,2970,0.7311074153430734,99,0
validation_fold_3,seasonal_naive_7,days_1_30_daily,30,daily,demand_band,low,0.7525252525252525,1.3251008474422827,1.1875664187035069,-0.06700336700336701,-199.0,1882.0,1683.0,2970,0.9380290728114926,99,0
validation_fold_3,zero,days_1_30_daily,30,daily,demand_band,low,0.6336700336700337,1.27287156469222,1.0,-0.6336700336700337,-1882.0,1882.0,0.0,2970,0.8641664292903318,99,0
validation_fold_3,croston_sba,days_1_30_daily,30,daily,demand_band,medium,1.1143098243993093,1.558632450162955,0.9070997772444497,-0.008986449446163926,-27.498535305261612,3759.0,3731.5014646947384,3060,0.7572837939498328,102,0
validation_fold_3,last_value,days_1_30_daily,30,daily,demand_band,medium,1.2702614379084967,1.9558024948068786,1.0340516094706038,-0.1892156862745098,-579.0,3759.0,3180.0,3060,0.9318884067463205,102,0
validation_fold_3,mean_28,days_1_30_daily,30,daily,demand_band,medium,1.0535480818035556,1.5112101077829854,0.8576369061768768,-0.006092448474145403,-18.642892330884933,3759.0,3740.357107669115,3060,0.7394117320025068,102,0
validation_fold_3,seasonal_naive_7,days_1_30_daily,30,daily,demand_band,medium,1.2754901960784313,1.9754208619176183,1.0383080606544293,-0.023856209150326796,-73.0,3759.0,3686.0,3060,0.9655074342725447,102,0
validation_fold_3,zero,days_1_30_daily,30,daily,demand_band,medium,1.2284313725490197,2.0323366248883934,1.0,-1.2284313725490197,-3759.0,3759.0,0.0,3060,0.9525099461471755,102,0
validation_fold_3,croston_sba,days_1_30_daily,30,daily,dept_id,FOODS_1,1.4688323131755547,2.546079379394211,0.8106801401418637,0.1120773430886092,151.30441316962242,2446.0,2597.3044131696224,1350,0.7877706421742117,45,0
validation_fold_3,last_value,days_1_30_daily,30,daily,dept_id,FOODS_1,1.551111111111111,2.9612309752683745,0.8560915780866721,-0.034074074074074076,-46.0,2446.0,2400.0,1350,0.8732549520376047,45,0
validation_fold_3,mean_28,days_1_30_daily,30,daily,dept_id,FOODS_1,1.381904768259437,2.493568833444822,0.7627029587695175,0.19846562606317025,267.92859518527985,2446.0,2713.92859518528,1350,0.7419785520858647,45,0
validation_fold_3,seasonal_naive_7,days_1_30_daily,30,daily,dept_id,FOODS_1,1.657037037037037,2.9805542611574283,0.9145543744889616,-0.006666666666666667,-9.0,2446.0,2437.0,1350,0.9677457275303155,45,0
validation_fold_3,zero,days_1_30_daily,30,daily,dept_id,FOODS_1,1.8118518518518518,3.8522720568516444,1.0,-1.8118518518518518,-2446.0,2446.0,0.0,1350,0.9586109316017511,45,0
validation_fold_3,croston_sba,days_1_30_daily,30,daily,dept_id,FOODS_2,1.4300498274997586,2.9862265624249984,0.8123817775697456,-0.451626700476285,-1138.0992852002382,4436.0,3297.9007147997618,2520,0.748769167446468,84,0
validation_fold_3,last_value,days_1_30_daily,30,daily,dept_id,FOODS_2,1.488888888888889,2.9947043206724047,0.8458070333633905,-0.8436507936507937,-2126.0,4436.0,2310.0,2520,0.8631734507166643,84,0
validation_fold_3,mean_28,days_1_30_daily,30,daily,dept_id,FOODS_2,1.2317460308413184,2.3094512628654336,0.6997294855094955,-0.1774092962285356,-447.0714264959097,4436.0,3988.9285735040903,2520,0.6977444841723669,84,0
validation_fold_3,seasonal_naive_7,days_1_30_daily,30,daily,dept_id,FOODS_2,1.5984126984126985,3.2266253440880166,0.9080252479711451,-0.15079365079365079,-380.0,4436.0,4056.0,2520,0.9071496477407373,84,0
validation_fold_3,zero,days_1_30_daily,30,daily,dept_id,FOODS_2,1.7603174603174603,3.96662665045842,1.0,-1.7603174603174603,-4436.0,4436.0,0.0,2520,0.9409518412580707,84,0
validation_fold_3,croston_sba,days_1_30_daily,30,daily,dept_id,FOODS_3,1.6631055808555313,2.9156548635816835,0.6524226986150398,0.12674143560971432,650.1835646778345,13077.0,13727.183564677835,5130,0.7607391678625862,171,0
validation_fold_3,last_value,days_1_30_daily,30,daily,dept_id,FOODS_3,1.9116959064327486,3.646916505762094,0.7499426473961918,-0.15730994152046784,-807.0,13077.0,12270.0,5130,0.9307447179397945,171,0
validation_fold_3,mean_28,days_1_30_daily,30,daily,dept_id,FOODS_3,1.643497631221022,2.9568015104992504,0.6447306605615847,0.2240601388203819,1149.428512148559,13077.0,14226.42851214856,5130,0.758963017612524,171,0
validation_fold_3,seasonal_naive_7,days_1_30_daily,30,daily,dept_id,FOODS_3,1.8569200779727095,3.5018791947662677,0.7284545385027147,0.17037037037037037,874.0,13077.0,13951.0,5130,0.9428975836948452,171,0
validation_fold_3,zero,days_1_30_daily,30,daily,dept_id,FOODS_3,2.549122807017544,5.5686570661576775,1.0,-2.549122807017544,-13077.0,13077.0,0.0,5130,1.061170017305646,171,0
validation_fold_3,croston_sba,days_1_30_daily,30,daily,intermittency_class,highly_intermittent,0.41132939875710245,0.5874481038863653,1.4368355710008374,-0.02012415928583519,-10.263321235775948,146.0,135.73667876422405,510,0.8042181637461856,17,0
validation_fold_3,last_value,days_1_30_daily,30,daily,intermittency_class,highly_intermittent,0.30196078431372547,0.6627334956636112,1.0547945205479452,-0.22745098039215686,-116.0,146.0,30.0,510,0.8845062427320255,17,0
validation_fold_3,mean_28,days_1_30_daily,30,daily,intermittency_class,highly_intermittent,0.3896358543459107,0.5895498513207372,1.3610567514822907,-0.046778711515898797,-23.857142873108387,146.0,122.14285712689161,510,0.8030397872350756,17,0
validation_fold_3,seasonal_naive_7,days_1_30_daily,30,daily,intermittency_class,highly_intermittent,0.403921568627451,0.7970533969860857,1.4109589041095891,-0.03529411764705882,-18.0,146.0,128.0,510,1.0302095618607734,17,0
validation_fold_3,zero,days_1_30_daily,30,daily,intermittency_class,highly_intermittent,0.28627450980392155,0.6567895774291853,1.0,-0.28627450980392155,-146.0,146.0,0.0,510,0.8766988395877408,17,0
validation_fold_3,croston_sba,days_1_30_daily,30,daily,intermittency_class,intermittent,0.9370390314194891,1.490665339997362,0.8495296150539754,-0.0454576097049371,-196.37687392532825,4765.0,4568.623126074672,4320,0.7612683012631394,144,0
validation_fold_3,last_value,days_1_30_daily,30,daily,intermittency_class,intermittent,1.0608796296296297,1.8846971463164404,0.9618048268625393,-0.13773148148148148,-595.0,4765.0,4170.0,4320,0.9375462625485681,144,0
validation_fold_3,mean_28,days_1_30_daily,30,daily,intermittency_class,intermittent,0.8968915345699147,1.5058988630881347,0.8131314647097653,-0.05663029423535422,-244.64287109673023,4765.0,4520.35712890327,4320,0.7438208100975305,144,0
validation_fold_3,seasonal_naive_7,days_1_30_daily,30,daily,intermittency_class,intermittent,1.0266203703703705,1.7997556418498513,0.9307450157397692,-0.05347222222222222,-231.0,4765.0,4534.0,4320,0.9617261581930957,144,0
validation_fold_3,zero,days_1_30_daily,30,daily,intermittency_class,intermittent,1.1030092592592593,2.803808587010282,1.0,-1.1030092592592593,-4765.0,4765.0,0.0,4320,0.9350238341202162,144,0
validation_fold_3,croston_sba,days_1_30_daily,30,daily,intermittency_class,regular,2.364650889394952,3.949883287178516,0.6552760638474848,-0.031168132420066448,-129.9711121916771,15048.0,14918.028887808323,4170,0.7563909532537255,139,0
validation_fold_3,last_value,days_1_30_daily,30,daily,intermittency_class,regular,2.617745803357314,4.570209027118864,0.7254120148856991,-0.543884892086331,-2268.0,15048.0,12780.0,4170,0.8699073491809975,139,0
validation_fold_3,mean_28,days_1_30_daily,30,daily,intermittency_class,regular,2.236793421576921,3.6877785533890206,0.6198450669840351,0.2970709100258436,1238.7856948077679,15048.0,16286.785694807768,4170,0.7267652840938391,139,0
validation_fold_3,seasonal_naive_7,days_1_30_daily,30,daily,intermittency_class,regular,2.673860911270983,4.562962141109549,0.7409622541201488,0.17601918465227817,734.0,15048.0,15782.0,4170,0.8991545728738543,139,0
validation_fold_3,zero,days_1_30_daily,30,daily,intermittency_class,regular,3.60863309352518,6.6531757981763,1.0,-3.60863309352518,-15048.0,15048.0,0.0,4170,1.1085626414440253,139,0
validation_fold_3,croston_sba,days_1_30_daily,30,daily,overall,all,1.5687089797639184,2.8835544811108194,0.7073691476464385,-0.03740125637253126,-336.6113073527813,19959.0,19622.38869264722,9000,0.761442288892817,300,0
validation_fold_3,last_value,days_1_30_daily,30,daily,overall,all,1.7392222222222222,3.377490850386488,0.7842577283431034,-0.331,-2979.0,19959.0,16980.0,9000,0.9032012982319896,300,0
validation_fold_3,mean_28,days_1_30_daily,30,daily,overall,all,1.4889682536704674,2.7220223943500144,0.6714121089751093,0.10780952009310325,970.2856808379292,19959.0,20929.28568083793,9000,0.7392741584202811,300,0
validation_fold_3,seasonal_naive_7,days_1_30_daily,30,daily,overall,all,1.7545555555555556,3.352262917294326,0.7911719023999199,0.05388888888888889,485.0,19959.0,20444.0,9000,0.9366153832030155,300,0
validation_fold_3,zero,days_1_30_daily,30,daily,overall,all,2.2176666666666667,4.93023551386972,1.0,-2.2176666666666667,-19959.0,19959.0,0.0,9000,1.0121250651567408,300,0
validation_fold_3,croston_sba,days_1_30_daily,30,daily,store_id,CA_1,1.712479442745447,3.024596769936157,0.6856317000181958,-0.016706135431925454,-50.11840629577637,7493.0,7442.881593704224,3000,0.7812188608655696,100,0
validation_fold_3,last_value,days_1_30_daily,30,daily,store_id,CA_1,1.9756666666666667,3.8321012512719443,0.7910049379420793,-0.18766666666666668,-563.0,7493.0,6930.0,3000,0.9342596459967691,100,0
validation_fold_3,mean_28,days_1_30_daily,30,daily,store_id,CA_1,1.651833336999019,2.974721459377193,0.6613505953552725,0.13161905749638875,394.85717248916626,7493.0,7887.857172489166,3000,0.755827651976913,100,0
validation_fold_3,seasonal_naive_7,days_1_30_daily,30,daily,store_id,CA_1,1.902,3.533742114718239,0.7615107433604698,0.06466666666666666,194.0,7493.0,7687.0,3000,0.9384451638810902,100,0
validation_fold_3,zero,days_1_30_daily,30,daily,store_id,CA_1,2.4976666666666665,5.554907740007929,1.0,-2.4976666666666665,-7493.0,7493.0,0.0,3000,1.0388583419868755,100,0
validation_fold_3,croston_sba,days_1_30_daily,30,daily,store_id,TX_2,1.480373498921593,2.5004607043671156,0.699278931942179,0.08469197104871273,254.0759131461382,6351.0,6605.075913146138,3000,0.7209084156193465,100,0
validation_fold_3,last_value,days_1_30_daily,30,daily,store_id,TX_2,1.6443333333333334,2.9040775930864293,0.7767280743190049,0.003,9.0,6351.0,6360.0,3000,0.8498348191613294,100,0
validation_fold_3,mean_28,days_1_30_daily,30,daily,store_id,TX_2,1.4218095241189004,2.471900928899255,0.6716152688327351,0.1772857087776065,531.8571263328195,6351.0,6882.8571263328195,3000,0.7047707712164865,100,0
validation_fold_3,seasonal_naive_7,days_1_30_daily,30,daily,store_id,TX_2,1.7163333333333333,3.1054253600218225,0.8107384663832468,0.31033333333333335,931.0,6351.0,7282.0,3000,0.914053232689477,100,0
validation_fold_3,zero,days_1_30_daily,30,daily,store_id,TX_2,2.117,4.499962962810546,1.0,-2.117,-6351.0,6351.0,0.0,3000,0.9697504708225719,100,0
validation_fold_3,croston_sba,days_1_30_daily,30,daily,store_id,WI_3,1.5132739976247152,3.089364009276106,0.7424075213203836,-0.18018960473438103,-540.5688142031431,6115.0,5574.431185796857,3000,0.7821995901935351,100,0
validation_fold_3,last_value,days_1_30_daily,30,daily,store_id,WI_3,1.5976666666666666,3.332216479562315,0.7838103025347506,-0.8083333333333333,-2425.0,6115.0,3690.0,3000,0.9255094295378704,100,0
validation_fold_3,mean_28,days_1_30_daily,30,daily,store_id,WI_3,1.3932618998934825,2.6961001062380414,0.6835299590646684,0.014523794005314509,43.57138201594353,6115.0,6158.5713820159435,3000,0.7572240520674438,100,0
validation_fold_3,seasonal_naive_7,days_1_30_daily,30,daily,store_id,WI_3,1.6453333333333333,3.40323375629709,0.8071954210956664,-0.21333333333333335,-640.0,6115.0,5475.0,3000,0.9573477530384793,100,0
validation_fold_3,zero,days_1_30_daily,30,daily,store_id,WI_3,2.0383333333333336,4.6706530592626985,1.0,-2.0383333333333336,-6115.0,6115.0,0.0,3000,1.0277663826607748,100,0
