fold,model_name,horizon,horizon_days,evaluation_type,segment_type,segment_value,mae,rmse,wape,bias,aggregate_bias,actual_sum,forecast_sum,observations,rmsse,rmsse_defined_series,rmsse_undefined_series,evaluation_split
combined,mean_28,day_1_daily,1,daily,demand_band,high,2.454545459261647,3.95012673661562,0.5286439459033424,0.101010083650499,29.999994844198227,1379.0,1408.9999948441982,297,0.5527256250348582,297,0,validation
combined,mean_28,day_1_daily,1,daily,demand_band,low,0.5631313133821745,0.7926987422493798,1.0014970064341664,0.029461278407662,8.749999687075615,167.0,175.7499996870756,297,0.474239206574189,297,0,validation
combined,mean_28,day_1_daily,1,daily,demand_band,medium,0.9163165255967114,1.3734811284029045,0.8627472517925959,0.0932539648017267,28.5357132293284,325.0,353.5357132293284,306,0.4825003966912631,306,0,validation
combined,mean_28,day_1_daily,1,daily,dept_id,FOODS_1,1.440211642919867,2.628086857243167,0.6635787433248534,-0.1560846596680305,-21.07142905518413,293.0,271.9285709448159,135,0.5918748454071918,135,0,validation
combined,mean_28,day_1_daily,1,daily,dept_id,FOODS_2,0.7953514725058561,1.1491333029809327,0.7478678025055066,0.1842403618677977,46.42857119068504,268.0,314.42857119068503,252,0.4226563000469219,252,0,validation
combined,mean_28,day_1_daily,1,daily,dept_id,FOODS_3,1.5239487630451285,2.8383782551249173,0.596782988887138,0.0817320967350903,41.92856562510133,1310.0,1351.928565625101,513,0.5189886640031547,513,0,validation
combined,mean_28,day_1_daily,1,daily,intermittency_class,highly_intermittent,0.3780323458870627,0.6714049161228316,1.3357142888009548,-0.0370619934544248,-1.9642856530845163,15.0,13.035714346915483,53,0.5381255867648683,53,0,validation
combined,mean_28,day_1_daily,1,daily,intermittency_class,intermittent,0.7234835894886413,1.2623425751599922,0.8162864582973937,0.1146005936606577,49.39285586774349,382.0,431.3928558677435,431,0.4574961556009753,431,0,validation
combined,mean_28,day_1_daily,1,daily,intermittency_class,regular,2.0307348964091103,3.356762012445373,0.5731246383352713,0.0477335037162097,19.85713754594326,1474.0,1493.8571375459433,416,0.5455581183001327,416,0,validation
combined,mean_28,day_1_daily,1,daily,overall,all,1.307380953675343,2.449063305582832,0.6288844779838635,0.0747618975117802,67.28570776060224,1871.0,1938.2857077606025,900,0.502948529306015,900,0,validation
combined,mean_28,day_1_daily,1,daily,store_id,CA_1,1.4814285852387548,2.9463773884426723,0.5840060125776957,-0.1297619064773122,-38.92857194319368,761.0,722.0714280568063,300,0.5084207854077644,300,0,validation
combined,mean_28,day_1_daily,1,daily,store_id,TX_2,1.2763095262646675,2.314804664113133,0.5899735868711868,-0.0327381050089995,-9.821431502699852,649.0,639.1785684973001,300,0.4963635283625581,300,0,validation
combined,mean_28,day_1_daily,1,daily,store_id,WI_3,1.1644047495226066,1.988535359537452,0.7577471255027808,0.3867857040216525,116.03571120649576,461.0,577.0357112064958,300,0.5040612741477228,300,0,validation
combined,mean_28,days_1_7_aggregate,7,aggregate,demand_band,high,8.107744066000787,13.11214892764306,0.2523315506237277,1.0774410389087818,319.9999885559082,9543.0,9862.999988555908,297,0.7073143429750134,297,0,validation
combined,mean_28,days_1_7_aggregate,7,aggregate,demand_band,low,2.071548819943309,3.0241382978074296,0.5080511969638009,0.0648148099982778,19.249998569488525,1211.0,1230.2499985694883,297,0.6463665478611524,297,0,validation
combined,mean_28,days_1_7_aggregate,7,aggregate,demand_band,medium,3.138071882958505,4.442235436878431,0.4341094015304262,0.858660121369206,262.74999713897705,2212.0,2474.749997138977,306,0.6509266614032644,306,0,validation
combined,mean_28,days_1_7_aggregate,7,aggregate,dept_id,FOODS_1,4.522222211625841,7.013875029354038,0.3102134139072604,-0.4777778095669217,-64.50000429153442,1968.0,1903.4999957084656,135,0.7237704349778938,135,0,validation
combined,mean_28,days_1_7_aggregate,7,aggregate,dept_id,FOODS_2,3.375000011353266,5.023802483461606,0.458243536024258,1.369047619047619,345.0,1856.0,2201.0,252,0.7124476240100758,252,0,validation
combined,mean_28,days_1_7_aggregate,7,aggregate,dept_id,FOODS_3,4.917153960780094,9.55297118681586,0.2759243034215913,0.6267056307132713,321.4999885559082,9142.0,9463.499988555908,513,0.6315418576904199,513,0,validation
combined,mean_28,days_1_7_aggregate,7,aggregate,intermittency_class,highly_intermittent,1.0047169811320755,1.2862663534725114,0.6191860465116279,0.0990566037735849,5.25,86.0,91.25,53,0.5951969248352807,53,0,validation
combined,mean_28,days_1_7_aggregate,7,aggregate,intermittency_class,intermittent,2.622389767949929,4.0380476653987225,0.4081798447043769,0.5817865174773674,250.74998903274536,2769.0,3019.7499890327454,431,0.6606966982738068,431,0,validation
combined,mean_28,days_1_7_aggregate,7,aggregate,intermittency_class,regular,6.7307692147218265,11.25554079986273,0.2769261194070102,0.8317307577683375,345.9999952316284,10111.0,10456.999995231628,416,0.6849064158544701,416,0,validation
combined,mean_28,days_1_7_aggregate,7,aggregate,overall,all,4.426111092567444,8.152530243544,0.3072265913397115,0.6688888714048598,601.9999842643738,12966.0,13567.999984264374,900,0.6680297588530447,900,0,validation
combined,mean_28,days_1_7_aggregate,7,aggregate,store_id,CA_1,4.719999993642171,8.63717737418826,0.276562499627471,-0.218333355585734,-65.50000667572021,5120.0,5054.49999332428,300,0.6586331305835831,300,0,validation
combined,mean_28,days_1_7_aggregate,7,aggregate,store_id,TX_2,4.039166668256124,6.880119294065216,0.2804976852955642,0.5141666491826375,154.24999475479126,4320.0,4474.249994754791,300,0.6325015976588838,300,0,validation
combined,mean_28,days_1_7_aggregate,7,aggregate,store_id,WI_3,4.5191666158040364,8.800816645172238,0.3845008464949548,1.7108333206176758,513.2499961853027,3526.0,4039.249996185303,300,0.7129545483166669,300,0,validation
combined,mean_28,days_1_7_daily,7,daily,demand_band,high,2.4283996347253742,4.054791622353233,0.5290414796808187,0.1539201365605519,319.9999639093876,9543.0,9862.999963909388,2079,0.6755162967407654,297,0,validation
combined,mean_28,days_1_7_daily,7,daily,demand_band,low,0.6447296090219788,0.9825029942977794,1.1068479415001602,0.0092592582056418,19.249997809529305,1211.0,1230.2499978095293,2079,0.6424962353893386,297,0,validation
combined,mean_28,days_1_7_daily,7,daily,demand_band,medium,0.9425270079915958,1.38284515727935,0.9127002039412287,0.1226657295076091,262.7499926052988,2212.0,2474.7499926052988,2142,0.6158709024003692,306,0,validation
combined,mean_28,days_1_7_daily,7,daily,dept_id,FOODS_1,1.4736961424311317,2.657275122006732,0.7076437269295831,-0.0682539718373427,-64.50000338628888,1968.0,1903.4999966137111,945,0.744289252793401,135,0,validation
combined,mean_28,days_1_7_daily,7,daily,dept_id,FOODS_2,0.940557172372008,1.4386865486884497,0.8939347263277059,0.1955782303485233,344.99999833479524,1856.0,2200.9999983347952,1764,0.5987941954427816,252,0,validation
combined,mean_28,days_1_7_daily,7,daily,dept_id,FOODS_3,1.4915463219735738,2.888466556764289,0.5858830499023303,0.089529367690256,321.4999593757093,9142.0,9463.49995937571,3591,0.6404113680281945,513,0,validation
combined,mean_28,days_1_7_daily,7,daily,intermittency_class,highly_intermittent,0.3474201009460697,0.5220171696598045,1.4987541564068825,0.0141509445509659,5.250000428408384,86.0,91.25000042840838,371,0.6241920724630394,53,0,validation
combined,mean_28,days_1_7_daily,7,daily,intermittency_class,intermittent,0.779901981104337,1.3383830193658992,0.849752357165686,0.0831123603162759,250.74999107420444,2769.0,3019.7499910742044,3017,0.6149231715707998,431,0,validation
combined,mean_28,days_1_7_daily,7,daily,intermittency_class,regular,2.0350519967122147,3.455919679154241,0.5861014157280159,0.1188186685513746,345.9999628216028,10111.0,10456.999962821605,2912,0.6773849793019184,416,0,validation
combined,mean_28,days_1_7_daily,7,daily,overall,all,1.3345918331537692,2.528707621543472,0.6484597060673103,0.095555548305431,601.9999543242157,12966.0,13567.999954324216,6300,0.64434024241906,900,0,validation
combined,mean_28,days_1_7_daily,7,daily,store_id,CA_1,1.5192857146990442,3.050663482297807,0.6231445314195299,-0.0311904779058836,-65.50000360235572,5120.0,5054.499996397644,2100,0.6734539957169717,300,0,validation
combined,mean_28,days_1_7_daily,7,daily,store_id,TX_2,1.2919557807310706,2.2927987278012902,0.6280340600776038,0.0734523711814766,154.24997948110104,4320.0,4474.249979481101,2100,0.6280434847159125,300,0,validation
combined,mean_28,days_1_7_daily,7,daily,store_id,WI_3,1.1925340040311927,2.1493285038177694,0.710244301890387,0.2444047516407001,513.2499784454703,3526.0,4039.2499784454703,2100,0.6315232468242953,300,0,validation
combined,mean_28,days_1_30_aggregate,30,aggregate,demand_band,high,36.60509915143151,65.23933011889731,0.2493283746439583,-4.49158359938599,-1334.0003290176392,43604.0,42269.99967098236,297,1.3627325583621932,297,0,validation
combined,mean_28,days_1_30_aggregate,30,aggregate,demand_band,low,6.970418377757474,10.233505849747326,0.3820993462890309,-0.4898990557249949,-145.5000195503235,5418.0,5272.4999804496765,297,1.0419822386190296,297,0,validation
combined,mean_28,days_1_30_aggregate,30,aggregate,demand_band,medium,10.860644135210247,15.786390614982578,0.3048671778161945,-0.963818924489364,-294.9285908937454,10901.0,10606.071409106256,306,1.0765736392688965,306,0,validation
combined,mean_28,days_1_30_aggregate,30,aggregate,dept_id,FOODS_1,15.63068850570255,24.59964970579577,0.2652599557850212,1.5026455057991877,202.85714328289032,7955.0,8157.85714328289,135,1.2320325508810608,135,0,validation
combined,mean_28,days_1_30_aggregate,30,aggregate,dept_id,FOODS_2,16.679138285300088,42.36942378645236,0.383148846663229,-6.099773279731235,-1537.1428664922714,10970.0,9432.857133507729,252,1.2057637651589777,252,0,validation
combined,mean_28,days_1_30_aggregate,30,aggregate,dept_id,FOODS_3,19.399610166428847,40.40167324845049,0.2427435488408702,-0.8579789790493703,-440.14321625232697,40998.0,40557.85678374767,513,1.1178459359272903,513,0,validation
combined,mean_28,days_1_30_aggregate,30,aggregate,intermittency_class,highly_intermittent,4.076819350134652,5.8147418278355785,0.520654037487076,-0.4514824062023522,-23.92856752872467,415.0,391.0714324712753,53,1.1100490828456624,53,0,validation
combined,mean_28,days_1_30_aggregate,30,aggregate,intermittency_class,intermittent,9.34554186663882,15.092461337866183,0.2958666479007883,-1.5596620190171244,-672.2143301963806,13614.0,12941.78566980362,431,1.089964754406643,431,0,validation
combined,mean_28,days_1_30_aggregate,30,aggregate,intermittency_class,regular,28.89732173429085,55.28505373388657,0.2619358923054211,-2.5920337541745258,-1078.2860417366028,45894.0,44815.7139582634,416,1.2380394658163991,416,0,validation
combined,mean_28,days_1_30_aggregate,30,aggregate,overall,all,18.072539790603848,39.03622343071313,0.2714364402907642,-1.971587710513009,-1774.428939461708,59923.0,58148.57106053829,900,1.159590920355228,900,0,validation
combined,mean_28,days_1_30_aggregate,30,aggregate,store_id,CA_1,18.10190519134204,33.226981012272034,0.242306423228744,-2.499524060487748,-749.8572181463242,22412.0,21662.14278185368,300,1.1510158669049668,300,0,validation
combined,mean_28,days_1_30_aggregate,30,aggregate,store_id,TX_2,17.749762042363486,39.07440286700812,0.2698625893325079,-1.8554767592748007,-556.6430277824402,19732.0,19175.35697221756,300,1.1074365308030416,300,0,validation
combined,mean_28,days_1_30_aggregate,30,aggregate,store_id,WI_3,18.365952138106028,44.05268428364531,0.3099041364211602,-1.5597623117764792,-467.9286935329437,17779.0,17311.071306467056,300,1.220320363357677,300,0,validation
combined,mean_28,days_1_30_daily,30,daily,demand_band,high,2.722623059344212,4.526682981045078,0.5563382134381462,-0.1497194337456849,-1334.0001546740532,43604.0,42269.99984532595,8910,0.7641220233085735,297,0,validation
combined,mean_28,days_1_30_daily,30,daily,demand_band,low,0.6634519798152241,1.0137424946194882,1.0910589036828435,-0.0163299673835837,-145.50000938773155,5418.0,5272.499990612268,8910,0.7165487052943479,297,0,validation
combined,mean_28,days_1_30_daily,30,daily,demand_band,medium,1.0127917818359884,1.4772436251674883,0.8528968495784216,-0.0321272988148309,-294.9286031201482,10901.0,10606.071396879852,9180,0.7274518573892176,306,0,validation
combined,mean_28,days_1_30_daily,30,daily,dept_id,FOODS_1,1.475185187022995,2.565717746674516,0.7510370845308775,0.0500881798381422,202.85712834447625,7955.0,8157.857128344476,4050,0.8087256193073223,135,0,validation
combined,mean_28,days_1_30_daily,30,daily,dept_id,FOODS_2,1.1810846552134506,2.4506688028845884,0.8139471279319678,-0.2033257756983398,-1537.142864279449,10970.0,9432.857135720553,7560,0.7119901668707999,252,0,validation
combined,mean_28,days_1_30_daily,30,daily,dept_id,FOODS_3,1.5960920828660252,3.012845739928462,0.5991476939194138,-0.0285992872805042,-440.14303124696016,40998.0,40557.85696875304,15390,0.7285769865462731,513,0,validation
combined,mean_28,days_1_30_daily,30,daily,intermittency_class,highly_intermittent,0.3799640616484033,0.5971805674463199,1.4557659229420754,-0.0150494148380726,-23.928569592535496,415.0,391.0714304074645,1590,0.7595917096228761,53,0,validation
combined,mean_28,days_1_30_daily,30,daily,intermittency_class,intermittent,0.8537785873877293,1.4881366490350392,0.8108827041959261,-0.0519887334855139,-672.2143239676952,13614.0,12941.785676032305,12930,0.7276239585989821,431,0,validation
combined,mean_28,days_1_30_daily,30,daily,intermittency_class,regular,2.229475734232423,3.8247045695875,0.6062635020530057,-0.0864011116684056,-1078.2858736217022,45894.0,44815.7141263783,12480,0.7415749711297945,416,0,validation
combined,mean_28,days_1_30_daily,30,daily,overall,all,1.4617539687468497,2.8005500074317324,0.6586345335875197,-0.0657195839697012,-1774.428767181933,59923.0,58148.57123281807,27000,0.735954971951298,900,0,validation
combined,mean_28,days_1_30_daily,30,daily,store_id,CA_1,1.5961507975202467,3.031157751899124,0.640967212996708,-0.0833174620328678,-749.8571582958102,22412.0,21662.14284170419,9000,0.7412164497539989,300,0,validation
combined,mean_28,days_1_30_daily,30,daily,store_id,TX_2,1.398198413413432,2.5682669617311147,0.637734934153704,-0.0618492161201106,-556.6429450809956,19732.0,19175.357054919004,9000,0.7097649082720963,300,0,validation
combined,mean_28,days_1_30_daily,30,daily,store_id,WI_3,1.390912695306871,2.7830430339396326,0.7041011450453815,-0.0519920737561252,-467.9286638051272,17779.0,17311.071336194873,9000,0.7568835578277987,300,0,validation
validation_fold_1,mean_28,day_1_daily,1,daily,demand_band,high,2.623376635589985,4.436111721260891,0.4508928592420286,-1.5353535720796296,-152.00000363588333,576.0,423.9999963641167,99,0.6076985440408827,99,0,validation
validation_fold_1,mean_28,day_1_daily,1,daily,demand_band,low,0.5869408355216787,0.8144347440370877,0.8421325031397999,-0.1194083687632975,-11.821428507566452,69.0,57.17857149243355,99,0.5021827511909898,99,0,validation
validation_fold_1,mean_28,day_1_daily,1,daily,demand_band,medium,1.011904763057828,1.706638520054891,0.8063616080617066,-0.1477591013718469,-15.071428339928389,128.0,112.9285716600716,102,0.5025592013006255,102,0,validation
validation_fold_1,mean_28,day_1_daily,1,daily,dept_id,FOODS_1,1.6095238166550796,2.977333128598858,0.5571428596113737,-0.9396825604140758,-42.28571521863341,130.0,87.71428478136659,45,0.6898565087729543,45,0,validation
validation_fold_1,mean_28,day_1_daily,1,daily,dept_id,FOODS_2,0.7942176856810138,1.17683079728075,0.7668308689333927,0.050170064859447,4.21428544819355,87.0,91.21428544819356,84,0.4483487465557449,84,0,validation
validation_fold_1,mean_28,day_1_daily,1,daily,dept_id,FOODS_3,1.6484962463466049,3.240592513361505,0.5070015433907723,-0.8235171386721538,-140.8214307129383,556.0,415.1785692870617,171,0.5405523342406646,171,0,validation
validation_fold_1,mean_28,day_1_daily,1,daily,intermittency_class,highly_intermittent,0.4781746042685376,0.9492134858868134,1.0758928596042097,-0.1845238086664014,-3.321428555995226,8.0,4.678571444004774,18,0.6727566193224281,18,0,validation
validation_fold_1,mean_28,day_1_daily,1,daily,intermittency_class,intermittent,0.7628968163496919,1.5653346911756387,0.752446175029833,-0.0773809518561595,-11.142857067286968,146.0,134.85714293271303,144,0.4536221854001954,144,0,validation
validation_fold_1,mean_28,day_1_daily,1,daily,intermittency_class,regular,2.1925466017446658,3.751256869394512,0.4888068352839481,-1.191511412029681,-164.42857486009598,619.0,454.571425139904,138,0.60658023851585,138,0,validation
validation_fold_1,mean_28,day_1_daily,1,daily,overall,all,1.4034523849065106,2.7754780118712787,0.5446775103130054,-0.5963095349445939,-178.89286048337817,773.0,594.1071395166218,300,0.5371309558687307,300,0,validation
validation_fold_1,mean_28,day_1_daily,1,daily,store_id,CA_1,1.6110714382305742,3.460434198335907,0.5003327447921038,-0.9967857211455704,-99.67857211455704,322.0,222.32142788544297,100,0.5334232730033324,100,0,validation
validation_fold_1,mean_28,day_1_daily,1,daily,store_id,TX_2,1.3214285809546709,2.403075221287723,0.5005411291494966,-0.7292857369035483,-72.92857369035482,264.0,191.0714263096452,100,0.509123897231221,100,0,validation
validation_fold_1,mean_28,day_1_daily,1,daily,store_id,WI_3,1.2778571355342865,2.315266555488402,0.6833460617830409,-0.0628571467846632,-6.28571467846632,187.0,180.71428532153368,100,0.5688456973716383,100,0,validation
validation_fold_1,mean_28,days_1_7_aggregate,7,aggregate,demand_band,high,7.388888864806204,13.082199304588205,0.2560378010555877,1.1212120874963625,110.99999666213988,2857.0,2967.99999666214,99,0.6859955714491445,99,0,validation
validation_fold_1,mean_28,days_1_7_aggregate,7,aggregate,demand_band,low,2.0176767724933047,2.9140681069084846,0.5006265676111207,0.0126262578097256,1.2499995231628418,399.0,400.2499995231629,99,0.6336406622034956,99,0,validation
validation_fold_1,mean_28,days_1_7_aggregate,7,aggregate,demand_band,medium,2.82843137254902,4.151836352511888,0.4255162241887905,1.1029411764705883,112.5,678.0,790.5,102,0.5710653137303132,102,0,validation
validation_fold_1,mean_28,days_1_7_aggregate,7,aggregate,dept_id,FOODS_1,4.322222211625841,6.50598010821474,0.3121990361527493,-0.2000000317891438,-9.000001430511475,623.0,613.9999985694885,45,0.7089563527716897,45,0,validation
validation_fold_1,mean_28,days_1_7_aggregate,7,aggregate,dept_id,FOODS_2,2.9464285998117354,4.515021269813612,0.478723408866897,1.44642858845847,121.50000143051147,517.0,638.5000014305115,84,0.6643369822022002,84,0,validation
validation_fold_1,mean_28,days_1_7_aggregate,7,aggregate,dept_id,FOODS_3,4.548245591726917,9.65033781788828,0.2783643508179322,0.6564327262298405,112.24999618530272,2794.0,2906.2499961853027,171,0.5917269400724705,171,0,validation
validation_fold_1,mean_28,days_1_7_aggregate,7,aggregate,intermittency_class,highly_intermittent,0.8472222222222222,1.1102427162061856,0.4485294117647059,-0.0694444444444444,-1.25,34.0,32.75,18,0.5427580658753816,18,0,validation
validation_fold_1,mean_28,days_1_7_aggregate,7,aggregate,intermittency_class,intermittent,2.4027777545981936,3.678602656023252,0.4089834475911819,0.6805555257532332,97.99999570846558,846.0,943.9999957084656,144,0.6023789617764878,144,0,validation
validation_fold_1,mean_28,days_1_7_aggregate,7,aggregate,intermittency_class,regular,6.221014503119648,11.284006575282463,0.2811067457205342,0.9275362353393996,128.00000047683716,3054.0,3182.000000476837,138,0.6694234308009581,138,0,validation
validation_fold_1,mean_28,days_1_7_aggregate,7,aggregate,overall,all,4.065833326975505,8.070974213416507,0.3100533802980811,0.7491666539510091,224.7499961853028,3934.0,4158.749996185303,300,0.6296421637736778,300,0,validation
validation_fold_1,mean_28,days_1_7_aggregate,7,aggregate,store_id,CA_1,3.2375000143051147,4.890360421284708,0.2135554099145854,0.4025000047683715,40.25000047683716,1516.0,1556.2500004768372,100,0.5170964475253902,100,0,validation
validation_fold_1,mean_28,days_1_7_aggregate,7,aggregate,store_id,TX_2,3.994999966621399,6.680475223427945,0.3019652280137112,0.1449999570846557,14.499995708465576,1323.0,1337.4999957084656,100,0.621124269699694,100,0,validation
validation_fold_1,mean_28,days_1_7_aggregate,7,aggregate,store_id,WI_3,4.965,11.263991299712549,0.4534246575342466,1.7,170.0,1095.0,1265.0,100,0.7507057740959489,100,0,validation
validation_fold_1,mean_28,days_1_7_daily,7,daily,demand_band,high,2.214491847101572,3.5650809298240853,0.5371518551072417,0.1601731234470659,110.99997454881668,2857.0,2967.9999745488167,693,0.6449343012341715,99,0,validation
validation_fold_1,mean_28,days_1_7_daily,7,daily,demand_band,low,0.6607400544020005,0.9923109369733532,1.147601147119264,0.0018037524488237,1.2500004470348358,399.0,400.2500004470349,693,0.666205842209019,99,0,validation
validation_fold_1,mean_28,days_1_7_daily,7,daily,demand_band,medium,0.9183673474061138,1.3623481165916809,0.9671302154099785,0.1575630274796936,112.50000162050128,678.0,790.5000016205013,714,0.5839039012047205,102,0,validation
validation_fold_1,mean_28,days_1_7_daily,7,daily,dept_id,FOODS_1,1.3795918324991825,2.3020005040199494,0.697546432162508,-0.0285714493029647,-9.000006530433893,623.0,613.9999934695661,315,0.7232089888417162,45,0,validation
validation_fold_1,mean_28,days_1_7_daily,7,daily,dept_id,FOODS_2,0.8656462564000061,1.2810170210497187,0.9845261097934306,0.2066326498934606,121.49999813735484,517.0,638.4999981373549,588,0.6090464319326588,84,0,validation
validation_fold_1,mean_28,days_1_7_daily,7,daily,dept_id,FOODS_3,1.42412578762698,2.61435127473458,0.6101211767321028,0.0937760944105529,112.24998500943184,2794.0,2906.249985009432,1197,0.6178758324183437,171,0,validation
validation_fold_1,mean_28,days_1_7_daily,7,daily,intermittency_class,highly_intermittent,0.3721655337879109,0.6043938699587281,1.379201684037552,-0.0099206340632268,-1.2499998919665811,34.0,32.75000010803342,126,0.6800658388558252,18,0,validation
validation_fold_1,mean_28,days_1_7_daily,7,daily,intermittency_class,intermittent,0.7509212013600128,1.2840942713450818,0.8947146228970365,0.0972222227470151,98.00000052899122,846.0,944.0000005289912,1008,0.5893101989868752,144,0,validation
validation_fold_1,mean_28,days_1_7_daily,7,daily,intermittency_class,regular,1.909346341161254,3.0704865106190176,0.6039386265755636,0.1325051511173169,127.99997597932816,3054.0,3181.999975979328,966,0.6685450606539308,138,0,validation
validation_fold_1,mean_28,days_1_7_daily,7,daily,overall,all,1.2610714256142577,2.2694089127722585,0.6731698001499596,0.1070237983887394,224.7499766163528,3934.0,4158.749976616353,2100,0.6312035737458579,300,0,validation
validation_fold_1,mean_28,days_1_7_daily,7,daily,store_id,CA_1,1.3457653040066362,2.4839715770552724,0.62139558892127,0.057499993140144,40.249995198100805,1516.0,1556.2499951981008,700,0.6344787781047653,100,0,validation
validation_fold_1,mean_28,days_1_7_daily,7,daily,store_id,TX_2,1.207244895047375,2.02972174847776,0.6387539127234789,0.0207142630964517,14.499984167516232,1323.0,1337.4999841675162,700,0.5969776212611745,100,0,validation
validation_fold_1,mean_28,days_1_7_daily,7,daily,store_id,WI_3,1.2302040777887615,2.271731777355862,0.7864318305498933,0.2428571389296225,169.99999725073576,1095.0,1264.9999972507358,700,0.6621543218716339,100,0,validation
validation_fold_1,mean_28,days_1_30_aggregate,30,aggregate,demand_band,high,34.748919149841925,60.78803806698841,0.2442416042480902,-13.787881022751934,-1365.0002212524414,14085.0,12719.99977874756,99,1.4428663478621582,99,0,validation
validation_fold_1,mean_28,days_1_30_aggregate,30,aggregate,demand_band,low,6.882395245812156,10.522680543725748,0.3690992033236205,-1.3196248502442331,-130.64286017417908,1846.0,1715.357139825821,99,1.0396354557107816,99,0,validation
validation_fold_1,mean_28,days_1_30_aggregate,30,aggregate,demand_band,medium,9.0098040396092,13.218505673426826,0.2652236686984526,-0.7563022784158295,-77.14283239841461,3465.0,3387.8571676015854,102,0.9112885382402806,102,0,validation
validation_fold_1,mean_28,days_1_30_aggregate,30,aggregate,dept_id,FOODS_1,17.926984980371262,28.093964134709,0.2861703881222798,-4.168255130449931,-187.5714808702469,2819.0,2631.428519129753,45,1.3779188560236468,45,0,validation
validation_fold_1,mean_28,days_1_30_aggregate,30,aggregate,dept_id,FOODS_2,9.937074919541676,14.805792334266254,0.3116931640184842,0.6955782089914594,58.42856955528259,2678.0,2736.4285695552826,84,1.0866286115338823,84,0,validation
validation_fold_1,mean_28,days_1_30_aggregate,30,aggregate,dept_id,FOODS_3,19.877611227202834,44.63475690522469,0.2445551133068339,-8.442356739824975,-1443.6430025100708,13899.0,12455.35699748993,171,1.0844208044697043,171,0,validation
validation_fold_1,mean_28,days_1_30_aggregate,30,aggregate,intermittency_class,highly_intermittent,4.829364928934309,6.833685501007032,0.643915323857908,0.2976190580262078,5.357143044471741,135.0,140.35714304447174,18,1.40872045341478,18,0,validation
validation_fold_1,mean_28,days_1_30_aggregate,30,aggregate,intermittency_class,intermittent,7.9384920199712115,12.027394890496543,0.2614690875745321,-2.265872961945004,-326.28570652008057,4372.0,4045.71429347992,144,0.957521896378859,144,0,validation
validation_fold_1,mean_28,days_1_30_aggregate,30,aggregate,intermittency_class,regular,27.611802301545072,51.98496863086604,0.2559224069859104,-9.071430074995842,-1251.8573503494265,14889.0,13637.142649650574,138,1.2715868711174485,138,0,validation
validation_fold_1,mean_28,days_1_30_aggregate,30,aggregate,overall,all,16.801667124032974,36.26787708226814,0.25987317679985,-5.242619712750117,-1572.785913825035,19396.0,17823.214086174965,300,1.1290636981807654,300,0,validation
validation_fold_1,mean_28,days_1_30_aggregate,30,aggregate,store_id,CA_1,14.023572698831558,25.06631307673291,0.1961064564233192,-4.8135720980167385,-481.3572098016739,7151.0,6669.642790198326,100,0.999066567117611,100,0,validation
validation_fold_1,mean_28,days_1_30_aggregate,30,aggregate,store_id,TX_2,17.207143421173097,34.350055584226766,0.2617056033638493,-8.428572554588317,-842.8572554588318,6575.0,5732.142744541168,100,1.121058633136326,100,0,validation
validation_fold_1,mean_28,days_1_30_aggregate,30,aggregate,store_id,WI_3,19.17428525209427,46.23667758677382,0.338170815733585,-2.4857144856452944,-248.57144856452945,5670.0,5421.428551435471,100,1.26706589428836,100,0,validation
validation_fold_1,mean_28,days_1_30_daily,30,daily,demand_band,high,2.5182299259134413,4.221746873330432,0.5310005594577863,-0.4595959963220538,-1365.0001090765,14085.0,12719.9998909235,2970,0.7642830474414579,99,0,validation
validation_fold_1,mean_28,days_1_30_daily,30,daily,demand_band,low,0.6723184223177056,1.0078477369763574,1.081682402103784,-0.043987493342422,-130.64285522699356,1846.0,1715.3571447730064,2970,0.7324331773779797,99,0,validation
validation_fold_1,mean_28,days_1_30_daily,30,daily,demand_band,medium,0.967973857750398,1.433178845841043,0.8548340561951566,-0.0252100817640038,-77.14285019785166,3465.0,3387.8571498021483,3060,0.6917655714843005,102,0,validation
validation_fold_1,mean_28,days_1_30_daily,30,daily,dept_id,FOODS_1,1.5844444440415613,2.8206652928888696,0.75877970892377,-0.1389418196733351,-187.5714565590024,2819.0,2631.4285434409976,1350,0.8787120566496484,45,0,validation
validation_fold_1,mean_28,days_1_30_daily,30,daily,dept_id,FOODS_2,0.8946712018892405,1.327296677566579,0.841886269141481,0.02318593787532,58.4285634458065,2678.0,2736.4285634458065,2520,0.682884621634105,84,0,validation
validation_fold_1,mean_28,days_1_30_daily,30,daily,dept_id,FOODS_3,1.5681008130108636,3.028662856566613,0.5787723700083265,-0.2814118755142591,-1443.6429213881493,13899.0,12455.35707861185,5130,0.712459905158035,171,0,validation
validation_fold_1,mean_28,days_1_30_daily,30,daily,intermittency_class,highly_intermittent,0.3874338626447651,0.6058147611080825,1.5497354505790604,0.009920635778043,5.357143320143223,135.0,140.35714332014322,540,0.781212970319745,18,0,validation
validation_fold_1,mean_28,days_1_30_daily,30,daily,intermittency_class,intermittent,0.8158895503695088,1.4662004344025867,0.8061854660558734,-0.0755291000043076,-326.28571201860905,4372.0,4045.714287981391,4320,0.702553806218857,144,0,validation
validation_fold_1,mean_28,days_1_30_daily,30,daily,intermittency_class,regular,2.1024327187290512,3.56958805929517,0.5845974515103951,-0.3023809772470723,-1251.857245802879,14889.0,13637.14275419712,4140,0.7500392245453055,138,0,validation
validation_fold_1,mean_28,days_1_30_daily,30,daily,overall,all,1.3819920665514138,2.6296765531410378,0.6412625592370965,-0.1747539793890383,-1572.7858145013452,19396.0,17823.214185498655,9000,0.7291166484950766,300,0,validation
validation_fold_1,mean_28,days_1_30_daily,30,daily,store_id,CA_1,1.4638571478550633,2.8185161453169467,0.6141199054069626,-0.1604523878122369,-481.3571634367108,7151.0,6669.642836563289,3000,0.7213445940177371,100,0,validation
validation_fold_1,mean_28,days_1_30_daily,30,daily,store_id,TX_2,1.3218333372622728,2.375180997237314,0.6031178725151055,-0.2809524035702149,-842.8572107106447,6575.0,5732.142789289355,3000,0.6990077224665359,100,0,validation
validation_fold_1,mean_28,days_1_30_daily,30,daily,store_id,WI_3,1.3602857145369054,2.6758322614412235,0.7197278912893679,-0.0828571467846632,-248.5714403539896,5670.0,5421.42855964601,3000,0.7669976290009568,100,0,validation
validation_fold_2,mean_28,day_1_daily,1,daily,demand_band,high,2.1323953936196336,3.3242745947499257,0.5659708953574899,0.970057702726788,96.035712569952,373.0,469.035712569952,99,0.4956870746353394,99,0,validation
validation_fold_2,mean_28,day_1_daily,1,daily,demand_band,low,0.5923520939593966,0.8399704766551107,1.0859788389255602,0.0764790740654324,7.571428332477808,54.0,61.57142833247781,99,0.5075219152298499,99,0,validation
validation_fold_2,mean_28,day_1_daily,1,daily,demand_band,medium,0.8676470535642961,1.1682769101799726,0.8762376184510713,0.1463585422903883,14.928571313619614,101.0,115.9285713136196,102,0.4761513698337811,102,0,validation
validation_fold_2,mean_28,day_1_daily,1,daily,dept_id,FOODS_1,1.354761901497841,2.2205811723628126,0.7172268890282687,0.1944444368282954,8.749999657273293,85.0,93.74999965727328,45,0.5724335287670645,45,0,validation
validation_fold_2,mean_28,day_1_daily,1,daily,dept_id,FOODS_2,0.7801870716558326,1.065552190818137,0.9781449853595512,0.2767857137978786,23.249999959021807,67.0,90.2499999590218,84,0.4472034284019121,84,0,validation
validation_fold_2,mean_28,day_1_daily,1,daily,dept_id,FOODS_3,1.3552631646046165,2.401057058934801,0.616356386030291,0.5060567988289727,86.53571259975433,376.0,462.53571259975433,171,0.4945060405814087,171,0,validation
validation_fold_2,mean_28,day_1_daily,1,daily,intermittency_class,highly_intermittent,0.3928571453111039,0.567321552225015,1.1785714359333117,-0.0952380926658709,-1.7142856679856775,6.0,4.285714332014322,18,0.5784375305558513,18,0,validation
validation_fold_2,mean_28,day_1_daily,1,daily,intermittency_class,intermittent,0.7062937056684827,1.0626093956862332,0.8416666659216087,0.1808191746264904,25.85714197158813,120.0,145.8571419715881,143,0.4767559778262236,143,0,validation
validation_fold_2,mean_28,day_1_daily,1,daily,intermittency_class,regular,1.7998458432207862,2.858579760830702,0.6223347567355455,0.6790852943341509,94.39285591244698,402.0,496.392855912447,139,0.4985406427377273,139,0,validation
validation_fold_2,mean_28,day_1_daily,1,daily,overall,all,1.194166669112941,2.0841430549716224,0.6785037892687162,0.3951190407201648,118.53571221604945,528.0,646.5357122160494,300,0.492950432398998,300,0,validation
validation_fold_2,mean_28,day_1_daily,1,daily,store_id,CA_1,1.421071441695094,2.5606246664995087,0.6579034452292102,0.2082142775505781,20.82142775505781,216.0,236.8214277550578,100,0.5045197485729378,100,0,validation
validation_fold_2,mean_28,day_1_daily,1,daily,store_id,TX_2,1.1582142863795162,1.9608834300375493,0.6193659285451958,0.3167857130989432,31.678571309894323,187.0,218.67857130989432,100,0.5231614921271263,100,0,validation
validation_fold_2,mean_28,day_1_daily,1,daily,store_id,WI_3,1.0032142792642116,1.6214482143681888,0.8025714234113693,0.660357131510973,66.0357131510973,125.0,191.0357131510973,100,0.45117005649693,100,0,validation
validation_fold_2,mean_28,days_1_7_aggregate,7,aggregate,demand_band,high,8.684343400627675,14.715118790403292,0.2736314438771928,1.4267676045196225,141.24999284744263,3142.0,3283.2499928474426,99,0.713282539004631,99,0,validation
validation_fold_2,mean_28,days_1_7_aggregate,7,aggregate,demand_band,low,1.9545454545454544,2.7599681596758034,0.5389972144846796,0.7272727272727273,72.0,359.0,431.0,99,0.6101500169288834,99,0,validation
validation_fold_2,mean_28,days_1_7_aggregate,7,aggregate,demand_band,medium,3.2499999859753776,4.526745115631773,0.4190897579892396,0.2009803874819886,20.49999952316284,791.0,811.4999995231628,102,0.6879788018298897,102,0,validation
validation_fold_2,mean_28,days_1_7_aggregate,7,aggregate,dept_id,FOODS_1,4.150000042385525,6.380199406416512,0.3076606291719088,1.0944443172878688,49.2499942779541,607.0,656.2499942779541,45,0.6701255500584279,45,0,validation
validation_fold_2,mean_28,days_1_7_aggregate,7,aggregate,dept_id,FOODS_2,3.3422619047619047,4.497767300105973,0.5347619047619048,1.270833310626802,106.74999809265135,525.0,631.7499980926514,84,0.7876702252094794,84,0,validation
validation_fold_2,mean_28,days_1_7_aggregate,7,aggregate,dept_id,FOODS_3,5.364035048679999,11.015688535513334,0.2902689852292024,0.4546783625730994,77.75,3160.0,3237.75,171,0.6132965623031645,171,0,validation
validation_fold_2,mean_28,days_1_7_aggregate,7,aggregate,intermittency_class,highly_intermittent,1.0277777777777777,1.3411230782859234,1.088235294117647,0.7222222222222222,13.0,17.0,30.0,18,0.5514911808096836,18,0,validation
validation_fold_2,mean_28,days_1_7_aggregate,7,aggregate,intermittency_class,intermittent,2.727272697261997,4.340309416155751,0.4266958377554328,0.748251718241018,106.99999570846558,914.0,1020.9999957084656,143,0.6783525196536164,143,0,validation
validation_fold_2,mean_28,days_1_7_aggregate,7,aggregate,intermittency_class,regular,7.023381291533545,12.4527704825406,0.2904641474332528,0.8183452997276252,113.74999666213988,3361.0,3474.74999666214,139,0.6781468292016203,139,0,validation
validation_fold_2,mean_28,days_1_7_aggregate,7,aggregate,overall,all,4.615833317438762,8.996515502761005,0.3226351340241445,0.7791666412353515,233.74999237060547,4292.0,4525.7499923706055,300,0.6706455360802221,300,0,validation
validation_fold_2,mean_28,days_1_7_aggregate,7,aggregate,store_id,CA_1,5.637500014305115,12.047121031805576,0.324367089430674,-0.8025000238418579,-80.25000238418579,1738.0,1657.7499976158142,100,0.6944280277981936,100,0,validation
validation_fold_2,mean_28,days_1_7_aggregate,7,aggregate,store_id,TX_2,3.8775000190734863,6.957954086278323,0.2724877033783195,1.0774999904632567,107.74999904632568,1423.0,1530.7499990463257,100,0.5967817624323135,100,0,validation
validation_fold_2,mean_28,days_1_7_aggregate,7,aggregate,store_id,WI_3,4.332499918937683,7.018947453324311,0.3830680741766298,2.062499957084656,206.2499957084656,1131.0,1337.2499957084656,100,0.7207268180101596,100,0,validation
validation_fold_2,mean_28,days_1_7_daily,7,daily,demand_band,high,2.413162232606442,4.365230077518735,0.5322474306799059,0.2038239364930217,141.24998798966408,3142.0,3283.249987989664,693,0.665542951648583,99,0,validation
validation_fold_2,mean_28,days_1_7_daily,7,daily,demand_band,low,0.6170892596384577,0.90693802938623,1.1912057296084992,0.1038961014824598,71.99999832734466,359.0,430.9999983273447,693,0.5878114092939587,99,0,validation
validation_fold_2,mean_28,days_1_7_daily,7,daily,demand_band,medium,0.9133653423281944,1.2863463251718763,0.8244536718360693,0.0287114834668589,20.499999195337296,791.0,811.4999991953373,714,0.6020283684106096,102,0,validation
validation_fold_2,mean_28,days_1_7_daily,7,daily,dept_id,FOODS_1,1.255215416304649,2.047266027737135,0.6513885603557897,0.1563491987330573,49.24999760091305,607.0,656.249997600913,315,0.6205961226585892,45,0,validation
validation_fold_2,mean_28,days_1_7_daily,7,daily,dept_id,FOODS_2,0.8745748269479392,1.2222937689202449,0.979523806181692,0.1815476185597834,106.74999971315265,525.0,631.7499997131526,588,0.6022020151346092,84,0,validation
validation_fold_2,mean_28,days_1_7_daily,7,daily,dept_id,FOODS_3,1.5392349909496188,3.264708257314924,0.5830583177742702,0.0649540419367421,77.74998819828033,3160.0,3237.7499881982803,1197,0.6255975469020475,171,0,validation
validation_fold_2,mean_28,days_1_7_daily,7,daily,intermittency_class,highly_intermittent,0.2976190495408243,0.4101531721593193,2.205882367184933,0.1031746057468274,13.000000324100256,17.0,30.000000324100256,126,0.5034503814304054,18,0,validation
validation_fold_2,mean_28,days_1_7_daily,7,daily,intermittency_class,intermittent,0.7593121108237084,1.33274375403561,0.831587990081545,0.1068931007004165,106.99999380111694,914.0,1020.999993801117,1001,0.5955923066117127,143,0,validation
validation_fold_2,mean_28,days_1_7_daily,7,daily,intermittency_class,regular,2.0087725748934946,3.67731897694924,0.5815339825561947,0.1169064659682721,113.74999138712884,3361.0,3474.749991387129,973,0.656526392805551,139,0,validation
validation_fold_2,mean_28,days_1_7_daily,7,daily,overall,all,1.310527208832403,2.6687558351088025,0.641217879438035,0.1113095169106409,233.74998551234603,4292.0,4525.749985512346,2100,0.6182965843706459,300,0,validation
validation_fold_2,mean_28,days_1_7_daily,7,daily,store_id,CA_1,1.577091840473669,3.4838787162742,0.6351923408121797,-0.1146428653065647,-80.25000571459532,1738.0,1657.749994285405,700,0.6558713469308759,100,0,validation
validation_fold_2,mean_28,days_1_7_daily,7,daily,store_id,TX_2,1.2515816304673042,2.3410843683524263,0.6156761358588285,0.1539285702418003,107.74999916926026,1423.0,1530.7499991692605,700,0.6133681158371014,100,0,validation
validation_fold_2,mean_28,days_1_7_daily,7,daily,store_id,WI_3,1.102908155556236,1.9361524198340887,0.6826133588765386,0.2946428457966872,206.24999205768108,1131.0,1337.249992057681,700,0.585650290343961,100,0,validation
validation_fold_2,mean_28,days_1_30_aggregate,30,aggregate,demand_band,high,41.87806584136655,77.05066438023398,0.2727405116962889,-11.413420725350427,-1129.9286518096924,15201.0,14071.071348190308,99,1.4041135500105073,99,0,validation
validation_fold_2,mean_28,days_1_30_aggregate,30,aggregate,demand_band,low,6.818181778445388,9.335480959763755,0.3994082816959133,1.5873014481380732,157.14284336566925,1690.0,1847.1428433656693,99,1.0223634237768862,99,0,validation
validation_fold_2,mean_28,days_1_30_aggregate,30,aggregate,demand_band,medium,10.953781090530695,14.140801834566476,0.3038579470313111,-1.952381059235217,-199.1428680419922,3677.0,3477.857131958008,102,1.1169584373181187,102,0,validation
validation_fold_2,mean_28,days_1_30_aggregate,30,aggregate,dept_id,FOODS_1,17.325397226545547,26.61441628283189,0.2898300651280853,2.72222252951728,122.5000138282776,2690.0,2812.5000138282776,45,1.3426826618182108,45,0,validation
validation_fold_2,mean_28,days_1_30_aggregate,30,aggregate,dept_id,FOODS_2,25.521258571318217,65.61295837265108,0.5559610269685504,-13.672619083098002,-1148.5000029802322,3856.0,2707.499997019768,84,1.4396793427504764,84,0,validation
validation_fold_2,mean_28,days_1_30_aggregate,30,aggregate,dept_id,FOODS_3,17.63032509011832,36.13393029431051,0.215003964513638,-0.8533841364564951,-145.92868733406067,14022.0,13876.07131266594,171,1.0105099206932195,171,0,validation
validation_fold_2,mean_28,days_1_30_aggregate,30,aggregate,intermittency_class,highly_intermittent,3.309523867236244,4.688058416634089,0.4445629075391968,-0.3015871246655782,-5.428568243980408,134.0,128.5714317560196,18,0.8606171091857164,18,0,validation
validation_fold_2,mean_28,days_1_30_aggregate,30,aggregate,intermittency_class,intermittent,9.29970006009082,14.492447260448444,0.2970420166613775,-0.70829198410461,-101.28575372695924,4477.0,4375.714246273041,143,1.111266411801974,143,0,validation
validation_fold_2,mean_28,days_1_30_aggregate,30,aggregate,intermittency_class,regular,32.72507659994441,64.94811242435219,0.2850652157292895,-7.663412622410616,-1065.2143545150757,15957.0,14891.785645484924,139,1.293156663009891,139,0,validation
validation_fold_2,mean_28,days_1_30_aggregate,30,aggregate,overall,all,19.79404728531837,45.3419527861291,0.2887113081289144,-3.906428921620051,-1171.928676486015,20568.0,19396.071323513985,300,1.1805032700380005,300,0,validation
validation_fold_2,mean_28,days_1_30_aggregate,30,aggregate,store_id,CA_1,22.01785698652268,41.98661444646624,0.2834430611035359,-6.633571727275848,-663.3571727275848,7768.0,7104.642827272415,100,1.2134299929314496,100,0,validation
validation_fold_2,mean_28,days_1_30_aggregate,30,aggregate,store_id,TX_2,18.76357117295265,44.54375250980105,0.2756916128849934,-2.4564287912845613,-245.6428791284561,6806.0,6560.357120871544,100,1.087821634627279,100,0,validation
validation_fold_2,mean_28,days_1_30_aggregate,30,aggregate,store_id,WI_3,18.6007136964798,49.20016633150812,0.3103222171584884,-2.629286246299744,-262.9286246299744,5994.0,5731.071375370026,100,1.2402581825552716,100,0,validation
validation_fold_2,mean_28,days_1_30_daily,30,daily,demand_band,high,2.882130831098717,4.960518295414888,0.5631161481720406,-0.3804473477782625,-1129.9286229014397,15201.0,14071.07137709856,2970,0.7807838634654307,99,0,validation
validation_fold_2,mean_28,days_1_30_daily,30,daily,demand_band,low,0.6589947082779625,1.0050711443047526,1.158114960701508,0.0529100504964088,157.14284997433424,1690.0,1847.1428499743345,2970,0.6861055231619899,99,0,validation
validation_fold_2,mean_28,days_1_30_daily,30,daily,demand_band,medium,1.016853405954012,1.486266661895578,0.8462255703615111,-0.0650793662063436,-199.1428605914116,3677.0,3477.8571394085884,3060,0.7511782686808455,102,0,validation
validation_fold_2,mean_28,days_1_30_daily,30,daily,dept_id,FOODS_1,1.459206348767987,2.36107696722628,0.73231545384267,0.0907407331245916,122.49998971819878,2690.0,2812.499989718199,1350,0.8054862491864534,45,0,validation
validation_fold_2,mean_28,days_1_30_daily,30,daily,dept_id,FOODS_2,1.4168367329097928,3.3048526651675894,0.925941018395404,-0.4557539687418039,-1148.5000012293458,3856.0,2707.499998770654,2520,0.7553413948059279,84,0,validation
validation_fold_2,mean_28,days_1_30_daily,30,daily,dept_id,FOODS_3,1.5766778043661898,3.0522523628590004,0.5768333430608011,-0.0284461251476354,-145.92862200737,14022.0,13876.07137799263,5130,0.7143080368682604,171,0,validation
validation_fold_2,mean_28,days_1_30_daily,30,daily,intermittency_class,highly_intermittent,0.3633597897710623,0.595642719577247,1.4642857199729378,-0.0100529074806858,-5.428570039570332,134.0,128.57142996042967,540,0.6969361534033749,18,0,validation
validation_fold_2,mean_28,days_1_30_daily,30,daily,intermittency_class,intermittent,0.8485181463834567,1.4920650996245437,0.8130763564853762,-0.0236097298024139,-101.28574085235596,4477.0,4375.714259147644,4290,0.7365593105356745,143,0,validation
validation_fold_2,mean_28,days_1_30_daily,30,daily,intermittency_class,regular,2.348287083862497,4.186866882865789,0.6136715635587273,-0.2554470797665685,-1065.2143226265907,15957.0,14891.78567737341,4170,0.7479812986597026,139,0,validation
validation_fold_2,mean_28,days_1_30_daily,30,daily,overall,all,1.5143015860186684,3.033914359848497,0.6626173801131863,-0.1302142926131685,-1171.928633518517,20568.0,19396.071366481483,9000,0.7394741089385363,300,0,validation
validation_fold_2,mean_28,days_1_30_daily,30,daily,store_id,CA_1,1.672761907706658,3.2818822234204217,0.6460203042121491,-0.2211190557827552,-663.3571673482656,7768.0,7104.642832651734,3000,0.7464771032673467,100,0,validation
validation_fold_2,mean_28,days_1_30_daily,30,daily,store_id,TX_2,1.4509523788591223,2.834820380240779,0.6395617303228575,-0.0818809535677234,-245.6428607031703,6806.0,6560.35713929683,3000,0.7255162311332666,100,0,validation
validation_fold_2,mean_28,days_1_30_daily,30,daily,store_id,WI_3,1.419190471490224,2.967650840657188,0.7103055412863984,-0.087642868489027,-262.92860546708107,5994.0,5731.071394532919,3000,0.7464289924149956,100,0,validation
validation_fold_3,mean_28,day_1_daily,1,daily,demand_band,high,2.607864348575322,4.01006420412051,0.6004152802533882,0.8683261203043389,85.96428591012955,430.0,515.9642859101295,99,0.5547912564283527,99,0,validation
validation_fold_3,mean_28,day_1_daily,1,daily,demand_band,low,0.510101010665448,0.7185120276963182,1.1477272739972582,0.1313131299208511,12.99999986216426,44.0,56.99999986216426,99,0.4130129533017274,99,0,validation
validation_fold_3,mean_28,day_1_daily,1,daily,demand_band,medium,0.8693977601680101,1.1755276488632391,0.9237351201785108,0.2811624534866389,28.67857025563717,96.0,124.67857025563715,102,0.4687906189393828,102,0,validation
validation_fold_3,mean_28,day_1_daily,1,daily,dept_id,FOODS_1,1.356349210606681,2.631544847791565,0.7825091599653928,0.2769841445816888,12.464286506175997,78.0,90.464286506176,45,0.5133344986815567,45,0,validation
validation_fold_3,mean_28,day_1_daily,1,daily,dept_id,FOODS_2,0.8116496601807219,1.20049566732822,0.5980576443436899,0.2257653069460675,18.96428578346968,114.0,132.96428578346968,84,0.372416725183109,84,0,validation
validation_fold_3,mean_28,day_1_daily,1,daily,dept_id,FOODS_3,1.5680868781841637,2.81116675414011,0.7093726353690265,0.562656630048452,96.2142837382853,378.0,474.2142837382853,171,0.5219076171873905,171,0,validation
validation_fold_3,mean_28,day_1_daily,1,daily,intermittency_class,highly_intermittent,0.2563025199753396,0.3325571172990141,4.357142839580774,0.180672268876258,3.071428570896387,1.0,4.071428570896387,17,0.3528918471017053,17,0,validation
validation_fold_3,mean_28,day_1_daily,1,daily,intermittency_class,intermittent,0.7011408722545538,1.0944816654368088,0.8703817724539288,0.2408234094683495,34.678570963442326,116.0,150.67857096344233,144,0.4422440523419597,144,0,validation
validation_fold_3,mean_28,day_1_daily,1,daily,intermittency_class,regular,2.100976357249905,3.4029869953364136,0.6446704495755778,0.6467111977956278,89.89285649359226,453.0,542.8928564935923,139,0.5319924817059266,139,0,validation
validation_fold_3,mean_28,day_1_daily,1,daily,overall,all,1.3245238070065777,2.4386067244001293,0.6971177931613567,0.4254761867597699,127.64285602793096,570.0,697.642856027931,300,0.4787641996503166,300,0,validation
validation_fold_3,mean_28,day_1_daily,1,daily,store_id,CA_1,1.412142875790596,2.740805651935284,0.6332479263634959,0.3992857241630554,39.92857241630554,223.0,262.92857241630554,100,0.4873193346470229,100,0,validation
validation_fold_3,mean_28,day_1_daily,1,daily,store_id,TX_2,1.3492857114598156,2.5406943054285125,0.6814574300302099,0.3142857087776065,31.42857087776065,198.0,229.42857087776065,100,0.456805195729327,100,0,validation
validation_fold_3,mean_28,day_1_daily,1,daily,store_id,WI_3,1.2121428337693214,1.968061252489697,0.813518680382095,0.5628571273386478,56.285712733864784,149.0,205.2857127338648,100,0.4921680685745999,100,0,validation
validation_fold_3,mean_28,days_1_7_aggregate,7,aggregate,demand_band,high,8.249999932568482,11.31842254209592,0.2304599303962414,0.6843434247103605,67.74999904632568,3544.0,3611.7499990463257,99,0.7226649184712647,99,0,validation
validation_fold_3,mean_28,days_1_7_aggregate,7,aggregate,demand_band,low,2.2424242327911683,3.3655638693495944,0.4900662230603216,-0.5454545550876193,-54.00000095367432,453.0,398.9999990463257,99,0.6953089644510786,99,0,validation
validation_fold_3,mean_28,days_1_7_aggregate,7,aggregate,demand_band,medium,3.33578429035112,4.633702686841292,0.4579407774102479,1.2720588001550412,129.7499976158142,743.0,872.7499976158142,102,0.6937358686495905,102,0,validation
validation_fold_3,mean_28,days_1_7_aggregate,7,aggregate,dept_id,FOODS_1,5.094444380866157,8.034214781051404,0.3106368524918388,-2.32777771419949,-104.74999713897704,738.0,633.250002861023,45,0.792229402103564,45,0,validation
validation_fold_3,mean_28,days_1_7_aggregate,7,aggregate,dept_id,FOODS_2,3.8363095294861567,5.924562973395855,0.3958845214703159,1.3898809580575853,116.75000047683716,814.0,930.7500004768372,84,0.6853356646185479,84,0,validation
validation_fold_3,mean_28,days_1_7_aggregate,7,aggregate,dept_id,FOODS_3,4.839181241933366,7.700867586031938,0.2595671243320594,0.7690058033368741,131.49999237060547,3188.0,3319.499992370605,171,0.6896020706956247,171,0,validation
validation_fold_3,mean_28,days_1_7_aggregate,7,aggregate,intermittency_class,highly_intermittent,1.1470588235294117,1.395897350009916,0.5571428571428572,-0.3823529411764705,-6.5,35.0,28.5,17,0.6969970927022768,17,0,validation
validation_fold_3,mean_28,days_1_7_aggregate,7,aggregate,intermittency_class,intermittent,2.7378472056653766,4.069971746994727,0.3907333970424323,0.3177083167764876,45.74999761581421,1009.0,1054.7499976158142,144,0.7014812232620096,144,0,validation
validation_fold_3,mean_28,days_1_7_aggregate,7,aggregate,intermittency_class,regular,6.9442445494288165,9.882606684401186,0.2611607122214842,0.7499999862780674,104.24999809265135,3696.0,3800.2499980926514,139,0.7070375991791521,139,0,validation
validation_fold_3,mean_28,days_1_7_aggregate,7,aggregate,overall,all,4.5966666332880655,7.301597918993178,0.2909282679296244,0.4783333190282186,143.49999570846558,4740.0,4883.499995708466,300,0.7038015767052341,300,0,validation
validation_fold_3,mean_28,days_1_7_aggregate,7,aggregate,store_id,CA_1,5.2849999523162845,7.399577607845506,0.2832261496418158,-0.2550000476837158,-25.500004768371586,1866.0,1840.4999952316284,100,0.764374916427166,100,0,validation
validation_fold_3,mean_28,days_1_7_aggregate,7,aggregate,store_id,TX_2,4.245000019073486,6.997588886474646,0.2696950456844654,0.32,32.0,1574.0,1606.0,100,0.679598760844644,100,0,validation
validation_fold_3,mean_28,days_1_7_aggregate,7,aggregate,store_id,WI_3,4.259999928474426,7.497999567437598,0.3276923021903404,1.3700000047683716,137.00000047683716,1300.0,1437.0000004768372,100,0.6674310528438923,100,0,validation
validation_fold_3,mean_28,days_1_7_daily,7,daily,demand_band,high,2.657544824468109,4.1903424247009085,0.5196609941750563,0.0977633497415682,67.75000137090683,3544.0,3611.750001370907,693,0.7160716373395418,99,0,validation
validation_fold_3,mean_28,days_1_7_daily,7,daily,demand_band,low,0.6563595130254782,1.0434168949314528,1.004099652376725,-0.0779220793143581,-54.00000096485019,453.0,398.9999990351498,693,0.6734714546650381,99,0,validation
validation_fold_3,mean_28,days_1_7_daily,7,daily,demand_band,medium,0.9958483342404792,1.492013045508906,0.9569794221368804,0.1817226775762747,129.74999178946018,743.0,872.7499917894602,714,0.6616804375857773,102,0,validation
validation_fold_3,mean_28,days_1_7_daily,7,daily,dept_id,FOODS_1,1.786281178489564,3.419477842196521,0.7624370883796919,-0.3325396649421207,-104.74999445676804,738.0,633.250005543232,315,0.889062646879898,45,0,validation
validation_fold_3,mean_28,days_1_7_daily,7,daily,dept_id,FOODS_2,1.0814504337680786,1.7534110443278543,0.7811951536309953,0.198554422592326,116.75000048428774,814.0,930.7500004842876,588,0.5851341392610766,84,0,validation
validation_fold_3,mean_28,days_1_7_daily,7,daily,dept_id,FOODS_3,1.511278187344123,2.7452804147392085,0.5674403984475895,0.1098579667234729,131.49998616799712,3188.0,3319.499986167997,1197,0.6777607247641921,171,0,validation
validation_fold_3,mean_28,days_1_7_daily,7,daily,intermittency_class,highly_intermittent,0.3739495794249682,0.5335390003425976,1.2714285700448922,-0.0546218487708007,-6.50000000372529,35.0,28.49999999627471,119,0.6928757573758197,17,0,validation
validation_fold_3,mean_28,days_1_7_daily,7,daily,intermittency_class,intermittent,0.8293296459190075,1.3959221691966022,0.828507713663389,0.0453869015318415,45.74999674409628,1009.0,1054.7499967440965,1008,0.6597327669960402,144,0,validation
validation_fold_3,mean_28,days_1_7_daily,7,daily,intermittency_class,regular,2.186132716847716,3.58629100063433,0.5755159993216524,0.1071428524718867,104.24999545514584,3696.0,3800.249995455146,973,0.7070198879092371,139,0,validation
validation_fold_3,mean_28,days_1_7_daily,7,daily,overall,all,1.4321768650146467,2.628804326106963,0.6345087376647169,0.0683333296169127,143.49999219551682,4740.0,4883.499992195517,2100,0.6835205691406757,300,0,validation
validation_fold_3,mean_28,days_1_7_daily,7,daily,store_id,CA_1,1.6349999996168272,3.100341487860544,0.6133440513032042,-0.0364285615512302,-25.49999308586121,1866.0,1840.5000069141388,700,0.7300118621152742,100,0,validation
validation_fold_3,mean_28,days_1_7_daily,7,daily,store_id,TX_2,1.4170408166785324,2.484015221900612,0.6301960429955354,0.0457142802061779,31.99999614432454,1574.0,1605.9999961443243,700,0.6737847170494616,100,0,validation
validation_fold_3,mean_28,days_1_7_daily,7,daily,store_id,WI_3,1.2444897787485805,2.22472191315966,0.6701098808646202,0.1957142701957907,136.9999891370535,1300.0,1436.9999891370535,700,0.6467651282572914,100,0,validation
validation_fold_3,mean_28,days_1_30_aggregate,30,aggregate,demand_band,high,33.18831246308606,56.00464382190375,0.2294763887306551,11.72655094994439,1160.9285440444946,14318.0,15478.928544044496,99,1.2412177772139144,99,0,validation
validation_fold_3,mean_28,days_1_30_aggregate,30,aggregate,demand_band,low,7.210678109014877,10.78405838981884,0.379307721993875,-1.7373737650688248,-172.00000274181366,1882.0,1709.9999972581863,99,1.0639478363694217,99,0,validation
validation_fold_3,mean_28,days_1_30_aggregate,30,aggregate,demand_band,medium,12.618347275490857,19.311634244245983,0.3423972923916114,-0.1827734358170453,-18.642890453338623,3759.0,3740.357109546661,102,1.2014739422482896,102,0,validation
validation_fold_3,mean_28,days_1_30_aggregate,30,aggregate,dept_id,FOODS_1,11.639683310190836,17.827796332283764,0.2141397174810252,5.953969118330214,267.9286103248596,2446.0,2713.92861032486,45,0.9754961348013248,45,0,validation
validation_fold_3,mean_28,days_1_30_aggregate,30,aggregate,dept_id,FOODS_2,14.57908136504037,29.34676171115516,0.2760691692207825,-5.322278965087164,-447.0714330673218,4436.0,3988.928566932678,84,1.090983341192574,84,0,validation
validation_fold_3,mean_28,days_1_30_aggregate,30,aggregate,dept_id,FOODS_3,20.690894181965387,39.98703741615634,0.2705622776719493,6.72180393913336,1149.4284735918045,13077.0,14226.428473591805,171,1.2586070826189473,171,0,validation
validation_fold_3,mean_28,days_1_30_aggregate,30,aggregate,intermittency_class,highly_intermittent,4.092436895650976,5.717908438005879,0.4765166248360725,-1.4033613134832943,-23.857142329216003,146.0,122.142857670784,17,1.057913250824186,17,0,validation
validation_fold_3,mean_28,days_1_30_aggregate,30,aggregate,intermittency_class,intermittent,10.798115173975626,18.12552451410512,0.3263228929805856,-1.698908819092645,-244.6428699493408,4765.0,4520.357130050659,144,1.2012538832154525,144,0,validation
validation_fold_3,mean_28,days_1_30_aggregate,30,aggregate,intermittency_class,regular,26.34583796014031,47.39272585522796,0.2433593485153843,8.912127072862583,1238.7856631278992,15048.0,16286.7856631279,139,1.1496162115614352,139,0,validation
validation_fold_3,mean_28,days_1_30_aggregate,30,aggregate,overall,all,17.6219049624602,34.64431596501219,0.2648715611372343,3.234285502831141,970.2856508493423,19959.0,20929.285650849342,300,1.1692057928469195,300,0,validation
validation_fold_3,mean_28,days_1_30_aggregate,30,aggregate,store_id,CA_1,18.264285888671875,30.34634998863389,0.2437513130744945,3.9485716438293457,394.85716438293457,7493.0,7887.857164382935,100,1.240551040665839,100,0,validation
validation_fold_3,mean_28,days_1_30_aggregate,30,aggregate,store_id,TX_2,17.278571532964705,37.63448779970149,0.2720606445121195,5.3185710680484775,531.8571068048477,6351.0,6882.857106804848,100,1.1134293246455196,100,0,validation
validation_fold_3,mean_28,days_1_30_aggregate,30,aggregate,store_id,WI_3,17.32285746574402,35.54476412176982,0.2832846682869013,0.4357137966156006,43.57137966156006,6115.0,6158.57137966156,100,1.1536370132293992,100,0,validation
validation_fold_3,mean_28,days_1_30_daily,30,daily,demand_band,high,2.767508421020476,4.36379284694271,0.574067607936221,0.3908850428632614,1160.9285773038864,14318.0,15478.928577303886,2970,0.7472991590188319,99,0,validation
validation_fold_3,mean_28,days_1_30_daily,30,daily,demand_band,low,0.6590428088500042,1.0281519684120626,1.0400409895241831,-0.0579124593047381,-172.00000413507223,1882.0,1709.9999958649278,2970,0.7311074153430734,99,0,validation
validation_fold_3,mean_28,days_1_30_daily,30,daily,demand_band,medium,1.0535480818035556,1.5112101077829854,0.8576369061768768,-0.0060924484741454,-18.642892330884933,3759.0,3740.357107669115,3060,0.7394117320025068,102,0,validation
validation_fold_3,mean_28,days_1_30_daily,30,daily,dept_id,FOODS_1,1.381904768259437,2.493568833444822,0.7627029587695175,0.1984656260631702,267.92859518527985,2446.0,2713.92859518528,1350,0.7419785520858647,45,0,validation
validation_fold_3,mean_28,days_1_30_daily,30,daily,dept_id,FOODS_2,1.2317460308413184,2.3094512628654336,0.6997294855094955,-0.1774092962285356,-447.0714264959097,4436.0,3988.9285735040894,2520,0.6977444841723669,84,0,validation
validation_fold_3,mean_28,days_1_30_daily,30,daily,dept_id,FOODS_3,1.643497631221022,2.9568015104992504,0.6447306605615847,0.2240601388203819,1149.428512148559,13077.0,14226.42851214856,5130,0.758963017612524,171,0,validation
validation_fold_3,mean_28,days_1_30_daily,30,daily,intermittency_class,highly_intermittent,0.3896358543459107,0.5895498513207372,1.3610567514822909,-0.0467787115158987,-23.857142873108387,146.0,122.1428571268916,510,0.8030397872350756,17,0,validation
validation_fold_3,mean_28,days_1_30_daily,30,daily,intermittency_class,intermittent,0.8968915345699147,1.5058988630881347,0.8131314647097653,-0.0566302942353542,-244.64287109673023,4765.0,4520.35712890327,4320,0.7438208100975305,144,0,validation
validation_fold_3,mean_28,days_1_30_daily,30,daily,intermittency_class,regular,2.236793421576921,3.6877785533890206,0.6198450669840351,0.2970709100258436,1238.785694807768,15048.0,16286.785694807768,4170,0.7267652840938391,139,0,validation
validation_fold_3,mean_28,days_1_30_daily,30,daily,overall,all,1.4889682536704674,2.7220223943500144,0.6714121089751093,0.1078095200931032,970.2856808379292,19959.0,20929.28568083793,9000,0.7392741584202811,300,0,validation
validation_fold_3,mean_28,days_1_30_daily,30,daily,store_id,CA_1,1.651833336999019,2.974721459377193,0.6613505953552725,0.1316190574963887,394.8571724891663,7493.0,7887.857172489166,3000,0.755827651976913,100,0,validation
validation_fold_3,mean_28,days_1_30_daily,30,daily,store_id,TX_2,1.4218095241189004,2.471900928899255,0.6716152688327351,0.1772857087776065,531.8571263328195,6351.0,6882.85712633282,3000,0.7047707712164865,100,0,validation
validation_fold_3,mean_28,days_1_30_daily,30,daily,store_id,WI_3,1.3932618998934825,2.6961001062380414,0.6835299590646684,0.0145237940053145,43.57138201594353,6115.0,6158.571382015944,3000,0.7572240520674438,100,0,validation
combined,ridge_global_v1,day_1_daily,1,daily,demand_band,high,2.2022803660595054,3.478485840424304,0.4743127401883054,-0.2063453032914235,-61.2845550775528,1379.0,1317.7154449224472,297,0.5017830494660228,297,0,validation
combined,ridge_global_v1,day_1_daily,1,daily,demand_band,low,0.5222988815018625,0.824327638405349,0.9288788491380428,-0.0875869491686323,-26.0133239030838,167.0,140.9866760969162,297,0.4392268476621357,297,0,validation
combined,ridge_global_v1,day_1_daily,1,daily,demand_band,medium,0.9324393311357186,1.4113810672687856,0.8779274933154766,-0.0716554121254316,-21.92655611038208,325.0,303.0734438896179,306,0.4952011561919011,306,0,validation
combined,ridge_global_v1,day_1_daily,1,daily,dept_id,FOODS_1,1.3930394932075782,2.445799201435896,0.6418441350956419,-0.2844744311438666,-38.404048204422,293.0,254.595951795578,135,0.5654322089852453,135,0,validation
combined,ridge_global_v1,day_1_daily,1,daily,dept_id,FOODS_2,0.8453258190836225,1.2587411219121678,0.7948586060040033,-0.0406261228379749,-10.237782955169678,268.0,257.7622170448303,252,0.4200839089167397,252,0,validation
combined,ridge_global_v1,day_1_daily,1,daily,dept_id,FOODS_3,1.35174275606464,2.4968555345871484,0.5293465907337102,-0.1180947445057056,-60.582603931427,1310.0,1249.417396068573,513,0.4850233917773066,513,0,validation
combined,ridge_global_v1,day_1_daily,1,daily,intermittency_class,highly_intermittent,0.3402852022422934,0.6354111650115151,1.20234104792277,-0.0893058956794019,-4.733212471008301,15.0,10.2667875289917,53,0.4856135183697178,53,0,validation
combined,ridge_global_v1,day_1_daily,1,daily,intermittency_class,intermittent,0.6936825403204651,1.225503702492167,0.7826627614610482,-0.05830565876308,-25.129738926887512,382.0,356.8702610731125,431,0.4463539514051243,431,0,validation
combined,ridge_global_v1,day_1_daily,1,daily,intermittency_class,regular,1.8690244741737845,2.9969242067386728,0.5274858760219092,-0.1907727973392376,-79.36148369312286,1474.0,1394.6385163068771,416,0.5117678454629357,416,0,validation
combined,ridge_global_v1,day_1_daily,1,daily,overall,all,1.216140524281396,2.21234584750232,0.5849954419311899,-0.1213604834344651,-109.22443509101868,1871.0,1761.775564908981,900,0.4789016591575387,900,0,validation
combined,ridge_global_v1,day_1_daily,1,daily,store_id,CA_1,1.4271987954775491,2.620864823405148,0.5626276460489682,-0.2818509848912557,-84.55529546737671,761.0,676.4447045326233,300,0.4919046721929889,300,0,validation
combined,ridge_global_v1,day_1_daily,1,daily,store_id,TX_2,1.1831477459271749,2.1651779854405886,0.5469095897968451,-0.1380222805341084,-41.406684160232544,649.0,607.5933158397675,300,0.4879005175530225,300,0,validation
combined,ridge_global_v1,day_1_daily,1,daily,store_id,WI_3,1.0380750314394631,1.768189558753024,0.675536896815269,0.0557918151219685,16.737544536590576,461.0,477.7375445365906,300,0.4568997877266045,300,0,validation
combined,ridge_global_v1,days_1_7_aggregate,7,aggregate,demand_band,high,8.103213292982442,13.156057563097129,0.2521905425983218,-0.9871367553267816,-293.17961633205414,9543.0,9249.820383667946,297,0.671868862885162,297,0,validation
combined,ridge_global_v1,days_1_7_aggregate,7,aggregate,demand_band,low,2.170879025651951,3.123945519445104,0.5324121144662506,-1.2959445939722285,-384.8955444097519,1211.0,826.1044555902481,297,0.6860343424068945,297,0,validation
combined,ridge_global_v1,days_1_7_aggregate,7,aggregate,demand_band,medium,3.1892903279634863,4.712841485039201,0.4411947741215311,-0.944078492962457,-288.88801884651184,2212.0,1923.111981153488,306,0.6530721906628473,306,0,validation
combined,ridge_global_v1,days_1_7_aggregate,7,aggregate,dept_id,FOODS_1,5.383182232468217,9.22141013904426,0.3692731714345575,-1.8079674491175897,-244.07560563087463,1968.0,1723.9243943691254,135,0.8337919916529996,135,0,validation
combined,ridge_global_v1,days_1_7_aggregate,7,aggregate,dept_id,FOODS_2,3.2501772448184,4.872790024279488,0.4412956172921534,-0.5627323280251215,-141.80854666233063,1856.0,1714.1914533376694,252,0.6104558517288317,252,0,validation
combined,ridge_global_v1,days_1_7_aggregate,7,aggregate,dept_id,FOODS_3,4.837337216206229,9.222939177098423,0.2714454158733095,-1.1327076555460285,-581.0790272951126,9142.0,8560.920972704887,513,0.6564143251574103,513,0,validation
combined,ridge_global_v1,days_1_7_aggregate,7,aggregate,intermittency_class,highly_intermittent,1.039697917002552,1.5111041871852957,0.6407440651294797,-0.6057954689241806,-32.10715985298157,86.0,53.89284014701843,53,0.5894635068254732,53,0,validation
combined,ridge_global_v1,days_1_7_aggregate,7,aggregate,intermittency_class,intermittent,2.666347229287132,4.24603363602018,0.4150219053169931,-1.1631958960380466,-501.33743119239807,2769.0,2267.662568807602,431,0.6756249772224634,431,0,validation
combined,ridge_global_v1,days_1_7_aggregate,7,aggregate,intermittency_class,regular,6.78612647492152,11.309547033431269,0.2792037002835874,-1.0421119916897554,-433.51858854293823,10111.0,9677.481411457062,416,0.6747630078604332,416,0,validation
combined,ridge_global_v1,days_1_7_aggregate,7,aggregate,overall,all,4.474809176656935,8.239489662801434,0.3106068378058955,-1.0744035328759087,-966.963179588318,12966.0,11999.036820411682,900,0.6701526025717467,900,0,validation
combined,ridge_global_v1,days_1_7_aggregate,7,aggregate,store_id,CA_1,4.975532250404358,9.81438379047279,0.2915350927971303,-1.7484882473945618,-524.5464742183685,5120.0,4595.453525781632,300,0.683103738382639,300,0,validation
combined,ridge_global_v1,days_1_7_aggregate,7,aggregate,store_id,TX_2,4.048982012271881,6.454059237495906,0.2811793064077695,-0.8171923247973124,-245.15769743919373,4320.0,4074.8423025608063,300,0.6393209555581488,300,0,validation
combined,ridge_global_v1,days_1_7_aggregate,7,aggregate,store_id,WI_3,4.399913267294566,8.104971306700207,0.3743545037403204,-0.657530026435852,-197.2590079307556,3526.0,3328.7409920692444,300,0.6880331137744523,300,0,validation
combined,ridge_global_v1,days_1_7_daily,7,daily,demand_band,high,2.293505799432051,3.948696789326628,0.4996540455851654,-0.1410195364752545,-293.17961633205414,9543.0,9249.820383667946,2079,0.6485574224171929,297,0,validation
combined,ridge_global_v1,days_1_7_daily,7,daily,demand_band,low,0.5758731957523223,1.003287410395223,0.9886377984880907,-0.1851349419960326,-384.8955444097519,1211.0,826.1044555902481,2079,0.6628683898480806,297,0,validation
combined,ridge_global_v1,days_1_7_daily,7,daily,demand_band,medium,0.8802237465045477,1.3894371234448664,0.8523685646531379,-0.1348683561374938,-288.88801884651184,2212.0,1923.111981153488,2142,0.6113588489928142,306,0,validation
combined,ridge_global_v1,days_1_7_daily,7,daily,dept_id,FOODS_1,1.4280755270095098,2.6873907815972364,0.6857374862926763,-0.2582810641596557,-244.07560563087463,1968.0,1723.9243943691254,945,0.7626600996367263,135,0,validation
combined,ridge_global_v1,days_1_7_daily,7,daily,dept_id,FOODS_2,0.8918429621898668,1.4490247203483,0.8476352291502829,-0.0803903325750173,-141.80854666233063,1856.0,1714.1914533376694,1764,0.5784986928940894,252,0,validation
combined,ridge_global_v1,days_1_7_daily,7,daily,dept_id,FOODS_3,1.3723575153645615,2.7981086039847733,0.5390653946263554,-0.1618153793637183,-581.0790272951126,9142.0,8560.920972704887,3591,0.6390418907881461,513,0,validation
combined,ridge_global_v1,days_1_7_daily,7,daily,intermittency_class,highly_intermittent,0.2788583589692642,0.5395076977552997,1.202981990437175,-0.0865422098463115,-32.10715985298157,86.0,53.89284014701843,371,0.6510881164258475,53,0,validation
combined,ridge_global_v1,days_1_7_daily,7,daily,intermittency_class,intermittent,0.6991302805070179,1.2969037538453874,0.7617464992017597,-0.1661708422911495,-501.33743119239807,2769.0,2267.662568807602,3017,0.6218853464516684,431,0,validation
combined,ridge_global_v1,days_1_7_daily,7,daily,intermittency_class,regular,1.9361764040294585,3.389829943082686,0.5576249321069907,-0.148873141669965,-433.51858854293823,10111.0,9677.481411457062,2912,0.6587236046715107,416,0,validation
combined,ridge_global_v1,days_1_7_daily,7,daily,overall,all,1.2461711422223891,2.476687994929512,0.6054973157489629,-0.1534862189822727,-966.963179588318,12966.0,11999.036820411682,6300,0.6406325267050971,900,0,validation
combined,ridge_global_v1,days_1_7_daily,7,daily,store_id,CA_1,1.4302753071557908,3.019521176832804,0.5866363564506173,-0.2497840353420802,-524.5464742183685,5120.0,4595.453525781632,2100,0.6691241624705556,300,0,validation
combined,ridge_global_v1,days_1_7_daily,7,daily,store_id,TX_2,1.2157427779833476,2.231845225949012,0.590986072630794,-0.1167417606853303,-245.15769743919373,4320.0,4074.8423025608063,2100,0.6295652729401239,300,0,validation
combined,ridge_global_v1,days_1_7_daily,7,daily,store_id,WI_3,1.0924953415280296,2.0744418581273214,0.6506637031221958,-0.0939328609194074,-197.2590079307556,3526.0,3328.7409920692444,2100,0.6232081447046119,300,0,validation
combined,ridge_global_v1,days_1_30_aggregate,30,aggregate,demand_band,high,36.31502769812189,61.5170137395419,0.2473526104564306,2.0387062324016583,605.4957510232925,43604.0,44209.49575102329,297,1.3355490031960482,297,0,validation
combined,ridge_global_v1,days_1_30_aggregate,30,aggregate,demand_band,low,7.535984948026612,10.130448421006523,0.4131021649250468,0.968436938745004,287.62577080726624,5418.0,5705.625770807266,297,1.1624642573325898,297,0,validation
combined,ridge_global_v1,days_1_30_aggregate,30,aggregate,demand_band,medium,11.278895103853513,15.553690426997356,0.3166078251333983,-0.8125579707762774,-248.6427390575409,10901.0,10652.35726094246,306,1.1234970389708243,306,0,validation
combined,ridge_global_v1,days_1_30_aggregate,30,aggregate,dept_id,FOODS_1,15.40857745718073,22.78172115792258,0.2614906293801883,4.108589259783427,554.6595500707626,7955.0,8509.659550070763,135,1.2418734892678356,135,0,validation
combined,ridge_global_v1,days_1_30_aggregate,30,aggregate,dept_id,FOODS_2,16.913108459067722,35.12740266829451,0.3885235489229778,-3.239161384011072,-816.2686687707901,10970.0,10153.73133122921,252,1.2842620658834354,252,0,validation
combined,ridge_global_v1,days_1_30_aggregate,30,aggregate,dept_id,FOODS_3,19.75210793232128,40.6439174706985,0.2471542848256211,1.7662532192457023,906.0879014730452,40998.0,41904.087901473045,513,1.1586999427841995,513,0,validation
combined,ridge_global_v1,days_1_30_aggregate,30,aggregate,intermittency_class,highly_intermittent,5.567294365954849,6.995213681717527,0.7110038587845952,2.819470218892368,149.43192160129547,415.0,564.4319216012955,53,1.52051102971703,53,0,validation
combined,ridge_global_v1,days_1_30_aggregate,30,aggregate,intermittency_class,intermittent,10.054260604619426,17.24927395973806,0.3183036815477429,-1.6981630563182786,-731.9082772731781,13614.0,12882.091722726822,431,1.1643737798423717,431,0,validation
combined,ridge_global_v1,days_1_30_aggregate,30,aggregate,intermittency_class,regular,28.477499364660336,51.36652747716892,0.2581304688128883,2.9494113904925494,1226.9551384449005,45894.0,47120.9551384449,416,1.2097784822476276,416,0,validation
combined,ridge_global_v1,days_1_30_aggregate,30,aggregate,overall,all,18.3056585085392,36.94525186728821,0.2749377143615186,0.7160875364144643,644.4787827730179,59923.0,60567.47878277302,900,1.206333369224531,900,0,validation
combined,ridge_global_v1,days_1_30_aggregate,30,aggregate,store_id,CA_1,19.07243911743164,36.0781053150527,0.2552976858481837,1.681633520921071,504.4900562763214,22412.0,22916.49005627632,300,1.1932028045766072,300,0,validation
combined,ridge_global_v1,days_1_30_aggregate,30,aggregate,store_id,TX_2,17.448505957126617,35.74761516032571,0.2652823731572058,1.7729476022720336,531.8842806816101,19732.0,20263.88428068161,300,1.1690892431405489,300,0,validation
combined,ridge_global_v1,days_1_30_aggregate,30,aggregate,store_id,WI_3,18.396030451059342,38.927281356875,0.3104116730591035,-1.3063185139497122,-391.8955541849136,17779.0,17387.104445815086,300,1.256708059956437,300,0,validation
combined,ridge_global_v1,days_1_30_daily,30,daily,demand_band,high,2.7196203315431955,4.3740542857933535,0.5557246388874845,0.0679568744133886,605.4957510232925,43604.0,44209.49575102329,8910,0.755337468694594,297,0,validation
combined,ridge_global_v1,days_1_30_daily,30,daily,demand_band,low,0.6945566443615623,1.039886554753679,1.1422110928869549,0.0322812312915001,287.62577080726624,5418.0,5705.625770807266,8910,0.7879050910815025,297,0,validation
combined,ridge_global_v1,days_1_30_daily,30,daily,demand_band,medium,1.0234620463874085,1.4735114877348876,0.8618825415866811,-0.0270852656925425,-248.6427390575409,10901.0,10652.35726094246,9180,0.7434500523504622,306,0,validation
combined,ridge_global_v1,days_1_30_daily,30,daily,dept_id,FOODS_1,1.4995644277702145,2.508590372480136,0.7634488915737735,0.1369529753261142,554.6595500707626,7955.0,8509.659550070763,4050,0.8446095523060767,135,0,validation
combined,ridge_global_v1,days_1_30_daily,30,daily,dept_id,FOODS_2,1.2157506274956245,2.2722558843034024,0.8378372601519526,-0.1079720461337024,-816.2686687707901,10970.0,10153.73133122921,7560,0.7463303455350484,252,0,validation
combined,ridge_global_v1,days_1_30_daily,30,daily,dept_id,FOODS_3,1.5952818560631263,2.9673992549274906,0.5988435476074813,0.05887510730819,906.0879014730452,40998.0,41904.087901473045,15390,0.7480335665430597,513,0,validation
combined,ridge_global_v1,days_1_30_daily,30,daily,intermittency_class,highly_intermittent,0.4392917375894462,0.6596776144636002,1.6830695488366736,0.0939823406297455,149.43192160129547,415.0,564.4319216012955,1590,0.9101236505186578,53,0,validation
combined,ridge_global_v1,days_1_30_daily,30,daily,intermittency_class,intermittent,0.8670223899894414,1.481517206838451,0.8234611064024884,-0.0566054352106092,-731.9082772731781,13614.0,12882.091722726822,12930,0.7678523564040214,431,0,validation
combined,ridge_global_v1,days_1_30_daily,30,daily,intermittency_class,regular,2.2361077785109864,3.701223923854149,0.6080669602958363,0.0983137130164183,1226.9551384449005,45894.0,47120.9551384449,12480,0.737158262464231,416,0,validation
combined,ridge_global_v1,days_1_30_daily,30,daily,overall,all,1.474655497820289,2.721901211713536,0.6644476818775396,0.0238695845471488,644.4787827730179,59923.0,60567.47878277302,27000,0.762043062525269,900,0,validation
combined,ridge_global_v1,days_1_30_daily,30,daily,store_id,CA_1,1.6241335124704572,2.987913348541998,0.6522042482703068,0.056054450697369,504.4900562763214,22412.0,22916.49005627632,9000,0.7588405849894206,300,0,validation
combined,ridge_global_v1,days_1_30_daily,30,daily,store_id,TX_2,1.4213846163484785,2.491039476964201,0.6483104372155031,0.0590982534090677,531.8842806816101,19732.0,20263.88428068161,9000,0.7494985767172608,300,0,validation
combined,ridge_global_v1,days_1_30_daily,30,daily,store_id,WI_3,1.3784483646419312,2.663331516126617,0.6977915114335667,-0.0435439504649904,-391.8955541849136,17779.0,17387.104445815086,9000,0.7777900258691257,300,0,validation
validation_fold_1,ridge_global_v1,day_1_daily,1,daily,demand_band,high,2.292956732740306,3.7281998682229225,0.39410193843974,-0.8765643702612983,-86.77987265586853,576.0,489.2201273441314,99,0.551249104955023,99,0,validation
validation_fold_1,ridge_global_v1,day_1_daily,1,daily,demand_band,low,0.6699848403834333,0.8441930467905494,0.9612825970718826,0.1004677842361758,9.946310639381409,69.0,78.94631063938141,99,0.5810806804715956,99,0,validation
validation_fold_1,ridge_global_v1,day_1_daily,1,daily,demand_band,medium,1.1628197536749,1.7421321748546157,0.9266219912096858,0.1755256571021734,17.903617024421692,128.0,145.9036170244217,102,0.5946126754557575,102,0,validation
validation_fold_1,ridge_global_v1,day_1_daily,1,daily,dept_id,FOODS_1,1.5958852370580037,2.477070681905356,0.5524218128277705,-0.2660743527942233,-11.973345875740051,130.0,118.02665412425996,45,0.7159155699303221,45,0,validation
validation_fold_1,ridge_global_v1,day_1_daily,1,daily,dept_id,FOODS_2,1.024503645442781,1.36488941572449,0.989175933530961,0.2878365204447791,24.17826771736145,87.0,111.17826771736144,84,0.5477530951133401,84,0,validation
validation_fold_1,ridge_global_v1,day_1_daily,1,daily,dept_id,FOODS_3,1.485764261574773,2.78212115207166,0.4569526775706586,-0.4159933732964142,-71.13486683368683,556.0,484.8651331663132,171,0.552770064428874,171,0,validation
validation_fold_1,ridge_global_v1,day_1_daily,1,daily,intermittency_class,highly_intermittent,0.6072595649295383,0.8791401661650018,1.3663340210914612,0.0464741786321004,0.8365352153778076,8.0,8.836535215377808,18,0.8499053281873266,18,0,validation
validation_fold_1,ridge_global_v1,day_1_daily,1,daily,intermittency_class,intermittent,0.8376631008254157,1.4430478539810918,0.8261882638278073,0.1156443042887581,16.652779817581177,146.0,162.65277981758118,144,0.5270802337670771,144,0,validation
validation_fold_1,ridge_global_v1,day_1_daily,1,daily,intermittency_class,regular,2.031772984974626,3.2329802541280728,0.4529639287988666,-0.5537627538045248,-76.41926002502441,619.0,542.5807399749756,138,0.5909658846658805,138,0,validation
validation_fold_1,ridge_global_v1,day_1_daily,1,daily,overall,all,1.3731294353803,2.4194861576408604,0.5329092245977878,-0.1964331499735514,-58.92994499206543,773.0,714.0700550079346,300,0.5758371388457416,300,0,validation
validation_fold_1,ridge_global_v1,day_1_daily,1,daily,store_id,CA_1,1.5750357615947723,2.917258934612522,0.4891415408679417,-0.4496933281421661,-44.96933281421661,322.0,277.0306671857834,100,0.5695478547415275,100,0,validation
validation_fold_1,ridge_global_v1,day_1_daily,1,daily,store_id,TX_2,1.2059030747413635,2.1394714420590057,0.4567814677050619,-0.309387526512146,-30.9387526512146,264.0,233.0612473487854,100,0.5424578974024507,100,0,validation
validation_fold_1,ridge_global_v1,day_1_daily,1,daily,store_id,WI_3,1.3384494698047638,2.115183693697683,0.71574837957474,0.1697814047336578,16.978140473365784,187.0,203.97814047336576,100,0.6155056643932469,100,0,validation
validation_fold_1,ridge_global_v1,days_1_7_aggregate,7,aggregate,demand_band,high,6.788001150795908,9.801654307859376,0.2352160006751119,0.4709271240716028,46.62178528308869,2857.0,2903.6217852830887,99,0.5930531830692708,99,0,validation
validation_fold_1,ridge_global_v1,days_1_7_aggregate,7,aggregate,demand_band,low,2.213517911506422,3.2082188251863304,0.549218729922646,-1.3262487324801358,-131.29862451553345,399.0,267.7013754844665,99,0.680010379220501,99,0,validation
validation_fold_1,ridge_global_v1,days_1_7_aggregate,7,aggregate,demand_band,medium,3.0717519077600217,4.5630696271593925,0.462121968424074,-0.3858346471599504,-39.35513401031494,678.0,638.6448659896851,102,0.6183193906757762,102,0,validation
validation_fold_1,ridge_global_v1,days_1_7_aggregate,7,aggregate,dept_id,FOODS_1,5.091206047270033,7.864499218169387,0.3677436149713507,0.200052081214057,9.002343654632568,623.0,632.0023436546326,45,0.7866521067701386,45,0,validation
validation_fold_1,ridge_global_v1,days_1_7_aggregate,7,aggregate,dept_id,FOODS_2,3.207844620659238,4.231626088473091,0.5211971917512108,-0.1372563867341904,-11.529536485671995,517.0,505.470463514328,84,0.6303527763753571,84,0,validation
validation_fold_1,ridge_global_v1,days_1_7_aggregate,7,aggregate,dept_id,FOODS_3,4.128104453198394,6.994786292498579,0.2526506304570241,-0.7105542714135689,-121.50478041172028,2794.0,2672.49521958828,171,0.5891982017276629,171,0,validation
validation_fold_1,ridge_global_v1,days_1_7_aggregate,7,aggregate,intermittency_class,highly_intermittent,0.9188014268875122,1.128169653187712,0.4864242848228006,-0.514898591571384,-9.268174648284912,34.0,24.731825351715088,18,0.5340438678299215,18,0,validation
validation_fold_1,ridge_global_v1,days_1_7_aggregate,7,aggregate,intermittency_class,intermittent,2.375220029718346,3.446168566980241,0.4042927710158887,-1.1660755864448018,-167.91488444805145,846.0,678.0851155519485,144,0.6186260312932598,144,0,validation
validation_fold_1,ridge_global_v1,days_1_7_aggregate,7,aggregate,intermittency_class,regular,6.129702694174172,8.895888592828793,0.2769806718389115,0.3851527960404106,53.15108585357666,3054.0,3107.1510858535767,138,0.6551226984670188,138,0,validation
validation_fold_1,ridge_global_v1,days_1_7_aggregate,7,aggregate,overall,all,4.014896939198176,6.494599827543862,0.3061690599286865,-0.413439910809199,-124.0319732427597,3934.0,3809.96802675724,300,0.6303395683853887,300,0,validation
validation_fold_1,ridge_global_v1,days_1_7_aggregate,7,aggregate,store_id,CA_1,3.737408546209336,5.712963815469804,0.2465309067420406,-0.7315046107769012,-73.15046107769012,1516.0,1442.84953892231,100,0.596347132698611,100,0,validation
validation_fold_1,ridge_global_v1,days_1_7_aggregate,7,aggregate,store_id,TX_2,3.950278841257096,5.991546272056331,0.2985849464291077,-0.8982324850559235,-89.82324850559235,1323.0,1233.1767514944077,100,0.6201167480750062,100,0,validation
validation_fold_1,ridge_global_v1,days_1_7_aggregate,7,aggregate,store_id,WI_3,4.357003430128097,7.6159633975445855,0.397899856632703,0.3894173634052276,38.941736340522766,1095.0,1133.9417363405228,100,0.6745548243825488,100,0,validation
validation_fold_1,ridge_global_v1,days_1_7_daily,7,daily,demand_band,high,2.005912963962142,3.144569389196782,0.4865585173348843,0.0672753034388004,46.62178528308869,2857.0,2903.6217852830887,693,0.6046204227777228,99,0,validation
validation_fold_1,ridge_global_v1,days_1_7_daily,7,daily,demand_band,low,0.5992615959172986,1.026391680308135,1.0408227718563603,-0.1894641046400194,-131.29862451553345,399.0,267.7013754844665,693,0.6912741735774618,99,0,validation
validation_fold_1,ridge_global_v1,days_1_7_daily,7,daily,demand_band,medium,0.8724037258564925,1.3794315314416172,0.918726047583386,-0.0551192353085643,-39.35513401031494,678.0,638.6448659896851,714,0.5981539697683407,102,0,validation
validation_fold_1,ridge_global_v1,days_1_7_daily,7,daily,dept_id,FOODS_1,1.3748070671444848,2.279611768039294,0.6951271687809193,0.0285788687448652,9.002343654632568,623.0,632.0023436546326,315,0.7409577561621513,45,0,validation
validation_fold_1,ridge_global_v1,days_1_7_daily,7,daily,dept_id,FOODS_2,0.8598243099491613,1.2791264877860131,0.977904631044694,-0.0196080552477414,-11.529536485671995,517.0,505.470463514328,588,0.610830384984393,84,0,validation
validation_fold_1,ridge_global_v1,days_1_7_daily,7,daily,dept_id,FOODS_3,1.2444789556034823,2.301843258396714,0.5331572333061447,-0.1015077530590812,-121.50478041172028,2794.0,2672.49521958828,1197,0.6120024478920948,171,0,validation
validation_fold_1,ridge_global_v1,days_1_7_daily,7,daily,intermittency_class,highly_intermittent,0.3232317387111603,0.6145289918714654,1.1978587964001823,-0.0735569416530548,-9.268174648284912,34.0,24.731825351715088,126,0.7098229755995971,18,0,validation
validation_fold_1,ridge_global_v1,days_1_7_daily,7,daily,intermittency_class,intermittent,0.6739119060692333,1.2031036685908891,0.802958866805895,-0.1665822266349717,-167.91488444805145,846.0,678.0851155519485,1008,0.6056714789273491,144,0,validation
validation_fold_1,ridge_global_v1,days_1_7_daily,7,daily,intermittency_class,regular,1.7683766354685244,2.774227941692979,0.5593489947159773,0.0550218280057729,53.15108585357666,3054.0,3107.1510858535767,966,0.6471866915159638,138,0,validation
validation_fold_1,ridge_global_v1,days_1_7_daily,7,daily,overall,all,1.156324871551423,2.063432943467792,0.6172552695114357,-0.0590628444013141,-124.0319732427597,3934.0,3809.96802675724,2100,0.6310175665184468,300,0,validation
validation_fold_1,ridge_global_v1,days_1_7_daily,7,daily,store_id,CA_1,1.2665077728884562,2.296423547256746,0.5847991035764639,-0.1045006586824144,-73.15046107769012,1516.0,1442.84953892231,700,0.6515484415276294,100,0,validation
validation_fold_1,ridge_global_v1,days_1_7_daily,7,daily,store_id,TX_2,1.1133305816990988,1.9351234910879616,0.589063799840793,-0.1283189264365604,-89.82324850559235,1323.0,1233.1767514944077,700,0.5989393007369389,100,0,validation
validation_fold_1,ridge_global_v1,days_1_7_daily,7,daily,store_id,WI_3,1.0891362600667136,1.9377828831963453,0.6962514904536069,0.0556310519150325,38.941736340522766,1095.0,1133.9417363405228,700,0.6425649572907717,100,0,validation
validation_fold_1,ridge_global_v1,days_1_30_aggregate,30,aggregate,demand_band,high,34.339456013958866,51.78109646752391,0.2413635885965159,-2.5905382777705337,-256.46328949928284,14085.0,13828.536710500715,99,1.387035860415626,99,0,validation
validation_fold_1,ridge_global_v1,days_1_30_aggregate,30,aggregate,demand_band,low,7.699266253095685,11.03603086601043,0.4129075617857382,-1.1066575917330654,-109.55910158157349,1846.0,1736.4408984184265,99,1.1676941189131882,99,0,validation
validation_fold_1,ridge_global_v1,days_1_30_aggregate,30,aggregate,demand_band,medium,11.582426351659436,16.54054527212246,0.3409545419536112,-1.138249897489361,-116.1014895439148,3465.0,3348.898510456085,102,1.1491622419700234,102,0,validation
validation_fold_1,ridge_global_v1,days_1_30_aggregate,30,aggregate,dept_id,FOODS_1,16.982002178827923,26.339924156619965,0.2710855260898391,2.2819383674197726,102.68722653388976,2819.0,2921.6872265338898,45,1.3108178793336966,45,0,validation
validation_fold_1,ridge_global_v1,days_1_30_aggregate,30,aggregate,dept_id,FOODS_2,15.24313778678576,23.92489404212792,0.4781268013778954,2.9266996142410098,245.8427675962448,2678.0,2923.842767596245,84,1.255733160033132,84,0,validation
validation_fold_1,ridge_global_v1,days_1_30_aggregate,30,aggregate,dept_id,FOODS_3,19.29021824661054,36.363048462224256,0.2373283919829054,-4.8576249985667,-830.6538747549057,13899.0,13068.346125245094,171,1.202715945156115,171,0,validation
validation_fold_1,ridge_global_v1,days_1_30_aggregate,30,aggregate,intermittency_class,highly_intermittent,6.178137514326307,8.411592788392937,0.823751668576841,3.22904896736145,58.1228814125061,135.0,193.1228814125061,18,1.667040322580986,18,0,validation
validation_fold_1,ridge_global_v1,days_1_30_aggregate,30,aggregate,intermittency_class,intermittent,10.165758213235272,18.10045571179561,0.3348282668586183,-3.984737950066725,-573.8022648096085,4372.0,3798.197735190392,144,1.1280205203338651,144,0,validation
validation_fold_1,ridge_global_v1,days_1_30_aggregate,30,aggregate,intermittency_class,regular,27.305545901042827,43.15113785591287,0.2530838427257647,0.243155817190806,33.55550277233124,14889.0,14922.555502772331,138,1.2876169268113091,138,0,validation
validation_fold_1,ridge_global_v1,days_1_30_aggregate,30,aggregate,overall,all,17.81080330769221,31.90666910446321,0.2754815937465283,-1.6070796020825704,-482.1238806247711,19396.0,18913.87611937523,300,1.2337760554483168,300,0,validation
validation_fold_1,ridge_global_v1,days_1_30_aggregate,30,aggregate,store_id,CA_1,15.956414997577667,27.38779500151908,0.223135435569538,0.1991999816894531,19.919998168945312,7151.0,7170.919998168945,100,1.106373174478489,100,0,validation
validation_fold_1,ridge_global_v1,days_1_30_aggregate,30,aggregate,store_id,TX_2,18.490497133731843,32.05419373723358,0.2812242910073284,-4.22041090965271,-422.041090965271,6575.0,6152.958909034729,100,1.2411504333044272,100,0,validation
validation_fold_1,ridge_global_v1,days_1_30_aggregate,30,aggregate,store_id,WI_3,18.98549779176712,35.728755209715665,0.3348412308953636,-0.8000278782844543,-80.00278782844543,5670.0,5589.997212171555,100,1.3538045585620342,100,0,validation
validation_fold_1,ridge_global_v1,days_1_30_daily,30,daily,demand_band,high,2.540358139930751,4.003272037148926,0.5356665726371551,-0.0863512759256844,-256.46328949928284,14085.0,13828.536710500715,2970,0.7525241308752613,99,0,validation
validation_fold_1,ridge_global_v1,days_1_30_daily,30,daily,demand_band,low,0.6911950517583776,1.0355100545189082,1.1120527105755047,-0.0368885863911021,-109.55910158157349,1846.0,1736.4408984184265,2970,0.7883907250329477,99,0,validation
validation_fold_1,ridge_global_v1,days_1_30_daily,30,daily,demand_band,medium,1.0003971410732644,1.465117336492766,0.883467605103662,-0.0379416632496453,-116.1014895439148,3465.0,3348.898510456085,3060,0.7229795431560038,102,0,validation
validation_fold_1,ridge_global_v1,days_1_30_daily,30,daily,dept_id,FOODS_1,1.615392899160032,2.7352586356732864,0.7736007143902246,0.0760646122473257,102.68722653388976,2819.0,2921.6872265338898,1350,0.8956348525087803,45,0,validation
validation_fold_1,ridge_global_v1,days_1_30_daily,30,daily,dept_id,FOODS_2,1.0603292495012284,1.4848326683459847,0.9977706156620968,0.0975566538080336,245.8427675962448,2678.0,2923.842767596245,2520,0.7198530246096757,84,0,validation
validation_fold_1,ridge_global_v1,days_1_30_daily,30,daily,dept_id,FOODS_3,1.521660449978901,2.85090260717063,0.5616316359732183,-0.1619208332855566,-830.6538747549057,13899.0,13068.346125245094,5130,0.7340541620275857,171,0,validation
validation_fold_1,ridge_global_v1,days_1_30_daily,30,daily,intermittency_class,highly_intermittent,0.4531793258808277,0.6800935973542451,1.8127173035233108,0.107634965578715,58.1228814125061,135.0,193.1228814125061,540,0.9170786566467924,18,0,validation
validation_fold_1,ridge_global_v1,days_1_30_daily,30,daily,intermittency_class,intermittent,0.836361012166297,1.5027173387190955,0.8264134429456549,-0.1328245983355575,-573.8022648096085,4372.0,3798.197735190392,4320,0.7426294705335008,144,0,validation
validation_fold_1,ridge_global_v1,days_1_30_daily,30,daily,intermittency_class,regular,2.125877251803587,3.3817475898934246,0.591116382729992,0.0081051939063602,33.55550277233124,14889.0,14922.555502772331,4140,0.7452784388431789,138,0,validation
validation_fold_1,ridge_global_v1,days_1_30_daily,30,daily,overall,all,1.4065475812223225,2.5243470166592568,0.6526566421427562,-0.053569320069419,-482.1238806247711,19396.0,18913.87611937523,9000,0.7543149471227503,300,0,validation
validation_fold_1,ridge_global_v1,days_1_30_daily,30,daily,store_id,CA_1,1.5318387059370675,2.7696056453705324,0.6426396472956514,0.0066399993896484,19.919998168945312,7151.0,7170.919998168945,3000,0.7484454451933102,100,0,validation
validation_fold_1,ridge_global_v1,days_1_30_daily,30,daily,store_id,TX_2,1.351607618411382,2.30115731477969,0.6167030958531021,-0.1406803636550903,-422.041090965271,6575.0,6152.958909034729,3000,0.7340446556454245,100,0,validation
validation_fold_1,ridge_global_v1,days_1_30_daily,30,daily,store_id,WI_3,1.336196419318517,2.480109506315612,0.7069822324436598,-0.0266675959428151,-80.00278782844543,5670.0,5589.997212171555,3000,0.7804547405295155,100,0,validation
validation_fold_2,ridge_global_v1,day_1_daily,1,daily,demand_band,high,1.894707566559917,2.88281537215608,0.5028848501057152,0.1682808182456276,16.65980100631714,373.0,389.65980100631714,99,0.4443297520865146,99,0,validation
validation_fold_2,ridge_global_v1,day_1_daily,1,daily,demand_band,low,0.4770205333979443,0.8778755641690381,0.8745376445628978,-0.1892491205774172,-18.735662937164307,54.0,35.26433706283569,99,0.4096899769397752,99,0,validation
validation_fold_2,ridge_global_v1,day_1_daily,1,daily,demand_band,medium,0.7700288435992073,1.177824747095135,0.7776528915556351,-0.1944108336579565,-19.82990503311157,101.0,81.17009496688843,102,0.4349966250668345,102,0,validation
validation_fold_2,ridge_global_v1,day_1_daily,1,daily,dept_id,FOODS_1,1.2608607954449125,2.1960112575408544,0.6675145387649536,-0.3452256706025865,-15.535155177116394,85.0,69.4648448228836,45,0.5721506902306207,45,0,validation
validation_fold_2,ridge_global_v1,day_1_daily,1,daily,dept_id,FOODS_2,0.6942406367687952,1.0293378795430936,0.870391246098191,-0.0977578177338554,-8.21165668964386,67.0,58.78834331035614,84,0.3649925115835895,84,0,validation
validation_fold_2,ridge_global_v1,day_1_daily,1,daily,dept_id,FOODS_3,1.159585231926009,2.0725684759220058,0.5273645602642222,0.0107663444608275,1.8410449028015137,376.0,377.8410449028015,171,0.4240436075849144,171,0,validation
validation_fold_2,ridge_global_v1,day_1_daily,1,daily,intermittency_class,highly_intermittent,0.321579356988271,0.5985901983324867,0.9647380709648132,-0.2714312672615051,-4.885762810707092,6.0,1.1142371892929075,18,0.490876285632715,18,0,validation
validation_fold_2,ridge_global_v1,day_1_daily,1,daily,intermittency_class,intermittent,0.57826278759883,1.0353685037521354,0.6890964885552724,-0.149275868089049,-21.34644913673401,120.0,98.653550863266,143,0.3963309715709939,143,0,validation
validation_fold_2,ridge_global_v1,day_1_daily,1,daily,intermittency_class,regular,1.6177267402196105,2.51728628595278,0.5593632260958353,0.0311255034782903,4.326444983482361,402.0,406.3264449834824,139,0.4561619198156749,139,0,validation
validation_fold_2,ridge_global_v1,day_1_daily,1,daily,overall,all,1.0444800798098246,1.8623903666981825,0.5934545908010367,-0.0730192232131958,-21.90576696395874,528.0,506.09423303604126,300,0.4297253631013994,300,0,validation
validation_fold_2,ridge_global_v1,day_1_daily,1,daily,store_id,CA_1,1.3001994514465331,2.4375762223947635,0.6019441904845061,-0.2613243103027344,-26.13243103027344,216.0,189.86756896972656,100,0.4295409171888378,100,0,validation
validation_fold_2,ridge_global_v1,day_1_daily,1,daily,store_id,TX_2,1.0416613471508027,1.6390630104880424,0.5570381535565789,-0.0907417738437652,-9.074177384376526,187.0,177.92582261562347,100,0.4817680001961649,100,0,validation
validation_fold_2,ridge_global_v1,day_1_daily,1,daily,store_id,WI_3,0.791579440832138,1.333112238926686,0.6332635526657104,0.1330084145069122,13.300841450691223,125.0,138.30084145069122,100,0.3778671719191953,100,0,validation
validation_fold_2,ridge_global_v1,days_1_7_aggregate,7,aggregate,demand_band,high,8.757480591234534,15.93531444560818,0.2759358938676699,-0.5880984958976206,-58.22175109386444,3142.0,3083.778248906136,99,0.7141972452645743,99,0,validation
validation_fold_2,ridge_global_v1,days_1_7_aggregate,7,aggregate,demand_band,low,1.6946386761135526,2.548584548061632,0.4673237574797819,-0.505117755947691,-50.00665783882141,359.0,308.9933421611786,99,0.5379862858580899,99,0,validation
validation_fold_2,ridge_global_v1,days_1_7_aggregate,7,aggregate,demand_band,medium,3.263600579663819,4.787840215302552,0.4208435640021612,-1.385803153701857,-141.35192167758942,791.0,649.6480783224106,102,0.6814452596441376,102,0,validation
validation_fold_2,ridge_global_v1,days_1_7_aggregate,7,aggregate,dept_id,FOODS_1,3.988659249411689,6.264931978134624,0.2956996148657759,-0.5590730985005696,-25.158289432525635,607.0,581.8417105674744,45,0.6642748120429228,45,0,validation
validation_fold_2,ridge_global_v1,days_1_7_aggregate,7,aggregate,dept_id,FOODS_2,3.182630506299791,4.297785512920037,0.5092208810079666,-0.2441181866895584,-20.50592768192292,525.0,504.4940723180771,84,0.6313720183017062,84,0,validation
validation_fold_2,ridge_global_v1,days_1_7_aggregate,7,aggregate,dept_id,FOODS_3,5.384891449359426,12.043519822500883,0.2913976069115385,-1.1924918917884604,-203.91611349582672,3160.0,2956.0838865041733,171,0.646467660734333,171,0,validation
validation_fold_2,ridge_global_v1,days_1_7_aggregate,7,aggregate,intermittency_class,highly_intermittent,0.5908251404762268,0.7909060188222141,0.6255795605042401,0.1141124102804395,2.0540233850479126,17.0,19.05402338504792,18,0.3208809883466528,18,0,validation
validation_fold_2,ridge_global_v1,days_1_7_aggregate,7,aggregate,intermittency_class,intermittent,2.608584826642817,4.641349809265786,0.4081265100765019,-0.7741648725696377,-110.7055767774582,914.0,803.2944232225418,143,0.6497895708680245,143,0,validation
validation_fold_2,ridge_global_v1,days_1_7_aggregate,7,aggregate,intermittency_class,regular,7.07902578312716,13.418801307427469,0.2927654221525365,-1.0138760950925538,-140.928777217865,3361.0,3220.071222782135,139,0.6818548175573995,139,0,validation
validation_fold_2,ridge_global_v1,days_1_7_aggregate,7,aggregate,overall,all,4.558823555310568,9.681720174088396,0.3186502951055848,-0.8319344353675843,-249.58033061027527,4292.0,4042.4196693897247,300,0.6449119535494859,300,0,validation
validation_fold_2,ridge_global_v1,days_1_7_aggregate,7,aggregate,store_id,CA_1,5.572876405715943,13.531365522941206,0.3206488150584546,-2.0924699878692627,-209.24699878692627,1738.0,1528.7530012130735,100,0.6314551982653003,100,0,validation
validation_fold_2,ridge_global_v1,days_1_7_aggregate,7,aggregate,store_id,TX_2,3.802143201828003,6.162526598659547,0.2671920732134928,-0.2573905444145202,-25.739054441452023,1423.0,1397.260945558548,100,0.6171430419931067,100,0,validation
validation_fold_2,ridge_global_v1,days_1_7_aggregate,7,aggregate,store_id,WI_3,4.301451058387756,7.754516722106054,0.380322816833577,-0.1459427738189697,-14.594277381896973,1131.0,1116.405722618103,100,0.686137620390051,100,0,validation
validation_fold_2,ridge_global_v1,days_1_7_daily,7,daily,demand_band,high,2.329826882563284,4.357904215131278,0.5138669731433342,-0.0840140708425172,-58.22175109386444,3142.0,3083.778248906136,693,0.6474819094133232,99,0,validation
validation_fold_2,ridge_global_v1,days_1_7_daily,7,daily,demand_band,low,0.5264166144581585,0.903130741066992,1.0161746903050244,-0.0721596794210987,-50.00665783882141,359.0,308.9933421611786,693,0.5882942679207986,99,0,validation
validation_fold_2,ridge_global_v1,days_1_7_daily,7,daily,demand_band,medium,0.8493621778421375,1.2877230203696508,0.7666809038929029,-0.1979718791002652,-141.35192167758942,791.0,649.6480783224106,714,0.5921352937648874,102,0,validation
validation_fold_2,ridge_global_v1,days_1_7_daily,7,daily,dept_id,FOODS_1,1.1521112986973354,1.9597038233916029,0.5978831286485349,-0.0798675855000813,-25.158289432525635,607.0,581.8417105674744,315,0.6326307209615893,45,0,validation
validation_fold_2,ridge_global_v1,days_1_7_daily,7,daily,dept_id,FOODS_2,0.8190674564870847,1.190290395220029,0.9173555512655348,-0.0348740266699369,-20.50592768192292,525.0,504.4940723180771,588,0.5647769277449827,84,0,validation
validation_fold_2,ridge_global_v1,days_1_7_daily,7,daily,dept_id,FOODS_3,1.4547156348463488,3.278674450159324,0.5510425996554049,-0.1703559845412086,-203.91611349582672,3160.0,2956.0838865041733,1197,0.6247368254166463,171,0,validation
validation_fold_2,ridge_global_v1,days_1_7_daily,7,daily,intermittency_class,highly_intermittent,0.2258208488661145,0.3974373551288203,1.6737309974782608,0.0163017728972056,2.0540233850479126,17.0,19.05402338504792,126,0.523913126939659,18,0,validation
validation_fold_2,ridge_global_v1,days_1_7_daily,7,daily,intermittency_class,intermittent,0.6770462386019818,1.3062832262780142,0.7414915589065468,-0.1105949817956625,-110.7055767774582,914.0,803.2944232225418,1001,0.5899428379404019,143,0,validation
validation_fold_2,ridge_global_v1,days_1_7_daily,7,daily,intermittency_class,regular,1.931803316153578,3.6807637303966994,0.5592515997076559,-0.1448394421560791,-140.928777217865,3361.0,3220.071222782135,973,0.6399092043863688,139,0,validation
validation_fold_2,ridge_global_v1,days_1_7_daily,7,daily,overall,all,1.2313434944834027,2.6646012665822827,0.6024746827621495,-0.1188477764810834,-249.58033061027527,4292.0,4042.4196693897247,2100,0.609132138400322,300,0,validation
validation_fold_2,ridge_global_v1,days_1_7_daily,7,daily,store_id,CA_1,1.4677447932107108,3.5371253229652773,0.5911515277603553,-0.2989242839813232,-209.24699878692627,1738.0,1528.7530012130735,700,0.6260422063414847,100,0,validation
validation_fold_2,ridge_global_v1,days_1_7_daily,7,daily,store_id,TX_2,1.2067153150694712,2.2594957873437425,0.5936055660917988,-0.0367700777735028,-25.739054441452023,1423.0,1397.260945558548,700,0.6261195497778848,100,0,validation
validation_fold_2,ridge_global_v1,days_1_7_daily,7,daily,store_id,WI_3,1.0195703751700265,1.919302729177808,0.6310338307860465,-0.0208489676884242,-14.594277381896973,1131.0,1116.405722618103,700,0.5752346590815965,100,0,validation
validation_fold_2,ridge_global_v1,days_1_30_aggregate,30,aggregate,demand_band,high,39.08224750889672,69.36632371682137,0.2545321033735133,-4.36372665805046,-432.00893914699554,15201.0,14768.991060853004,99,1.3738044720184204,99,0,validation
validation_fold_2,ridge_global_v1,days_1_30_aggregate,30,aggregate,demand_band,low,7.152419999392346,8.998212573997865,0.418987917124167,3.388404112873656,335.4520071744919,1690.0,2025.452007174492,99,1.1146614371333683,99,0,validation
validation_fold_2,ridge_global_v1,days_1_30_aggregate,30,aggregate,demand_band,medium,10.228644254160862,13.234723193127534,0.2837426472462355,-0.7589254729888019,-77.41039824485779,3677.0,3599.589601755142,102,1.0702462132379522,102,0,validation
validation_fold_2,ridge_global_v1,days_1_30_aggregate,30,aggregate,dept_id,FOODS_1,16.39360853830973,23.388579216894293,0.2742425220163338,4.594031471676296,206.7314162254333,2690.0,2896.7314162254333,45,1.3399894623736537,45,0,validation
validation_fold_2,ridge_global_v1,days_1_30_aggregate,30,aggregate,dept_id,FOODS_2,20.30752772518567,48.358149400956776,0.4423839027270737,-9.240805664232798,-776.2276757955551,3856.0,3079.772324204445,84,1.3668213401327214,84,0,validation
validation_fold_2,ridge_global_v1,days_1_30_aggregate,30,aggregate,dept_id,FOODS_3,18.57900049184498,40.55087593739871,0.2265731767298168,2.313034674577546,395.5289293527603,14022.0,14417.52892935276,171,1.055033452504884,171,0,validation
validation_fold_2,ridge_global_v1,days_1_30_aggregate,30,aggregate,intermittency_class,highly_intermittent,5.134700980451372,6.269926439601257,0.6897359525979455,3.3730541268984475,60.71497428417206,134.0,194.7149742841721,18,1.4209062168662043,18,0,validation
validation_fold_2,ridge_global_v1,days_1_30_aggregate,30,aggregate,intermittency_class,intermittent,9.812543742306582,19.011173320693924,0.3134227730957876,-0.0347204791916,-4.965028524398804,4477.0,4472.034971475601,143,1.1380617758077207,143,0,validation
validation_fold_2,ridge_global_v1,days_1_30_aggregate,30,aggregate,intermittency_class,regular,29.675794420482443,56.888605728349454,0.258503191354707,-1.6526422732167965,-229.7172759771347,15957.0,15727.282724022863,139,1.202907143253255,139,0,validation
validation_fold_2,ridge_global_v1,days_1_30_aggregate,30,aggregate,overall,all,18.735179324150085,40.91613049689675,0.2732669096287935,-0.5798911007245382,-173.96733021736145,20568.0,20394.03266978264,300,1.185077462520994,300,0,validation
validation_fold_2,ridge_global_v1,days_1_30_aggregate,30,aggregate,store_id,CA_1,21.57204521179199,44.714371091448704,0.2777039805843459,-1.3145028471946716,-131.45028471946716,7768.0,7636.549715280533,100,1.201179870569874,100,0,validation
validation_fold_2,ridge_global_v1,days_1_30_aggregate,30,aggregate,store_id,TX_2,16.822835208177565,35.48184093177956,0.2471765384686683,1.0404489958286285,104.04489958286284,6806.0,6910.044899582863,100,1.1651462975231603,100,0,validation
validation_fold_2,ridge_global_v1,days_1_30_aggregate,30,aggregate,store_id,WI_3,17.8106575524807,42.00063316791024,0.2971414339753203,-1.4656194508075715,-146.56194508075714,5994.0,5847.438054919243,100,1.1889062194699471,100,0,validation
validation_fold_2,ridge_global_v1,days_1_30_daily,30,daily,demand_band,high,2.8032756246300257,4.700986139549222,0.547709269465902,-0.1454575552683486,-432.00893914699554,15201.0,14768.991060853004,2970,0.7629542785814792,99,0,validation
validation_fold_2,ridge_global_v1,days_1_30_daily,30,daily,demand_band,low,0.6801650372819869,1.0302470508401411,1.195319621732249,0.1129468037624551,335.4520071744919,1690.0,2025.452007174492,2970,0.7683245454414738,99,0,validation
validation_fold_2,ridge_global_v1,days_1_30_daily,30,daily,demand_band,medium,1.0250509809824375,1.47046142247893,0.8530475936378187,-0.0252975157662933,-77.41039824485779,3677.0,3599.589601755142,3060,0.7596477857469351,102,0,validation
validation_fold_2,ridge_global_v1,days_1_30_daily,30,daily,dept_id,FOODS_1,1.4403765226293492,2.27262325203566,0.7228655410965136,0.1531343823892099,206.7314162254333,2690.0,2896.7314162254333,1350,0.8282289739658076,45,0,validation
validation_fold_2,ridge_global_v1,days_1_30_daily,30,daily,dept_id,FOODS_2,1.3262709306819098,2.8489842588110323,0.8667538239933643,-0.3080268554744266,-776.2276757955551,3856.0,3079.772324204445,2520,0.7745298209857404,84,0,validation
validation_fold_2,ridge_global_v1,days_1_30_daily,30,daily,dept_id,FOODS_3,1.5976147596134311,3.0581470047733283,0.5844932047366211,0.0771011558192515,395.5289293527603,14022.0,14417.52892935276,5130,0.7412273037029017,171,0,validation
validation_fold_2,ridge_global_v1,days_1_30_daily,30,daily,intermittency_class,highly_intermittent,0.4226125207212236,0.653378960576503,1.7030653820109012,0.1124351375632815,60.71497428417206,134.0,194.7149742841721,540,0.894249637453084,18,0,validation
validation_fold_2,ridge_global_v1,days_1_30_daily,30,daily,intermittency_class,intermittent,0.8662730781626312,1.5195134123109708,0.8300896817774599,-0.0011573493063866,-4.965028524398804,4477.0,4472.034971475601,4290,0.7762424120529807,143,0,validation
validation_fold_2,ridge_global_v1,days_1_30_daily,30,daily,intermittency_class,regular,2.2872787772608603,3.9562331320944,0.5977284264697492,-0.0550880757738932,-229.7172759771347,15957.0,15727.282724022863,4170,0.7336799951563164,139,0,validation
validation_fold_2,ridge_global_v1,days_1_30_daily,30,daily,overall,all,1.4980527519649929,2.894510597907555,0.6555073302063855,-0.0193297033574846,-173.96733021736145,20568.0,20394.03266978264,9000,0.7636022590815325,300,0,validation
validation_fold_2,ridge_global_v1,days_1_30_daily,30,daily,store_id,CA_1,1.6675814456939697,3.233662053938429,0.6440196108498853,-0.0438167615731557,-131.45028471946716,7768.0,7636.549715280533,3000,0.7517429061979547,100,0,validation
validation_fold_2,ridge_global_v1,days_1_30_daily,30,daily,store_id,TX_2,1.4496242731809617,2.651444434973161,0.6389763178875822,0.0346816331942876,104.04489958286284,6806.0,6910.044899582863,3000,0.7788527995147608,100,0,validation
validation_fold_2,ridge_global_v1,days_1_30_daily,30,daily,store_id,WI_3,1.3769525370200475,2.7654740883555573,0.6891654339439677,-0.0488539816935857,-146.56194508075714,5994.0,5847.438054919243,3000,0.7602110715318819,100,0,validation
validation_fold_3,ridge_global_v1,day_1_daily,1,daily,demand_band,high,2.419176798878294,3.753597274447582,0.5569732629975607,0.0892476421413999,8.835516571998596,430.0,438.8355165719986,99,0.5097702913565308,99,0,validation
validation_fold_3,ridge_global_v1,day_1_daily,1,daily,demand_band,low,0.4198912707242099,0.7451313709019379,0.9447553591294722,-0.1739795111646556,-17.223971605300903,44.0,26.776028394699097,99,0.3269098855750363,99,0,validation
validation_fold_3,ridge_global_v1,day_1_daily,1,daily,demand_band,medium,0.8644693961330489,1.2464725835737176,0.9184987333913645,-0.1960810598205117,-20.0002681016922,96.0,75.9997318983078,102,0.4559941680531115,102,0,validation
validation_fold_3,ridge_global_v1,day_1_daily,1,daily,dept_id,FOODS_1,1.3223724471198188,2.643379767425061,0.7629071810306647,-0.24212327003479,-10.895547151565552,78.0,67.10445284843445,45,0.4082303667947931,45,0,validation
validation_fold_3,ridge_global_v1,day_1_daily,1,daily,dept_id,FOODS_2,0.8172331750392914,1.353080946787404,0.6021718131868463,-0.3119570712248484,-26.204393982887268,114.0,87.79560601711273,84,0.3475061200532897,84,0,validation
validation_fold_3,ridge_global_v1,day_1_daily,1,daily,dept_id,FOODS_3,1.4098787746931378,2.5820775529803948,0.6378023028373718,0.0509427953184696,8.711217999458313,378.0,386.7112179994583,171,0.4782565033181316,171,0,validation
validation_fold_3,ridge_global_v1,day_1_daily,1,daily,intermittency_class,highly_intermittent,0.0774126543718225,0.2469879308137358,1.316015124320984,-0.0402344044517068,-0.6839848756790161,1.0,0.3160151243209839,17,0.0943204367549584,17,0,validation
validation_fold_3,ridge_global_v1,day_1_daily,1,daily,intermittency_class,intermittent,0.6643202064765824,1.1611277746503683,0.8246733597640333,-0.141917150053713,-20.43606960773468,116.0,95.56393039226532,144,0.415303267072898,144,0,validation
validation_fold_3,ridge_global_v1,day_1_daily,1,daily,intermittency_class,regular,1.958744549922806,3.188471802845488,0.6010275771286314,-0.0522925802272,-7.26866865158081,453.0,445.7313313484192,139,0.4887455019734599,139,0,validation
validation_fold_3,ridge_global_v1,day_1_daily,1,daily,overall,all,1.2308120576540629,2.315385778201194,0.6477958198179279,-0.0946290771166483,-28.388723134994507,570.0,541.6112768650055,300,0.4311424755254751,300,0,validation
validation_fold_3,ridge_global_v1,day_1_daily,1,daily,store_id,CA_1,1.406361173391342,2.4808506073777554,0.6306552347046377,-0.1345353162288665,-13.453531622886658,223.0,209.5464683771133,100,0.4766252446486015,100,0,validation
validation_fold_3,ridge_global_v1,day_1_daily,1,daily,store_id,TX_2,1.3018788158893586,2.6077042627900746,0.657514553479474,-0.0139375412464141,-1.3937541246414185,198.0,196.60624587535852,100,0.4394756550604521,100,0,validation
validation_fold_3,ridge_global_v1,day_1_daily,1,daily,store_id,WI_3,0.984196183681488,1.768698009098485,0.6605343514640859,-0.1354143738746643,-13.54143738746643,149.0,135.45856261253357,100,0.3773265268673716,100,0,validation
validation_fold_3,ridge_global_v1,days_1_7_aggregate,7,aggregate,demand_band,high,8.764158136916883,13.009184377177082,0.2448227019059738,-2.844238894154328,-281.5796505212784,3544.0,3262.4203494787216,99,0.7083561603216408,99,0,validation
validation_fold_3,ridge_global_v1,days_1_7_aggregate,7,aggregate,demand_band,low,2.604480489335879,3.5339999429095843,0.5691911003184371,-2.056467293488859,-203.59026205539703,453.0,249.40973794460297,99,0.8401063621420924,99,0,validation
validation_fold_3,ridge_global_v1,days_1_7_aggregate,7,aggregate,demand_band,medium,3.232518496466618,4.784099313323937,0.4437643158002625,-1.0605976780255637,-108.18096315860748,743.0,634.8190368413925,102,0.6594519216686281,102,0,validation
validation_fold_3,ridge_global_v1,days_1_7_aggregate,7,aggregate,dept_id,FOODS_1,7.069681400722928,12.409814431093,0.4310781341904224,-5.064881330066257,-227.9196598529816,738.0,510.0803401470184,45,1.0504490561459376,45,0,validation
validation_fold_3,ridge_global_v1,days_1_7_aggregate,7,aggregate,dept_id,FOODS_2,3.360056607496171,5.903780838957495,0.3467380282919881,-1.3068224106516158,-109.77308249473572,814.0,704.2269175052643,84,0.5696427605094316,84,0,validation
validation_fold_3,ridge_global_v1,days_1_7_aggregate,7,aggregate,dept_id,FOODS_3,4.999015746060868,7.823964225421356,0.2681404305446701,-1.4950768034360562,-255.6581333875656,3188.0,2932.3418666124344,171,0.7335771130102352,171,0,validation
validation_fold_3,ridge_global_v1,days_1_7_aggregate,7,aggregate,intermittency_class,highly_intermittent,1.6429830228581148,2.2603060317829096,0.7980203253882272,-1.464294622926151,-24.893008589744568,35.0,10.106991410255432,17,0.9325246147395144,17,0,validation
validation_fold_3,ridge_global_v1,days_1_7_aggregate,7,aggregate,intermittency_class,intermittent,3.014835703704092,4.548911646836593,0.4302639656426058,-1.5466456247700586,-222.71696996688843,1009.0,786.2830300331116,144,0.7582799169619778,144,0,validation
validation_fold_3,ridge_global_v1,days_1_7_aggregate,7,aggregate,intermittency_class,regular,7.144928474220441,11.142963863316862,0.2687080784406497,-2.487344584019064,-345.7408971786499,3696.0,3350.25910282135,139,0.6871702103670009,139,0,validation
validation_fold_3,ridge_global_v1,days_1_7_aggregate,7,aggregate,overall,all,4.850707035462062,8.23116257043633,0.307006774396333,-1.977836252450943,-593.3508757352829,4740.0,4146.649124264717,300,0.7352062857803655,300,0,validation
validation_fold_3,ridge_global_v1,days_1_7_aggregate,7,aggregate,store_id,CA_1,5.6163117992877964,8.557486727291845,0.3009813397260341,-2.4214901435375213,-242.1490143537521,1866.0,1623.850985646248,100,0.8215088841840056,100,0,validation
validation_fold_3,ridge_global_v1,days_1_7_aggregate,7,aggregate,store_id,TX_2,4.394523993730545,7.147676623486834,0.2791946628799583,-1.2959539449214936,-129.59539449214935,1574.0,1444.4046055078506,100,0.6807030766063334,100,0,validation
validation_fold_3,ridge_global_v1,days_1_7_aggregate,7,aggregate,store_id,WI_3,4.541285313367844,8.884607564835926,0.3493296394898341,-2.216064668893814,-221.6064668893814,1300.0,1078.3935331106186,100,0.7034068965507575,100,0,validation
validation_fold_3,ridge_global_v1,days_1_7_daily,7,daily,demand_band,high,2.5447775517707263,4.230481439550688,0.497610283119953,-0.4063198420220467,-281.5796505212784,3544.0,3262.4203494787216,693,0.6935699350605332,99,0,validation
validation_fold_3,ridge_global_v1,days_1_7_daily,7,daily,demand_band,low,0.60194137688151,1.0726750983903222,0.9208507156266807,-0.2937810419269798,-203.59026205539703,453.0,249.40973794460297,693,0.7090367280459815,99,0,validation
validation_fold_3,ridge_global_v1,days_1_7_daily,7,daily,demand_band,medium,0.918905335815013,1.493500797755037,0.883039582465571,-0.1515139540036519,-108.18096315860748,743.0,634.8190368413925,714,0.6437872834452149,102,0,validation
validation_fold_3,ridge_global_v1,days_1_7_daily,7,daily,dept_id,FOODS_1,1.7573082151867094,3.5537499561227586,0.7500705796528638,-0.723554475723751,-227.9196598529816,738.0,510.0803401470184,315,0.914391821786438,45,0,validation
validation_fold_3,ridge_global_v1,days_1_7_daily,7,daily,dept_id,FOODS_2,0.9966371201333546,1.8016831363568275,0.7199295167548064,-0.1866889158073736,-109.77308249473572,814.0,704.2269175052643,588,0.5598887659528925,84,0,validation
validation_fold_3,ridge_global_v1,days_1_7_daily,7,daily,dept_id,FOODS_3,1.417877955643854,2.727644907741274,0.5323713654032914,-0.2135824004908652,-255.6581333875656,3188.0,2932.3418666124344,1197,0.680386399055697,171,0,validation
validation_fold_3,ridge_global_v1,days_1_7_daily,7,daily,intermittency_class,highly_intermittent,0.2880321440576505,0.5833872424360086,0.9793092897960118,-0.2091849461323073,-24.893008589744568,35.0,10.106991410255432,119,0.7235541367566655,17,0,validation
validation_fold_3,ridge_global_v1,days_1_7_daily,7,daily,intermittency_class,intermittent,0.7462793354477201,1.375577440478316,0.7455397127168503,-0.2209493749671512,-222.71696996688843,1009.0,786.2830300331116,1008,0.6698198995114814,144,0,validation
validation_fold_3,ridge_global_v1,days_1_7_daily,7,daily,intermittency_class,regular,2.1071420678866977,3.633342743422257,0.5547211125686571,-0.355334940574152,-345.7408971786499,3696.0,3350.25910282135,973,0.68899191873698,139,0,validation
validation_fold_3,ridge_global_v1,days_1_7_daily,7,daily,overall,all,1.3508450606323423,2.654071372556478,0.5984756597738226,-0.2825480360644204,-593.3508757352829,4740.0,4146.649124264717,2100,0.6817478751965228,300,0,validation
validation_fold_3,ridge_global_v1,days_1_7_daily,7,daily,store_id,CA_1,1.5565733553682055,3.093171148395738,0.5839235523889302,-0.345927163362503,-242.1490143537521,1866.0,1623.850985646248,700,0.7297818395425527,100,0,validation
validation_fold_3,ridge_global_v1,days_1_7_daily,7,daily,store_id,TX_2,1.3271824371814729,2.4684762909514864,0.5902336124695241,-0.1851362778459276,-129.59539449214935,1574.0,1444.4046055078506,700,0.6636369683055482,100,0,validation
validation_fold_3,ridge_global_v1,days_1_7_daily,7,daily,store_id,WI_3,1.1687793893473488,2.3390599820470785,0.6293427481101109,-0.3165806669848305,-221.6064668893814,1300.0,1078.3935331106186,700,0.6518248177414676,100,0,validation
validation_fold_3,ridge_global_v1,days_1_30_aggregate,30,aggregate,demand_band,high,35.523379571510084,62.12938210643246,0.2456219149028843,13.070383633025967,1293.967979669571,14318.0,15611.967979669573,99,1.2458066771540983,99,0,validation
validation_fold_3,ridge_global_v1,days_1_30_aggregate,30,aggregate,demand_band,low,7.756268591591806,10.252616682078408,0.4080077526926614,0.6235642950944226,61.73286521434784,1882.0,1943.732865214348,99,1.2050372159512135,99,0,validation
validation_fold_3,ridge_global_v1,days_1_30_aggregate,30,aggregate,demand_band,medium,12.025614705740235,16.643446812447444,0.3263135674342921,-0.5404985418506697,-55.13085126876831,3759.0,3703.869148731232,102,1.151082661704498,102,0,validation
validation_fold_3,ridge_global_v1,days_1_30_aggregate,30,aggregate,dept_id,FOODS_1,12.850121654404534,17.782103767287506,0.2364086158823401,5.449797940254212,245.2409073114395,2446.0,2691.2409073114395,45,1.0748131260961569,45,0,validation
validation_fold_3,ridge_global_v1,days_1_30_aggregate,30,aggregate,dept_id,FOODS_2,15.188659865231742,28.12280366978382,0.2876121345084459,-3.403378102041426,-285.8837605714798,4436.0,4150.11623942852,84,1.230231697484453,84,0,validation
validation_fold_3,ridge_global_v1,days_1_30_aggregate,30,aggregate,dept_id,FOODS_3,21.38710505850831,44.599767368658775,0.2796662051697576,7.843349981726262,1341.2128468751907,13077.0,14418.21284687519,171,1.2183504306915998,171,0,validation
validation_fold_3,ridge_global_v1,days_1_30_aggregate,30,aggregate,intermittency_class,highly_intermittent,5.3785593229181625,6.001206210516836,0.6262706060932107,1.7996509355657242,30.59406590461731,146.0,176.5940659046173,17,1.4708262861737158,17,0,validation
validation_fold_3,ridge_global_v1,days_1_30_aggregate,30,aggregate,intermittency_class,intermittent,10.182801268994808,14.28302523733094,0.307727887247692,-1.0634790551331308,-153.14098393917084,4765.0,4611.859016060829,144,1.2268563211352874,144,0,validation
validation_fold_3,ridge_global_v1,days_1_30_aggregate,30,aggregate,intermittency_class,regular,28.4427264525736,53.02489932340506,0.2627285338189613,10.238251162947511,1423.116911649704,15048.0,16471.116911649704,139,1.13937136548813,139,0,validation
validation_fold_3,ridge_global_v1,days_1_30_aggregate,30,aggregate,overall,all,18.370992893775306,37.4524984270916,0.2761309618784804,4.3352333120505016,1300.5699936151505,19959.0,21259.56999361515,300,1.200146589704282,300,0,validation
validation_fold_3,ridge_global_v1,days_1_30_aggregate,30,aggregate,store_id,CA_1,19.68885714292526,33.991510002103254,0.2627633410239592,6.160203428268432,616.0203428268433,7493.0,8109.020342826843,100,1.2720553686814575,100,0,validation
validation_fold_3,ridge_global_v1,days_1_30_aggregate,30,aggregate,store_id,TX_2,17.032185529470443,39.335017438664416,0.2681811609112021,8.498804720640182,849.8804720640182,6351.0,7200.880472064018,100,1.1009709985940592,100,0,validation
validation_fold_3,ridge_global_v1,days_1_30_aggregate,30,aggregate,store_id,WI_3,18.391936008930205,38.79951760229471,0.3007675553381881,-1.6533082127571106,-165.33082127571106,6115.0,5949.669178724289,100,1.2274134018373295,100,0,validation
validation_fold_3,ridge_global_v1,days_1_30_daily,30,daily,demand_band,high,2.8152272300688104,4.389942482259785,0.5839659780209783,0.435679454434199,1293.967979669571,14318.0,15611.967979669573,2970,0.7505339966270413,99,0,validation
validation_fold_3,ridge_global_v1,days_1_30_daily,30,daily,demand_band,low,0.7123098440443225,1.0537561774423283,1.1241021449583624,0.0207854765031474,61.73286521434784,1882.0,1943.732865214348,2970,0.8070000027700863,99,0,validation
validation_fold_3,ridge_global_v1,days_1_30_daily,30,daily,demand_band,medium,1.0449380171065237,1.4848847459549284,0.8506279149630122,-0.0180166180616889,-55.13085126876831,3759.0,3703.869148731232,3060,0.7477228281484481,102,0,validation
validation_fold_3,ridge_global_v1,days_1_30_daily,30,daily,dept_id,FOODS_1,1.4429238615212616,2.496521724516263,0.796380708525635,0.181659931341807,245.2409073114395,2446.0,2691.2409073114395,1350,0.8099648304436415,45,0,validation
validation_fold_3,ridge_global_v1,days_1_30_daily,30,daily,dept_id,FOODS_2,1.2606517023037351,2.2733237893696114,0.7161502005873337,-0.1134459367347142,-285.8837605714798,4436.0,4150.11623942852,2520,0.7446081910097287,84,0,validation
validation_fold_3,ridge_global_v1,days_1_30_daily,30,daily,dept_id,FOODS_3,1.666570358597047,2.989392285407906,0.6537819025466737,0.2614449993908754,1341.2128468751907,13077.0,14418.21284687519,5130,0.7688192338986914,171,0,validation
validation_fold_3,ridge_global_v1,days_1_30_daily,30,daily,intermittency_class,highly_intermittent,0.4422475796119839,0.6441815055301081,1.544837435630903,0.0599883645188574,30.59406590461731,146.0,176.5940659046173,510,0.9195673049230052,17,0,validation
validation_fold_3,ridge_global_v1,days_1_30_daily,30,daily,intermittency_class,intermittent,0.8984278760850429,1.420700936774197,0.8145243283709098,-0.035449301837771,-153.14098393917084,4765.0,4611.859016060829,4320,0.7847434509009226,144,0,validation
validation_fold_3,ridge_global_v1,days_1_30_daily,30,daily,intermittency_class,regular,2.294374281096516,3.7407083298601846,0.6358014853915783,0.341275038764917,1423.116911649704,15048.0,16471.116911649704,4170,0.7325747719282981,139,0,validation
validation_fold_3,ridge_global_v1,days_1_30_daily,30,daily,overall,all,1.519366160273552,2.734176138632478,0.6851192666196687,0.14450777706835,1300.5699936151505,19959.0,21259.56999361515,9000,0.7682119813715246,300,0,validation
validation_fold_3,ridge_global_v1,days_1_30_daily,30,daily,store_id,CA_1,1.6729803857803345,2.942038889144185,0.6698173171414659,0.2053401142756144,616.0203428268433,7493.0,8109.020342826843,3000,0.7763334035769972,100,0,validation
validation_fold_3,ridge_global_v1,days_1_30_daily,30,daily,store_id,TX_2,1.4629219574530918,2.508057106261344,0.6910354073939972,0.2832934906880061,849.8804720640182,6351.0,7200.880472064018,3000,0.7355982749915971,100,0,validation
validation_fold_3,ridge_global_v1,days_1_30_daily,30,daily,store_id,WI_3,1.4221961375872294,2.735180834551319,0.6977250061752557,-0.0551102737585703,-165.33082127571106,6115.0,5949.669178724289,3000,0.7927042655459795,100,0,validation
combined,hist_gradient_boosting_base,day_1_daily,1,daily,demand_band,high,2.1004991411854927,3.256027038062234,0.4523917657230539,-0.2133837718668314,-63.37498024444894,1379.0,1315.625019755551,297,0.4926405248204355,297,0,validation
combined,hist_gradient_boosting_base,day_1_daily,1,daily,demand_band,low,0.5487097973045448,0.763967702640713,0.9758491604757472,0.0011838882708112,0.3516148164309283,167.0,167.35161481643092,297,0.4650204454182663,297,0,validation
combined,hist_gradient_boosting_base,day_1_daily,1,daily,demand_band,medium,0.8977014603647377,1.335245786472893,0.8452204519126454,0.0103019141242142,3.1523857220095746,325.0,328.1523857220096,306,0.4767757375792514,306,0,validation
combined,hist_gradient_boosting_base,day_1_daily,1,daily,dept_id,FOODS_1,1.3505773967845065,2.347620146724411,0.6222796879382537,-0.234420069933739,-31.64670944105477,293.0,261.3532905589452,135,0.5756065687181943,135,0,validation
combined,hist_gradient_boosting_base,day_1_daily,1,daily,dept_id,FOODS_2,0.7696582503507471,1.1192951045806916,0.7237085040611503,0.0110735549682702,2.7905358520041084,268.0,270.7905358520041,252,0.4015914725943793,252,0,validation
combined,hist_gradient_boosting_base,day_1_daily,1,daily,dept_id,FOODS_3,1.3357307484383123,2.3395380944860853,0.5230762396556139,-0.0604577117289624,-31.01480611695775,1310.0,1278.9851938830425,513,0.4900794268799329,513,0,validation
combined,hist_gradient_boosting_base,day_1_daily,1,daily,intermittency_class,highly_intermittent,0.3991605395895699,0.6283199732503828,1.410367239883147,0.0150011055607214,0.7950585947182384,15.0,15.795058594718236,53,0.5580768234154705,53,0,validation
combined,hist_gradient_boosting_base,day_1_daily,1,daily,intermittency_class,intermittent,0.6948306287987075,1.1061068519944697,0.7839581178330967,0.0543304525273656,23.41642503929461,382.0,405.4164250392946,431,0.4514424257873765,431,0,validation
combined,hist_gradient_boosting_base,day_1_daily,1,daily,intermittency_class,regular,1.780971615366973,2.824758742989168,0.5026351370370833,-0.2021213061058203,-84.08246334002126,1474.0,1389.9175366599786,416,0.4955983815018418,416,0,validation
combined,hist_gradient_boosting_base,day_1_daily,1,daily,overall,all,1.1794574462257232,2.0730045885571693,0.5673499206858101,-0.0665233107844538,-59.87097970600843,1871.0,1811.129020293992,900,0.4781318709557172,900,0,validation
combined,hist_gradient_boosting_base,day_1_daily,1,daily,store_id,CA_1,1.3152987533869642,2.2994692636736973,0.5185146202576731,-0.2409505038632891,-72.28515115898674,761.0,688.7148488410132,300,0.4728809936672626,300,0,validation
combined,hist_gradient_boosting_base,day_1_daily,1,daily,store_id,TX_2,1.219867023700051,2.149455430339529,0.5638830618027971,-0.1049713086267711,-31.49139258803133,649.0,617.5086074119686,300,0.4969645822607352,300,0,validation
combined,hist_gradient_boosting_base,day_1_daily,1,daily,store_id,WI_3,1.0032065615901542,1.7275203416866292,0.6528459186053064,0.1463518801366988,43.90556404100964,461.0,504.9055640410096,300,0.4645500369391535,300,0,validation
combined,hist_gradient_boosting_base,days_1_7_aggregate,7,aggregate,demand_band,high,8.469425126251586,13.761932333976622,0.2635878929578456,-0.0073560221747773,-2.1847385859088604,9543.0,9540.815261414087,297,0.7093583178833968,297,0,validation
combined,hist_gradient_boosting_base,days_1_7_aggregate,7,aggregate,demand_band,low,2.151511282596528,2.7774565415061274,0.5276621394972492,0.3685269415765037,109.45250164822158,1211.0,1320.4525016482216,297,0.6926975882024805,297,0,validation
combined,hist_gradient_boosting_base,days_1_7_aggregate,7,aggregate,demand_band,medium,3.1933772058447136,4.269454030272851,0.4417601378790607,0.8813918012097718,269.70589117019017,2212.0,2481.7058911701906,306,0.664725845970487,306,0,validation
combined,hist_gradient_boosting_base,days_1_7_aggregate,7,aggregate,dept_id,FOODS_1,5.18936751425659,8.852130680405411,0.3559779544840649,-0.4493467620405183,-60.66181287546997,1968.0,1907.33818712453,135,0.8086897847180238,135,0,validation
combined,hist_gradient_boosting_base,days_1_7_aggregate,7,aggregate,dept_id,FOODS_2,3.316510432058101,4.755827238288505,0.4503020629734059,1.191050194977023,300.14464913420977,1856.0,2156.14464913421,252,0.6606357614281074,252,0,validation
combined,hist_gradient_boosting_base,days_1_7_aggregate,7,aggregate,dept_id,FOODS_3,5.058998625951443,9.656851357301248,0.2838838651403511,0.2680132903971991,137.49081797376314,9142.0,9279.490817973763,513,0.6708837819837394,513,0,validation
combined,hist_gradient_boosting_base,days_1_7_aggregate,7,aggregate,intermittency_class,highly_intermittent,1.603975134469713,1.8393581126414,0.9884963038011022,1.1906875437220832,63.10643981727041,86.0,149.1064398172704,53,0.8917616384972041,53,0,validation
combined,hist_gradient_boosting_base,days_1_7_aggregate,7,aggregate,intermittency_class,intermittent,2.794327843950703,4.40772825709174,0.4349423260176067,0.6876284728158286,296.3678717836221,2769.0,3065.367871783622,431,0.6859855649768453,431,0,validation
combined,hist_gradient_boosting_base,days_1_7_aggregate,7,aggregate,intermittency_class,regular,6.832272970064239,11.557260290949658,0.2811023198048386,0.0420657274798327,17.499342631610432,10111.0,10128.49934263161,416,0.6656095375699578,416,0,validation
combined,hist_gradient_boosting_base,days_1_7_aggregate,7,aggregate,overall,all,4.590657264907079,8.440513381143802,0.3186481211180295,0.4188596158138922,376.97365423250295,12966.0,13342.973654232504,900,0.688685236638305,900,0,validation
combined,hist_gradient_boosting_base,days_1_7_aggregate,7,aggregate,store_id,CA_1,5.169589079649412,10.447842489026554,0.3029056101357077,-0.253970774055368,-76.19123221661042,5120.0,5043.808767783389,300,0.6818206848637289,300,0,validation
combined,hist_gradient_boosting_base,days_1_7_aggregate,7,aggregate,store_id,TX_2,4.169586584009279,6.563601615361929,0.2895546238895332,0.7146007852929849,214.38023558789547,4320.0,4534.380235587896,300,0.6803246031650931,300,0,validation
combined,hist_gradient_boosting_base,days_1_7_aggregate,7,aggregate,store_id,WI_3,4.432796131062547,7.84146157110474,0.3771522516502451,0.7959488362040594,238.78465086121784,3526.0,3764.784650861218,300,0.703910421886093,300,0,validation
combined,hist_gradient_boosting_base,days_1_7_daily,7,daily,demand_band,high,2.28559923585638,3.8898958547634335,0.4979315531117482,-0.0010508603106825,-2.184738585908917,9543.0,9540.81526141409,2079,0.6433526256589245,297,0,validation
combined,hist_gradient_boosting_base,days_1_7_daily,7,daily,demand_band,low,0.6725505078839925,0.967345068982164,1.154609831454022,0.0526467059395005,109.45250164822158,1211.0,1320.4525016482216,2079,0.6685963489094465,297,0,validation
combined,hist_gradient_boosting_base,days_1_7_daily,7,daily,demand_band,medium,0.9497500834926588,1.3507539445188124,0.9196947011036506,0.1259131144585388,269.7058911701902,2212.0,2481.70589117019,2142,0.618659821527646,306,0,validation
combined,hist_gradient_boosting_base,days_1_7_daily,7,daily,dept_id,FOODS_1,1.4482630319947207,2.6016601215166704,0.6954311815218552,-0.0641923945772169,-60.66181287547,1968.0,1907.33818712453,945,0.7485420580697765,135,0,validation
combined,hist_gradient_boosting_base,days_1_7_daily,7,daily,dept_id,FOODS_2,0.9615138368627396,1.431647686425808,0.91385259063894,0.1701500278538604,300.1446491342098,1856.0,2156.14464913421,1764,0.5986629932194137,252,0,validation
combined,hist_gradient_boosting_base,days_1_7_daily,7,daily,dept_id,FOODS_3,1.4256861661421956,2.7572170176621404,0.5600130193192544,0.0382876129138855,137.4908179737631,9142.0,9279.490817973763,3591,0.6375097440615083,513,0,validation
combined,hist_gradient_boosting_base,days_1_7_daily,7,daily,intermittency_class,highly_intermittent,0.4498266860920178,0.5465751470955937,1.940531401629519,0.1700982205317262,63.10643981727043,86.0,149.10643981727043,371,0.7263809818448811,53,0,validation
combined,hist_gradient_boosting_base,days_1_7_daily,7,daily,intermittency_class,intermittent,0.7896699629541601,1.2451017995408564,0.8603951889608888,0.0982326389736898,296.3678717836221,2769.0,3065.367871783622,3017,0.6270410549989067,431,0,validation
combined,hist_gradient_boosting_base,days_1_7_daily,7,daily,intermittency_class,regular,1.9351092092392408,3.3419742174376053,0.5573175766298752,0.006009389639976,17.49934263161029,10111.0,10128.49934263161,2912,0.6495333271441306,416,0,validation
combined,hist_gradient_boosting_base,days_1_7_daily,7,daily,overall,all,1.2991044438218269,2.4336120427574146,0.6312168746010727,0.0598370879734131,376.9736542325029,12966.0,13342.973654232504,6300,0.6432875009269621,900,0,validation
combined,hist_gradient_boosting_base,days_1_7_daily,7,daily,store_id,CA_1,1.46029009765151,2.95867703185905,0.598947110364877,-0.0362815391507668,-76.19123221661044,5120.0,5043.80876778339,2100,0.6631686400702126,300,0,validation
combined,hist_gradient_boosting_base,days_1_7_daily,7,daily,store_id,TX_2,1.2988688486087094,2.2285859945452144,0.6313945791847893,0.1020858264704263,214.38023558789536,4320.0,4534.380235587896,2100,0.645365968093013,300,0,validation
combined,hist_gradient_boosting_base,days_1_7_daily,7,daily,store_id,WI_3,1.1381543852052611,2.0117249836964275,0.677857121080842,0.1137069766005799,238.7846508612179,3526.0,3764.784650861218,2100,0.6213278946176604,300,0,validation
combined,hist_gradient_boosting_base,days_1_30_aggregate,30,aggregate,demand_band,high,39.04944777615997,63.28930430335686,0.2659775706247021,12.817087893890283,3806.675104485415,43604.0,47410.67510448542,297,1.4313439650409827,297,0,validation
combined,hist_gradient_boosting_base,days_1_30_aggregate,30,aggregate,demand_band,low,9.04313058606467,10.98656250240498,0.4957197829570334,4.74713602770991,1409.8994002298432,5418.0,6827.899400229843,297,1.5073666816235578,297,0,validation
combined,hist_gradient_boosting_base,days_1_30_aggregate,30,aggregate,demand_band,medium,11.557554829958503,15.025949163564023,0.3244300319206772,3.890355109474988,1190.4486634993464,10901.0,12091.448663499346,306,1.1602120802954117,306,0,validation
combined,hist_gradient_boosting_base,days_1_30_aggregate,30,aggregate,dept_id,FOODS_1,16.86022136786787,23.67820109125392,0.2861256926036659,7.0047599805684255,945.6425973767374,7955.0,8900.642597376736,135,1.4293943075315367,135,0,validation
combined,hist_gradient_boosting_base,days_1_30_aggregate,30,aggregate,dept_id,FOODS_2,17.72668484984392,33.70908124584613,0.4072128151468248,4.297289115322017,1082.9168570611482,10970.0,12052.916857061147,252,1.4291538543116702,252,0,validation
combined,hist_gradient_boosting_base,days_1_30_aggregate,30,aggregate,dept_id,FOODS_3,21.592306208041304,42.6359769279243,0.2701803279361234,8.53501698591953,4378.463713776719,40998.0,45376.46371377671,513,1.3152182374784918,513,0,validation
combined,hist_gradient_boosting_base,days_1_30_aggregate,30,aggregate,intermittency_class,highly_intermittent,10.102838950151511,11.433142028765392,1.290242082790434,9.739326056994496,516.1842810207083,415.0,931.1842810207085,53,2.8018792452223917,53,0,validation
combined,hist_gradient_boosting_base,days_1_30_aggregate,30,aggregate,intermittency_class,intermittent,10.757409902685522,15.189253478045725,0.3405643945980211,4.575737365261487,1972.1428044277009,13614.0,15586.142804427702,431,1.3033296297747134,431,0,validation
combined,hist_gradient_boosting_base,days_1_30_aggregate,30,aggregate,intermittency_class,regular,30.40435918060704,53.44426474148213,0.275596230860952,9.419942506649509,3918.696082766196,45894.0,49812.6960827662,416,1.2442002120194144,416,0,validation
combined,hist_gradient_boosting_base,days_1_30_aggregate,30,aggregate,overall,all,19.800119501720022,37.926564657265686,0.2973834346002039,7.118914631349561,6407.023168214605,59923.0,66330.0231682146,900,1.3642466206997383,900,0,validation
combined,hist_gradient_boosting_base,days_1_30_aggregate,30,aggregate,store_id,CA_1,21.33639496184321,39.51683760742768,0.2856022884415921,7.059928741589992,2117.9786224769978,22412.0,24529.978622477,300,1.2726150179156397,300,0,validation
combined,hist_gradient_boosting_base,days_1_30_aggregate,30,aggregate,store_id,TX_2,18.861552645480117,36.18236812011054,0.2867659534585462,8.204650948621262,2461.3952845863787,19732.0,22193.39528458638,300,1.4304053646105443,300,0,validation
combined,hist_gradient_boosting_base,days_1_30_aggregate,30,aggregate,store_id,WI_3,19.202410897836742,38.00695597958699,0.3240184076354701,6.092164203837427,1827.649261151228,17779.0,19606.64926115123,300,1.3897194795730312,300,0,validation
combined,hist_gradient_boosting_base,days_1_30_daily,30,daily,demand_band,high,2.7457151958622283,4.281817676049905,0.5610568387104957,0.4272362631296763,3806.675104485416,43604.0,47410.67510448541,8910,0.750287857318961,297,0,validation
combined,hist_gradient_boosting_base,days_1_30_daily,30,daily,demand_band,low,0.761484980784245,1.01822506744197,1.2522759650770807,0.1582378675903303,1409.8994002298432,5418.0,6827.899400229844,8910,0.7870507722337879,297,0,validation
combined,hist_gradient_boosting_base,days_1_30_daily,30,daily,demand_band,medium,1.0646392586308353,1.4460260199951016,0.8965588839767973,0.1296785036491662,1190.4486634993464,10901.0,12091.448663499345,9180,0.7374135527303116,306,0,validation
combined,hist_gradient_boosting_base,days_1_30_daily,30,daily,dept_id,FOODS_1,1.514254086790369,2.448148006046087,0.770927599183029,0.2334919993522808,945.6425973767374,7955.0,8900.642597376736,4050,0.8246926521040486,135,0,validation
combined,hist_gradient_boosting_base,days_1_30_daily,30,daily,dept_id,FOODS_2,1.276569246426448,2.188013237858066,0.8797505472182267,0.1432429705107339,1082.9168570611482,10970.0,12052.916857061147,7560,0.7520281257667665,252,0,validation
combined,hist_gradient_boosting_base,days_1_30_daily,30,daily,dept_id,FOODS_3,1.6399577266839638,2.92112571510052,0.615614161999761,0.2845005661973177,4378.46371377672,40998.0,45376.46371377671,15390,0.7434571625445809,513,0,validation
combined,hist_gradient_boosting_base,days_1_30_daily,30,daily,intermittency_class,highly_intermittent,0.5988560134964113,0.6840940281096919,2.294412196287455,0.3246442018998165,516.1842810207082,415.0,931.1842810207085,1590,0.978124282719428,53,0,validation
combined,hist_gradient_boosting_base,days_1_30_daily,30,daily,intermittency_class,intermittent,0.920104529943837,1.3767976389708376,0.8738762723794485,0.1525245788420495,1972.1428044277009,13614.0,15586.142804427702,12930,0.7570810890064091,431,0,validation
combined,hist_gradient_boosting_base,days_1_30_daily,30,daily,intermittency_class,regular,2.2574847223171504,3.652962428071583,0.6138800133899428,0.3139980835549836,3918.696082766196,45894.0,49812.6960827662,12480,0.730998999439302,416,0,validation
combined,hist_gradient_boosting_base,days_1_30_daily,30,daily,overall,all,1.51935340622782,2.6651984619926865,0.6845875868723386,0.2372971543783187,6407.023168214606,59923.0,66330.0231682146,27000,0.7580423556807131,900,0,validation
combined,hist_gradient_boosting_base,days_1_30_daily,30,daily,store_id,CA_1,1.6464160661621232,2.9315233515928907,0.6611522664402602,0.2353309580529997,2117.9786224769978,22412.0,24529.978622477,9000,0.7439449892901516,300,0,validation
combined,hist_gradient_boosting_base,days_1_30_daily,30,daily,store_id,TX_2,1.4807711694474774,2.479331032579354,0.6753973507514341,0.273488364954042,2461.3952845863787,19732.0,22193.395284586382,9000,0.757692901674464,300,0,validation
combined,hist_gradient_boosting_base,days_1_30_daily,30,daily,store_id,WI_3,1.4308729830738596,2.562993756406581,0.7243296500177027,0.2030721401279142,1827.6492611512283,17779.0,19606.64926115123,9000,0.7724891760775235,300,0,validation
validation_fold_1,hist_gradient_boosting_base,day_1_daily,1,daily,demand_band,high,2.261385509281809,3.523547603920141,0.3886756344078109,-0.3791420945951376,-37.53506736491863,576.0,538.4649326350815,99,0.5534205781904616,99,0,validation
validation_fold_1,hist_gradient_boosting_base,day_1_daily,1,daily,demand_band,low,0.6185206999211138,0.7928062898882777,0.8874427433650763,0.0048375293954112,0.478915410145715,69.0,69.47891541014573,99,0.529632786594593,99,0,validation
validation_fold_1,hist_gradient_boosting_base,day_1_daily,1,daily,demand_band,medium,1.069490116769804,1.6736107772545752,0.8522499368009376,0.0261876805398814,2.6711434150679074,128.0,130.6711434150679,102,0.5416960709932427,102,0,validation
validation_fold_1,hist_gradient_boosting_base,day_1_daily,1,daily,dept_id,FOODS_1,1.5766172043921942,2.4253771615145188,0.5457521092126826,-0.3879445083518768,-17.457502875834457,130.0,112.54249712416556,45,0.7202235454309388,45,0,validation
validation_fold_1,hist_gradient_boosting_base,day_1_daily,1,daily,dept_id,FOODS_2,0.8229797933238558,1.1789781639377617,0.7946011797609642,0.1215685468588167,10.211757936140607,87.0,97.2117579361406,84,0.4608089474291967,84,0,validation
validation_fold_1,hist_gradient_boosting_base,day_1_daily,1,daily,dept_id,FOODS_3,1.4860855542968223,2.644180089504073,0.4570514924186271,-0.1587091438597142,-27.13926360001114,556.0,528.8607363999888,171,0.5342530481086923,171,0,validation
validation_fold_1,hist_gradient_boosting_base,day_1_daily,1,daily,intermittency_class,highly_intermittent,0.5597911260149026,0.8838012778005762,1.2595300335335309,-0.028840314543253,-0.5191256617785549,8.0,7.480874338221445,18,0.7532374769132324,18,0,validation
validation_fold_1,hist_gradient_boosting_base,day_1_daily,1,daily,intermittency_class,intermittent,0.7647851002283103,1.2439492149063645,0.7543085920060046,0.0948819788336605,13.663004952047118,146.0,159.66300495204712,144,0.4836082631847133,144,0,validation
validation_fold_1,hist_gradient_boosting_base,day_1_daily,1,daily,intermittency_class,regular,1.985459506670032,3.1162982021354115,0.4426387914708633,-0.3444122306519823,-47.52888782997356,619.0,571.4711121700265,138,0.574474042550683,138,0,validation
validation_fold_1,hist_gradient_boosting_base,day_1_daily,1,daily,overall,all,1.3139956887386977,2.2927772627312004,0.509959516974915,-0.11461669513235,-34.385008539705,773.0,738.614991460295,300,0.5415842745167705,300,0,validation
validation_fold_1,hist_gradient_boosting_base,day_1_daily,1,daily,store_id,CA_1,1.3655666711253946,2.3781606471852674,0.424089028299812,-0.3524570801465158,-35.245708014651576,322.0,286.7542919853485,100,0.5118680982128655,100,0,validation
validation_fold_1,hist_gradient_boosting_base,day_1_daily,1,daily,store_id,TX_2,1.2941191540317332,2.282047275117855,0.4901966492544443,-0.204798935649102,-20.479893564910203,264.0,243.52010643508984,100,0.5307335432426118,100,0,validation
validation_fold_1,hist_gradient_boosting_base,day_1_daily,1,daily,store_id,WI_3,1.2823012410589658,2.215196356939504,0.685722588801586,0.2134059303985678,21.34059303985678,187.0,208.3405930398568,100,0.5821511820948344,100,0,validation
validation_fold_1,hist_gradient_boosting_base,days_1_7_aggregate,7,aggregate,demand_band,high,6.919523845999191,9.904414615426164,0.2397734899383688,2.181726071465979,215.99088107513197,2857.0,3072.9908810751326,99,0.6184047340368444,99,0,validation
validation_fold_1,hist_gradient_boosting_base,days_1_7_aggregate,7,aggregate,demand_band,low,2.124912015544649,2.7572927021084923,0.5272338083682211,0.4350829540949987,43.07321245540487,399.0,442.07321245540487,99,0.6800879623186186,99,0,validation
validation_fold_1,hist_gradient_boosting_base,days_1_7_aggregate,7,aggregate,demand_band,medium,3.2460559902030104,4.2293450503706485,0.4883447064907184,1.3160663493928595,134.2387676380717,678.0,812.2387676380717,102,0.6653196318267307,102,0,validation
validation_fold_1,hist_gradient_boosting_base,days_1_7_aggregate,7,aggregate,dept_id,FOODS_1,4.97522240734477,7.06776002805258,0.3593659844791567,1.2732637056684275,57.29686675507925,623.0,680.2968667550792,45,0.8259473378976628,45,0,validation
validation_fold_1,hist_gradient_boosting_base,days_1_7_aggregate,7,aggregate,dept_id,FOODS_2,2.9999510373511304,3.863792109483031,0.4874195109042456,1.3681091607987772,114.92116950709728,517.0,631.9211695070974,84,0.6302955349094195,84,0,validation
validation_fold_1,hist_gradient_boosting_base,days_1_7_aggregate,7,aggregate,dept_id,FOODS_3,4.389567051611331,7.168358685579248,0.2686528152560979,1.2928937129031104,221.08482490643183,2794.0,3015.0848249064315,171,0.621642831858078,171,0,validation
validation_fold_1,hist_gradient_boosting_base,days_1_7_aggregate,7,aggregate,intermittency_class,highly_intermittent,1.448959608645451,1.6631925008836193,0.7670962634005329,1.1220170464707029,20.19630683647265,34.0,54.19630683647265,18,0.813795529176894,18,0,validation
validation_fold_1,hist_gradient_boosting_base,days_1_7_aggregate,7,aggregate,intermittency_class,intermittent,2.598940333657396,3.43192082141412,0.442372822750195,0.9018609509690776,129.8679769395472,846.0,975.8679769395472,144,0.659684418644271,144,0,validation
validation_fold_1,hist_gradient_boosting_base,days_1_7_aggregate,7,aggregate,intermittency_class,regular,5.986725944139594,8.740619987547046,0.2705200328393137,1.762598386902816,243.23857739258855,3054.0,3297.238577392589,138,0.6287717650402772,138,0,validation
validation_fold_1,hist_gradient_boosting_base,days_1_7_aggregate,7,aggregate,overall,all,4.088322870978491,6.400213479417985,0.3117683938214405,1.3110095372286947,393.3028611686084,3934.0,4327.302861168608,300,0.6547112646183912,300,0,validation
validation_fold_1,hist_gradient_boosting_base,days_1_7_aggregate,7,aggregate,store_id,CA_1,3.756439802194087,5.466060286706547,0.2477862666354938,1.154716712836945,115.47167128369452,1516.0,1631.471671283695,100,0.5770994295146216,100,0,validation
validation_fold_1,hist_gradient_boosting_base,days_1_7_aggregate,7,aggregate,store_id,TX_2,4.182441044861137,6.371555208281836,0.3161331099668281,1.123164274587146,112.3164274587146,1323.0,1435.3164274587143,100,0.6904115538089635,100,0,validation
validation_fold_1,hist_gradient_boosting_base,days_1_7_aggregate,7,aggregate,store_id,WI_3,4.326087765880248,7.2397283731005535,0.395076508299566,1.6551476242619934,165.51476242619933,1095.0,1260.5147624261992,100,0.6966228105315885,100,0,validation
validation_fold_1,hist_gradient_boosting_base,days_1_7_daily,7,daily,demand_band,high,2.0517200662334742,3.0513809290153797,0.4976695855442063,0.3116751530665684,215.9908810751319,2857.0,3072.990881075132,693,0.5991085548979189,99,0,validation
validation_fold_1,hist_gradient_boosting_base,days_1_7_daily,7,daily,demand_band,low,0.6971989318198423,0.9797859433962054,1.2109244605291998,0.0621547077278569,43.07321245540487,399.0,442.07321245540487,693,0.6890000361109917,99,0,validation
validation_fold_1,hist_gradient_boosting_base,days_1_7_daily,7,daily,demand_band,medium,0.95266378719367,1.3428537832187202,1.0032477050977586,0.1880094784846942,134.23876763807166,678.0,812.2387676380716,714,0.6079839675752301,102,0,validation
validation_fold_1,hist_gradient_boosting_base,days_1_7_daily,7,daily,dept_id,FOODS_1,1.415994253136883,2.2225871735878764,0.715952150462469,0.1818948150954897,57.29686675507926,623.0,680.2968667550792,315,0.7410208002636611,45,0,validation
validation_fold_1,hist_gradient_boosting_base,days_1_7_daily,7,daily,dept_id,FOODS_2,0.9021246775209752,1.2394259692958025,1.0260141400045133,0.1954441658283967,114.9211695070973,517.0,631.9211695070974,588,0.6111123177490665,84,0,validation
validation_fold_1,hist_gradient_boosting_base,days_1_7_daily,7,daily,dept_id,FOODS_3,1.3439559812755029,2.2287564749341127,0.5757749855357112,0.1846991018433015,221.0848249064319,2794.0,3015.084824906432,1197,0.6132031842091773,171,0,validation
validation_fold_1,hist_gradient_boosting_base,days_1_7_daily,7,daily,intermittency_class,highly_intermittent,0.4666556119029015,0.6077367804388089,1.7293707970519294,0.1602881494958146,20.196306836472647,34.0,54.19630683647264,126,0.7576123585870659,18,0,validation
validation_fold_1,hist_gradient_boosting_base,days_1_7_daily,7,daily,intermittency_class,intermittent,0.773826677742683,1.1487035889401138,0.9220062543317074,0.1288372787098682,129.86797693954716,846.0,975.8679769395472,1008,0.6121815686922447,144,0,validation
validation_fold_1,hist_gradient_boosting_base,days_1_7_daily,7,daily,intermittency_class,regular,1.8078539455930005,2.697412580844198,0.5718359238516171,0.2517997695575451,243.23857739258855,3054.0,3297.238577392589,966,0.6358401946109073,138,0,validation
validation_fold_1,hist_gradient_boosting_base,days_1_7_daily,7,daily,overall,all,1.2310489570034424,2.0006264366371287,0.6571435713541507,0.1872870767469563,393.3028611686084,3934.0,4327.302861168609,2100,0.6317903840085188,300,0,validation
validation_fold_1,hist_gradient_boosting_base,days_1_7_daily,7,daily,store_id,CA_1,1.2996577772536515,2.1251302614819907,0.6001058338242454,0.1649595304052779,115.47167128369452,1516.0,1631.4716712836944,700,0.6346470000318629,100,0,validation
validation_fold_1,hist_gradient_boosting_base,days_1_7_daily,7,daily,store_id,TX_2,1.2388678929379855,1.9880333859569577,0.6554856576391458,0.1604520392267351,112.31642745871456,1323.0,1435.3164274587143,700,0.6214457032666227,100,0,validation
validation_fold_1,hist_gradient_boosting_base,days_1_7_daily,7,daily,store_id,WI_3,1.1546212008186898,1.881239762754371,0.7381140096557834,0.2364496606088561,165.5147624261993,1095.0,1260.5147624261992,700,0.6392784487270707,100,0,validation
validation_fold_1,hist_gradient_boosting_base,days_1_30_aggregate,30,aggregate,demand_band,high,39.54029681345664,61.71997523434274,0.2779190191361169,13.071306819786251,1294.059375158839,14085.0,15379.05937515884,99,1.4889265542856676,99,0,validation
validation_fold_1,hist_gradient_boosting_base,days_1_30_aggregate,30,aggregate,demand_band,low,8.994117432604147,11.560336293126838,0.4823497431353253,4.492083989058123,444.7163149167541,1846.0,2290.716314916754,99,1.491351131855135,99,0,validation
validation_fold_1,hist_gradient_boosting_base,days_1_30_aggregate,30,aggregate,demand_band,medium,12.00093181767899,15.899544090686843,0.3532741833775633,5.20740503480592,531.1553135502038,3465.0,3996.155313550204,102,1.2110877415538814,102,0,validation
validation_fold_1,hist_gradient_boosting_base,days_1_30_aggregate,30,aggregate,dept_id,FOODS_1,19.11879505334505,26.121531963236475,0.3051953804187751,6.578125615107767,296.0156526798495,2819.0,3115.0156526798496,45,1.6229748628224174,45,0,validation
validation_fold_1,hist_gradient_boosting_base,days_1_30_aggregate,30,aggregate,dept_id,FOODS_2,18.373938567215795,37.29701682738797,0.5763296637961638,11.722917633774738,984.725081237078,2678.0,3662.725081237078,84,1.4032105630276648,84,0,validation
validation_fold_1,hist_gradient_boosting_base,days_1_30_aggregate,30,aggregate,dept_id,FOODS_3,21.20026572348901,39.63186589952654,0.2608277889572358,5.784738419350111,989.190269708869,13899.0,14888.190269708872,171,1.3314320727783784,171,0,validation
validation_fold_1,hist_gradient_boosting_base,days_1_30_aggregate,30,aggregate,intermittency_class,highly_intermittent,11.241219195820952,12.849274077098404,1.4988292261094602,11.10391858896923,199.8705346014461,135.0,334.8705346014462,18,2.9979227897749925,18,0,validation
validation_fold_1,hist_gradient_boosting_base,days_1_30_aggregate,30,aggregate,intermittency_class,intermittent,10.901562452326008,15.145045303142927,0.3590633561607834,4.804360706389719,691.8279417201195,4372.0,5063.827941720119,144,1.308226112411976,144,0,validation
validation_fold_1,hist_gradient_boosting_base,days_1_30_aggregate,30,aggregate,intermittency_class,regular,30.846631283359077,52.48466456010278,0.2859047026061893,9.987192226842254,1378.232527304231,14889.0,16267.23252730423,138,1.2770381895881224,138,0,validation
validation_fold_1,hist_gradient_boosting_base,days_1_30_aggregate,30,aggregate,overall,all,20.096673519210917,37.24432020811681,0.3108373920273909,7.566436678752655,2269.9310036257966,19396.0,21665.9310036258,300,1.3952614685547844,300,0,validation
validation_fold_1,hist_gradient_boosting_base,days_1_30_aggregate,30,aggregate,store_id,CA_1,18.64521913219714,32.02075574408679,0.2607358290056935,8.677220437576771,867.722043757677,7151.0,8018.722043757677,100,1.1708627996758605,100,0,validation
validation_fold_1,hist_gradient_boosting_base,days_1_30_aggregate,30,aggregate,store_id,TX_2,21.688597389683256,37.60666708358597,0.329864599082635,5.427147755514559,542.7147755514559,6575.0,7117.714775551456,100,1.5743827183148231,100,0,validation
validation_fold_1,hist_gradient_boosting_base,days_1_30_aggregate,30,aggregate,store_id,WI_3,19.956204035752357,41.494914817795184,0.3519612704718228,8.594941843166641,859.4941843166641,5670.0,6529.494184316664,100,1.4405388876736698,100,0,validation
validation_fold_1,hist_gradient_boosting_base,days_1_30_daily,30,daily,demand_band,high,2.6649451215871065,4.068231812679733,0.5619373099832237,0.4357102273262084,1294.059375158839,14085.0,15379.05937515884,2970,0.7564592875341074,99,0,validation
validation_fold_1,hist_gradient_boosting_base,days_1_30_daily,30,daily,demand_band,low,0.7744941112302262,1.0175501729879473,1.2460712407116856,0.149736132968604,444.7163149167541,1846.0,2290.716314916754,2970,0.800051192860679,99,0,validation
validation_fold_1,hist_gradient_boosting_base,days_1_30_daily,30,daily,demand_band,medium,1.0687729660088776,1.4416669470903478,0.9438514505013464,0.1735801678268639,531.1553135502038,3465.0,3996.155313550204,3060,0.73154595597883,102,0,validation
validation_fold_1,hist_gradient_boosting_base,days_1_30_daily,30,daily,dept_id,FOODS_1,1.6527979678447533,2.6810479699036693,0.7915137483470794,0.2192708538369255,296.0156526798495,2819.0,3115.0156526798496,1350,0.8893217918347158,45,0,validation
validation_fold_1,hist_gradient_boosting_base,days_1_30_daily,30,daily,dept_id,FOODS_2,1.2014925723213623,1.8318478143048145,1.1306054078602812,0.3907639211258246,984.725081237078,2678.0,3662.7250812370794,2520,0.7361674333876438,84,0,validation
validation_fold_1,hist_gradient_boosting_base,days_1_30_daily,30,daily,dept_id,FOODS_3,1.6036142804316558,2.807327809357528,0.5918800819205982,0.192824613978337,989.1902697088692,13899.0,14888.19026970887,5130,0.7418402341040948,171,0,validation
validation_fold_1,hist_gradient_boosting_base,days_1_30_daily,30,daily,intermittency_class,highly_intermittent,0.6205975089985274,0.7138197966403949,2.4823900359941096,0.3701306196323076,199.8705346014461,135.0,334.8705346014462,540,1.0020544632392374,18,0,validation
validation_fold_1,hist_gradient_boosting_base,days_1_30_daily,30,daily,intermittency_class,intermittent,0.9217836767576436,1.4053067106096135,0.9108201014622644,0.1601453568796572,691.8279417201195,4372.0,5063.827941720119,4320,0.7513885087434063,144,0,validation
validation_fold_1,hist_gradient_boosting_base,days_1_30_daily,30,daily,intermittency_class,regular,2.2145776954112124,3.4677057459933,0.6157802175433151,0.3329064075614085,1378.232527304231,14889.0,16267.23252730423,4140,0.7425746338519398,138,0,validation
validation_fold_1,hist_gradient_boosting_base,days_1_30_daily,30,daily,overall,all,1.4983977552727383,2.551472183527529,0.6952763351956406,0.2522145559584219,2269.931003625797,19396.0,21665.9310036258,9000,0.7623740835630816,300,0,validation
validation_fold_1,hist_gradient_boosting_base,days_1_30_daily,30,daily,store_id,CA_1,1.5913168360092191,2.722568997436539,0.6675920162253751,0.2892406812525589,867.7220437576768,7151.0,8018.722043757677,3000,0.7399144080342634,100,0,validation
validation_fold_1,hist_gradient_boosting_base,days_1_30_daily,30,daily,store_id,TX_2,1.4670095095539857,2.3830743297082644,0.6693579511272938,0.1809049251838186,542.7147755514558,6575.0,7117.714775551456,3000,0.7577586587750267,100,0,validation
validation_fold_1,hist_gradient_boosting_base,days_1_30_daily,30,daily,store_id,WI_3,1.4368669202550095,2.537440778269932,0.7602470477539733,0.286498061438888,859.4941843166642,5670.0,6529.494184316664,3000,0.7894491838799551,100,0,validation
validation_fold_2,hist_gradient_boosting_base,day_1_daily,1,daily,demand_band,high,1.8851191756432213,2.967658941063462,0.5003399420608013,0.0324349794728192,3.2110629678091054,373.0,376.211062967809,99,0.4384091646253877,99,0,validation
validation_fold_2,hist_gradient_boosting_base,day_1_daily,1,daily,demand_band,low,0.5364536671901948,0.807653950698298,0.9834983898486904,-0.0320447205566388,-3.1724273351072423,54.0,50.82757266489276,99,0.4633800134757936,99,0,validation
validation_fold_2,hist_gradient_boosting_base,day_1_daily,1,daily,demand_band,medium,0.7820133360974427,1.1120538825352502,0.7897560423954372,-0.0501181134542138,-5.112047572329808,101.0,95.8879524276702,102,0.4399319763789457,102,0,validation
validation_fold_2,hist_gradient_boosting_base,day_1_daily,1,daily,dept_id,FOODS_1,1.219786352440187,2.016998466108074,0.6457692454095108,-0.1726810165755921,-7.770645745901647,85.0,77.22935425409837,45,0.5626014151839188,45,0,validation
validation_fold_2,hist_gradient_boosting_base,day_1_daily,1,daily,dept_id,FOODS_2,0.6994042002306737,0.9776654989658052,0.876864967453382,0.0578089862916751,4.855954848500715,67.0,71.85595484850069,84,0.3948132161011825,84,0,validation
validation_fold_2,hist_gradient_boosting_base,day_1_daily,1,daily,dept_id,FOODS_3,1.203863935925511,2.161936029029852,0.5475019495831446,-0.0126240996621462,-2.158721042227013,376.0,373.84127895777294,171,0.4425076981689692,171,0,validation
validation_fold_2,hist_gradient_boosting_base,day_1_daily,1,daily,intermittency_class,highly_intermittent,0.3616447074958357,0.525348857342481,1.084934122487507,-0.1052362911850737,-1.894253241331328,6.0,4.105746758668673,18,0.53922571054163,18,0,validation
validation_fold_2,hist_gradient_boosting_base,day_1_daily,1,daily,intermittency_class,intermittent,0.6609233560973296,1.0268516721151086,0.7876003326826511,0.015573914101466,2.227069716509648,120.0,122.22706971650962,143,0.4444115675181094,143,0,validation
validation_fold_2,hist_gradient_boosting_base,day_1_daily,1,daily,intermittency_class,regular,1.5717944393208936,2.554246468201746,0.5434811618547368,-0.0388937296029227,-5.406228414806268,402.0,396.59377158519374,139,0.4380811027182045,139,0,validation
validation_fold_2,hist_gradient_boosting_base,day_1_daily,1,daily,overall,all,1.065003572408158,1.8820298052919624,0.6051156661409988,-0.0169113731320931,-5.073411939627952,528.0,522.9265880603721,300,0.4471673007422314,300,0,validation
validation_fold_2,hist_gradient_boosting_base,day_1_daily,1,daily,store_id,CA_1,1.3835583499622663,2.5746653849582297,0.6405362731306788,-0.2191505887082642,-21.915058870826424,216.0,194.0849411291736,100,0.4673688471527751,100,0,validation
validation_fold_2,hist_gradient_boosting_base,day_1_daily,1,daily,store_id,TX_2,1.047022535914286,1.6035465289527455,0.5599050994194043,-0.0578689382699329,-5.78689382699329,187.0,181.2131061730067,100,0.490846567310467,100,0,validation
validation_fold_2,hist_gradient_boosting_base,day_1_daily,1,daily,store_id,WI_3,0.7644298313479215,1.194087621995723,0.6115438650783372,0.2262854075819176,22.62854075819176,125.0,147.62854075819178,100,0.383286487763452,100,0,validation
validation_fold_2,hist_gradient_boosting_base,days_1_7_aggregate,7,aggregate,demand_band,high,9.2879622307702,16.691322220108596,0.2926506240758275,0.4171592449140259,41.29876524648857,3142.0,3183.2987652464885,99,0.7402392228314463,99,0,validation
validation_fold_2,hist_gradient_boosting_base,days_1_7_aggregate,7,aggregate,demand_band,low,2.110177918649576,2.618457672832045,0.5819153591819164,0.8961141645270407,88.71530228817703,359.0,447.715302288177,99,0.7014331080384402,99,0,validation
validation_fold_2,hist_gradient_boosting_base,days_1_7_aggregate,7,aggregate,demand_band,medium,3.1650826843693287,4.265769730395071,0.4081396129022396,0.2409358505930924,24.57545676049543,791.0,815.5754567604953,102,0.6733800059193426,102,0,validation
validation_fold_2,hist_gradient_boosting_base,days_1_7_aggregate,7,aggregate,dept_id,FOODS_1,4.122674701793605,5.967397805759541,0.3056348625711898,0.8626389778023666,38.8187540011065,607.0,645.8187540011065,45,0.6980855267819268,45,0,validation
validation_fold_2,hist_gradient_boosting_base,days_1_7_aggregate,7,aggregate,dept_id,FOODS_2,3.24654002852033,4.117913687808509,0.5194464045632529,1.264207294577955,106.1934127445482,525.0,631.1934127445483,84,0.7159890501870999,84,0,validation
validation_fold_2,hist_gradient_boosting_base,days_1_7_aggregate,7,aggregate,dept_id,FOODS_3,5.807161313577833,12.586408574722263,0.3142482862727245,0.0560079388860019,9.577357549506331,3160.0,3169.577357549507,171,0.700897031806951,171,0,validation
validation_fold_2,hist_gradient_boosting_base,days_1_7_aggregate,7,aggregate,intermittency_class,highly_intermittent,1.8724428895925356,2.029501635953523,1.982586588980332,1.8052584579427664,32.4946522429698,17.0,49.4946522429698,18,1.0357608678207697,18,0,validation
validation_fold_2,hist_gradient_boosting_base,days_1_7_aggregate,7,aggregate,intermittency_class,intermittent,2.84739552146929,5.080132378625183,0.445489671302088,0.8320857645128196,118.9882643253332,914.0,1032.9882643253331,143,0.6921905703856376,143,0,validation
validation_fold_2,hist_gradient_boosting_base,days_1_7_aggregate,7,aggregate,intermittency_class,regular,7.268868899391765,13.768806537315877,0.3006167143753214,0.022349695876676,3.1066077268579733,3361.0,3364.106607726858,139,0.6747005336256956,139,0,validation
validation_fold_2,hist_gradient_boosting_base,days_1_7_aggregate,7,aggregate,overall,all,4.837514361994098,10.019359921008174,0.3381300812204635,0.5152984143172035,154.58952429516103,4292.0,4446.589524295161,300,0.7047010711996391,300,0,validation
validation_fold_2,hist_gradient_boosting_base,days_1_7_aggregate,7,aggregate,store_id,CA_1,6.179753515814202,14.532492667874152,0.3555669456740047,-0.7045278085484158,-70.45278085484158,1738.0,1667.5472191451588,100,0.7300608870527405,100,0,validation
validation_fold_2,hist_gradient_boosting_base,days_1_7_aggregate,7,aggregate,store_id,TX_2,3.9164010192878833,6.133534495378531,0.2752214349464429,1.0420737666497573,104.20737666497573,1423.0,1527.2073766649755,100,0.6610332706741251,100,0,validation
validation_fold_2,hist_gradient_boosting_base,days_1_7_aggregate,7,aggregate,store_id,WI_3,4.416388550880211,7.235269941909598,0.3904852830132813,1.2083492848502688,120.83492848502688,1131.0,1251.8349284850267,100,0.7230090558720513,100,0,validation
validation_fold_2,hist_gradient_boosting_base,days_1_7_daily,7,daily,demand_band,high,2.3248110807064872,4.35059776610343,0.5127606871195403,0.0595941778448608,41.29876524648857,3142.0,3183.298765246489,693,0.6433157145396413,99,0,validation
validation_fold_2,hist_gradient_boosting_base,days_1_7_daily,7,daily,demand_band,low,0.6305070909594485,0.8891474635092089,1.2171070028827236,0.1280163092181486,88.71530228817703,359.0,447.715302288177,693,0.6168914478918045,99,0,validation
validation_fold_2,hist_gradient_boosting_base,days_1_7_daily,7,daily,demand_band,medium,0.9081450392451096,1.250478238775172,0.8197415398495681,0.0344194072275846,24.57545676049541,791.0,815.5754567604954,714,0.5977134739849094,102,0,validation
validation_fold_2,hist_gradient_boosting_base,days_1_7_daily,7,daily,dept_id,FOODS_1,1.1627139944198115,1.885085927814104,0.603385351305174,0.1232341396860523,38.81875400110648,607.0,645.8187540011065,315,0.6174611537094269,45,0,validation
validation_fold_2,hist_gradient_boosting_base,days_1_7_daily,7,daily,dept_id,FOODS_2,0.8847577667509174,1.18505500625721,0.9909286987610276,0.1806010420825649,106.1934127445482,525.0,631.1934127445481,588,0.5912618854807542,84,0,validation
validation_fold_2,hist_gradient_boosting_base,days_1_7_daily,7,daily,dept_id,FOODS_3,1.5120790107716973,3.274687208512821,0.5727717012321905,0.0080011341265717,9.577357549506344,3160.0,3169.5773575495064,1197,0.6331902522214405,171,0,validation
validation_fold_2,hist_gradient_boosting_base,days_1_7_daily,7,daily,intermittency_class,highly_intermittent,0.4233408213078056,0.4759197238633354,3.137702557928441,0.2578940654203952,32.4946522429698,17.0,49.49465224296979,126,0.6631962961780856,18,0,validation
validation_fold_2,hist_gradient_boosting_base,days_1_7_daily,7,daily,intermittency_class,intermittent,0.7742120876160545,1.260819167534162,0.8479062359996397,0.1188693949304028,118.98826432533323,914.0,1032.9882643253331,1001,0.6011597158282949,143,0,validation
validation_fold_2,hist_gradient_boosting_base,days_1_7_daily,7,daily,intermittency_class,regular,1.919962803491313,3.6778630210624814,0.5558238047596095,0.0031928136966679,3.106607726857959,3361.0,3364.106607726858,973,0.6318266959174259,139,0,validation
validation_fold_2,hist_gradient_boosting_base,days_1_7_daily,7,daily,overall,all,1.284024309993096,2.653053023412171,0.6282504778624188,0.0736140591881719,154.58952429516103,4292.0,4446.589524295161,2100,0.6190909447572462,300,0,validation
validation_fold_2,hist_gradient_boosting_base,days_1_7_daily,7,daily,store_id,CA_1,1.5329838576710924,3.538427016200954,0.617427330477425,-0.1006468297926308,-70.45278085484159,1738.0,1667.5472191451586,700,0.6440104502737435,100,0,validation
validation_fold_2,hist_gradient_boosting_base,days_1_7_daily,7,daily,store_id,TX_2,1.275370946907179,2.290461218499728,0.6273785402916552,0.1488676809499652,104.20737666497568,1423.0,1527.2073766649758,700,0.640844083723156,100,0,validation
validation_fold_2,hist_gradient_boosting_base,days_1_7_daily,7,daily,store_id,WI_3,1.043718125401017,1.830134610534793,0.6459793879581891,0.1726213264071812,120.83492848502684,1131.0,1251.834928485027,700,0.5724183002748395,100,0,validation
validation_fold_2,hist_gradient_boosting_base,days_1_30_aggregate,30,aggregate,demand_band,high,40.969742526799685,67.67730197821795,0.2668248477174639,6.306028799823061,624.296851182483,15201.0,15825.29685118248,99,1.496630378553348,99,0,validation
validation_fold_2,hist_gradient_boosting_base,days_1_30_aggregate,30,aggregate,demand_band,low,9.51727903384326,11.006661482828102,0.5575210794973271,6.33157631513738,626.8260551986007,1690.0,2316.8260551986004,99,1.5946612218730856,99,0,validation
validation_fold_2,hist_gradient_boosting_base,days_1_30_aggregate,30,aggregate,demand_band,medium,10.726033092042012,13.129613036282366,0.2975402163144643,3.303266123858151,336.9331446335314,3677.0,4013.933144633532,102,1.101677388318296,102,0,validation
validation_fold_2,hist_gradient_boosting_base,days_1_30_aggregate,30,aggregate,dept_id,FOODS_1,17.54750797959021,25.538411472069733,0.2935456725210258,7.819262714710947,351.8668221619926,2690.0,3041.866822161992,45,1.4143311194196395,45,0,validation
validation_fold_2,hist_gradient_boosting_base,days_1_30_aggregate,30,aggregate,dept_id,FOODS_2,18.684413239315585,37.10338863056924,0.4070255996116466,-2.5356670040297256,-212.99602833849696,3856.0,3643.003971661503,84,1.4825181478658844,84,0,validation
validation_fold_2,hist_gradient_boosting_base,days_1_30_aggregate,30,aggregate,dept_id,FOODS_3,21.831239407648354,44.46099750715178,0.2662346269225409,8.47476758591298,1449.1852571911195,14022.0,15471.18525719112,171,1.3463891067606146,171,0,validation
validation_fold_2,hist_gradient_boosting_base,days_1_30_aggregate,30,aggregate,intermittency_class,highly_intermittent,10.435272178034378,11.456317845420427,1.4017529791389465,10.19329671860224,183.4793409348403,134.0,317.4793409348404,18,2.9455510112245933,18,0,validation
validation_fold_2,hist_gradient_boosting_base,days_1_30_aggregate,30,aggregate,intermittency_class,intermittent,10.989234668034904,16.91890102480207,0.3510074955391984,5.486831540769257,784.6169103300037,4477.0,5261.616910330004,143,1.3046860870276955,143,0,validation
validation_fold_2,hist_gradient_boosting_base,days_1_30_aggregate,30,aggregate,intermittency_class,regular,31.172482396822492,56.24473604759292,0.2715407064710363,4.460142444242957,619.959799749771,15957.0,16576.95979974977,139,1.286467146789065,139,0,validation
validation_fold_2,hist_gradient_boosting_base,days_1_30_aggregate,30,aggregate,overall,all,20.30756836630645,40.12557220900472,0.2962014055762318,5.293520170048717,1588.0560510146152,20568.0,22156.056051014613,300,1.394696540168944,300,0,validation
validation_fold_2,hist_gradient_boosting_base,days_1_30_aggregate,30,aggregate,store_id,CA_1,24.08749277726993,45.88851655170552,0.3100861583067705,3.462313005928645,346.2313005928645,7768.0,8114.231300592864,100,1.3924216390264776,100,0,validation
validation_fold_2,hist_gradient_boosting_base,days_1_30_aggregate,30,aggregate,store_id,TX_2,16.6233994098405,34.565144031338896,0.2442462446347414,7.08759452087546,708.759452087546,6806.0,7514.7594520875455,100,1.3673210479211115,100,0,validation
validation_fold_2,hist_gradient_boosting_base,days_1_30_aggregate,30,aggregate,store_id,WI_3,20.21181291180894,39.1111173718778,0.3372007492794284,5.330652983342048,533.0652983342047,5994.0,6527.065298334204,100,1.4243469335592425,100,0,validation
validation_fold_2,hist_gradient_boosting_base,days_1_30_daily,30,daily,demand_band,high,2.819897554510074,4.528840242492024,0.5509568934211513,0.210200959994102,624.2968511824831,15201.0,15825.296851182484,2970,0.762285293562324,99,0,validation
validation_fold_2,hist_gradient_boosting_base,days_1_30_daily,30,daily,demand_band,low,0.7512336428472993,1.0164147358895657,1.3202153368381533,0.2110525438379127,626.8260551986008,1690.0,2316.826055198601,2970,0.7709563531723954,99,0,validation
validation_fold_2,hist_gradient_boosting_base,days_1_30_daily,30,daily,demand_band,medium,1.0653140462704926,1.4506676465101138,0.8865545231405242,0.1101088707952717,336.93314463353147,3677.0,4013.9331446335314,3060,0.7500167152065403,102,0,validation
validation_fold_2,hist_gradient_boosting_base,days_1_30_daily,30,daily,dept_id,FOODS_1,1.4602079247260544,2.231793589232585,0.7328181034870533,0.2606420904903649,351.8668221619926,2690.0,3041.866822161993,1350,0.806594672893051,45,0,validation
validation_fold_2,hist_gradient_boosting_base,days_1_30_daily,30,daily,dept_id,FOODS_2,1.3250218142209058,2.525753936352761,0.8659374926962352,-0.0845222334676575,-212.9960283384969,3856.0,3643.003971661503,2520,0.7727943412883733,84,0,validation
validation_fold_2,hist_gradient_boosting_base,days_1_30_daily,30,daily,dept_id,FOODS_3,1.6677943406476123,3.0468518337061337,0.6101686612125411,0.282492252863766,1449.1852571911195,14022.0,15471.18525719112,5130,0.743164579119261,171,0,validation
validation_fold_2,hist_gradient_boosting_base,days_1_30_daily,30,daily,intermittency_class,highly_intermittent,0.5967707368019612,0.6886168017052556,2.40489699905268,0.3397765572867413,183.4793409348403,134.0,317.4793409348403,540,0.9768498254299158,18,0,validation
validation_fold_2,hist_gradient_boosting_base,days_1_30_daily,30,daily,intermittency_class,intermittent,0.9226433740360092,1.3904078678441865,0.8841054444079695,0.1828943846923085,784.6169103300037,4477.0,5261.616910330004,4290,0.7616618965657243,143,0,validation
validation_fold_2,hist_gradient_boosting_base,days_1_30_daily,30,daily,intermittency_class,regular,2.2987348597725585,3.8520016144254616,0.6007222137777508,0.1486714148080986,619.9597997497712,15957.0,16576.95979974977,4170,0.7323142439652323,139,0,validation
validation_fold_2,hist_gradient_boosting_base,days_1_30_daily,30,daily,overall,all,1.5406800708599009,2.7972953176130093,0.6741598909830371,0.1764506723349572,1588.0560510146152,20568.0,22156.056051014617,9000,0.7609754265926811,300,0,validation
validation_fold_2,hist_gradient_boosting_base,days_1_30_daily,30,daily,store_id,CA_1,1.6817747440711504,3.106980774666682,0.6495010597597131,0.1154104335309548,346.2313005928644,7768.0,8114.231300592864,3000,0.741136618041355,100,0,validation
validation_fold_2,hist_gradient_boosting_base,days_1_30_daily,30,daily,store_id,TX_2,1.5142571492260006,2.6626445303869133,0.6674656843488102,0.2362531506958487,708.7594520875462,6806.0,7514.7594520875455,3000,0.7839147717122191,100,0,validation
validation_fold_2,hist_gradient_boosting_base,days_1_30_daily,30,daily,store_id,WI_3,1.4260083192825517,2.594528445107372,0.7137178775187945,0.1776884327780682,533.0652983342047,5994.0,6527.065298334204,3000,0.7578748900244691,100,0,validation
validation_fold_3,hist_gradient_boosting_base,day_1_daily,1,daily,demand_band,high,2.154992738631448,3.25311372537323,0.4961494909872402,-0.2934442004781759,-29.05097584733941,430.0,400.9490241526605,99,0.4860918316454574,99,0,validation
validation_fold_3,hist_gradient_boosting_base,day_1_daily,1,daily,demand_band,low,0.4911550248023256,0.6856334550395,1.105098805805233,0.0307588559736611,3.0451267413924548,44.0,47.04512674139245,99,0.4020485361844123,99,0,validation
validation_fold_3,hist_gradient_boosting_base,day_1_daily,1,daily,demand_band,medium,0.8416009282269665,1.144992165683441,0.894200986241152,0.0548361752869752,5.59328987927148,96.0,101.5932898792715,102,0.448699165365566,102,0,validation
validation_fold_3,hist_gradient_boosting_base,day_1_daily,1,daily,dept_id,FOODS_1,1.255328633521137,2.5657793888096627,0.7242280578006561,-0.1426346848737481,-6.418560819318666,78.0,71.58143918068133,45,0.443994745539725,45,0,validation
validation_fold_3,hist_gradient_boosting_base,day_1_daily,1,daily,dept_id,FOODS_2,0.7865907574977117,1.1885475398589624,0.5795931897351561,-0.1461568682456811,-12.277176932637213,114.0,101.72282306736278,84,0.3491522542527586,84,0,validation
validation_fold_3,hist_gradient_boosting_base,day_1_daily,1,daily,dept_id,FOODS_3,1.3172427550926034,2.1805182290702403,0.5958955320657016,-0.0100398916650268,-1.716821474719595,378.0,376.2831785252804,171,0.4934775343621373,171,0,validation
validation_fold_3,hist_gradient_boosting_base,day_1_daily,1,daily,intermittency_class,highly_intermittent,0.2688037408855247,0.3339537864885338,4.56966359505392,0.1887316175193012,3.2084374978281205,1.0,4.208437497828121,17,0.3713961333430833,17,0,validation
validation_fold_3,hist_gradient_boosting_base,day_1_daily,1,daily,intermittency_class,intermittent,0.658547962898945,1.0331549514817515,0.8175078160124835,0.0522663220190128,7.526350370737845,116.0,123.52635037073784,144,0.4262586212546591,144,0,validation
validation_fold_3,hist_gradient_boosting_base,day_1_daily,1,daily,intermittency_class,regular,1.787132036018649,2.777545170269167,0.548369432685634,-0.2240816337787154,-31.14734709524144,453.0,421.85265290475854,139,0.4748074500355504,139,0,validation
validation_fold_3,hist_gradient_boosting_base,day_1_daily,1,daily,overall,all,1.1593730775303142,2.023160969382505,0.6101963565949021,-0.0680418640889182,-20.41255922667548,570.0,549.5874407733245,300,0.4456440376081495,300,0,validation
validation_fold_3,hist_gradient_boosting_base,day_1_daily,1,daily,store_id,CA_1,1.196771239073232,1.8915937130941756,0.5366687170731982,-0.1512438427350871,-15.124384273508708,223.0,207.87561572649133,100,0.4394060356361473,100,0,validation
validation_fold_3,hist_gradient_boosting_base,day_1_daily,1,daily,store_id,TX_2,1.3184593811541347,2.466044343611657,0.665888576340472,-0.0522460519612785,-5.224605196127854,198.0,192.77539480387213,100,0.469313636229127,100,0,validation
validation_fold_3,hist_gradient_boosting_base,day_1_daily,1,daily,store_id,WI_3,0.9628886123635754,1.6186535898770351,0.6462339680292452,-0.0006356975703891,-0.0635697570389109,149.0,148.93643024296108,100,0.4282124409591741,100,0,validation
validation_fold_3,hist_gradient_boosting_base,days_1_7_aggregate,7,aggregate,demand_band,high,9.20078930198536,13.837437564993577,0.2570197914493652,-2.620953382904337,-259.4743849075294,3544.0,3284.5256150924706,99,0.7694309967818997,99,0,validation
validation_fold_3,hist_gradient_boosting_base,days_1_7_aggregate,7,aggregate,demand_band,low,2.219443913595358,2.9468306517938525,0.4850440340969988,-0.2256162938925285,-22.33601309536032,453.0,430.66398690463967,99,0.6965716942503829,99,0,validation
validation_fold_3,hist_gradient_boosting_base,days_1_7_aggregate,7,aggregate,demand_band,medium,3.168992942961802,4.312836908809528,0.4350434457363443,1.087173203643364,110.89166677162316,743.0,853.8916667716231,102,0.6554779001653874,102,0,validation
validation_fold_3,hist_gradient_boosting_base,days_1_7_aggregate,7,aggregate,dept_id,FOODS_1,6.4702054336313966,12.227738317554998,0.39452472156289,-3.4839429695923503,-156.77743363165575,738.0,581.2225663683442,45,0.9020364894744816,45,0,validation
validation_fold_3,hist_gradient_boosting_base,days_1_7_aggregate,7,aggregate,dept_id,FOODS_2,3.703040230302843,5.997297354291898,0.3821319156577872,0.9408341295543368,79.0300668825643,814.0,893.0300668825643,84,0.635622699187803,84,0,validation
validation_fold_3,hist_gradient_boosting_base,days_1_7_aggregate,7,aggregate,dept_id,FOODS_3,4.980267512665164,8.364286422407547,0.2671348007107098,-0.5448617805975149,-93.17136448217504,3188.0,3094.8286355178248,171,0.6901114822861893,171,0,validation
validation_fold_3,hist_gradient_boosting_base,days_1_7_aggregate,7,aggregate,intermittency_class,highly_intermittent,1.4838492446241789,1.8048965554617729,0.7207267759603153,0.6126753375192926,10.415480737827972,35.0,45.41548073782797,17,0.8218442173172865,17,0,validation
validation_fold_3,hist_gradient_boosting_base,days_1_7_aggregate,7,aggregate,intermittency_class,intermittent,2.937016202263748,4.554413569931658,0.4191579119187112,0.3299418786023732,47.51163051874174,1009.0,1056.5116305187416,144,0.7061247962159661,144,0,validation
validation_fold_3,hist_gradient_boosting_base,days_1_7_aggregate,7,aggregate,intermittency_class,regular,7.2351409945324034,11.589694428967512,0.2721008112121223,-1.6463729675383902,-228.84584248783625,3696.0,3467.154157512164,139,0.693091294097644,139,0,validation
validation_fold_3,hist_gradient_boosting_base,days_1_7_aggregate,7,aggregate,overall,all,4.846134561748649,8.50743748745614,0.3067173773258638,-0.5697291041042217,-170.91873123126652,4740.0,4569.081268768734,300,0.7066433740968849,300,0,validation
validation_fold_3,hist_gradient_boosting_base,days_1_7_aggregate,7,aggregate,store_id,CA_1,5.572573920939946,9.295218116149789,0.2986374019796327,-1.2121012264546331,-121.21012264546331,1866.0,1744.7898773545369,100,0.7383017380238246,100,0,validation
validation_fold_3,hist_gradient_boosting_base,days_1_7_aggregate,7,aggregate,store_id,TX_2,4.409917687878816,7.14322317426548,0.280172661237536,-0.0214356853579484,-2.1435685357948424,1574.0,1571.8564314642051,100,0.6895289850121908,100,0,validation
validation_fold_3,hist_gradient_boosting_base,days_1_7_aggregate,7,aggregate,store_id,WI_3,4.555912076427185,8.927640262956363,0.3504547751097834,-0.4756504005000833,-47.56504005000833,1300.0,1252.4349599499917,100,0.6920993992546393,100,0,validation
validation_fold_3,hist_gradient_boosting_base,days_1_7_daily,7,daily,demand_band,high,2.480266560629178,4.141888794539796,0.4849956903261908,-0.3744219118434767,-259.4743849075294,3544.0,3284.5256150924706,693,0.6876336075392129,99,0,validation
validation_fold_3,hist_gradient_boosting_base,days_1_7_daily,7,daily,demand_band,low,0.6899455008726867,1.0279619354385987,1.0554795410701363,-0.032230899127504,-22.336013095360315,453.0,430.66398690463967,693,0.699897562725543,99,0,validation
validation_fold_3,hist_gradient_boosting_base,days_1_7_daily,7,daily,demand_band,medium,0.9884414240391964,1.4514325844297098,0.9498616107186896,0.1553104576633377,110.89166677162316,743.0,853.8916667716231,714,0.6502820230227985,102,0,validation
validation_fold_3,hist_gradient_boosting_base,days_1_7_daily,7,daily,dept_id,FOODS_1,1.7660808484274684,3.436926456040382,0.7538149962800169,-0.4977061385131927,-156.7774336316557,738.0,581.2225663683442,315,0.8871442202362411,45,0,validation
validation_fold_3,hist_gradient_boosting_base,days_1_7_daily,7,daily,dept_id,FOODS_2,1.0976590663163266,1.791176482908647,0.7929036007297299,0.1344048756506195,79.03006688256428,814.0,893.0300668825644,588,0.5936147764284209,84,0,validation
validation_fold_3,hist_gradient_boosting_base,days_1_7_daily,7,daily,dept_id,FOODS_3,1.4210235063793868,2.6675466836212816,0.5335524269561248,-0.0778373972282164,-93.17136448217512,3188.0,3094.828635517825,1197,0.6661357957539071,171,0,validation
validation_fold_3,hist_gradient_boosting_base,days_1_7_daily,7,daily,intermittency_class,highly_intermittent,0.4600516802990715,0.54816637362323,1.5641757130168432,0.0875250482170417,10.415480737827972,35.0,45.41548073782798,119,0.7602138971768221,17,0,validation
validation_fold_3,hist_gradient_boosting_base,days_1_7_daily,7,daily,intermittency_class,intermittent,0.8208637771472284,1.3198197158818032,0.8200502352471815,0.0471345540860533,47.51163051874175,1009.0,1056.5116305187416,1008,0.667602148954162,144,0,validation
validation_fold_3,hist_gradient_boosting_base,days_1_7_daily,7,daily,intermittency_class,regular,2.0765953731395506,3.56028910774616,0.5466794637621165,-0.23519613821977,-228.84584248783625,3696.0,3467.154157512164,973,0.6808345791592156,139,0,validation
validation_fold_3,hist_gradient_boosting_base,days_1_7_daily,7,daily,overall,all,1.382240064468942,2.593493057625934,0.6123848386887717,-0.0813898720148888,-170.91873123126658,4740.0,4569.081268768734,2100,0.6789811740151211,300,0,validation
validation_fold_3,hist_gradient_boosting_base,days_1_7_daily,7,daily,store_id,CA_1,1.5482286580297857,3.037213354261358,0.5807931728943461,-0.1731573180649476,-121.21012264546336,1866.0,1744.7898773545369,700,0.7108484699050315,100,0,validation
validation_fold_3,hist_gradient_boosting_base,days_1_7_daily,7,daily,store_id,TX_2,1.382367705980964,2.3877389447170523,0.6147759810588785,-0.0030622407654212,-2.14356853579487,1574.0,1571.8564314642051,700,0.6738081172892605,100,0,validation
validation_fold_3,hist_gradient_boosting_base,days_1_7_daily,7,daily,store_id,WI_3,1.2161238293960768,2.2918674683409845,0.6548359081363491,-0.0679500572142976,-47.565040050008335,1300.0,1252.434959949992,700,0.6522869348510709,100,0,validation
validation_fold_3,hist_gradient_boosting_base,days_1_30_aggregate,30,aggregate,demand_band,high,36.63830398822358,60.22487502378009,0.2533309187619873,19.073928062061547,1888.318878144093,14318.0,16206.318878144091,99,1.308474962283933,99,0,validation
validation_fold_3,hist_gradient_boosting_base,days_1_30_aggregate,30,aggregate,demand_band,low,8.617995291746604,10.359811516142369,0.4533376906923028,3.417747778934224,338.35703011448817,1882.0,2220.357030114488,99,1.4360876911424525,99,0,validation
validation_fold_3,hist_gradient_boosting_base,days_1_30_aggregate,30,aggregate,demand_band,medium,11.945699580154503,15.87939558118698,0.324145080387273,3.160394169760895,322.36020531561127,3759.0,4081.360205315611,102,1.1678711110140578,102,0,validation
validation_fold_3,hist_gradient_boosting_base,days_1_30_aggregate,30,aggregate,dept_id,FOODS_1,13.914361070668342,18.639386474088884,0.2559878365413227,6.616891611886559,297.7601225348952,2446.0,2743.760122534896,45,1.2508769403525533,45,0,validation
validation_fold_3,hist_gradient_boosting_base,days_1_30_aggregate,30,aggregate,dept_id,FOODS_2,16.121702743000384,25.32148422236837,0.3052802142497818,3.704616716221037,311.18780416256715,4436.0,4747.187804162566,84,1.4017328520414611,84,0,validation
validation_fold_3,hist_gradient_boosting_base,days_1_30_aggregate,30,aggregate,dept_id,FOODS_3,21.74541349298655,43.65792587591016,0.2843515873136575,11.3455449524955,1940.0881868767303,13077.0,15017.08818687673,171,1.2678335328964818,171,0,validation
validation_fold_3,hist_gradient_boosting_base,days_1_30_aggregate,30,aggregate,intermittency_class,highly_intermittent,8.545507036978483,9.682209004571217,0.9950247919769466,7.813788557907162,132.83440548442175,146.0,278.8344054844218,17,2.442180681105541,17,0,validation
validation_fold_3,hist_gradient_boosting_base,days_1_30_aggregate,30,aggregate,intermittency_class,intermittent,10.383042481899462,13.300538325670708,0.3137792481413479,3.4423468915109554,495.6979523775776,4765.0,5260.697952377577,144,1.297086109726503,144,0,validation
validation_fold_3,hist_gradient_boosting_base,days_1_30_aggregate,30,aggregate,intermittency_class,regular,29.19714567532843,51.47840968244128,0.2696971855974648,13.81657378210211,1920.5037557121927,15048.0,16968.503755712194,139,1.1693315441239958,139,0,validation
validation_fold_3,hist_gradient_boosting_base,days_1_30_aggregate,30,aggregate,overall,all,18.99611661964269,36.30526115097474,0.2855270798082473,8.49678704524731,2549.0361135741928,19959.0,22508.03611357419,300,1.302781853375487,300,0,validation
validation_fold_3,hist_gradient_boosting_base,days_1_30_aggregate,30,aggregate,store_id,CA_1,21.276472976062568,39.41645105456366,0.2839513275865817,9.040252781264568,904.0252781264568,7493.0,8397.025278126459,100,1.25456061504458,100,0,validation
validation_fold_3,hist_gradient_boosting_base,days_1_30_aggregate,30,aggregate,store_id,TX_2,18.272661136916582,36.310889513955765,0.2877131339460964,12.099210569473769,1209.9210569473769,6351.0,7560.921056947377,100,1.3495123275956988,100,0,validation
validation_fold_3,hist_gradient_boosting_base,days_1_30_aggregate,30,aggregate,store_id,WI_3,17.439215745948935,32.89496391075555,0.2851875019779057,4.3508977850035935,435.0897785003593,6115.0,6550.089778500358,100,1.3042726174861814,100,0,validation
validation_fold_3,hist_gradient_boosting_base,days_1_30_daily,30,daily,demand_band,high,2.752302911489504,4.2356798520527486,0.5709135107643405,0.6357976020687183,1888.318878144093,14318.0,16206.318878144091,2970,0.7321189908604513,99,0,validation
validation_fold_3,hist_gradient_boosting_base,days_1_30_daily,30,daily,demand_band,low,0.7587271882752094,1.0207054393998087,1.1973537455777743,0.1139249259644741,338.3570301144882,1882.0,2220.357030114488,2970,0.7901447706682891,99,0,validation
validation_fold_3,hist_gradient_boosting_base,days_1_30_daily,30,daily,demand_band,medium,1.0598307636131352,1.4457294160888567,0.8627512999883464,0.1053464723253631,322.3602053156112,3759.0,4081.360205315611,3060,0.7306779870055651,102,0,validation
validation_fold_3,hist_gradient_boosting_base,days_1_30_daily,30,daily,dept_id,FOODS_1,1.4297563678003,2.410677319065752,0.7891132855807053,0.220563053729552,297.7601225348953,2446.0,2743.760122534896,1350,0.7781614915843791,45,0,validation
validation_fold_3,hist_gradient_boosting_base,days_1_30_daily,30,daily,dept_id,FOODS_2,1.3031933527370754,2.151070994958469,0.7403172337460392,0.1234872238740345,311.1878041625671,4436.0,4747.187804162567,2520,0.7471226026242825,84,0,validation
validation_fold_3,hist_gradient_boosting_base,days_1_30_daily,30,daily,dept_id,FOODS_3,1.6484645589726237,2.904226369364826,0.646679145639639,0.37818483174985,1940.0881868767303,13077.0,15017.088186876732,5130,0.7453666744103867,171,0,validation
validation_fold_3,hist_gradient_boosting_base,days_1_30_daily,30,daily,intermittency_class,highly_intermittent,0.5780435465235886,0.6460747294536376,2.0191932104591106,0.2604596185969055,132.83440548442178,146.0,278.8344054844218,510,0.9541358698873488,17,0,validation
validation_fold_3,hist_gradient_boosting_base,days_1_30_daily,30,daily,intermittency_class,intermittent,0.9159041698996092,1.3337375191287026,0.8303685233927202,0.1147448963836985,495.69795237757774,4765.0,5260.697952377577,4320,0.7582246728737037,144,0,validation
validation_fold_3,hist_gradient_boosting_base,days_1_30_daily,30,daily,intermittency_class,regular,2.258832928120876,3.627673307620443,0.6259525059984087,0.4605524594034036,1920.5037557121927,15048.0,16968.503755712194,4170,0.7181913984461487,139,0,validation
validation_fold_3,hist_gradient_boosting_base,days_1_30_daily,30,daily,overall,all,1.5189823925508217,2.641018199136488,0.6849462163914722,0.283226234841577,2549.0361135741928,19959.0,22508.03611357419,9000,0.7507775568863764,300,0,validation
validation_fold_3,hist_gradient_boosting_base,days_1_30_daily,30,daily,store_id,CA_1,1.6661566184060006,2.952249312448437,0.6670852602719874,0.3013417593754855,904.0252781264566,7493.0,8397.025278126455,3000,0.7507839417948367,100,0,validation
validation_fold_3,hist_gradient_boosting_base,days_1_30_daily,30,daily,store_id,TX_2,1.461046849562447,2.381706940666542,0.6901496691367249,0.403307018982459,1209.921056947377,6351.0,7560.921056947376,3000,0.7314052745361459,100,0,validation
validation_fold_3,hist_gradient_boosting_base,days_1_30_daily,30,daily,store_id,WI_3,1.429743709684018,2.556682895949156,0.7014278215947758,0.1450299261667864,435.0897785003593,6115.0,6550.089778500359,3000,0.7701434543281463,100,0,validation
combined,xgb_tune_03,day_1_daily,1,daily,demand_band,high,2.020269820496428,3.210501775300546,0.4351124994107606,-0.2401018900191568,-71.31026133568957,1379.0,1307.6897386643104,297,0.4761443392468059,297,0,validation
combined,xgb_tune_03,day_1_daily,1,daily,demand_band,low,0.5546948280214271,0.7623510444654231,0.9864931971399032,0.0406633795728798,12.077023733145325,167.0,179.07702373314532,297,0.4697891901215315,297,0,validation
combined,xgb_tune_03,day_1_daily,1,daily,demand_band,medium,0.8953957092925716,1.3445704168174848,0.8430494985954675,0.0071614516432091,2.1914042028220138,325.0,327.191404202822,306,0.4746306671622163,306,0,validation
combined,xgb_tune_03,day_1_daily,1,daily,dept_id,FOODS_1,1.324195287487021,2.3463054056982617,0.6101241085691054,-0.2193178697040787,-29.60791241005063,293.0,263.39208758994937,135,0.5634660461498225,135,0,validation
combined,xgb_tune_03,day_1_daily,1,daily,dept_id,FOODS_2,0.7901034662481545,1.189568365874112,0.7429331100542349,0.0549377658725937,13.844316999893636,268.0,281.84431699989364,252,0.4098459695314358,252,0,validation
combined,xgb_tune_03,day_1_daily,1,daily,dept_id,FOODS_3,1.2882712482418068,2.2887551770413626,0.5044909544641579,-0.0804644015391135,-41.27823798956524,1310.0,1268.7217620104348,513,0.4811503739218061,513,0,validation
combined,xgb_tune_03,day_1_daily,1,daily,intermittency_class,highly_intermittent,0.4017122487344269,0.6105233856483904,1.4193832788616418,0.0281662180106032,1.4928095545619726,15.0,16.492809554561973,53,0.5662590847004313,53,0,validation
combined,xgb_tune_03,day_1_daily,1,daily,intermittency_class,intermittent,0.6813222349994709,1.0729866972082849,0.7687169719496647,0.0797374052809739,34.36682167609979,382.0,416.3668216760998,431,0.4478973775380664,431,0,validation
combined,xgb_tune_03,day_1_daily,1,daily,intermittency_class,regular,1.7399397961193104,2.8041552164073718,0.4910549221069424,-0.223320828438423,-92.901464630384,1474.0,1381.098535369616,416,0.4882782239567425,416,0,validation
combined,xgb_tune_03,day_1_daily,1,daily,overall,all,1.1541728751703664,2.0513119992222686,0.5551873798254033,-0.0633798148885802,-57.04183339972224,1871.0,1813.9581666002775,900,0.4735324915267049,900,0,validation
combined,xgb_tune_03,day_1_daily,1,daily,store_id,CA_1,1.2707734699084057,2.242513246739473,0.5009619460874135,-0.2350665867791879,-70.5199760337564,761.0,690.4800239662436,300,0.4680960993925114,300,0,validation
combined,xgb_tune_03,day_1_daily,1,daily,store_id,TX_2,1.194734568161269,2.1372427215510315,0.5522655939112183,-0.0871727616960803,-26.15182850882411,649.0,622.8481714911759,300,0.4934585345341882,300,0,validation
combined,xgb_tune_03,day_1_daily,1,daily,store_id,WI_3,0.9970105874414246,1.739819140553095,0.6488138313067838,0.1320999038095275,39.62997114285827,461.0,500.6299711428583,300,0.4590428406534151,300,0,validation
combined,xgb_tune_03,days_1_7_aggregate,7,aggregate,demand_band,high,8.30658827586137,13.450413654921547,0.2585200375071599,-0.7086663659621243,-210.47391069075093,9543.0,9332.526089309247,297,0.6874600949231223,297,0,validation
combined,xgb_tune_03,days_1_7_aggregate,7,aggregate,demand_band,low,2.277779681472459,2.902826240293985,0.5586296989242943,0.6343076100308559,188.3893601791642,1211.0,1399.3893601791642,297,0.7417460728796977,297,0,validation
combined,xgb_tune_03,days_1_7_aggregate,7,aggregate,demand_band,medium,3.0935696012912954,4.26387793782161,0.4279531184426476,0.5425547914159787,166.0217661732895,2212.0,2378.021766173289,306,0.6394551558143862,306,0,validation
combined,xgb_tune_03,days_1_7_aggregate,7,aggregate,dept_id,FOODS_1,5.109340666108592,8.804642160473396,0.3504883078885467,-0.7228605337320241,-97.58617205382323,1968.0,1870.4138279461768,135,0.8012741269634136,135,0,validation
combined,xgb_tune_03,days_1_7_aggregate,7,aggregate,dept_id,FOODS_2,3.4765760353840296,5.00893119730824,0.472035108252573,1.1974167467209524,301.74902017368004,1856.0,2157.74902017368,252,0.683011825779064,252,0,validation
combined,xgb_tune_03,days_1_7_aggregate,7,aggregate,dept_id,FOODS_3,4.920724036026996,9.366826835547378,0.2761246368936609,-0.117398893680612,-60.225632458154,9142.0,9081.774367541846,513,0.662488347524863,513,0,validation
combined,xgb_tune_03,days_1_7_aggregate,7,aggregate,intermittency_class,highly_intermittent,1.7873170336110975,2.019810392740764,1.1014860788533507,1.451703113732192,76.94026502780616,86.0,162.94026502780616,53,1.002060166272333,53,0,validation
combined,xgb_tune_03,days_1_7_aggregate,7,aggregate,intermittency_class,intermittent,2.6664253156710176,3.750917561784684,0.415034059607876,0.7655925696621243,329.9703975243756,2769.0,3098.970397524376,431,0.6787199078072322,431,0,validation
combined,xgb_tune_03,days_1_7_aggregate,7,aggregate,intermittency_class,regular,6.841904969922325,11.55225837315888,0.2814986121538608,-0.6321477088713436,-262.9734468904789,10111.0,9848.02655310952,416,0.6598799049021368,416,0,validation
combined,xgb_tune_03,days_1_7_aggregate,7,aggregate,overall,all,4.544655090359204,8.286352144000713,0.3154550039582974,0.1599302396241142,143.9372156617028,12966.0,13109.937215661705,900,0.6890527883518219,900,0,validation
combined,xgb_tune_03,days_1_7_aggregate,7,aggregate,store_id,CA_1,5.080926682757709,10.170588122944851,0.2977105478178344,-0.3913273150688716,-117.39819452066148,5120.0,5002.6018054793385,300,0.6825751063611638,300,0,validation
combined,xgb_tune_03,days_1_7_aggregate,7,aggregate,store_id,TX_2,4.260782040450722,6.709517260381892,0.2958876416979668,0.5731640048759679,171.94920146279037,4320.0,4491.94920146279,300,0.69728582827334,300,0,validation
combined,xgb_tune_03,days_1_7_aggregate,7,aggregate,store_id,WI_3,4.292256547869183,7.585012256364932,0.3651948282361755,0.2979540290652464,89.38620871957392,3526.0,3615.386208719574,300,0.6872974304209618,300,0,validation
combined,xgb_tune_03,days_1_7_daily,7,daily,demand_band,high,2.240189312884433,3.8497652115606,0.4880387280191486,-0.1012380522803034,-210.47391069075093,9543.0,9332.526089309247,2079,0.6355682866113395,297,0,validation
combined,xgb_tune_03,days_1_7_daily,7,daily,demand_band,low,0.6965897617265245,0.9772568485057462,1.195879533137444,0.0906153728615508,188.3893601791642,1211.0,1399.3893601791642,2079,0.6887001316913363,297,0,validation
combined,xgb_tune_03,days_1_7_daily,7,daily,demand_band,medium,0.9384944967512536,1.3502808224487557,0.9087953038160876,0.0775078273451398,166.0217661732895,2212.0,2378.021766173289,2142,0.6125735310533452,306,0,validation
combined,xgb_tune_03,days_1_7_daily,7,daily,dept_id,FOODS_1,1.4154269336291625,2.561660476716371,0.6796638477030277,-0.1032657905331462,-97.58617205382323,1968.0,1870.4138279461768,945,0.7428205447559096,135,0,validation
combined,xgb_tune_03,days_1_7_daily,7,daily,dept_id,FOODS_2,0.9799281403891184,1.4936907347428157,0.9313541161887958,0.1710595352458503,301.74902017368004,1856.0,2157.74902017368,1764,0.6074711930675276,252,0,validation
combined,xgb_tune_03,days_1_7_daily,7,daily,dept_id,FOODS_3,1.4061952704626572,2.719929511670578,0.5523569477391601,-0.0167712705258017,-60.225632458154,9142.0,9081.774367541846,3591,0.6381904610977653,513,0,validation
combined,xgb_tune_03,days_1_7_daily,7,daily,intermittency_class,highly_intermittent,0.4797890592727941,0.5580527479983323,2.069787685932635,0.2073861591045988,76.94026502780616,86.0,162.94026502780616,371,0.764434741054379,53,0,validation
combined,xgb_tune_03,days_1_7_daily,7,daily,intermittency_class,intermittent,0.7874087195586404,1.2009232543620356,0.8579314217798549,0.1093703670945892,329.9703975243756,2769.0,3098.970397524376,3017,0.6299015789305291,431,0,validation
combined,xgb_tune_03,days_1_7_daily,7,daily,intermittency_class,regular,1.9100978915723696,3.3271920247325086,0.5501142379842489,-0.090306815553049,-262.9734468904789,10111.0,9848.02655310952,2912,0.6460399013059573,416,0,validation
combined,xgb_tune_03,days_1_7_daily,7,daily,overall,all,1.2882252235170422,2.4136893866882856,0.6259308119819038,0.0228471770891591,143.9372156617028,12966.0,13109.937215661705,6300,0.6452835785980204,900,0,validation
combined,xgb_tune_03,days_1_7_daily,7,daily,store_id,CA_1,1.4462990972617369,2.915094889537482,0.5932086141112591,-0.0559039021526959,-117.39819452066148,5120.0,5002.6018054793385,2100,0.6645791749918977,300,0,validation
combined,xgb_tune_03,days_1_7_daily,7,daily,store_id,TX_2,1.2923227300379605,2.217791212522862,0.6282124382128974,0.0818805721251382,171.94920146279037,4320.0,4491.94920146279,2100,0.6515445805954113,300,0,validation
combined,xgb_tune_03,days_1_7_daily,7,daily,store_id,WI_3,1.1260538432514295,2.015270028776255,0.6706503320555877,0.0425648612950352,89.38620871957392,3526.0,3615.386208719574,2100,0.6197269802067523,300,0,validation
combined,xgb_tune_03,days_1_30_aggregate,30,aggregate,demand_band,high,36.10312092938438,62.06208586806158,0.2459092495190157,5.902577407226932,1753.0654899463989,43604.0,45357.0654899464,297,1.2923887163812808,297,0,validation
combined,xgb_tune_03,days_1_30_aggregate,30,aggregate,demand_band,low,9.406599959599244,11.604132173118202,0.5156441838318522,5.441265539654906,1616.055865277507,5418.0,7034.055865277507,297,1.5531208071677198,297,0,validation
combined,xgb_tune_03,days_1_30_aggregate,30,aggregate,demand_band,medium,10.997540878341656,14.683716692304827,0.3087099815404593,0.8581874829863355,262.6053697938187,10901.0,11163.60536979382,306,1.0938318885476614,306,0,validation
combined,xgb_tune_03,days_1_30_aggregate,30,aggregate,dept_id,FOODS_1,15.642007069329352,24.18453612921677,0.2654520370030751,6.254172009379706,844.3132212662604,7955.0,8799.31322126626,135,1.3294032139454286,135,0,validation
combined,xgb_tune_03,days_1_30_aggregate,30,aggregate,dept_id,FOODS_2,17.484554550935705,35.81807458235789,0.4016506606049041,2.7433607574119896,691.3269108678214,10970.0,11661.32691086782,252,1.3937190210990005,252,0,validation
combined,xgb_tune_03,days_1_30_aggregate,30,aggregate,dept_id,FOODS_3,20.202448170770808,40.64935144703965,0.252789304639383,4.085938777550961,2096.086592883643,40998.0,43094.08659288364,513,1.265384520838317,513,0,validation
combined,xgb_tune_03,days_1_30_aggregate,30,aggregate,intermittency_class,highly_intermittent,10.003706876364236,11.80877801040396,1.2775818420416978,9.727855095288382,515.5763200502843,415.0,930.5763200502844,53,2.755994965531449,53,0,validation
combined,xgb_tune_03,days_1_30_aggregate,30,aggregate,intermittency_class,intermittent,10.287613551977032,14.275699706492189,0.3256913060747834,3.140667716460039,1353.6277857942769,13614.0,14967.627785794277,431,1.254916646379309,431,0,validation
combined,xgb_tune_03,days_1_30_aggregate,30,aggregate,intermittency_class,regular,28.64778054675788,52.68508953869036,0.2596739597213421,4.236833219166258,1762.5226191731635,45894.0,47656.52261917316,416,1.184836727468722,416,0,validation
combined,xgb_tune_03,days_1_30_aggregate,30,aggregate,overall,all,18.75737179200076,37.26669007995324,0.2817221202676883,4.035251916686361,3631.7267250177247,59923.0,63554.726725017725,900,1.310920984877375,900,0,validation
combined,xgb_tune_03,days_1_30_aggregate,30,aggregate,store_id,CA_1,19.58429621145328,37.95639874157903,0.262149244308227,4.080824904246498,1224.2474712739497,22412.0,23636.24747127395,300,1.213505930607671,300,0,validation
combined,xgb_tune_03,days_1_30_aggregate,30,aggregate,store_id,TX_2,18.4522397389325,36.97247613574551,0.2805428705493488,5.823138620847216,1746.9415862541646,19732.0,21478.941586254165,300,1.3853005217197532,300,0,validation
combined,xgb_tune_03,days_1_30_aggregate,30,aggregate,store_id,WI_3,18.2355794256165,36.86144830995987,0.3077042481402188,2.2017922249653687,660.5376674896106,17779.0,18439.53766748961,300,1.3339565023047009,300,0,validation
combined,xgb_tune_03,days_1_30_daily,30,daily,demand_band,high,2.682517533069351,4.276416735034385,0.54814308824071,0.1967525802408977,1753.0654899463989,43604.0,45357.0654899464,8910,0.7380805214622538,297,0,validation
combined,xgb_tune_03,days_1_30_daily,30,daily,demand_band,low,0.7727231689208749,1.0270915420462532,1.2707573708167212,0.1813755179884968,1616.055865277507,5418.0,7034.055865277507,8910,0.7927360739660051,297,0,validation
combined,xgb_tune_03,days_1_30_daily,30,daily,demand_band,medium,1.0375468015705889,1.448739174073753,0.8737436600695354,0.0286062494328778,262.6053697938187,10901.0,11163.60536979382,9180,0.7300877247167115,306,0,validation
combined,xgb_tune_03,days_1_30_daily,30,daily,dept_id,FOODS_1,1.4831742269880954,2.447452530142991,0.7551044147456677,0.2084724003126568,844.3132212662604,7955.0,8799.31322126626,4050,0.8131266497424172,135,0,validation
combined,xgb_tune_03,days_1_30_daily,30,daily,dept_id,FOODS_2,1.2744746160782163,2.237241097323412,0.8783070280356715,0.0914453585803996,691.3269108678214,10970.0,11661.32691086782,7560,0.7492692947897397,252,0,validation
combined,xgb_tune_03,days_1_30_daily,30,daily,dept_id,FOODS_3,1.6029233642818594,2.900910707385801,0.6017120487901316,0.1361979592516987,2096.086592883643,40998.0,43094.08659288364,15390,0.7397103559517854,513,0,validation
combined,xgb_tune_03,days_1_30_daily,30,daily,intermittency_class,highly_intermittent,0.6041046326815989,0.691830977061306,2.314521363768053,0.3242618365096127,515.5763200502843,415.0,930.5763200502844,1590,0.9754652470358042,53,0,validation
combined,xgb_tune_03,days_1_30_daily,30,daily,intermittency_class,intermittent,0.9062038744446372,1.3662546793085837,0.8606740191397942,0.1046889238820013,1353.6277857942769,13614.0,14967.627785794277,12930,0.7530146936302546,431,0,validation
combined,xgb_tune_03,days_1_30_daily,30,daily,intermittency_class,regular,2.214193255658495,3.654923396484194,0.6021077228094744,0.1412277739722086,1762.5226191731635,45894.0,47656.52261917316,12480,0.7255057248989647,416,0,validation
combined,xgb_tune_03,days_1_30_daily,30,daily,overall,all,1.4929953441907748,2.6639602508631555,0.6727112176151214,0.1345083972228787,3631.7267250177247,59923.0,63554.726725017725,27000,0.7533993028950073,900,0,validation
combined,xgb_tune_03,days_1_30_daily,30,daily,store_id,CA_1,1.6146711015023578,2.926650658445079,0.6484044223416572,0.1360274968082166,1224.2474712739497,22412.0,23636.24747127395,9000,0.7404055263562476,300,0,validation
combined,xgb_tune_03,days_1_30_daily,30,daily,store_id,TX_2,1.4686877512101912,2.495405365281892,0.6698859599073445,0.1941046206949071,1746.9415862541646,19732.0,21478.941586254165,9000,0.7516293049562479,300,0,validation
combined,xgb_tune_03,days_1_30_daily,30,daily,store_id,WI_3,1.3956271798597752,2.5490626984995868,0.7064876887754079,0.0733930741655122,660.5376674896106,17779.0,18439.53766748961,9000,0.7681630773725265,300,0,validation
validation_fold_1,xgb_tune_03,day_1_daily,1,daily,demand_band,high,2.138069011327444,3.4132913651644223,0.3674806113219044,-0.4439394426052317,-43.95000481791794,576.0,532.0499951820821,99,0.5328448468632943,99,0,validation
validation_fold_1,xgb_tune_03,day_1_daily,1,daily,demand_band,low,0.6283886617783344,0.792627843978149,0.9016011234210886,0.064649736790946,6.4003239423036575,69.0,75.40032394230366,99,0.5372296308541212,99,0,validation
validation_fold_1,xgb_tune_03,day_1_daily,1,daily,demand_band,medium,1.0687654416131622,1.697347255006123,0.8516724612854887,0.033941028785764,3.461984936147928,128.0,131.46198493614793,102,0.5393070435612093,102,0,validation
validation_fold_1,xgb_tune_03,day_1_daily,1,daily,dept_id,FOODS_1,1.5550408649775718,2.444463550570822,0.5382833763383902,-0.3601285634769334,-16.205785356462002,130.0,113.794214643538,45,0.7013368018208902,45,0,validation
validation_fold_1,xgb_tune_03,day_1_daily,1,daily,dept_id,FOODS_2,0.8486597304498511,1.2231635529550668,0.8193956018136493,0.1742268719799107,14.6350572463125,87.0,101.6350572463125,84,0.4796409398709915,84,0,validation
validation_fold_1,xgb_tune_03,day_1_daily,1,daily,dept_id,FOODS_3,1.4130358385978734,2.5534012158128463,0.4345847633097776,-0.1901577066041921,-32.516967829316854,556.0,523.4830321706831,171,0.5210333140711354,171,0,validation
validation_fold_1,xgb_tune_03,day_1_daily,1,daily,intermittency_class,highly_intermittent,0.5594962640768952,0.8417452883727146,1.2588665941730142,0.0021352126366562,0.0384338274598121,8.0,8.038433827459812,18,0.7688191484415099,18,0,validation
validation_fold_1,xgb_tune_03,day_1_daily,1,daily,intermittency_class,intermittent,0.7581657764967531,1.222911653914818,0.7477799439420031,0.1261487306975242,18.165417220443487,146.0,164.1654172204435,144,0.4799760203924111,144,0,validation
validation_fold_1,xgb_tune_03,day_1_daily,1,daily,intermittency_class,regular,1.9104824645876668,3.047160856481223,0.42592339275137,-0.3789242535316642,-52.29154698736966,619.0,566.7084530126303,138,0.5651550733971966,138,0,validation
validation_fold_1,xgb_tune_03,day_1_daily,1,daily,overall,all,1.276311282273382,2.243110647611798,0.4953342622018299,-0.1136256531315545,-34.08769593946636,773.0,738.9123040605336,300,0.5364889724575583,300,0,validation
validation_fold_1,xgb_tune_03,day_1_daily,1,daily,store_id,CA_1,1.299999389052391,2.259951758484566,0.4037265183392519,-0.3396428108215332,-33.96428108215332,322.0,288.0357189178467,100,0.508993766484373,100,0,validation
validation_fold_1,xgb_tune_03,day_1_daily,1,daily,store_id,TX_2,1.2847270512208342,2.269831010447947,0.4866390345533463,-0.1912210706248879,-19.122107062488794,264.0,244.8778929375112,100,0.5298643453688889,100,0,validation
validation_fold_1,xgb_tune_03,day_1_daily,1,daily,store_id,WI_3,1.2442074065469206,2.198890939910306,0.6653515543031661,0.1899869220517575,18.99869220517576,187.0,205.99869220517576,100,0.5706088055194131,100,0,validation
validation_fold_1,xgb_tune_03,days_1_7_aggregate,7,aggregate,demand_band,high,6.752763962128547,9.368610165661035,0.2339949710363059,1.0031248230976288,99.30935748666523,2857.0,2956.309357486665,99,0.6174129505274429,99,0,validation
validation_fold_1,xgb_tune_03,days_1_7_aggregate,7,aggregate,demand_band,low,2.336249705667448,2.911548603962748,0.5796709796016976,0.7576236476500829,75.00474111735821,399.0,474.0047411173582,99,0.7597731368363567,99,0,validation
validation_fold_1,xgb_tune_03,days_1_7_aggregate,7,aggregate,demand_band,medium,3.060383062188824,4.07987814247173,0.4604116111257523,1.0148980389988305,103.51959997788072,678.0,781.5195999778807,102,0.6259454182136279,102,0,validation
validation_fold_1,xgb_tune_03,days_1_7_aggregate,7,aggregate,dept_id,FOODS_1,4.964428688585758,7.463527186344609,0.3585863418721655,1.053475656939877,47.40640456229448,623.0,670.4064045622945,45,0.8338494896020074,45,0,validation
validation_fold_1,xgb_tune_03,days_1_7_aggregate,7,aggregate,dept_id,FOODS_2,3.223213107103393,4.137472058316453,0.5236941992198937,1.4724065377598716,123.68214917182922,517.0,640.6821491718292,84,0.6749078802324752,84,0,validation
validation_fold_1,xgb_tune_03,days_1_7_aggregate,7,aggregate,dept_id,FOODS_3,4.1977908390176575,6.525577727879339,0.2569156168475374,0.624240613144915,106.74514484778048,2794.0,2900.7451448477805,171,0.6197214405566548,171,0,validation
validation_fold_1,xgb_tune_03,days_1_7_aggregate,7,aggregate,intermittency_class,highly_intermittent,1.669674536006318,1.9257177457086072,0.8839453425915802,1.4670051224529743,26.406092204153538,34.0,60.40609220415354,18,0.9566528124659992,18,0,validation
validation_fold_1,xgb_tune_03,days_1_7_aggregate,7,aggregate,intermittency_class,intermittent,2.573108596701382,3.324058599268016,0.4379759313534267,0.9312996895104232,134.10715528950095,846.0,980.107155289501,144,0.6679516322987643,144,0,validation
validation_fold_1,xgb_tune_03,days_1_7_aggregate,7,aggregate,intermittency_class,regular,5.8796351150866,8.326890669651048,0.2656809580490998,0.8501481962916644,117.32045108824968,3054.0,3171.3204510882497,138,0.6288628234159142,138,0,validation
validation_fold_1,xgb_tune_03,days_1_7_aggregate,7,aggregate,overall,all,4.039904751516879,6.117292586399041,0.3080761122153186,0.9261123286063472,277.8336985819042,3934.0,4211.833698581904,300,0.6672928510226874,300,0,validation
validation_fold_1,xgb_tune_03,days_1_7_aggregate,7,aggregate,store_id,CA_1,3.7369151160120966,5.192561134975815,0.2464983585759958,0.7328554978966713,73.28554978966713,1516.0,1589.2855497896671,100,0.5891946789950293,100,0,validation
validation_fold_1,xgb_tune_03,days_1_7_aggregate,7,aggregate,store_id,TX_2,4.109758548699319,6.284125677110705,0.3106393460846046,0.8672162180766463,86.72162180766463,1323.0,1409.7216218076646,100,0.6966101082820652,100,0,validation
validation_fold_1,xgb_tune_03,days_1_7_aggregate,7,aggregate,store_id,WI_3,4.27304058983922,6.7683734454191145,0.3902320173369151,1.178265269845724,117.8265269845724,1095.0,1212.8265269845724,100,0.7160737657909678,100,0,validation
validation_fold_1,xgb_tune_03,days_1_7_daily,7,daily,demand_band,high,1.9655288034165748,2.974976879450695,0.4767628494111607,0.1433035461568041,99.30935748666523,2857.0,2956.309357486665,693,0.5938646971830438,99,0,validation
validation_fold_1,xgb_tune_03,days_1_7_daily,7,daily,demand_band,low,0.7267256634791004,0.9925678736504824,1.262207731305806,0.1082319496642975,75.00474111735821,399.0,474.0047411173582,693,0.7153346120252677,99,0,validation
validation_fold_1,xgb_tune_03,days_1_7_daily,7,daily,demand_band,medium,0.9435394876362646,1.3407622559496293,0.9936389294576592,0.14498543414269,103.51959997788072,678.0,781.5195999778807,714,0.6028661747054226,102,0,validation
validation_fold_1,xgb_tune_03,days_1_7_daily,7,daily,dept_id,FOODS_1,1.3914172530410782,2.209633578208564,0.7035255773803204,0.1504965224199825,47.40640456229448,623.0,670.4064045622945,315,0.7464010553395797,45,0,validation
validation_fold_1,xgb_tune_03,days_1_7_daily,7,daily,dept_id,FOODS_2,0.9258510898671992,1.2636106566056635,1.0529989184563118,0.2103437911085531,123.68214917182922,517.0,640.6821491718292,588,0.6261568269689777,84,0,validation
validation_fold_1,xgb_tune_03,days_1_7_daily,7,daily,dept_id,FOODS_3,1.300520187285834,2.167349918192709,0.5571663078672666,0.0891772304492735,106.74514484778048,2794.0,2900.7451448477805,1197,0.6135547396251506,171,0,validation
validation_fold_1,xgb_tune_03,days_1_7_daily,7,daily,intermittency_class,highly_intermittent,0.5122619626659249,0.6230994888138038,1.898382567526663,0.2095721603504249,26.406092204153538,34.0,60.40609220415354,126,0.8119878788793755,18,0,validation
validation_fold_1,xgb_tune_03,days_1_7_daily,7,daily,intermittency_class,intermittent,0.78340675258669,1.1448347073741625,0.933420811592652,0.1330428127872033,134.10715528950095,846.0,980.107155289501,1008,0.6201319731731596,144,0,validation
validation_fold_1,xgb_tune_03,days_1_7_daily,7,daily,intermittency_class,regular,1.744514001892035,2.639403399719784,0.5518010890071073,0.1214497423273806,117.32045108824968,3054.0,3171.3204510882497,966,0.631799242571103,138,0,validation
validation_fold_1,xgb_tune_03,days_1_7_daily,7,daily,overall,all,1.2092473998719029,1.9639176771967188,0.6455057294689872,0.1323017612294781,277.8336985819042,3934.0,4211.833698581904,2100,0.6370102714385866,300,0,validation
validation_fold_1,xgb_tune_03,days_1_7_daily,7,daily,store_id,CA_1,1.2801889749509947,2.106776850518816,0.5911162813098261,0.1046936425566673,73.28554978966713,1516.0,1589.2855497896671,700,0.6387502103541225,100,0,validation
validation_fold_1,xgb_tune_03,days_1_7_daily,7,daily,store_id,TX_2,1.2095081918101225,1.9163028372574016,0.6399514242381601,0.1238880311538066,86.72162180766463,1323.0,1409.7216218076646,700,0.6246781391422705,100,0,validation
validation_fold_1,xgb_tune_03,days_1_7_daily,7,daily,store_id,WI_3,1.138045032854591,1.8601593121167117,0.7275173726011085,0.1683236099779606,117.8265269845724,1095.0,1212.8265269845724,700,0.6476024648193663,100,0,validation
validation_fold_1,xgb_tune_03,days_1_30_aggregate,30,aggregate,demand_band,high,40.58239636269182,66.82378672143376,0.2852436805045431,7.326362051671803,725.3098431155086,14085.0,14810.309843115509,99,1.4843580253253623,99,0,validation
validation_fold_1,xgb_tune_03,days_1_30_aggregate,30,aggregate,demand_band,low,9.693171527199071,12.612107335703964,0.5198396431163098,5.308387067733389,525.5303197056055,1846.0,2371.530319705605,99,1.59885392396665,99,0,validation
validation_fold_1,xgb_tune_03,days_1_30_aggregate,30,aggregate,demand_band,medium,11.380295696175274,15.434175464370291,0.3350043754718262,3.012079463029901,307.2321052290499,3465.0,3772.23210522905,102,1.14580657740285,102,0,validation
validation_fold_1,xgb_tune_03,days_1_30_aggregate,30,aggregate,dept_id,FOODS_1,19.047466885546843,30.910063718353783,0.3040567612095097,7.230414265559779,325.36864195019007,2819.0,3144.36864195019,45,1.623691407824097,45,0,validation
validation_fold_1,xgb_tune_03,days_1_30_aggregate,30,aggregate,dept_id,FOODS_2,20.10748862909774,47.19713366737452,0.6307053938925355,11.99724440915244,1007.7685303688048,2678.0,3685.768530368805,84,1.415057415836494,84,0,validation
validation_fold_1,xgb_tune_03,days_1_30_aggregate,30,aggregate,dept_id,FOODS_3,21.005300160323145,38.3894646087975,0.258429119175139,1.3154099165565438,224.93509573116896,13899.0,14123.935095731167,171,1.3460778806587723,171,0,validation
validation_fold_1,xgb_tune_03,days_1_30_aggregate,30,aggregate,intermittency_class,highly_intermittent,11.891022387892008,14.280653800596708,1.5854696517189344,11.79398920511206,212.29180569201708,135.0,347.2918056920171,18,3.155594744962692,18,0,validation
validation_fold_1,xgb_tune_03,days_1_30_aggregate,30,aggregate,intermittency_class,intermittent,10.453940784274083,14.122627856666917,0.3443200990245809,3.3668546970261053,484.8270763717592,4372.0,4856.827076371759,144,1.2718934606360977,144,0,validation
validation_fold_1,xgb_tune_03,days_1_30_aggregate,30,aggregate,intermittency_class,regular,32.01931526225762,57.08690458268925,0.2967738267305764,6.238792652075273,860.9533859863877,14889.0,15749.953385986388,138,1.3199774647396625,138,0,validation
validation_fold_1,xgb_tune_03,days_1_30_aggregate,30,aggregate,overall,all,20.460237940363587,40.08830641519987,0.3164606816925694,5.19357422683388,1558.072268050164,19396.0,20954.072268050164,300,1.4070341795833332,300,0,validation
validation_fold_1,xgb_tune_03,days_1_30_aggregate,30,aggregate,store_id,CA_1,18.40384120717645,35.92041322875401,0.2573603860603614,5.694614264369011,569.4614264369011,7151.0,7720.461426436901,100,1.1603093824664703,100,0,validation
validation_fold_1,xgb_tune_03,days_1_30_aggregate,30,aggregate,store_id,TX_2,21.617513295970856,39.45012867808162,0.3287834721820662,3.820948739610612,382.0948739610613,6575.0,6957.094873961061,100,1.5393772061317057,100,0,validation
validation_fold_1,xgb_tune_03,days_1_30_aggregate,30,aggregate,store_id,WI_3,21.35935931794345,44.43678875070994,0.3767082772124066,6.065159676522017,606.5159676522017,5670.0,6276.515967652202,100,1.5214159501518234,100,0,validation
validation_fold_1,xgb_tune_03,days_1_30_daily,30,daily,demand_band,high,2.673845472196838,4.204306816918514,0.5638140612300042,0.2442120683890601,725.3098431155086,14085.0,14810.309843115509,2970,0.7575396542967394,99,0,validation
validation_fold_1,xgb_tune_03,days_1_30_daily,30,daily,demand_band,low,0.792597488095664,1.0338795731511914,1.2751974754301854,0.1769462355911129,525.5303197056055,1846.0,2371.530319705605,2970,0.8137469422622167,99,0,validation
validation_fold_1,xgb_tune_03,days_1_30_daily,30,daily,demand_band,medium,1.0440965426428352,1.4435002439940865,0.9220592844118546,0.1004026487676633,307.2321052290499,3465.0,3772.23210522905,3060,0.7220485196220514,102,0,validation
validation_fold_1,xgb_tune_03,days_1_30_daily,30,daily,dept_id,FOODS_1,1.649826705571678,2.7220650071123824,0.7900908309761494,0.2410138088519926,325.36864195019007,2819.0,3144.36864195019,1350,0.8944009821147966,45,0,validation
validation_fold_1,xgb_tune_03,days_1_30_daily,30,daily,dept_id,FOODS_2,1.2517029093016707,2.135675023654346,1.177853372457136,0.399908146971748,1007.7685303688048,2678.0,3685.768530368805,2520,0.7394394393432571,84,0,validation
validation_fold_1,xgb_tune_03,days_1_30_daily,30,daily,dept_id,FOODS_3,1.5806459314997725,2.8115624835698125,0.5834026641192771,0.0438469972185514,224.93509573116896,13899.0,14123.935095731167,5130,0.7417857600045992,171,0,validation
validation_fold_1,xgb_tune_03,days_1_30_daily,30,daily,intermittency_class,highly_intermittent,0.6446321229829832,0.7502524226321277,2.578528491931933,0.3931329735037353,212.29180569201708,135.0,347.2918056920171,540,1.0283606482064422,18,0,validation
validation_fold_1,xgb_tune_03,days_1_30_daily,30,daily,intermittency_class,intermittent,0.9095925004385342,1.3990741410348566,0.8987739254104455,0.1122284899008701,484.8270763717592,4372.0,4856.827076371759,4320,0.7466705707767688,144,0,validation
validation_fold_1,xgb_tune_03,days_1_30_daily,30,daily,intermittency_class,regular,2.2252971169687266,3.5877238587550444,0.6187608344583605,0.2079597550691757,860.9533859863877,14889.0,15749.953385986388,4140,0.7476468710232986,138,0,validation
validation_fold_1,xgb_tune_03,days_1_30_daily,30,daily,overall,all,1.4989190013950895,2.6257074328163013,0.6955182002761295,0.1731191408944626,1558.072268050164,19396.0,20954.072268050164,9000,0.764021073535953,300,0,validation
validation_fold_1,xgb_tune_03,days_1_30_daily,30,daily,store_id,CA_1,1.5908728404243788,2.820507517255319,0.6674057504227571,0.189820475478967,569.4614264369011,7151.0,7720.461426436901,3000,0.7445195093072493,100,0,validation
validation_fold_1,xgb_tune_03,days_1_30_daily,30,daily,store_id,TX_2,1.464483659832428,2.4279614386013875,0.6682054721668873,0.1273649579870204,382.0948739610613,6575.0,6957.094873961061,3000,0.7519709794320788,100,0,validation
validation_fold_1,xgb_tune_03,days_1_30_daily,30,daily,store_id,WI_3,1.4414005039284628,2.613954698538448,0.7626457692743188,0.2021719892174005,606.5159676522017,5670.0,6276.515967652202,3000,0.795572731868531,100,0,validation
validation_fold_2,xgb_tune_03,day_1_daily,1,daily,demand_band,high,1.7874794780239087,2.877111127984359,0.4744248480546031,0.0483087485119926,4.782566102687269,373.0,377.78256610268727,99,0.4180914967330458,99,0,validation
validation_fold_2,xgb_tune_03,day_1_daily,1,daily,demand_band,low,0.5473015659554589,0.8071945311715562,1.0033862042516746,0.006313255536511,0.6250122981145978,54.0,54.6250122981146,99,0.4716947328296907,99,0,validation
validation_fold_2,xgb_tune_03,day_1_daily,1,daily,demand_band,medium,0.7849308613130787,1.111722074105992,0.7927024539993467,-0.0618753070970449,-6.311281323898584,101.0,94.68871867610142,102,0.4409178455886418,102,0,validation
validation_fold_2,xgb_tune_03,day_1_daily,1,daily,dept_id,FOODS_1,1.1693409801357322,1.9636895635705616,0.6190628718365642,-0.1455004995895756,-6.547522481530905,85.0,78.4524775184691,45,0.5482930632341263,45,0,validation
validation_fold_2,xgb_tune_03,day_1_daily,1,daily,dept_id,FOODS_2,0.7070000715875289,0.9903699102992132,0.8863881494530212,0.0677270136740324,5.689069148618728,67.0,72.68906914861873,84,0.4016383034712015,84,0,validation
validation_fold_2,xgb_tune_03,day_1_daily,1,daily,dept_id,FOODS_3,1.164900123324158,2.1000624834977493,0.5297817050224229,-0.0002646174864592,-0.0452495901845395,376.0,375.95475040981546,171,0.4365593663136594,171,0,validation
validation_fold_2,xgb_tune_03,day_1_daily,1,daily,intermittency_class,highly_intermittent,0.3673435679843856,0.5323226989448678,1.102030703953157,-0.0983382696803245,-1.7700888542458415,6.0,4.229911145754159,18,0.5436540296945553,18,0,validation
validation_fold_2,xgb_tune_03,day_1_daily,1,daily,intermittency_class,intermittent,0.6453330309416813,0.9697334538384698,0.7690218618721701,0.0514720817930162,7.360507696401328,120.0,127.36050769640131,143,0.4447409595789748,143,0,validation
validation_fold_2,xgb_tune_03,day_1_daily,1,daily,intermittency_class,regular,1.5274206011475686,2.502506489913064,0.5281379690535125,-0.0467203004694403,-6.494121765252203,402.0,395.5058782347478,139,0.42934336131264,139,0,validation
validation_fold_2,xgb_tune_03,day_1_daily,1,daily,overall,all,1.037354237359638,1.8349098641660004,0.5894058166816125,-0.003012343076989,-0.9037029230967164,528.0,527.0962970769033,300,0.4435415232558412,300,0,validation
validation_fold_2,xgb_tune_03,day_1_daily,1,daily,store_id,CA_1,1.338373455731198,2.5220122447872684,0.6196173406162955,-0.1793680490273982,-17.936804902739823,216.0,198.06319509726015,100,0.4613122240782115,100,0,validation
validation_fold_2,xgb_tune_03,day_1_daily,1,daily,store_id,TX_2,1.0225301656313242,1.5494281108698031,0.5468075752039167,-0.0327693185023963,-3.2769318502396345,187.0,183.7230681497604,100,0.4876797750343857,100,0,validation
validation_fold_2,xgb_tune_03,day_1_daily,1,daily,store_id,WI_3,0.7511590907163918,1.1573285597575942,0.6009272725731134,0.2031003382988274,20.31003382988274,125.0,145.31003382988274,100,0.3816325706549264,100,0,validation
validation_fold_2,xgb_tune_03,days_1_7_aggregate,7,aggregate,demand_band,high,9.014378393581609,16.481175417578832,0.2840303822293377,-0.1396302309479903,-13.82339286385104,3142.0,3128.176607136149,99,0.700824730800488,99,0,validation
validation_fold_2,xgb_tune_03,days_1_7_aggregate,7,aggregate,demand_band,low,2.3047292222447617,2.8219422680508632,0.6355659972207003,1.2037678474296976,119.17301689554006,359.0,478.17301689554006,99,0.7733525889724769,99,0,validation
validation_fold_2,xgb_tune_03,days_1_7_aggregate,7,aggregate,demand_band,medium,3.2107354906506327,4.345898296708606,0.4140265740156315,-0.0734011583514146,-7.486918151844293,791.0,783.5130818481557,102,0.6707799659676377,102,0,validation
validation_fold_2,xgb_tune_03,days_1_7_aggregate,7,aggregate,dept_id,FOODS_1,3.841649500611756,5.352662823792566,0.2848010338180049,0.5958868338829941,26.814907524734732,607.0,633.8149075247347,45,0.6703836342128602,45,0,validation
validation_fold_2,xgb_tune_03,days_1_7_aggregate,7,aggregate,dept_id,FOODS_2,3.5875775964675647,4.760932585821639,0.5740124154348104,1.4545759693331397,122.18438142398372,525.0,647.1843814239837,84,0.7640843732230713,84,0,validation
validation_fold_2,xgb_tune_03,days_1_7_aggregate,7,aggregate,dept_id,FOODS_3,5.695063908668834,12.42823499302019,0.3081822558172059,-0.2990443454320101,-51.13658306887373,3160.0,3108.8634169311263,171,0.701829007578397,171,0,validation
validation_fold_2,xgb_tune_03,days_1_7_aggregate,7,aggregate,intermittency_class,highly_intermittent,2.113605247448302,2.249399070990457,2.2379349678864373,2.0574392062197955,37.03390571195632,17.0,54.03390571195632,18,1.1794679155036305,18,0,validation
validation_fold_2,xgb_tune_03,days_1_7_aggregate,7,aggregate,intermittency_class,intermittent,2.7444874053410664,3.9131892057828246,0.429389167356425,0.977246630438636,139.74626815272495,914.0,1053.746268152725,143,0.6991218843332092,143,0,validation
validation_fold_2,xgb_tune_03,days_1_7_aggregate,7,aggregate,intermittency_class,regular,7.320720004282972,14.020866270918392,0.3027611069905781,-0.5677515682362342,-78.91746798483655,3361.0,3282.0825320151635,139,0.6702033039389088,139,0,validation
validation_fold_2,xgb_tune_03,days_1_7_aggregate,7,aggregate,overall,all,4.826955580043917,9.934135509134922,0.3373920489313082,0.3262090195994824,97.86270587984473,4292.0,4389.862705879845,300,0.7145437039540753,300,0,validation
validation_fold_2,xgb_tune_03,days_1_7_aggregate,7,aggregate,store_id,CA_1,6.286819766266271,14.621109399803322,0.3617272592788418,-0.7918360600341111,-79.18360600341111,1738.0,1658.8163939965889,100,0.7536200191787618,100,0,validation
validation_fold_2,xgb_tune_03,days_1_7_aggregate,7,aggregate,store_id,TX_2,4.104507309794426,6.133272743609347,0.2884404293601142,1.0393850055336953,103.93850055336952,1423.0,1526.9385005533695,100,0.7020500082768532,100,0,validation
validation_fold_2,xgb_tune_03,days_1_7_aggregate,7,aggregate,store_id,WI_3,4.0895396640710535,6.683357712486124,0.3615861771946113,0.7310781132988632,73.10781132988632,1131.0,1204.1078113298863,100,0.687961084406611,100,0,validation
validation_fold_2,xgb_tune_03,days_1_7_daily,7,daily,demand_band,high,2.28743941822354,4.324945649169433,0.5045179875330723,-0.0199471758497129,-13.82339286385104,3142.0,3128.176607136149,693,0.6346910928207239,99,0,validation
validation_fold_2,xgb_tune_03,days_1_7_daily,7,daily,demand_band,low,0.6624599669254982,0.9020050190235356,1.278787624176519,0.1719668353470996,119.17301689554006,359.0,478.17301689554006,693,0.6447918212270433,99,0,validation
validation_fold_2,xgb_tune_03,days_1_7_daily,7,daily,demand_band,medium,0.9030954168909896,1.253340141214559,0.8151834736538135,-0.0104858797644878,-7.486918151844293,791.0,783.5130818481557,714,0.5944508322704178,102,0,validation
validation_fold_2,xgb_tune_03,days_1_7_daily,7,daily,dept_id,FOODS_1,1.1187478634218375,1.8018449059400672,0.5805693195681694,0.0851266905547134,26.814907524734732,607.0,633.8149075247347,315,0.6031394656462262,45,0,validation
validation_fold_2,xgb_tune_03,days_1_7_daily,7,daily,dept_id,FOODS_2,0.925025085681815,1.2989594016564,1.0360280959636328,0.2077965670475913,122.18438142398372,525.0,647.1843814239837,588,0.6082219923024914,84,0,validation
validation_fold_2,xgb_tune_03,days_1_7_daily,7,daily,dept_id,FOODS_3,1.4977193602419916,3.2487100868956835,0.5673323019650836,-0.0427206207760014,-51.13658306887373,3160.0,3108.8634169311263,1197,0.637841345466796,171,0,validation
validation_fold_2,xgb_tune_03,days_1_7_daily,7,daily,intermittency_class,highly_intermittent,0.456431596266431,0.4921925482017427,3.3829635958570767,0.293919886602828,37.03390571195632,17.0,54.03390571195632,126,0.7145394441538031,18,0,validation
validation_fold_2,xgb_tune_03,days_1_7_daily,7,daily,intermittency_class,intermittent,0.7693148287944496,1.1777463227262703,0.8425428267212736,0.1396066614912337,139.74626815272495,914.0,1053.746268152725,1001,0.6063575099353472,143,0,validation
validation_fold_2,xgb_tune_03,days_1_7_daily,7,daily,intermittency_class,regular,1.913150952534055,3.687302712620536,0.5538517931614507,-0.0811073668908906,-78.91746798483655,3361.0,3282.0825320151635,973,0.631165176020061,139,0,validation
validation_fold_2,xgb_tune_03,days_1_7_daily,7,daily,overall,all,1.2805192388421192,2.641076736431466,0.6265355082871505,0.0466012885142117,97.86270587984473,4292.0,4389.862705879845,2100,0.6243426446077053,300,0,validation
validation_fold_2,xgb_tune_03,days_1_7_daily,7,daily,store_id,CA_1,1.526716650568747,3.517395821976773,0.6149031388942019,-0.1131194371477301,-79.18360600341111,1738.0,1658.8163939965889,700,0.6486035455065248,100,0,validation
validation_fold_2,xgb_tune_03,days_1_7_daily,7,daily,store_id,TX_2,1.295691748814923,2.300010844246178,0.6373747183207634,0.1484835722190993,103.93850055336952,1423.0,1526.9385005533695,700,0.6563580040378659,100,0,validation
validation_fold_2,xgb_tune_03,days_1_7_daily,7,daily,store_id,WI_3,1.0191493171426866,1.8065812273597812,0.6307732290007787,0.1044397304712661,73.10781132988632,1131.0,1204.1078113298863,700,0.568066384278725,100,0,validation
validation_fold_2,xgb_tune_03,days_1_30_aggregate,30,aggregate,demand_band,high,34.98796849909022,61.38381052877706,0.2278671719893383,-1.54391734794516,-152.84781744657084,15201.0,15048.15218255343,99,1.264427073777553,99,0,validation
validation_fold_2,xgb_tune_03,days_1_30_aggregate,30,aggregate,demand_band,low,9.41308009252893,10.931784542399996,0.5514171178463693,6.45618905041442,639.1627159910277,1690.0,2329.162715991028,99,1.5617388135444248,99,0,validation
validation_fold_2,xgb_tune_03,days_1_30_aggregate,30,aggregate,demand_band,medium,9.6865885138886,12.21742281376925,0.2687060180627243,-0.3334508801253475,-34.011989772785455,3677.0,3642.988010227215,102,0.9884488692893024,102,0,validation
validation_fold_2,xgb_tune_03,days_1_30_aggregate,30,aggregate,dept_id,FOODS_1,14.388004049907128,21.43017214823388,0.2406915175635021,5.67660599756572,255.4472698904574,2690.0,2945.4472698904574,45,1.189545360051507,45,0,validation
validation_fold_2,xgb_tune_03,days_1_30_aggregate,30,aggregate,dept_id,FOODS_2,16.095675251163943,29.384908735274184,0.3506319297452726,-3.411997461619432,-286.6077867760323,3856.0,3569.392213223968,84,1.4012161661239306,84,0,validation
validation_fold_2,xgb_tune_03,days_1_30_aggregate,30,aggregate,dept_id,FOODS_3,19.79087096867451,42.36344658384063,0.2413520849838355,2.827271495071616,483.4634256572463,14022.0,14505.463425657246,171,1.224447417284542,171,0,validation
validation_fold_2,xgb_tune_03,days_1_30_aggregate,30,aggregate,intermittency_class,highly_intermittent,9.158237932301644,10.276513539230985,1.2302110655330567,8.88893151930016,160.00076734740287,134.0,294.00076734740287,18,2.589470293346348,18,0,validation
validation_fold_2,xgb_tune_03,days_1_30_aggregate,30,aggregate,intermittency_class,intermittent,9.976905599617483,14.400633312499188,0.3186726604300425,3.498173655326628,500.2388327117078,4477.0,4977.238832711708,143,1.2137892522526117,143,0,validation
validation_fold_2,xgb_tune_03,days_1_30_aggregate,30,aggregate,intermittency_class,regular,27.281942845037435,51.490670953852224,0.2376505643579747,-1.4959474193340958,-207.9366912874393,15957.0,15749.06330871256,139,1.154171792518179,139,0,validation
validation_fold_2,xgb_tune_03,days_1_30_aggregate,30,aggregate,overall,all,17.945786129956446,36.51872613626116,0.2617530065629586,1.5076763625722378,452.30290877167135,20568.0,21020.30290877167,300,1.2687073583746151,300,0,validation
validation_fold_2,xgb_tune_03,days_1_30_aggregate,30,aggregate,store_id,CA_1,21.70432726494968,45.73849596995949,0.2794068906404439,-0.988523662732914,-98.8523662732914,7768.0,7669.147633726709,100,1.2796427839305315,100,0,validation
validation_fold_2,xgb_tune_03,days_1_30_aggregate,30,aggregate,store_id,TX_2,15.71023012528196,30.7822844281802,0.2308291232042603,3.93956638276577,393.956638276577,6806.0,7199.956638276577,100,1.3029889063465812,100,0,validation
validation_fold_2,xgb_tune_03,days_1_30_aggregate,30,aggregate,store_id,WI_3,16.422800999637694,31.004725891940183,0.2739873373312928,1.5719863676838577,157.19863676838577,5994.0,6151.198636768386,100,1.2234903848467336,100,0,validation
validation_fold_2,xgb_tune_03,days_1_30_daily,30,daily,demand_band,high,2.69520915645482,4.39358968726552,0.526595039449432,-0.051463911598172,-152.84781744657084,15201.0,15048.15218255343,2970,0.7399331136223668,99,0,validation
validation_fold_2,xgb_tune_03,days_1_30_daily,30,daily,demand_band,low,0.753051120470833,1.0141707617453442,1.323409365561168,0.2152063016804807,639.1627159910277,1690.0,2329.162715991028,2970,0.7654419238513608,99,0,validation
validation_fold_2,xgb_tune_03,days_1_30_daily,30,daily,demand_band,medium,1.028092601208558,1.444147009500427,0.855578830486317,-0.0111150293375115,-34.011989772785455,3677.0,3642.988010227215,3060,0.7396496612711779,102,0,validation
validation_fold_2,xgb_tune_03,days_1_30_daily,30,daily,dept_id,FOODS_1,1.383761098453844,2.149518352209364,0.6944525958783232,0.1892201999188573,255.4472698904574,2690.0,2945.4472698904574,1350,0.7795211413310401,45,0,validation
validation_fold_2,xgb_tune_03,days_1_30_daily,30,daily,dept_id,FOODS_2,1.2859207436614226,2.378139672447621,0.8403838884924235,-0.1137332487206477,-286.6077867760323,3856.0,3569.392213223968,2520,0.7625615864556179,84,0,validation
validation_fold_2,xgb_tune_03,days_1_30_daily,30,daily,dept_id,FOODS_3,1.6137814084264916,3.003532915337738,0.5904078323511555,0.0942423831690538,483.4634256572463,14022.0,14505.463425657246,5130,0.7329986522654417,171,0,validation
validation_fold_2,xgb_tune_03,days_1_30_daily,30,daily,intermittency_class,highly_intermittent,0.5774550571434062,0.6630564530220006,2.327057692965965,0.2962977173100053,160.00076734740287,134.0,294.00076734740287,540,0.93298151251572,18,0,validation
validation_fold_2,xgb_tune_03,days_1_30_daily,30,daily,intermittency_class,intermittent,0.8932986687077535,1.3554396037374947,0.8559864393022699,0.1166057885108876,500.2388327117078,4477.0,4977.238832711708,4290,0.7535975660195019,143,0,validation
validation_fold_2,xgb_tune_03,days_1_30_daily,30,daily,intermittency_class,regular,2.216599367518867,3.7502774215407406,0.5792579659430767,-0.0498649139778031,-207.9366912874393,15957.0,15749.06330871256,4170,0.7188365107445142,139,0,validation
validation_fold_2,xgb_tune_03,days_1_30_daily,30,daily,overall,all,1.487477375796375,2.723730453136825,0.6508798318828947,0.0502558787524079,452.30290877167135,20568.0,21020.30290877167,9000,0.7482546471985307,300,0,validation
validation_fold_2,xgb_tune_03,days_1_30_daily,30,daily,store_id,CA_1,1.6301627796425795,3.0865906588825163,0.6295685297280816,-0.0329507887577638,-98.8523662732914,7768.0,7669.147633726709,3000,0.7317131152329616,100,0,validation
validation_fold_2,xgb_tune_03,days_1_30_daily,30,daily,store_id,TX_2,1.4808177710175514,2.5964313305846454,0.6527260230756178,0.1313188794255256,393.956638276577,6806.0,7199.956638276577,3000,0.7716465859459544,100,0,validation
validation_fold_2,xgb_tune_03,days_1_30_daily,30,daily,store_id,WI_3,1.3514515767289947,2.4469624423134197,0.6764021905550524,0.0523995455894619,157.19863676838577,5994.0,6151.198636768386,3000,0.7414042404166764,100,0,validation
validation_fold_3,xgb_tune_03,day_1_daily,1,daily,demand_band,high,2.13526097213793,3.315665628700582,0.4916065959108257,-0.3246749759642313,-32.1428226204589,430.0,397.8571773795411,99,0.4774966741440776,99,0,validation
validation_fold_3,xgb_tune_03,day_1_daily,1,daily,demand_band,low,0.488394256330488,0.680966544545213,1.098887076743598,0.0510271463911825,5.051687492727069,44.0,49.05168749272707,99,0.4004432066807825,99,0,validation
validation_fold_3,xgb_tune_03,day_1_daily,1,daily,demand_band,medium,0.8324908249514741,1.1431076691243414,0.8845215015109412,0.0494186332409085,5.040700590572669,96.0,101.04070059057268,102,0.4436671123367978,102,0,validation
validation_fold_3,xgb_tune_03,day_1_daily,1,daily,dept_id,FOODS_1,1.2482040173477598,2.585337196243733,0.7201177023160152,-0.1523245460457272,-6.854604572057724,78.0,71.14539542794228,45,0.4407682733944512,45,0,validation
validation_fold_3,xgb_tune_03,day_1_daily,1,daily,dept_id,FOODS_2,0.8146505967070836,1.3297582692961465,0.6002688607315353,-0.0771405880361618,-6.479809395037592,114.0,107.5201906049624,84,0.3482586652521146,84,0,validation
validation_fold_3,xgb_tune_03,day_1_daily,1,daily,dept_id,FOODS_3,1.286877782803389,2.1874827034268542,0.5821589969824855,-0.0509708805266891,-8.716020570063847,378.0,369.28397942993615,171,0.4858584413806234,171,0,validation
validation_fold_3,xgb_tune_03,day_1_daily,1,daily,intermittency_class,highly_intermittent,0.2710371885777396,0.3343923444870558,4.607632205821574,0.1896743871381177,3.224464581348002,1.0,4.224464581348002,17,0.3757184872160992,17,0,validation
validation_fold_3,xgb_tune_03,day_1_daily,1,daily,intermittency_class,intermittent,0.6402179725317991,1.0082364641567212,0.7947533452118886,0.0613951163837151,8.840896759254974,116.0,124.84089675925496,144,0.4189532330736532,144,0,validation
validation_fold_3,xgb_tune_03,day_1_daily,1,daily,intermittency_class,regular,1.7831432482951302,2.8376682209847632,0.5471455000287485,-0.2454373804155549,-34.11579587776214,453.0,418.88420412223786,139,0.4708893080196747,139,0,validation
validation_fold_3,xgb_tune_03,day_1_daily,1,daily,overall,all,1.148853105878079,2.055529899421721,0.6046595294095153,-0.0735014484571972,-22.050434537159163,570.0,547.9495654628408,300,0.4405669788667151,300,0,validation
validation_fold_3,xgb_tune_03,day_1_daily,1,daily,store_id,CA_1,1.173947564941627,1.902280019311468,0.526433885624048,-0.1861889004886324,-18.61889004886325,223.0,204.38110995113675,100,0.4339823076149499,100,0,validation
validation_fold_3,xgb_tune_03,day_1_daily,1,daily,store_id,TX_2,1.2769464876316488,2.480032069495042,0.6449224685008327,-0.0375278959609568,-3.752789596095681,198.0,194.24721040390432,100,0.4628314831992899,100,0,validation
validation_fold_3,xgb_tune_03,day_1_daily,1,daily,store_id,WI_3,0.9956652650609612,1.7048111815255416,0.6682317215174236,0.0032124510779976,0.3212451077997684,149.0,149.32124510779977,100,0.4248871457859056,100,0,validation
validation_fold_3,xgb_tune_03,days_1_7_aggregate,7,aggregate,demand_band,high,9.15262247187396,13.54034279050453,0.2556742733395942,-2.9894936900360114,-295.95987531356514,3544.0,3248.040124686435,99,0.7441426034414359,99,0,validation
validation_fold_3,xgb_tune_03,days_1_7_aggregate,7,aggregate,demand_band,low,2.192360116505168,2.972999681562118,0.479125058573977,-0.0584686649872126,-5.788397833734052,453.0,447.211602166266,99,0.6921124928302594,99,0,validation
validation_fold_3,xgb_tune_03,days_1_7_aggregate,7,aggregate,demand_band,medium,3.0095902510344303,4.360014626486046,0.413160438230837,0.6861674936005204,69.98908434725308,743.0,812.9890843472531,102,0.6216400832618927,102,0,validation
validation_fold_3,xgb_tune_03,days_1_7_aggregate,7,aggregate,dept_id,FOODS_1,6.521943809128263,12.174150210813108,0.3976795005566014,-3.817944092018944,-171.80748414085247,738.0,566.1925158591475,45,0.8995892570753733,45,0,validation
validation_fold_3,xgb_tune_03,days_1_7_aggregate,7,aggregate,dept_id,FOODS_2,3.618937402581131,5.956762635695299,0.373452999774957,0.6652677330698463,55.88248957786709,814.0,869.8824895778671,84,0.6100432238816457,84,0,validation
validation_fold_3,xgb_tune_03,days_1_7_aggregate,7,aggregate,dept_id,FOODS_3,4.869317360394494,8.134380442115127,0.2611835848894161,-0.6773929487547411,-115.83419423706071,3188.0,3072.1658057629397,171,0.6659145944395372,171,0,validation
validation_fold_3,xgb_tune_03,days_1_7_aggregate,7,aggregate,intermittency_class,highly_intermittent,1.5663980399532351,1.8533478911906611,0.7608219051201429,0.7941333595115472,13.500267111696305,35.0,48.5002671116963,17,0.8622950417047237,17,0,validation
validation_fold_3,xgb_tune_03,days_1_7_aggregate,7,aggregate,intermittency_class,intermittent,2.682222042815536,3.981754501737088,0.3827948207784313,0.3897012089038172,56.11697408214968,1009.0,1065.1169740821497,144,0.6692278871822649,144,0,validation
validation_fold_3,xgb_tune_03,days_1_7_aggregate,7,aggregate,intermittency_class,regular,7.318436985686354,11.57501377542108,0.2752334255980528,-2.168175755351742,-301.3764299938921,3696.0,3394.623570006108,139,0.6803504428804638,139,0,validation
validation_fold_3,xgb_tune_03,days_1_7_aggregate,7,aggregate,overall,all,4.767104939516818,8.359580052950482,0.3017155025010644,-0.772530629333487,-231.7591888000461,4740.0,4508.240811199954,300,0.685321810078703,300,0,validation
validation_fold_3,xgb_tune_03,days_1_7_aggregate,7,aggregate,store_id,CA_1,5.219045165994758,8.341645945392447,0.2796915951765679,-1.115001383069175,-111.5001383069175,1866.0,1754.4998616930825,100,0.7049106209097006,100,0,validation
validation_fold_3,xgb_tune_03,days_1_7_aggregate,7,aggregate,store_id,TX_2,4.5680802628584205,7.612200439351568,0.2902211094573329,-0.1871092089824378,-18.710920898243785,1574.0,1555.2890791017562,100,0.6931973682611016,100,0,validation
validation_fold_3,xgb_tune_03,days_1_7_aggregate,7,aggregate,store_id,WI_3,4.514189389697276,9.061958032231022,0.3472453376690212,-1.0154812959488482,-101.5481295948848,1300.0,1198.4518704051152,100,0.6578574410653069,100,0,validation
validation_fold_3,xgb_tune_03,days_1_7_daily,7,daily,demand_band,high,2.467599717013183,4.111743456356546,0.4825187934227246,-0.4270705271480016,-295.95987531356514,3544.0,3248.040124686435,693,0.6781490698302507,99,0,validation
validation_fold_3,xgb_tune_03,days_1_7_daily,7,daily,demand_band,low,0.7005836547749748,1.0326126116349057,1.071753803000127,-0.0083526664267446,-5.788397833734052,453.0,447.211602166266,693,0.705973961821698,99,0,validation
validation_fold_3,xgb_tune_03,days_1_7_daily,7,daily,demand_band,medium,0.9688485857265072,1.4495757868631065,0.931033499607976,0.0980239276572172,69.98908434725308,743.0,812.9890843472531,714,0.6404035861841954,102,0,validation
validation_fold_3,xgb_tune_03,days_1_7_daily,7,daily,dept_id,FOODS_1,1.736115684424571,3.399586383503629,0.7410249872543903,-0.5454205845741348,-171.80748414085247,738.0,566.1925158591475,315,0.8789211132819228,45,0,validation
validation_fold_3,xgb_tune_03,days_1_7_daily,7,daily,dept_id,FOODS_2,1.088908245618341,1.8464367345053136,0.7865823690707426,0.0950382475814066,55.88248957786709,814.0,869.8824895778671,588,0.5880347599311136,84,0,validation
validation_fold_3,xgb_tune_03,days_1_7_daily,7,daily,dept_id,FOODS_3,1.4203462638601465,2.6348675011814047,0.5332981423590323,-0.0967704212506773,-115.83419423706071,3188.0,3072.1658057629397,1197,0.6631752982013495,171,0,validation
validation_fold_3,xgb_tune_03,days_1_7_daily,7,daily,intermittency_class,highly_intermittent,0.470137416510334,0.5507372327266372,1.5984672161351356,0.1134476227873639,13.500267111696305,35.0,48.5002671116963,119,0.7669146741932282,17,0,validation
validation_fold_3,xgb_tune_03,days_1_7_daily,7,daily,intermittency_class,intermittent,0.8093789252755862,1.27614036518555,0.8085767657857194,0.0556716012719738,56.11697408214968,1009.0,1065.1169740821497,1008,0.6630517532039472,144,0,validation
validation_fold_3,xgb_tune_03,days_1_7_daily,7,daily,intermittency_class,regular,2.071437469286124,3.5522451040980285,0.5453216064976729,-0.3097393936216773,-301.3764299938921,3696.0,3394.623570006108,973,0.6750528345444428,139,0,validation
validation_fold_3,xgb_tune_03,days_1_7_daily,7,daily,overall,all,1.374909031837105,2.5778732311170347,0.6091369128392236,-0.1103615184762124,-231.7591888000461,4740.0,4508.240811199954,2100,0.6744978197477693,300,0,validation
validation_fold_3,xgb_tune_03,days_1_7_daily,7,daily,store_id,CA_1,1.5319916662654682,2.946651078543403,0.5747021256086965,-0.159285911867025,-111.5001383069175,1866.0,1754.4998616930825,700,0.7063837691150461,100,0,validation
validation_fold_3,xgb_tune_03,days_1_7_daily,7,daily,store_id,TX_2,1.3717682494888348,2.406974686053032,0.610062118578262,-0.0267298869974911,-18.710920898243785,1574.0,1555.2890791017562,700,0.6735975986060968,100,0,validation
validation_fold_3,xgb_tune_03,days_1_7_daily,7,daily,store_id,WI_3,1.2209671797570107,2.3366667432794626,0.6574438660230058,-0.1450687565641211,-101.5481295948848,1300.0,1198.4518704051152,700,0.6435120915221654,100,0,validation
validation_fold_3,xgb_tune_03,days_1_30_aggregate,30,aggregate,demand_band,high,32.73899792637111,57.634337335129295,0.226369660197705,11.925287517954152,1180.6034642774612,14318.0,15498.60346427746,99,1.1283810500409266,99,0,validation
validation_fold_3,xgb_tune_03,days_1_30_aggregate,30,aggregate,demand_band,low,9.113548259069727,11.198146531672888,0.4794055672943162,4.559220500816909,451.362829580874,1882.0,2333.362829580874,99,1.4987696839920848,99,0,validation
validation_fold_3,xgb_tune_03,days_1_30_aggregate,30,aggregate,demand_band,medium,11.925738424961096,16.104515367568034,0.3236034369103569,-0.1040661339455469,-10.614745662445785,3759.0,3748.385254337554,102,1.1472402189508315,102,0,validation
validation_fold_3,xgb_tune_03,days_1_30_aggregate,30,aggregate,dept_id,FOODS_1,13.490550272534083,18.43884611304471,0.2481908267637096,5.85549576501362,263.4973094256129,2446.0,2709.497309425613,45,1.1749728739606826,45,0,validation
validation_fold_3,xgb_tune_03,days_1_30_aggregate,30,aggregate,dept_id,FOODS_2,16.25049977254544,27.527461062830422,0.3077191120139352,-0.3551646752970382,-29.833832724951208,4436.0,4406.166167275049,84,1.3648834813365762,84,0,validation
validation_fold_3,xgb_tune_03,days_1_30_aggregate,30,aggregate,dept_id,FOODS_3,19.811173383314767,41.09375524070292,0.2590587021906266,8.115134921024723,1387.6880714952276,13077.0,14464.688071495228,171,1.2256282645716363,171,0,validation
validation_fold_3,xgb_tune_03,days_1_30_aggregate,30,aggregate,intermittency_class,highly_intermittent,8.900575216695229,10.34383919039876,1.0363683471494445,8.428455706521431,143.28374701086432,146.0,289.2837470108643,17,2.509209557859065,17,0,validation
validation_fold_3,xgb_tune_03,days_1_30_aggregate,30,aggregate,intermittency_class,intermittent,10.429836577925926,14.303315293290169,0.3151933824179083,2.5594574771584018,368.5618767108099,4765.0,5133.56187671081,144,1.2787816193455614,144,0,validation
validation_fold_3,xgb_tune_03,days_1_30_aggregate,30,aggregate,intermittency_class,regular,26.666339178413835,49.19784892973688,0.2463198528574909,7.982057010605864,1109.5059244742151,15048.0,16157.505924474215,139,1.0813331606682588,139,0,validation
validation_fold_3,xgb_tune_03,days_1_30_aggregate,30,aggregate,overall,all,17.86609130568225,35.01041128995284,0.268541880440136,5.404505160652964,1621.351548195889,19959.0,21580.35154819589,300,1.2570214166741764,300,0,validation
validation_fold_3,xgb_tune_03,days_1_30_aggregate,30,aggregate,store_id,CA_1,18.64472016223372,30.655807217732484,0.2488285087713027,7.5363841111033985,753.6384111103398,7493.0,8246.63841111034,100,1.2005656254260109,100,0,validation
validation_fold_3,xgb_tune_03,days_1_30_aggregate,30,aggregate,store_id,TX_2,18.028975795544685,39.96286135263879,0.2838761737607413,9.708900740165264,970.8900740165265,6351.0,7321.890074016526,100,1.3135354526809724,100,0,validation
validation_fold_3,xgb_tune_03,days_1_30_aggregate,30,aggregate,store_id,WI_3,16.924577959268355,33.76948167227271,0.2767715120076591,-1.031769369309768,-103.1769369309768,6115.0,6011.823063069023,100,1.256963171915546,100,0,validation
validation_fold_3,xgb_tune_03,days_1_30_daily,30,daily,demand_band,high,2.678497970556395,4.228876224744941,0.5556040628965284,0.3975095839318051,1180.6034642774612,14318.0,15498.60346427746,2970,0.7167687964676553,99,0,validation
validation_fold_3,xgb_tune_03,days_1_30_daily,30,daily,demand_band,low,0.7725208981961278,1.0331029965450833,1.2191217150066416,0.1519740166938969,451.362829580874,1882.0,2333.362829580874,2970,0.7990193557844377,99,0,validation
validation_fold_3,xgb_tune_03,days_1_30_daily,30,daily,demand_band,medium,1.040451260860373,1.4585204983227646,0.8469754876916046,-0.0034688711315182,-10.614745662445785,3759.0,3748.385254337554,3060,0.7285649932569049,102,0,validation
validation_fold_3,xgb_tune_03,days_1_30_daily,30,daily,dept_id,FOODS_1,1.4159348769387643,2.437212467652214,0.7814849075500131,0.1951831921671206,263.4973094256129,2446.0,2709.497309425613,1350,0.7654578257814149,45,0,validation
validation_fold_3,xgb_tune_03,days_1_30_daily,30,daily,dept_id,FOODS_2,1.285800195271556,2.190681874286707,0.7304365401452481,-0.0118388225099012,-29.833832724951208,4436.0,4406.166167275049,2520,0.7458068585703442,84,0,validation
validation_fold_3,xgb_tune_03,days_1_30_daily,30,daily,dept_id,FOODS_3,1.6143427529193142,2.8843985896790176,0.6332934405808734,0.2705044973674907,1387.6880714952276,13077.0,14464.688071495228,5130,0.7443466555853154,171,0,validation
validation_fold_3,xgb_tune_03,days_1_30_daily,30,daily,intermittency_class,highly_intermittent,0.5894103699911605,0.6562813827778625,2.058899237640355,0.2809485235507143,143.28374701086432,146.0,289.2837470108643,510,0.9644411294058056,17,0,validation
validation_fold_3,xgb_tune_03,days_1_30_daily,30,daily,intermittency_class,intermittent,0.9156308347033396,1.343549836327603,0.830120714778264,0.0853152492386134,368.5618767108099,4765.0,5133.56187671081,4320,0.7587799918194181,144,0,validation
validation_fold_3,xgb_tune_03,days_1_30_daily,30,daily,intermittency_class,regular,2.2007631663822096,3.624299990360627,0.6098606063140494,0.2660685670201955,1109.5059244742151,15048.0,16157.505924474215,4170,0.7101930817501195,139,0,validation
validation_fold_3,xgb_tune_03,days_1_30_daily,30,daily,overall,all,1.4925896553808593,2.641402193995635,0.6730450873504551,0.1801501720217654,1621.351548195889,19959.0,21580.35154819589,9000,0.7479221879505383,300,0,validation
validation_fold_3,xgb_tune_03,days_1_30_daily,30,daily,store_id,CA_1,1.6229776844401156,2.865928763827963,0.6497975514907709,0.2512128037034466,753.6384111103398,7493.0,8246.63841111034,3000,0.744983954528532,100,0,validation
validation_fold_3,xgb_tune_03,days_1_30_daily,30,daily,store_id,TX_2,1.4607618227805943,2.458595413941888,0.6900150320172859,0.3236300246721754,970.8900740165265,6351.0,7321.890074016526,3000,0.7312703494907103,100,0,validation
validation_fold_3,xgb_tune_03,days_1_30_daily,30,daily,store_id,WI_3,1.3940294589218682,2.58317199631428,0.6839065211391014,-0.0343923123103256,-103.1769369309768,6115.0,6011.823063069023,3000,0.7675122598323725,100,0,validation
locked_final_test,mean_28,day_1_daily,1,daily,demand_band,high,2.1911976969603337,3.1199190852480903,0.46651305806252263,0.10101011967418169,10.000001847743988,465.0,475.000001847744,99,0.5206560751439862,99,0,locked_final_test
locked_final_test,mean_28,day_1_daily,1,daily,demand_band,low,0.7124819636269651,1.0971597569655553,0.8928571442920196,-0.1598124107853933,-15.821428667753935,79.0,63.178571332246065,99,0.5925762375875363,99,0,locked_final_test
locked_final_test,mean_28,day_1_daily,1,daily,demand_band,medium,1.1383053214818823,1.6184283219574986,0.7898445087833469,-0.20693277217009487,-21.107142761349678,147.0,125.89285723865032,102,0.607728452871516,102,0,locked_final_test
locked_final_test,mean_28,day_1_daily,1,daily,dept_id,FOODS_1,1.4134920552372932,2.1119127978085146,0.5782467498698017,-0.6817460091577636,-30.67857041209936,110.0,79.32142958790064,45,0.635834247673581,45,0,locked_final_test
locked_final_test,mean_28,day_1_daily,1,daily,dept_id,FOODS_2,1.2193877564831859,1.9472670560287313,0.8984962416191896,0.4243197422474623,35.64285834878683,114.0,149.64285834878683,84,0.526409594901414,84,0,locked_final_test
locked_final_test,mean_28,day_1_daily,1,daily,dept_id,FOODS_3,1.3890977494680046,2.2041617100704376,0.508641788349098,-0.18650793870202978,-31.892857518047094,467.0,435.1071424819529,171,0.5810956376390962,171,0,locked_final_test
locked_final_test,mean_28,day_1_daily,1,daily,intermittency_class,highly_intermittent,0.3739495816476205,0.5420493781290454,1.059523814668258,-0.06302520325955223,-1.0714284554123878,6.0,4.928571544587612,17,0.5101676094157361,17,0,locked_final_test
locked_final_test,mean_28,day_1_daily,1,daily,intermittency_class,intermittent,0.8653846195788233,1.2676997243709434,0.7592024576673113,-0.07017981477238082,-10.035713512450457,163.0,152.96428648754954,143,0.5990656553604761,143,0,locked_final_test
locked_final_test,mean_28,day_1_daily,1,daily,intermittency_class,regular,1.9533163264393807,2.822350342392336,0.523877941956922,-0.11301019723926271,-15.82142761349678,522.0,506.1785723865032,140,0.5561361648335699,140,0,locked_final_test
locked_final_test,mean_28,day_1_daily,1,daily,overall,all,1.3452380972976485,2.1213183418550865,0.5840396949193843,-0.08976189860453208,-26.928569581359625,691.0,664.0714304186404,300,0.5739943371777179,300,0,locked_final_test
locked_final_test,mean_28,day_1_daily,1,daily,store_id,CA_1,1.520714280642569,2.4060033124834153,0.5373548694850068,-0.3357142813876271,-33.57142813876271,283.0,249.4285718612373,100,0.6122444563742406,100,0,locked_final_test
locked_final_test,mean_28,day_1_daily,1,daily,store_id,TX_2,1.026428570970893,1.497310508011955,0.5132142854854465,0.0992857127636671,9.92857127636671,200.0,209.9285712763667,100,0.44959456518289814,100,0,locked_final_test
locked_final_test,mean_28,day_1_daily,1,daily,store_id,WI_3,1.4885714402794838,2.3386286206638838,0.7156593462882134,-0.03285712718963623,-3.285712718963623,208.0,204.71428728103638,100,0.6601439899760149,100,0,locked_final_test
locked_final_test,mean_28,days_1_7_aggregate,7,aggregate,demand_band,high,7.896817884661934,16.016906600747852,0.2732558443137125,4.1295093325051395,408.8214239180088,2861.0,3269.821423918009,99,0.6165855943760731,99,0,locked_final_test
locked_final_test,mean_28,days_1_7_aggregate,7,aggregate,demand_band,low,2.325592619715014,3.1979577838348328,0.5317174811819547,0.06464626297655732,6.399980034679174,433.0,439.3999800346792,99,0.7325708039683514,99,0,locked_final_test
locked_final_test,mean_28,days_1_7_aggregate,7,aggregate,demand_band,medium,3.7026713079243314,5.1847048347262294,0.41051355805248024,-0.2611551091221033,-26.63782113045454,920.0,893.3621788695455,102,0.7491625243377887,102,0,locked_final_test
locked_final_test,mean_28,days_1_7_aggregate,7,aggregate,dept_id,FOODS_1,4.52129211831424,7.0191839213502005,0.33853268772735573,-1.725501689563195,-77.64757603034377,601.0,523.3524239696562,45,0.8015598363721756,45,0,locked_final_test
locked_final_test,mean_28,days_1_7_aggregate,7,aggregate,dept_id,FOODS_2,4.576563613666665,11.063156713314541,0.4648504758742441,2.9436514515074945,247.26672192662954,827.0,1074.2667219266295,84,0.6664828481714369,84,0,locked_final_test
locked_final_test,mean_28,days_1_7_aggregate,7,aggregate,dept_id,FOODS_3,4.688898388710287,9.868664606199877,0.28779670655759476,1.2804937831926764,218.96443692594767,2786.0,3004.9644369259477,171,0.6896275382187359,171,0,locked_final_test
locked_final_test,mean_28,days_1_7_aggregate,7,aggregate,intermittency_class,highly_intermittent,1.1979435000787764,1.4082741486051158,0.656936758107716,0.15967503737877398,2.7144756354391575,31.0,33.71447563543916,17,0.6398054683616465,17,0,locked_final_test
locked_final_test,mean_28,days_1_7_aggregate,7,aggregate,intermittency_class,intermittent,3.0297952043218213,4.2987818111031935,0.4277006063356569,0.4518927946374133,64.6206696331501,1013.0,1077.62066963315,143,0.7655586918430415,143,0,locked_final_test
locked_final_test,mean_28,days_1_7_aggregate,7,aggregate,intermittency_class,regular,6.686181140158857,13.751791189132001,0.2952887569786246,2.294631696811744,321.2484375536442,3170.0,3491.248437553644,140,0.6402105358774967,140,0,locked_final_test
locked_final_test,mean_28,days_1_7_aggregate,7,aggregate,overall,all,4.632303711138666,9.857642318552061,0.32977957127233026,1.2952786094074449,388.58358282223344,4214.0,4602.583582822233,300,0.6999368697285082,300,0,locked_final_test
locked_final_test,mean_28,days_1_7_aggregate,7,aggregate,store_id,CA_1,4.481460760831833,8.737889003038475,0.2693185553384515,0.49927571296691897,49.927571296691895,1664.0,1713.927571296692,100,0.6932540639587869,100,0,locked_final_test
locked_final_test,mean_28,days_1_7_aggregate,7,aggregate,store_id,TX_2,3.758577458076179,5.584054678701635,0.26904634631898205,0.49848111134022477,49.848111134022474,1397.0,1446.8481111340225,100,0.6416078316204528,100,0,locked_final_test
locked_final_test,mean_28,days_1_7_aggregate,7,aggregate,store_id,WI_3,5.656872914507985,13.564179494439575,0.49062210880381485,2.8880790039151907,288.80790039151907,1153.0,1441.807900391519,100,0.7649487136062851,100,0,locked_final_test
locked_final_test,mean_28,days_1_7_daily,7,daily,demand_band,high,2.2201523857801337,3.456931344291348,0.5377719690128041,0.5899299046435913,408.8214239180088,2861.0,3269.821423918009,693,0.5923303751551768,99,0,locked_final_test
locked_final_test,mean_28,days_1_7_daily,7,daily,demand_band,low,0.6788017794027559,1.000237741784447,1.0863963813536024,0.009235180425222474,6.399980034679174,433.0,439.3999800346792,693,0.6945741562611658,99,0,locked_final_test
locked_final_test,mean_28,days_1_7_daily,7,daily,demand_band,medium,1.0815666325139899,1.5245461240765148,0.8393897561032487,-0.03730787273172905,-26.63782113045454,920.0,893.3621788695455,714,0.7136078902312594,102,0,locked_final_test
locked_final_test,mean_28,days_1_7_daily,7,daily,dept_id,FOODS_1,1.3095453260555154,2.072901918068885,0.6863673505948209,-0.2465002413661707,-77.64757603034377,601.0,523.3524239696562,315,0.715572505957436,45,0,locked_final_test
locked_final_test,mean_28,days_1_7_daily,7,daily,dept_id,FOODS_2,1.2421413985315433,2.2572734397124483,0.8831670403102145,0.4205216359296421,247.26672192662954,827.0,1074.2667219266295,588,0.6233597951712865,84,0,locked_final_test
locked_final_test,mean_28,days_1_7_daily,7,daily,dept_id,FOODS_3,1.368694980820966,2.2914044774195683,0.5880573912572493,0.1829276833132395,218.96443692594767,2786.0,3004.9644369259477,1197,0.6761904552709571,171,0,locked_final_test
locked_final_test,mean_28,days_1_7_daily,7,daily,intermittency_class,highly_intermittent,0.38275349118253765,0.5883429018938231,1.469279530668451,0.022810719625539138,2.7144756354391575,31.0,33.71447563543916,119,0.6743521440490245,17,0,locked_final_test
locked_final_test,mean_28,days_1_7_daily,7,daily,intermittency_class,intermittent,0.8619928432332647,1.2803045805258142,0.851781674310462,0.06455611351963048,64.6206696331501,1013.0,1077.62066963315,1001,0.6907211735315593,143,0,locked_final_test
locked_final_test,mean_28,days_1_7_daily,7,daily,intermittency_class,regular,1.9110319495505217,3.0224392784616225,0.5907922115329688,0.32780452811596344,321.2484375536442,3170.0,3491.248437553644,980,0.6425317082139996,140,0,locked_final_test
locked_final_test,mean_28,days_1_7_daily,7,daily,overall,all,1.3243875295651102,2.2503382755167536,0.6599937854975632,0.18503980134392067,388.58358282223344,4214.0,4602.583582822233,2100,0.6673051780460211,300,0,locked_final_test
locked_final_test,mean_28,days_1_7_daily,7,daily,store_id,CA_1,1.3887727741471358,2.2547404292917643,0.584219316047473,0.07132510185241699,49.927571296691895,1664.0,1713.927571296692,700,0.6587407337586096,100,0,locked_final_test
locked_final_test,mean_28,days_1_7_daily,7,daily,store_id,TX_2,1.2238012596272996,1.925734425827767,0.6132146612305724,0.07121158733431782,49.848111134022474,1397.0,1446.8481111340225,700,0.6420311268160346,100,0,locked_final_test
locked_final_test,mean_28,days_1_7_daily,7,daily,store_id,WI_3,1.3605885549208947,2.5297746106058825,0.8260294782694071,0.41258271484502723,288.80790039151907,1153.0,1441.807900391519,700,0.7011436735634193,100,0,locked_final_test
locked_final_test,mean_28,days_1_30_aggregate,30,aggregate,demand_band,high,25.28833946766275,42.31836571462712,0.17608282510188583,-5.3718067148719175,-531.8088647723198,14218.0,13686.19113522768,99,0.9948361189614903,99,0,locked_final_test
locked_final_test,mean_28,days_1_30_aggregate,30,aggregate,demand_band,low,8.149917691193446,11.210580766904933,0.37933326348291074,-2.907651973417913,-287.8575453683734,2127.0,1839.1424546316266,99,1.2159958485259907,99,0,locked_final_test
locked_final_test,mean_28,days_1_30_aggregate,30,aggregate,demand_band,medium,11.669971507773095,21.408329066649827,0.29915483633899365,-1.4716834628260602,-150.11171320825815,3979.0,3828.888286791742,102,1.079862092920978,102,0,locked_final_test
locked_final_test,mean_28,days_1_30_aggregate,30,aggregate,dept_id,FOODS_1,18.7555440876219,34.2778441598633,0.30261724056758177,-13.535498323705461,-609.0974245667458,2789.0,2179.9025754332542,45,1.4649407428348813,45,0,locked_final_test
locked_final_test,mean_28,days_1_30_aggregate,30,aggregate,dept_id,FOODS_2,14.722357680089772,28.815749710229785,0.2815110505639747,1.0488029615953565,88.09944877400994,4393.0,4481.09944877401,84,1.1818944538741694,84,0,locked_final_test
locked_final_test,mean_28,days_1_30_aggregate,30,aggregate,dept_id,FOODS_3,14.1523217745561,25.804146023772905,0.1841460221769208,-2.6244453073462894,-448.7801475562155,13142.0,12693.219852443784,171,0.9579931620245642,171,0,locked_final_test
locked_final_test,mean_28,days_1_30_aggregate,30,aggregate,intermittency_class,highly_intermittent,3.3005734535262867,3.9164633761884193,0.3485077559624029,-1.258022642968332,-21.386384930461645,161.0,139.61361506953835,17,0.8369256281237213,17,0,locked_final_test
locked_final_test,mean_28,days_1_30_aggregate,30,aggregate,intermittency_class,intermittent,9.843407975548839,15.99125823187086,0.29361855246213686,-1.4940926149435394,-213.65524393692613,4794.0,4580.344756063074,143,1.168241297052954,143,0,locked_final_test
locked_final_test,mean_28,days_1_30_aggregate,30,aggregate,intermittency_class,regular,21.69291045218706,37.76384521811507,0.19760605526099217,-5.248117817725454,-734.7364944815636,15369.0,14634.263505518436,140,1.0552289793037475,140,0,locked_final_test
locked_final_test,mean_28,days_1_30_aggregate,30,aggregate,overall,all,15.002415175065398,28.076317840271408,0.2214487577504241,-3.2325937444965045,-969.7781233489513,20324.0,19354.22187665105,300,1.096727660864001,300,0,locked_final_test
locked_final_test,mean_28,days_1_30_aggregate,30,aggregate,store_id,CA_1,16.92997778400779,29.339492341693095,0.21867705740128893,-5.940838247686624,-594.0838247686625,7742.0,7147.916175231338,100,1.1399796997861273,100,0,locked_final_test
locked_final_test,mean_28,days_1_30_aggregate,30,aggregate,store_id,TX_2,12.769450693838298,24.76568629281179,0.1976695153844938,-3.8702772483602166,-387.02772483602166,6460.0,6072.972275163978,100,0.9141212712447033,100,0,locked_final_test
locked_final_test,mean_28,days_1_30_aggregate,30,aggregate,store_id,WI_3,15.307817047350108,29.844494332817803,0.25004601514782926,0.11333426255732774,11.333426255732775,6122.0,6133.333426255733,100,1.2360820115611728,100,0,locked_final_test
locked_final_test,mean_28,days_1_30_daily,30,daily,demand_band,high,2.3083790619164604,3.663078084181828,0.4821976237088119,-0.1790602238290639,-531.8088647723198,14218.0,13686.19113522768,2970,0.683485683472633,99,0,locked_final_test
locked_final_test,mean_28,days_1_30_daily,30,daily,demand_band,low,0.7394111458124336,1.124774245206221,1.0324640823050906,-0.09692173244726376,-287.8575453683734,2127.0,1839.1424546316266,2970,0.848905648758292,99,0,locked_final_test
locked_final_test,mean_28,days_1_30_daily,30,daily,demand_band,medium,1.106696410338376,1.5850508640259284,0.8510909815620585,-0.049056115427535345,-150.11171320825815,3979.0,3828.888286791742,3060,0.7607008939092882,102,0,locked_final_test
locked_final_test,mean_28,days_1_30_daily,30,daily,dept_id,FOODS_1,1.4911863629630318,2.435874962340631,0.7218004983865518,-0.4511832774568487,-609.0974245667458,2789.0,2179.9025754332542,1350,0.8705130324486374,45,0,locked_final_test
locked_final_test,mean_28,days_1_30_daily,30,daily,dept_id,FOODS_2,1.3013004778381734,2.263381243523837,0.7464778520719774,0.03496009871984521,88.09944877400994,4393.0,4481.09944877401,2520,0.7657960882017208,84,0,locked_final_test
locked_final_test,mean_28,days_1_30_daily,30,daily,dept_id,FOODS_3,1.3929920347832274,2.433412514320579,0.5437565924850066,-0.08748151024487633,-448.7801475562155,13142.0,12693.219852443784,5130,0.7356624280729575,171,0,locked_final_test
locked_final_test,mean_28,days_1_30_daily,30,daily,intermittency_class,highly_intermittent,0.420508186117399,0.6613757308022065,1.332044564719711,-0.0419340880989444,-21.386384930461645,161.0,139.61361506953835,510,0.8387134373921623,17,0,locked_final_test
locked_final_test,mean_28,days_1_30_daily,30,daily,intermittency_class,intermittent,0.9067875939466945,1.519486998180373,0.8114557317545514,-0.04980308716478465,-213.65524393692613,4794.0,4580.344756063074,4290,0.8073872640464027,143,0,locked_final_test
locked_final_test,mean_28,days_1_30_daily,30,daily,intermittency_class,regular,1.9842499951521555,3.130843821420054,0.5422506330691036,-0.17493726059084846,-734.7364944815636,15369.0,14634.263505518436,4200,0.7113123276807617,140,0,locked_final_test
locked_final_test,mean_28,days_1_30_daily,30,daily,overall,all,1.382047548065583,2.387401623686153,0.6120068850910375,-0.10775312481655015,-969.7781233489513,20324.0,19354.22187665105,9000,0.7643274435653633,300,0,locked_final_test
locked_final_test,mean_28,days_1_30_daily,30,daily,store_id,CA_1,1.5009910545051097,2.5946217089689436,0.5816291867108407,-0.19802794158955414,-594.0838247686625,7742.0,7147.916175231338,3000,0.7628562806868335,100,0,locked_final_test
locked_final_test,mean_28,days_1_30_daily,30,daily,store_id,TX_2,1.3007136634575824,2.2503308163144844,0.6040465929369577,-0.12900924161200722,-387.02772483602166,6460.0,6072.972275163978,3000,0.7035415519925554,100,0,locked_final_test
locked_final_test,mean_28,days_1_30_daily,30,daily,store_id,WI_3,1.3444379262340564,2.302826294541189,0.6588228975338402,0.0037778087519109247,11.333426255732775,6122.0,6133.333426255733,3000,0.8265844980167006,100,0,locked_final_test
